sex,alder,pop_2023,pop_2024,pop_2025,pop_2026,pop_2027,pop_2028,pop_2029,pop_2030,pop_2031,pop_2032,pop_2033,pop_2034,pop_2035,pop_2036,pop_2037,pop_2038,pop_2039,pop_2040,pop_2041,pop_2042,pop_2043,pop_2044,pop_2045,pop_2046,pop_2047,pop_2048,pop_2049,pop_2050,pop_2051,pop_2052,pop_2053,pop_2054,pop_2055,pop_2056,pop_2057,pop_2058,pop_2059,pop_2060,pop_2061,pop_2062,pop_2063,pop_2064,pop_2065,pop_2066,pop_2067,pop_2068,pop_2069,pop_2070,pop_2071,pop_2072,pop_2073,pop_2074,pop_2075,pop_2076,pop_2077,pop_2078,pop_2079,pop_2080,pop_2081,pop_2082,pop_2083,pop_2084,pop_2085,pop_2086,pop_2087,pop_2088,pop_2089,pop_2090,pop_2091,pop_2092,pop_2093,pop_2094,pop_2095,pop_2096,pop_2097,pop_2098,pop_2099,pop_2100,pop_2101,pop_2102,pop_2103,pop_2104,pop_2105,pop_2106,pop_2107,pop_2108,pop_2109,pop_2110,pop_2111,pop_2112,pop_2113,pop_2114,pop_2115,pop_2116,pop_2117,pop_2118,pop_2119,pop_2120,pop_2121,pop_2122,pop_2123
K,0,25310.0,27008.0,26824.0,26391.0,26238.0,25905.0,25543.0,25220.0,25032.0,24547.0,24239.0,24263.0,24136.0,23875.0,23638.0,23761.0,23537.0,23558.0,23458.0,23299.0,23200.0,22802.0,22772.0,22149.0,21905.0,21856.0,21545.0,21201.0,20983.0,20402.0,20346.0,20280.0,19948.0,19605.0,19590.0,19394.0,19103.0,19009.0,18726.0,18508.0,18490.0,18252.0,18328.0,17913.0,17911.0,17701.0,17684.0,17436.0,17553.0,17250.0,17050.0,16964.0,16877.0,16594.0,16526.0,16458.0,16250.0,15869.0,15613.0,15753.0,15442.0,15226.0,15193.0,14886.0,14714.0,14618.0,14446.0,14310.0,14146.0,14013.0,13912.0,13736.0,13567.0,13520.0,13488.0,13141.0,13276.0,13015.0,12963.0,12911.0,12746.0,12693.0,12531.0,12468.0,12327.0,12159.0,12068.0,11961.0,11806.0,11634.0,11689.0,11563.0,11343.0,11247.0,11175.0,10973.0,10856.0,10887.0,10706.0,10521.0,10389.0
K,1,28037.0,25308.0,27004.0,26822.0,26390.0,26236.0,25900.0,25536.0,25216.0,25030.0,24543.0,24234.0,24260.0,24134.0,23873.0,23637.0,23760.0,23533.0,23554.0,23456.0,23299.0,23196.0,22801.0,22769.0,22149.0,21905.0,21856.0,21544.0,21201.0,20983.0,20401.0,20345.0,20279.0,19948.0,19604.0,19590.0,19393.0,19102.0,19009.0,18726.0,18508.0,18490.0,18251.0,18327.0,17912.0,17911.0,17701.0,17684.0,17436.0,17553.0,17250.0,17050.0,16964.0,16877.0,16594.0,16526.0,16458.0,16250.0,15869.0,15612.0,15753.0,15442.0,15226.0,15193.0,14886.0,14713.0,14618.0,14446.0,14310.0,14146.0,14013.0,13911.0,13735.0,13567.0,13520.0,13487.0,13141.0,13275.0,13015.0,12963.0,12910.0,12746.0,12692.0,12531.0,12468.0,12327.0,12159.0,12068.0,11961.0,11806.0,11634.0,11689.0,11563.0,11343.0,11247.0,11175.0,10971.0,10856.0,10886.0,10706.0,10520.0
K,2,26820.0,28032.0,25303.0,26996.0,26817.0,26390.0,26235.0,25896.0,25532.0,25215.0,25027.0,24541.0,24228.0,24256.0,24130.0,23871.0,23636.0,23759.0,23532.0,23554.0,23453.0,23299.0,23196.0,22801.0,22769.0,22148.0,21903.0,21856.0,21542.0,21201.0,20983.0,20399.0,20345.0,20279.0,19948.0,19604.0,19590.0,19393.0,19101.0,19009.0,18725.0,18508.0,18490.0,18250.0,18327.0,17912.0,17911.0,17701.0,17684.0,17436.0,17553.0,17250.0,17050.0,16963.0,16877.0,16594.0,16526.0,16458.0,16249.0,15869.0,15612.0,15753.0,15442.0,15226.0,15193.0,14886.0,14713.0,14616.0,14446.0,14310.0,14145.0,14012.0,13911.0,13735.0,13566.0,13520.0,13486.0,13141.0,13274.0,13015.0,12963.0,12910.0,12746.0,12692.0,12531.0,12468.0,12327.0,12159.0,12067.0,11960.0,11806.0,11633.0,11689.0,11562.0,11343.0,11246.0,11175.0,10971.0,10856.0,10886.0,10706.0
K,3,27466.0,26814.0,28030.0,25300.0,26994.0,26815.0,26385.0,26230.0,25892.0,25531.0,25212.0,25020.0,24541.0,24226.0,24251.0,24127.0,23869.0,23633.0,23758.0,23532.0,23550.0,23450.0,23297.0,23195.0,22800.0,22768.0,22148.0,21903.0,21856.0,21542.0,21201.0,20983.0,20399.0,20345.0,20279.0,19947.0,19603.0,19590.0,19393.0,19101.0,19009.0,18725.0,18507.0,18490.0,18249.0,18327.0,17912.0,17911.0,17701.0,17684.0,17435.0,17553.0,17250.0,17050.0,16962.0,16877.0,16594.0,16526.0,16458.0,16249.0,15869.0,15612.0,15753.0,15442.0,15225.0,15193.0,14886.0,14711.0,14616.0,14446.0,14310.0,14145.0,14011.0,13910.0,13735.0,13566.0,13520.0,13486.0,13141.0,13274.0,13014.0,12963.0,12910.0,12746.0,12692.0,12531.0,12467.0,12327.0,12159.0,12066.0,11960.0,11806.0,11633.0,11689.0,11562.0,11342.0,11245.0,11175.0,10970.0,10856.0,10886.0
K,4,27692.0,27464.0,26811.0,28021.0,25297.0,26991.0,26814.0,26382.0,26225.0,25890.0,25529.0,25210.0,25018.0,24539.0,24225.0,24248.0,24124.0,23867.0,23632.0,23758.0,23531.0,23548.0,23449.0,23295.0,23195.0,22800.0,22766.0,22148.0,21902.0,21854.0,21542.0,21200.0,20983.0,20398.0,20343.0,20278.0,19946.0,19603.0,19590.0,19393.0,19101.0,19008.0,18725.0,18507.0,18490.0,18249.0,18327.0,17912.0,17911.0,17700.0,17683.0,17434.0,17553.0,17250.0,17050.0,16961.0,16876.0,16594.0,16525.0,16458.0,16249.0,15869.0,15611.0,15753.0,15442.0,15225.0,15193.0,14886.0,14711.0,14616.0,14445.0,14310.0,14145.0,14011.0,13910.0,13735.0,13566.0,13520.0,13486.0,13141.0,13274.0,13014.0,12963.0,12910.0,12746.0,12691.0,12531.0,12467.0,12327.0,12159.0,12065.0,11960.0,11806.0,11632.0,11689.0,11562.0,11342.0,11245.0,11175.0,10969.0,10856.0
K,5,28546.0,27690.0,27462.0,26809.0,28020.0,25296.0,26990.0,26814.0,26381.0,26225.0,25889.0,25527.0,25210.0,25018.0,24539.0,24223.0,24247.0,24123.0,23866.0,23632.0,23757.0,23531.0,23548.0,23449.0,23294.0,23195.0,22800.0,22763.0,22148.0,21901.0,21854.0,21542.0,21200.0,20983.0,20398.0,20343.0,20278.0,19946.0,19603.0,19589.0,19393.0,19101.0,19007.0,18725.0,18507.0,18490.0,18249.0,18326.0,17912.0,17911.0,17700.0,17683.0,17434.0,17553.0,17250.0,17050.0,16961.0,16876.0,16593.0,16525.0,16458.0,16249.0,15869.0,15611.0,15753.0,15442.0,15225.0,15193.0,14886.0,14711.0,14616.0,14445.0,14310.0,14145.0,14011.0,13910.0,13735.0,13565.0,13520.0,13486.0,13141.0,13274.0,13014.0,12963.0,12910.0,12746.0,12691.0,12531.0,12467.0,12327.0,12159.0,12065.0,11960.0,11806.0,11632.0,11689.0,11562.0,11341.0,11245.0,11175.0,10969.0
K,6,29714.0,28546.0,27689.0,27461.0,26809.0,28019.0,25295.0,26988.0,26811.0,26378.0,26225.0,25888.0,25526.0,25210.0,25017.0,24538.0,24221.0,24247.0,24123.0,23866.0,23632.0,23757.0,23530.0,23547.0,23449.0,23292.0,23195.0,22800.0,22763.0,22148.0,21901.0,21854.0,21542.0,21199.0,20983.0,20398.0,20343.0,20278.0,19946.0,19603.0,19589.0,19392.0,19101.0,19007.0,18725.0,18507.0,18490.0,18249.0,18326.0,17912.0,17911.0,17700.0,17683.0,17434.0,17553.0,17250.0,17050.0,16960.0,16876.0,16593.0,16525.0,16458.0,16249.0,15869.0,15610.0,15753.0,15440.0,15225.0,15193.0,14885.0,14711.0,14616.0,14445.0,14310.0,14145.0,14011.0,13910.0,13735.0,13565.0,13520.0,13486.0,13141.0,13274.0,13014.0,12962.0,12910.0,12746.0,12691.0,12531.0,12467.0,12327.0,12159.0,12065.0,11960.0,11806.0,11632.0,11689.0,11561.0,11341.0,11245.0,11175.0
K,7,29958.0,29713.0,28544.0,27687.0,27460.0,26809.0,28019.0,25295.0,26987.0,26809.0,26376.0,26225.0,25885.0,25526.0,25209.0,25017.0,24536.0,24221.0,24246.0,24123.0,23865.0,23629.0,23756.0,23530.0,23546.0,23449.0,23291.0,23195.0,22800.0,22763.0,22146.0,21901.0,21854.0,21542.0,21199.0,20983.0,20398.0,20343.0,20278.0,19946.0,19603.0,19588.0,19392.0,19101.0,19007.0,18725.0,18507.0,18490.0,18248.0,18325.0,17912.0,17911.0,17699.0,17683.0,17434.0,17553.0,17250.0,17050.0,16960.0,16876.0,16593.0,16525.0,16458.0,16249.0,15869.0,15609.0,15753.0,15440.0,15225.0,15192.0,14885.0,14711.0,14616.0,14445.0,14310.0,14145.0,14011.0,13910.0,13735.0,13565.0,13519.0,13485.0,13141.0,13274.0,13014.0,12962.0,12910.0,12746.0,12691.0,12531.0,12467.0,12327.0,12159.0,12065.0,11960.0,11806.0,11631.0,11689.0,11561.0,11341.0,11245.0
K,8,30221.0,29957.0,29711.0,28542.0,27685.0,27460.0,26808.0,28019.0,25291.0,26986.0,26808.0,26372.0,26223.0,25884.0,25525.0,25209.0,25016.0,24536.0,24221.0,24246.0,24121.0,23865.0,23629.0,23756.0,23530.0,23545.0,23449.0,23291.0,23194.0,22800.0,22763.0,22146.0,21901.0,21854.0,21542.0,21199.0,20982.0,20397.0,20343.0,20278.0,19946.0,19603.0,19588.0,19392.0,19101.0,19007.0,18725.0,18507.0,18490.0,18248.0,18325.0,17912.0,17910.0,17699.0,17683.0,17433.0,17553.0,17250.0,17050.0,16960.0,16876.0,16593.0,16525.0,16458.0,16249.0,15869.0,15609.0,15753.0,15440.0,15225.0,15192.0,14885.0,14711.0,14616.0,14445.0,14310.0,14145.0,14011.0,13910.0,13735.0,13565.0,13519.0,13485.0,13141.0,13274.0,13014.0,12962.0,12910.0,12746.0,12691.0,12531.0,12467.0,12327.0,12159.0,12065.0,11960.0,11805.0,11631.0,11689.0,11561.0,11341.0
K,9,30613.0,30219.0,29955.0,29710.0,28542.0,27684.0,27459.0,26807.0,28018.0,25291.0,26985.0,26807.0,26372.0,26223.0,25884.0,25524.0,25208.0,25015.0,24535.0,24220.0,24245.0,24121.0,23865.0,23628.0,23756.0,23530.0,23544.0,23449.0,23291.0,23194.0,22800.0,22763.0,22146.0,21900.0,21854.0,21542.0,21199.0,20982.0,20397.0,20343.0,20278.0,19946.0,19602.0,19588.0,19392.0,19101.0,19007.0,18724.0,18507.0,18490.0,18248.0,18325.0,17912.0,17910.0,17699.0,17683.0,17433.0,17553.0,17249.0,17050.0,16959.0,16876.0,16593.0,16525.0,16458.0,16249.0,15869.0,15609.0,15752.0,15440.0,15225.0,15190.0,14885.0,14711.0,14616.0,14445.0,14310.0,14144.0,14011.0,13910.0,13735.0,13565.0,13519.0,13484.0,13141.0,13274.0,13014.0,12962.0,12910.0,12746.0,12691.0,12531.0,12467.0,12327.0,12159.0,12065.0,11960.0,11805.0,11631.0,11688.0,11561.0
K,10,31377.0,30612.0,30216.0,29952.0,29710.0,28541.0,27684.0,27459.0,26807.0,28016.0,25290.0,26984.0,26806.0,26370.0,26222.0,25883.0,25524.0,25208.0,25014.0,24535.0,24220.0,24245.0,24119.0,23865.0,23627.0,23756.0,23530.0,23544.0,23449.0,23291.0,23193.0,22800.0,22763.0,22146.0,21900.0,21854.0,21542.0,21199.0,20982.0,20397.0,20343.0,20277.0,19946.0,19602.0,19587.0,19392.0,19101.0,19007.0,18724.0,18507.0,18490.0,18248.0,18325.0,17912.0,17910.0,17699.0,17683.0,17433.0,17553.0,17249.0,17050.0,16959.0,16876.0,16593.0,16525.0,16458.0,16249.0,15869.0,15609.0,15752.0,15440.0,15225.0,15190.0,14885.0,14711.0,14616.0,14444.0,14310.0,14144.0,14011.0,13910.0,13735.0,13565.0,13519.0,13484.0,13141.0,13274.0,13014.0,12962.0,12910.0,12746.0,12691.0,12531.0,12467.0,12327.0,12159.0,12065.0,11960.0,11805.0,11630.0,11688.0
K,11,31526.0,31377.0,30609.0,30215.0,29951.0,29709.0,28541.0,27682.0,27459.0,26806.0,28015.0,25289.0,26983.0,26805.0,26368.0,26220.0,25883.0,25524.0,25208.0,25014.0,24535.0,24220.0,24244.0,24119.0,23864.0,23624.0,23755.0,23530.0,23544.0,23449.0,23291.0,23193.0,22800.0,22763.0,22146.0,21899.0,21854.0,21542.0,21199.0,20982.0,20396.0,20342.0,20277.0,19946.0,19602.0,19587.0,19392.0,19101.0,19007.0,18724.0,18507.0,18490.0,18248.0,18325.0,17912.0,17910.0,17699.0,17683.0,17433.0,17553.0,17249.0,17048.0,16959.0,16876.0,16593.0,16525.0,16458.0,16249.0,15869.0,15608.0,15752.0,15440.0,15225.0,15190.0,14885.0,14711.0,14616.0,14444.0,14310.0,14144.0,14011.0,13910.0,13735.0,13564.0,13519.0,13484.0,13141.0,13274.0,13014.0,12962.0,12910.0,12746.0,12691.0,12531.0,12467.0,12327.0,12159.0,12065.0,11960.0,11805.0,11630.0
K,12,32628.0,31523.0,31377.0,30608.0,30214.0,29949.0,29706.0,28540.0,27680.0,27458.0,26804.0,28014.0,25289.0,26981.0,26804.0,26368.0,26220.0,25883.0,25522.0,25208.0,25012.0,24535.0,24220.0,24244.0,24119.0,23864.0,23624.0,23755.0,23530.0,23544.0,23449.0,23291.0,23193.0,22799.0,22763.0,22146.0,21898.0,21854.0,21542.0,21199.0,20982.0,20396.0,20340.0,20277.0,19946.0,19602.0,19587.0,19392.0,19101.0,19007.0,18724.0,18507.0,18490.0,18247.0,18325.0,17912.0,17910.0,17699.0,17683.0,17433.0,17553.0,17249.0,17048.0,16959.0,16876.0,16593.0,16525.0,16458.0,16249.0,15869.0,15608.0,15751.0,15439.0,15225.0,15190.0,14885.0,14711.0,14616.0,14444.0,14310.0,14144.0,14011.0,13910.0,13735.0,13563.0,13519.0,13484.0,13141.0,13274.0,13014.0,12962.0,12910.0,12746.0,12690.0,12531.0,12467.0,12327.0,12159.0,12065.0,11960.0,11805.0
K,13,33044.0,32627.0,31521.0,31377.0,30607.0,30214.0,29949.0,29704.0,28539.0,27680.0,27456.0,26803.0,28012.0,25287.0,26980.0,26804.0,26367.0,26218.0,25883.0,25522.0,25208.0,25011.0,24535.0,24220.0,24244.0,24119.0,23864.0,23624.0,23755.0,23530.0,23544.0,23449.0,23291.0,23193.0,22799.0,22763.0,22145.0,21898.0,21854.0,21542.0,21199.0,20982.0,20396.0,20340.0,20277.0,19946.0,19602.0,19587.0,19392.0,19101.0,19007.0,18723.0,18506.0,18490.0,18247.0,18325.0,17911.0,17910.0,17698.0,17682.0,17433.0,17553.0,17249.0,17048.0,16959.0,16876.0,16593.0,16525.0,16458.0,16249.0,15869.0,15608.0,15751.0,15439.0,15225.0,15190.0,14885.0,14711.0,14616.0,14444.0,14310.0,14144.0,14011.0,13909.0,13735.0,13563.0,13519.0,13484.0,13141.0,13274.0,13014.0,12962.0,12910.0,12746.0,12690.0,12531.0,12467.0,12327.0,12159.0,12065.0,11960.0
K,14,32594.0,33042.0,32626.0,31518.0,31374.0,30605.0,30210.0,29947.0,29702.0,28539.0,27680.0,27456.0,26803.0,28012.0,25286.0,26980.0,26804.0,26366.0,26218.0,25882.0,25522.0,25208.0,25011.0,24535.0,24219.0,24244.0,24118.0,23864.0,23624.0,23755.0,23530.0,23544.0,23449.0,23291.0,23193.0,22799.0,22763.0,22145.0,21898.0,21854.0,21542.0,21198.0,20982.0,20394.0,20340.0,20277.0,19946.0,19601.0,19587.0,19392.0,19101.0,19007.0,18723.0,18506.0,18490.0,18247.0,18325.0,17911.0,17910.0,17697.0,17682.0,17433.0,17553.0,17249.0,17048.0,16959.0,16876.0,16593.0,16524.0,16458.0,16249.0,15868.0,15608.0,15751.0,15439.0,15225.0,15190.0,14885.0,14709.0,14616.0,14444.0,14310.0,14144.0,14011.0,13909.0,13735.0,13563.0,13518.0,13484.0,13140.0,13274.0,13014.0,12962.0,12910.0,12746.0,12690.0,12531.0,12467.0,12327.0,12159.0,12065.0
K,15,31915.0,32592.0,33039.0,32624.0,31513.0,31371.0,30596.0,30209.0,29945.0,29701.0,28535.0,27677.0,27456.0,26800.0,28011.0,25283.0,26977.0,26802.0,26366.0,26218.0,25881.0,25521.0,25207.0,25011.0,24533.0,24218.0,24243.0,24117.0,23864.0,23624.0,23755.0,23530.0,23543.0,23448.0,23291.0,23193.0,22799.0,22763.0,22144.0,21897.0,21854.0,21542.0,21198.0,20981.0,20394.0,20340.0,20277.0,19946.0,19601.0,19587.0,19392.0,19101.0,19007.0,18723.0,18505.0,18489.0,18247.0,18325.0,17910.0,17910.0,17697.0,17682.0,17433.0,17553.0,17249.0,17048.0,16959.0,16876.0,16593.0,16524.0,16458.0,16249.0,15868.0,15608.0,15750.0,15439.0,15225.0,15190.0,14885.0,14709.0,14615.0,14443.0,14309.0,14144.0,14011.0,13909.0,13735.0,13563.0,13518.0,13484.0,13140.0,13274.0,13014.0,12962.0,12910.0,12746.0,12690.0,12531.0,12467.0,12326.0,12159.0
K,16,32102.0,31911.0,32591.0,33039.0,32620.0,31508.0,31367.0,30594.0,30206.0,29943.0,29698.0,28533.0,27676.0,27453.0,26797.0,28011.0,25282.0,26974.0,26801.0,26366.0,26218.0,25880.0,25519.0,25206.0,25011.0,24532.0,24218.0,24243.0,24116.0,23862.0,23622.0,23755.0,23530.0,23543.0,23448.0,23291.0,23193.0,22799.0,22762.0,22144.0,21897.0,21854.0,21542.0,21198.0,20981.0,20394.0,20340.0,20277.0,19946.0,19601.0,19587.0,19392.0,19101.0,19007.0,18723.0,18505.0,18488.0,18247.0,18324.0,17910.0,17910.0,17697.0,17682.0,17432.0,17553.0,17248.0,17048.0,16959.0,16876.0,16593.0,16523.0,16458.0,16249.0,15868.0,15608.0,15750.0,15439.0,15225.0,15190.0,14885.0,14709.0,14615.0,14443.0,14309.0,14144.0,14011.0,13909.0,13735.0,13563.0,13518.0,13483.0,13140.0,13274.0,13014.0,12961.0,12910.0,12746.0,12690.0,12531.0,12467.0,12326.0
K,17,31505.0,32097.0,31903.0,32590.0,33033.0,32618.0,31505.0,31365.0,30590.0,30203.0,29940.0,29693.0,28528.0,27672.0,27451.0,26794.0,28010.0,25282.0,26973.0,26801.0,26363.0,26218.0,25880.0,25519.0,25206.0,25011.0,24532.0,24218.0,24243.0,24116.0,23862.0,23621.0,23754.0,23530.0,23542.0,23447.0,23289.0,23193.0,22799.0,22762.0,22144.0,21896.0,21853.0,21542.0,21197.0,20981.0,20394.0,20340.0,20276.0,19946.0,19600.0,19587.0,19392.0,19101.0,19007.0,18723.0,18505.0,18488.0,18247.0,18324.0,17909.0,17910.0,17697.0,17682.0,17432.0,17553.0,17248.0,17048.0,16959.0,16875.0,16592.0,16523.0,16458.0,16249.0,15868.0,15608.0,15750.0,15439.0,15225.0,15190.0,14885.0,14709.0,14615.0,14443.0,14309.0,14144.0,14010.0,13909.0,13735.0,13563.0,13518.0,13483.0,13139.0,13274.0,13014.0,12961.0,12910.0,12746.0,12690.0,12531.0,12467.0
K,18,31573.0,31501.0,32089.0,31902.0,32588.0,33030.0,32615.0,31501.0,31364.0,30585.0,30202.0,29940.0,29690.0,28526.0,27669.0,27450.0,26794.0,28009.0,25281.0,26972.0,26801.0,26362.0,26218.0,25880.0,25517.0,25205.0,25011.0,24532.0,24217.0,24242.0,24115.0,23862.0,23621.0,23754.0,23530.0,23542.0,23446.0,23288.0,23193.0,22798.0,22762.0,22143.0,21896.0,21853.0,21542.0,21197.0,20981.0,20394.0,20340.0,20276.0,19946.0,19600.0,19587.0,19391.0,19101.0,19007.0,18722.0,18505.0,18488.0,18247.0,18324.0,17908.0,17910.0,17697.0,17682.0,17431.0,17553.0,17248.0,17048.0,16959.0,16875.0,16592.0,16523.0,16457.0,16249.0,15868.0,15607.0,15749.0,15439.0,15225.0,15190.0,14885.0,14708.0,14615.0,14443.0,14309.0,14144.0,14010.0,13908.0,13735.0,13562.0,13518.0,13483.0,13139.0,13274.0,13014.0,12961.0,12909.0,12746.0,12690.0,12531.0
K,19,31441.0,31572.0,31498.0,32086.0,31899.0,32584.0,33028.0,32614.0,31495.0,31362.0,30584.0,30199.0,29937.0,29688.0,28523.0,27668.0,27446.0,26793.0,28005.0,25280.0,26971.0,26800.0,26361.0,26217.0,25879.0,25516.0,25205.0,25011.0,24532.0,24217.0,24242.0,24114.0,23861.0,23620.0,23753.0,23529.0,23541.0,23446.0,23288.0,23192.0,22798.0,22762.0,22143.0,21896.0,21853.0,21542.0,21197.0,20981.0,20394.0,20339.0,20276.0,19946.0,19600.0,19586.0,19391.0,19101.0,19007.0,18722.0,18504.0,18488.0,18247.0,18324.0,17907.0,17910.0,17696.0,17682.0,17431.0,17553.0,17248.0,17048.0,16959.0,16875.0,16592.0,16523.0,16457.0,16249.0,15868.0,15607.0,15749.0,15439.0,15225.0,15190.0,14885.0,14708.0,14615.0,14442.0,14309.0,14143.0,14010.0,13908.0,13735.0,13562.0,13518.0,13483.0,13139.0,13273.0,13014.0,12960.0,12909.0,12746.0,12690.0
K,20,31111.0,31436.0,31570.0,31497.0,32082.0,31896.0,32581.0,33023.0,32610.0,31491.0,31360.0,30580.0,30198.0,29936.0,29686.0,28523.0,27668.0,27443.0,26790.0,28003.0,25277.0,26970.0,26800.0,26360.0,26217.0,25879.0,25516.0,25205.0,25011.0,24530.0,24217.0,24242.0,24114.0,23860.0,23619.0,23752.0,23529.0,23541.0,23446.0,23288.0,23192.0,22798.0,22762.0,22142.0,21895.0,21852.0,21542.0,21197.0,20981.0,20394.0,20339.0,20276.0,19946.0,19600.0,19586.0,19391.0,19101.0,19006.0,18722.0,18503.0,18488.0,18247.0,18324.0,17906.0,17910.0,17696.0,17681.0,17431.0,17553.0,17248.0,17047.0,16959.0,16875.0,16592.0,16523.0,16457.0,16249.0,15868.0,15606.0,15749.0,15437.0,15225.0,15190.0,14885.0,14708.0,14615.0,14442.0,14309.0,14143.0,14010.0,13908.0,13734.0,13562.0,13517.0,13483.0,13139.0,13273.0,13014.0,12960.0,12909.0,12746.0
K,21,31588.0,31108.0,31432.0,31568.0,31493.0,32077.0,31893.0,32580.0,33016.0,32605.0,31489.0,31357.0,30577.0,30196.0,29931.0,29683.0,28522.0,27664.0,27442.0,26790.0,28002.0,25277.0,26969.0,26800.0,26359.0,26217.0,25879.0,25516.0,25203.0,25011.0,24530.0,24217.0,24242.0,24113.0,23860.0,23619.0,23752.0,23529.0,23541.0,23446.0,23288.0,23192.0,22797.0,22762.0,22141.0,21895.0,21852.0,21542.0,21197.0,20981.0,20393.0,20339.0,20275.0,19946.0,19600.0,19586.0,19391.0,19101.0,19006.0,18722.0,18502.0,18488.0,18247.0,18324.0,17905.0,17909.0,17695.0,17681.0,17431.0,17553.0,17248.0,17047.0,16959.0,16875.0,16592.0,16523.0,16457.0,16247.0,15868.0,15606.0,15749.0,15437.0,15225.0,15190.0,14885.0,14708.0,14615.0,14442.0,14309.0,14143.0,14010.0,13907.0,13734.0,13562.0,13517.0,13482.0,13139.0,13273.0,13013.0,12960.0,12908.0
K,22,32878.0,31585.0,31105.0,31427.0,31567.0,31488.0,32075.0,31890.0,32577.0,33015.0,32604.0,31487.0,31353.0,30574.0,30195.0,29929.0,29681.0,28521.0,27661.0,27441.0,26789.0,28001.0,25277.0,26969.0,26800.0,26357.0,26216.0,25879.0,25516.0,25202.0,25011.0,24530.0,24217.0,24242.0,24113.0,23860.0,23618.0,23751.0,23529.0,23541.0,23446.0,23287.0,23191.0,22796.0,22761.0,22139.0,21894.0,21852.0,21541.0,21197.0,20981.0,20393.0,20338.0,20275.0,19946.0,19600.0,19586.0,19391.0,19101.0,19006.0,18722.0,18502.0,18488.0,18247.0,18323.0,17905.0,17909.0,17695.0,17679.0,17431.0,17553.0,17246.0,17047.0,16959.0,16875.0,16592.0,16523.0,16457.0,16246.0,15868.0,15605.0,15749.0,15437.0,15225.0,15189.0,14885.0,14706.0,14615.0,14442.0,14309.0,14142.0,14010.0,13906.0,13734.0,13562.0,13517.0,13482.0,13138.0,13272.0,13013.0,12960.0
K,23,33088.0,32876.0,31584.0,31100.0,31424.0,31564.0,31482.0,32074.0,31883.0,32572.0,33012.0,32603.0,31487.0,31350.0,30567.0,30194.0,29926.0,29680.0,28519.0,27657.0,27438.0,26788.0,28001.0,25277.0,26969.0,26798.0,26357.0,26216.0,25879.0,25516.0,25202.0,25011.0,24530.0,24217.0,24242.0,24113.0,23859.0,23617.0,23751.0,23529.0,23541.0,23445.0,23286.0,23191.0,22796.0,22761.0,22139.0,21894.0,21852.0,21541.0,21197.0,20981.0,20393.0,20338.0,20274.0,19944.0,19599.0,19586.0,19391.0,19101.0,19005.0,18722.0,18502.0,18488.0,18247.0,18323.0,17905.0,17909.0,17695.0,17678.0,17430.0,17553.0,17246.0,17047.0,16959.0,16875.0,16592.0,16523.0,16457.0,16246.0,15868.0,15605.0,15749.0,15437.0,15225.0,15189.0,14885.0,14706.0,14614.0,14442.0,14309.0,14141.0,14010.0,13906.0,13734.0,13562.0,13516.0,13482.0,13138.0,13272.0,13013.0
K,24,33364.0,33082.0,32874.0,31583.0,31096.0,31422.0,31562.0,31478.0,32071.0,31879.0,32569.0,33011.0,32602.0,31486.0,31350.0,30566.0,30194.0,29924.0,29680.0,28517.0,27656.0,27437.0,26786.0,28000.0,25277.0,26967.0,26798.0,26356.0,26216.0,25878.0,25516.0,25202.0,25010.0,24530.0,24217.0,24242.0,24113.0,23859.0,23616.0,23751.0,23528.0,23540.0,23445.0,23285.0,23191.0,22796.0,22760.0,22138.0,21894.0,21851.0,21540.0,21197.0,20981.0,20393.0,20338.0,20274.0,19943.0,19599.0,19586.0,19391.0,19100.0,19004.0,18722.0,18502.0,18487.0,18247.0,18323.0,17905.0,17909.0,17694.0,17678.0,17429.0,17553.0,17246.0,17047.0,16959.0,16875.0,16592.0,16523.0,16456.0,16246.0,15868.0,15605.0,15749.0,15437.0,15225.0,15189.0,14885.0,14706.0,14614.0,14441.0,14309.0,14141.0,14010.0,13906.0,13734.0,13561.0,13515.0,13482.0,13138.0,13272.0
K,25,34378.0,33357.0,33075.0,32870.0,31579.0,31088.0,31419.0,31557.0,31473.0,32066.0,31877.0,32566.0,33007.0,32598.0,31486.0,31345.0,30562.0,30190.0,29921.0,29677.0,28517.0,27655.0,27436.0,26783.0,27998.0,25277.0,26967.0,26797.0,26356.0,26214.0,25877.0,25516.0,25202.0,25010.0,24530.0,24215.0,24241.0,24111.0,23859.0,23616.0,23751.0,23528.0,23540.0,23443.0,23285.0,23191.0,22795.0,22759.0,22138.0,21894.0,21851.0,21540.0,21197.0,20981.0,20392.0,20337.0,20271.0,19943.0,19599.0,19585.0,19391.0,19099.0,19004.0,18722.0,18502.0,18487.0,18247.0,18323.0,17905.0,17909.0,17694.0,17678.0,17429.0,17553.0,17246.0,17047.0,16958.0,16875.0,16592.0,16523.0,16456.0,16246.0,15868.0,15605.0,15749.0,15436.0,15225.0,15189.0,14885.0,14706.0,14614.0,14441.0,14308.0,14141.0,14009.0,13906.0,13734.0,13560.0,13515.0,13482.0,13138.0
K,26,35747.0,34374.0,33351.0,33066.0,32867.0,31576.0,31085.0,31415.0,31555.0,31469.0,32065.0,31872.0,32563.0,33003.0,32597.0,31485.0,31342.0,30562.0,30189.0,29920.0,29675.0,28515.0,27655.0,27435.0,26782.0,27998.0,25277.0,26967.0,26795.0,26356.0,26214.0,25876.0,25516.0,25199.0,25010.0,24530.0,24215.0,24240.0,24111.0,23859.0,23616.0,23751.0,23528.0,23540.0,23442.0,23284.0,23191.0,22793.0,22758.0,22137.0,21894.0,21851.0,21539.0,21197.0,20980.0,20392.0,20337.0,20270.0,19942.0,19599.0,19585.0,19391.0,19099.0,19003.0,18722.0,18502.0,18486.0,18247.0,18323.0,17905.0,17909.0,17694.0,17677.0,17429.0,17553.0,17246.0,17046.0,16958.0,16874.0,16592.0,16523.0,16456.0,16246.0,15867.0,15605.0,15749.0,15436.0,15225.0,15189.0,14885.0,14706.0,14614.0,14441.0,14307.0,14141.0,14008.0,13905.0,13734.0,13560.0,13515.0,13482.0
K,27,35920.0,35741.0,34363.0,33347.0,33061.0,32864.0,31576.0,31079.0,31409.0,31550.0,31463.0,32062.0,31870.0,32560.0,32999.0,32596.0,31481.0,31341.0,30560.0,30186.0,29917.0,29672.0,28515.0,27653.0,27435.0,26781.0,27996.0,25275.0,26966.0,26794.0,26356.0,26212.0,25876.0,25515.0,25198.0,25009.0,24529.0,24215.0,24239.0,24111.0,23859.0,23615.0,23751.0,23527.0,23540.0,23442.0,23284.0,23191.0,22792.0,22757.0,22134.0,21893.0,21851.0,21539.0,21197.0,20980.0,20391.0,20337.0,20269.0,19941.0,19599.0,19584.0,19391.0,19099.0,19002.0,18722.0,18502.0,18486.0,18247.0,18323.0,17905.0,17909.0,17694.0,17677.0,17429.0,17552.0,17245.0,17046.0,16957.0,16874.0,16592.0,16523.0,16456.0,16246.0,15867.0,15605.0,15749.0,15436.0,15224.0,15189.0,14885.0,14704.0,14614.0,14441.0,14307.0,14140.0,14008.0,13905.0,13734.0,13560.0,13515.0
K,28,36385.0,35914.0,35737.0,34356.0,33341.0,33049.0,32859.0,31571.0,31076.0,31403.0,31545.0,31460.0,32059.0,31864.0,32559.0,32998.0,32595.0,31475.0,31339.0,30557.0,30185.0,29913.0,29672.0,28515.0,27653.0,27433.0,26780.0,27996.0,25272.0,26966.0,26794.0,26355.0,26211.0,25875.0,25515.0,25198.0,25007.0,24529.0,24215.0,24239.0,24111.0,23856.0,23615.0,23751.0,23526.0,23539.0,23441.0,23283.0,23191.0,22792.0,22757.0,22134.0,21893.0,21850.0,21539.0,21197.0,20980.0,20391.0,20337.0,20269.0,19940.0,19598.0,19583.0,19390.0,19099.0,19002.0,18722.0,18502.0,18486.0,18247.0,18323.0,17905.0,17909.0,17694.0,17677.0,17429.0,17552.0,17244.0,17046.0,16956.0,16874.0,16591.0,16523.0,16456.0,16246.0,15867.0,15604.0,15749.0,15436.0,15224.0,15189.0,14885.0,14704.0,14613.0,14441.0,14307.0,14140.0,14008.0,13905.0,13734.0,13560.0
K,29,36994.0,36378.0,35906.0,35731.0,34350.0,33334.0,33045.0,32852.0,31569.0,31072.0,31399.0,31543.0,31457.0,32053.0,31860.0,32557.0,32998.0,32592.0,31472.0,31338.0,30556.0,30183.0,29913.0,29671.0,28515.0,27651.0,27433.0,26778.0,27996.0,25272.0,26965.0,26794.0,26353.0,26211.0,25874.0,25514.0,25198.0,25005.0,24529.0,24215.0,24239.0,24110.0,23856.0,23613.0,23750.0,23526.0,23538.0,23441.0,23283.0,23191.0,22792.0,22757.0,22134.0,21892.0,21850.0,21539.0,21197.0,20980.0,20391.0,20336.0,20269.0,19939.0,19598.0,19583.0,19389.0,19099.0,19002.0,18722.0,18501.0,18485.0,18247.0,18323.0,17905.0,17908.0,17694.0,17677.0,17428.0,17552.0,17244.0,17046.0,16956.0,16874.0,16591.0,16523.0,16456.0,16244.0,15867.0,15604.0,15749.0,15436.0,15224.0,15188.0,14884.0,14704.0,14613.0,14441.0,14307.0,14140.0,14008.0,13905.0,13734.0
K,30,37694.0,36990.0,36374.0,35895.0,35721.0,34347.0,33327.0,33039.0,32848.0,31564.0,31068.0,31390.0,31539.0,31454.0,32051.0,31855.0,32553.0,32997.0,32587.0,31468.0,31338.0,30555.0,30180.0,29910.0,29667.0,28513.0,27651.0,27432.0,26778.0,27996.0,25272.0,26965.0,26793.0,26351.0,26211.0,25871.0,25514.0,25198.0,25004.0,24528.0,24214.0,24238.0,24110.0,23856.0,23613.0,23750.0,23526.0,23538.0,23441.0,23282.0,23190.0,22792.0,22756.0,22134.0,21892.0,21850.0,21537.0,21196.0,20979.0,20391.0,20336.0,20268.0,19939.0,19598.0,19583.0,19389.0,19097.0,19001.0,18722.0,18501.0,18484.0,18247.0,18322.0,17905.0,17908.0,17693.0,17677.0,17428.0,17552.0,17244.0,17045.0,16956.0,16873.0,16591.0,16523.0,16456.0,16244.0,15867.0,15604.0,15749.0,15436.0,15223.0,15187.0,14884.0,14704.0,14613.0,14441.0,14305.0,14140.0,14008.0,13905.0
K,31,38587.0,37685.0,36986.0,36366.0,35894.0,35716.0,34340.0,33322.0,33039.0,32841.0,31560.0,31066.0,31387.0,31531.0,31452.0,32047.0,31849.0,32550.0,32996.0,32584.0,31465.0,31336.0,30554.0,30177.0,29910.0,29666.0,28512.0,27651.0,27431.0,26777.0,27995.0,25272.0,26964.0,26792.0,26349.0,26211.0,25870.0,25512.0,25198.0,25003.0,24526.0,24213.0,24238.0,24110.0,23856.0,23613.0,23749.0,23526.0,23537.0,23440.0,23282.0,23189.0,22792.0,22756.0,22133.0,21892.0,21850.0,21537.0,21192.0,20978.0,20391.0,20335.0,20268.0,19936.0,19598.0,19583.0,19389.0,19096.0,19001.0,18721.0,18501.0,18484.0,18245.0,18322.0,17904.0,17907.0,17693.0,17677.0,17427.0,17552.0,17244.0,17045.0,16956.0,16873.0,16591.0,16522.0,16456.0,16244.0,15866.0,15604.0,15749.0,15436.0,15223.0,15186.0,14884.0,14704.0,14613.0,14441.0,14305.0,14140.0,14008.0
K,32,39395.0,38576.0,37676.0,36981.0,36358.0,35890.0,35710.0,34332.0,33318.0,33030.0,32835.0,31555.0,31059.0,31382.0,31523.0,31450.0,32046.0,31844.0,32549.0,32993.0,32580.0,31461.0,31331.0,30554.0,30175.0,29909.0,29665.0,28511.0,27650.0,27430.0,26777.0,27994.0,25272.0,26964.0,26791.0,26349.0,26209.0,25869.0,25512.0,25197.0,25002.0,24525.0,24213.0,24238.0,24110.0,23855.0,23612.0,23749.0,23526.0,23536.0,23439.0,23282.0,23187.0,22792.0,22755.0,22133.0,21892.0,21849.0,21537.0,21192.0,20978.0,20390.0,20335.0,20267.0,19936.0,19597.0,19582.0,19388.0,19096.0,19001.0,18717.0,18501.0,18484.0,18245.0,18322.0,17903.0,17907.0,17692.0,17677.0,17427.0,17552.0,17244.0,17044.0,16956.0,16873.0,16591.0,16521.0,16456.0,16242.0,15866.0,15604.0,15749.0,15436.0,15223.0,15186.0,14884.0,14704.0,14613.0,14441.0,14304.0,14140.0
K,33,38889.0,39388.0,38572.0,37667.0,36975.0,36354.0,35884.0,35699.0,34328.0,33315.0,33025.0,32832.0,31551.0,31056.0,31377.0,31520.0,31447.0,32046.0,31837.0,32547.0,32992.0,32578.0,31459.0,31330.0,30554.0,30175.0,29905.0,29662.0,28511.0,27649.0,27430.0,26776.0,27994.0,25271.0,26964.0,26790.0,26348.0,26207.0,25869.0,25512.0,25196.0,25002.0,24524.0,24212.0,24238.0,24109.0,23855.0,23611.0,23746.0,23526.0,23535.0,23437.0,23282.0,23186.0,22792.0,22754.0,22133.0,21892.0,21849.0,21536.0,21192.0,20978.0,20390.0,20334.0,20265.0,19936.0,19597.0,19582.0,19388.0,19096.0,19001.0,18716.0,18501.0,18484.0,18245.0,18322.0,17903.0,17906.0,17692.0,17676.0,17427.0,17552.0,17244.0,17044.0,16956.0,16873.0,16591.0,16520.0,16456.0,16242.0,15866.0,15604.0,15749.0,15436.0,15223.0,15186.0,14882.0,14704.0,14613.0,14441.0,14304.0
K,34,38601.0,38882.0,39381.0,38560.0,37660.0,36960.0,36346.0,35878.0,35695.0,34320.0,33307.0,33019.0,32825.0,31549.0,31054.0,31375.0,31517.0,31444.0,32041.0,31831.0,32544.0,32989.0,32576.0,31458.0,31328.0,30551.0,30174.0,29904.0,29661.0,28511.0,27649.0,27429.0,26776.0,27994.0,25269.0,26963.0,26789.0,26347.0,26206.0,25868.0,25512.0,25196.0,25002.0,24523.0,24208.0,24237.0,24108.0,23853.0,23610.0,23746.0,23525.0,23535.0,23436.0,23282.0,23185.0,22790.0,22752.0,22133.0,21891.0,21848.0,21536.0,21191.0,20978.0,20390.0,20334.0,20264.0,19936.0,19597.0,19582.0,19387.0,19093.0,19001.0,18715.0,18501.0,18484.0,18243.0,18322.0,17903.0,17905.0,17691.0,17675.0,17427.0,17552.0,17244.0,17044.0,16954.0,16873.0,16591.0,16519.0,16456.0,16242.0,15866.0,15604.0,15748.0,15435.0,15222.0,15186.0,14881.0,14704.0,14612.0,14441.0
K,35,37403.0,38590.0,38879.0,39371.0,38550.0,37652.0,36953.0,36337.0,35869.0,35687.0,34318.0,33303.0,33011.0,32818.0,31547.0,31050.0,31374.0,31511.0,31442.0,32040.0,31825.0,32540.0,32987.0,32576.0,31457.0,31327.0,30551.0,30174.0,29903.0,29660.0,28511.0,27648.0,27429.0,26775.0,27992.0,25268.0,26961.0,26789.0,26345.0,26205.0,25867.0,25512.0,25195.0,25001.0,24522.0,24207.0,24236.0,24107.0,23852.0,23610.0,23744.0,23524.0,23535.0,23436.0,23282.0,23183.0,22790.0,22751.0,22133.0,21890.0,21847.0,21536.0,21188.0,20978.0,20389.0,20334.0,20263.0,19936.0,19595.0,19580.0,19387.0,19093.0,19001.0,18715.0,18501.0,18484.0,18243.0,18321.0,17902.0,17905.0,17691.0,17675.0,17427.0,17551.0,17243.0,17043.0,16952.0,16872.0,16591.0,16519.0,16456.0,16241.0,15866.0,15603.0,15748.0,15435.0,15222.0,15185.0,14881.0,14704.0,14610.0
K,36,36743.0,37395.0,38582.0,38861.0,39354.0,38542.0,37644.0,36949.0,36333.0,35860.0,35678.0,34310.0,33300.0,33005.0,32812.0,31542.0,31049.0,31374.0,31509.0,31440.0,32038.0,31818.0,32539.0,32983.0,32573.0,31454.0,31327.0,30550.0,30174.0,29901.0,29657.0,28511.0,27647.0,27428.0,26774.0,27991.0,25267.0,26961.0,26789.0,26345.0,26205.0,25865.0,25511.0,25193.0,25001.0,24521.0,24207.0,24236.0,24107.0,23851.0,23610.0,23744.0,23524.0,23535.0,23436.0,23281.0,23181.0,22789.0,22750.0,22133.0,21890.0,21846.0,21536.0,21188.0,20978.0,20389.0,20333.0,20263.0,19936.0,19594.0,19580.0,19386.0,19090.0,19000.0,18714.0,18501.0,18483.0,18243.0,18320.0,17901.0,17904.0,17691.0,17675.0,17427.0,17551.0,17242.0,17042.0,16952.0,16872.0,16591.0,16519.0,16454.0,16241.0,15865.0,15603.0,15747.0,15435.0,15220.0,15184.0,14881.0,14704.0
K,37,36160.0,36734.0,37388.0,38574.0,38852.0,39341.0,38530.0,37641.0,36935.0,36326.0,35852.0,35671.0,34305.0,33294.0,33000.0,32804.0,31539.0,31045.0,31368.0,31506.0,31438.0,32035.0,31814.0,32536.0,32979.0,32571.0,31454.0,31324.0,30550.0,30174.0,29899.0,29657.0,28511.0,27646.0,27427.0,26772.0,27991.0,25266.0,26960.0,26789.0,26341.0,26204.0,25864.0,25511.0,25193.0,25000.0,24520.0,24207.0,24236.0,24106.0,23850.0,23609.0,23744.0,23524.0,23532.0,23436.0,23280.0,23181.0,22788.0,22748.0,22132.0,21890.0,21846.0,21535.0,21186.0,20977.0,20389.0,20333.0,20263.0,19936.0,19594.0,19579.0,19386.0,19089.0,18999.0,18714.0,18501.0,18483.0,18243.0,18320.0,17899.0,17904.0,17691.0,17673.0,17427.0,17551.0,17242.0,17041.0,16952.0,16871.0,16591.0,16519.0,16454.0,16240.0,15864.0,15603.0,15747.0,15435.0,15220.0,15182.0,14881.0
K,38,35848.0,36148.0,36720.0,37381.0,38567.0,38846.0,39329.0,38523.0,37635.0,36927.0,36315.0,35847.0,35666.0,34301.0,33290.0,32997.0,32801.0,31536.0,31040.0,31365.0,31502.0,31434.0,32034.0,31813.0,32535.0,32977.0,32570.0,31454.0,31322.0,30549.0,30173.0,29896.0,29657.0,28511.0,27646.0,27424.0,26771.0,27991.0,25264.0,26960.0,26789.0,26341.0,26202.0,25864.0,25509.0,25193.0,25000.0,24520.0,24206.0,24236.0,24105.0,23850.0,23607.0,23744.0,23524.0,23530.0,23436.0,23280.0,23180.0,22786.0,22748.0,22131.0,21890.0,21846.0,21535.0,21186.0,20977.0,20389.0,20333.0,20262.0,19936.0,19594.0,19579.0,19386.0,19089.0,18999.0,18714.0,18501.0,18483.0,18243.0,18318.0,17899.0,17903.0,17691.0,17673.0,17427.0,17551.0,17242.0,17041.0,16952.0,16869.0,16591.0,16519.0,16453.0,16238.0,15864.0,15602.0,15747.0,15434.0,15220.0,15182.0
K,39,35243.0,35837.0,36142.0,36710.0,37367.0,38555.0,38841.0,39324.0,38512.0,37628.0,36919.0,36311.0,35844.0,35660.0,34297.0,33282.0,32995.0,32797.0,31533.0,31036.0,31363.0,31497.0,31431.0,32033.0,31811.0,32534.0,32977.0,32568.0,31452.0,31320.0,30547.0,30171.0,29894.0,29654.0,28510.0,27644.0,27423.0,26771.0,27991.0,25263.0,26958.0,26786.0,26339.0,26202.0,25864.0,25508.0,25193.0,24999.0,24520.0,24206.0,24236.0,24103.0,23849.0,23607.0,23744.0,23523.0,23530.0,23434.0,23280.0,23180.0,22786.0,22747.0,22130.0,21890.0,21846.0,21534.0,21185.0,20977.0,20389.0,20333.0,20262.0,19936.0,19593.0,19578.0,19386.0,19089.0,18999.0,18713.0,18500.0,18483.0,18243.0,18318.0,17899.0,17903.0,17691.0,17673.0,17426.0,17551.0,17242.0,17040.0,16951.0,16869.0,16591.0,16519.0,16453.0,16238.0,15864.0,15602.0,15747.0,15433.0,15220.0
K,40,35525.0,35230.0,35830.0,36131.0,36696.0,37353.0,38540.0,38832.0,39312.0,38502.0,37621.0,36912.0,36298.0,35834.0,35653.0,34288.0,33276.0,32992.0,32796.0,31528.0,31030.0,31361.0,31495.0,31428.0,32028.0,31806.0,32531.0,32975.0,32566.0,31450.0,31320.0,30546.0,30169.0,29892.0,29652.0,28507.0,27640.0,27420.0,26767.0,27991.0,25261.0,26957.0,26784.0,26339.0,26199.0,25863.0,25504.0,25193.0,24997.0,24515.0,24205.0,24234.0,24103.0,23849.0,23604.0,23744.0,23521.0,23530.0,23434.0,23280.0,23179.0,22785.0,22745.0,22129.0,21889.0,21845.0,21532.0,21184.0,20977.0,20389.0,20332.0,20262.0,19935.0,19593.0,19578.0,19385.0,19088.0,18999.0,18713.0,18499.0,18482.0,18242.0,18318.0,17899.0,17902.0,17690.0,17673.0,17426.0,17551.0,17241.0,17039.0,16950.0,16868.0,16588.0,16517.0,16453.0,16238.0,15864.0,15602.0,15746.0,15433.0
K,41,34990.0,35514.0,35218.0,35815.0,36109.0,36680.0,37337.0,38520.0,38818.0,39300.0,38493.0,37604.0,36901.0,36293.0,35828.0,35646.0,34280.0,33265.0,32988.0,32795.0,31522.0,31025.0,31355.0,31489.0,31424.0,32026.0,31802.0,32530.0,32974.0,32565.0,31449.0,31316.0,30542.0,30168.0,29890.0,29648.0,28504.0,27638.0,27419.0,26765.0,27989.0,25258.0,26954.0,26783.0,26338.0,26198.0,25863.0,25503.0,25191.0,24997.0,24514.0,24205.0,24234.0,24103.0,23849.0,23603.0,23744.0,23520.0,23528.0,23433.0,23280.0,23176.0,22785.0,22744.0,22128.0,21888.0,21844.0,21529.0,21184.0,20975.0,20388.0,20330.0,20261.0,19934.0,19593.0,19577.0,19384.0,19087.0,18999.0,18713.0,18498.0,18482.0,18241.0,18317.0,17899.0,17902.0,17688.0,17671.0,17425.0,17550.0,17241.0,17036.0,16950.0,16868.0,16587.0,16517.0,16453.0,16238.0,15864.0,15599.0,15745.0
K,42,35089.0,34981.0,35504.0,35211.0,35794.0,36098.0,36671.0,37329.0,38509.0,38803.0,39293.0,38484.0,37591.0,36894.0,36285.0,35823.0,35641.0,34274.0,33259.0,32983.0,32790.0,31518.0,31023.0,31351.0,31486.0,31422.0,32026.0,31799.0,32529.0,32974.0,32565.0,31447.0,31314.0,30535.0,30167.0,29889.0,29642.0,28501.0,27635.0,27417.0,26765.0,27989.0,25257.0,26953.0,26782.0,26336.0,26195.0,25856.0,25501.0,25190.0,24996.0,24513.0,24203.0,24234.0,24101.0,23847.0,23602.0,23744.0,23519.0,23528.0,23433.0,23280.0,23175.0,22784.0,22744.0,22127.0,21885.0,21844.0,21529.0,21181.0,20975.0,20388.0,20330.0,20261.0,19934.0,19593.0,19576.0,19384.0,19086.0,18999.0,18712.0,18498.0,18482.0,18241.0,18315.0,17898.0,17901.0,17688.0,17671.0,17425.0,17550.0,17240.0,17036.0,16950.0,16868.0,16586.0,16515.0,16452.0,16237.0,15863.0,15598.0
K,43,34563.0,35077.0,34963.0,35496.0,35197.0,35781.0,36081.0,36657.0,37318.0,38493.0,38793.0,39285.0,38477.0,37582.0,36886.0,36275.0,35819.0,35633.0,34271.0,33248.0,32977.0,32788.0,31511.0,31017.0,31345.0,31483.0,31421.0,32025.0,31798.0,32528.0,32972.0,32563.0,31445.0,31311.0,30533.0,30167.0,29889.0,29640.0,28500.0,27633.0,27417.0,26764.0,27989.0,25257.0,26952.0,26782.0,26336.0,26194.0,25854.0,25501.0,25188.0,24996.0,24510.0,24200.0,24234.0,24101.0,23847.0,23601.0,23742.0,23515.0,23528.0,23433.0,23279.0,23175.0,22783.0,22742.0,22126.0,21884.0,21844.0,21529.0,21180.0,20975.0,20387.0,20328.0,20261.0,19933.0,19593.0,19576.0,19384.0,19086.0,18997.0,18711.0,18497.0,18482.0,18240.0,18314.0,17898.0,17901.0,17687.0,17670.0,17424.0,17548.0,17240.0,17036.0,16950.0,16864.0,16585.0,16514.0,16451.0,16237.0,15861.0
K,44,34236.0,34550.0,35057.0,34952.0,35482.0,35182.0,35774.0,36074.0,36646.0,37305.0,38483.0,38788.0,39268.0,38466.0,37574.0,36881.0,36270.0,35813.0,35626.0,34264.0,33243.0,32973.0,32786.0,31507.0,31016.0,31342.0,31479.0,31419.0,32024.0,31796.0,32527.0,32970.0,32560.0,31445.0,31309.0,30531.0,30165.0,29888.0,29640.0,28499.0,27631.0,27417.0,26764.0,27988.0,25255.0,26952.0,26781.0,26336.0,26192.0,25853.0,25501.0,25188.0,24995.0,24510.0,24200.0,24231.0,24101.0,23846.0,23601.0,23742.0,23514.0,23528.0,23432.0,23279.0,23173.0,22782.0,22742.0,22126.0,21884.0,21844.0,21529.0,21178.0,20975.0,20386.0,20328.0,20260.0,19932.0,19593.0,19574.0,19383.0,19086.0,18997.0,18709.0,18497.0,18482.0,18239.0,18313.0,17896.0,17900.0,17687.0,17670.0,17423.0,17548.0,17240.0,17035.0,16949.0,16864.0,16583.0,16513.0,16450.0,16237.0
K,45,33520.0,34216.0,34535.0,35031.0,34936.0,35459.0,35167.0,35752.0,36058.0,36630.0,37279.0,38467.0,38780.0,39256.0,38460.0,37565.0,36871.0,36254.0,35806.0,35615.0,34257.0,33239.0,32967.0,32779.0,31506.0,31014.0,31339.0,31471.0,31418.0,32017.0,31793.0,32523.0,32968.0,32557.0,31443.0,31308.0,30531.0,30163.0,29884.0,29639.0,28497.0,27627.0,27413.0,26762.0,27984.0,25254.0,26950.0,26780.0,26336.0,26191.0,25852.0,25501.0,25184.0,24991.0,24509.0,24200.0,24229.0,24099.0,23844.0,23596.0,23741.0,23512.0,23527.0,23431.0,23278.0,23172.0,22781.0,22742.0,22126.0,21882.0,21843.0,21526.0,21177.0,20971.0,20384.0,20327.0,20257.0,19931.0,19591.0,19573.0,19381.0,19085.0,18997.0,18705.0,18497.0,18480.0,18233.0,18311.0,17893.0,17899.0,17687.0,17670.0,17423.0,17546.0,17238.0,17034.0,16948.0,16862.0,16580.0,16513.0,16450.0
K,46,34033.0,33488.0,34194.0,34508.0,35015.0,34916.0,35443.0,35140.0,35733.0,36041.0,36612.0,37267.0,38456.0,38767.0,39246.0,38451.0,37552.0,36859.0,36241.0,35795.0,35607.0,34245.0,33233.0,32962.0,32772.0,31500.0,31011.0,31335.0,31467.0,31415.0,32016.0,31788.0,32520.0,32967.0,32552.0,31440.0,31304.0,30529.0,30160.0,29880.0,29636.0,28493.0,27625.0,27411.0,26760.0,27982.0,25253.0,26949.0,26779.0,26334.0,26190.0,25850.0,25499.0,25181.0,24990.0,24502.0,24199.0,24227.0,24099.0,23841.0,23594.0,23740.0,23511.0,23526.0,23431.0,23277.0,23172.0,22781.0,22741.0,22125.0,21881.0,21840.0,21525.0,21176.0,20967.0,20383.0,20326.0,20254.0,19930.0,19590.0,19573.0,19380.0,19085.0,18995.0,18703.0,18497.0,18479.0,18232.0,18310.0,17892.0,17897.0,17686.0,17670.0,17423.0,17544.0,17237.0,17033.0,16946.0,16861.0,16578.0,16512.0
K,47,35177.0,34010.0,33471.0,34175.0,34490.0,34997.0,34896.0,35418.0,35119.0,35722.0,36016.0,36602.0,37257.0,38444.0,38751.0,39232.0,38435.0,37546.0,36851.0,36229.0,35790.0,35600.0,34236.0,33224.0,32957.0,32768.0,31493.0,31006.0,31326.0,31465.0,31411.0,32016.0,31784.0,32518.0,32966.0,32549.0,31436.0,31299.0,30528.0,30155.0,29875.0,29631.0,28491.0,27623.0,27408.0,26760.0,27980.0,25250.0,26947.0,26777.0,26333.0,26189.0,25850.0,25497.0,25180.0,24989.0,24501.0,24198.0,24227.0,24098.0,23840.0,23588.0,23737.0,23510.0,23524.0,23430.0,23277.0,23172.0,22779.0,22739.0,22122.0,21880.0,21838.0,21524.0,21174.0,20967.0,20383.0,20325.0,20253.0,19929.0,19589.0,19571.0,19379.0,19082.0,18992.0,18701.0,18495.0,18479.0,18232.0,18309.0,17891.0,17892.0,17686.0,17669.0,17421.0,17542.0,17235.0,17030.0,16946.0,16859.0,16578.0
K,48,36600.0,35147.0,33993.0,33452.0,34154.0,34478.0,34977.0,34866.0,35392.0,35102.0,35711.0,35994.0,36589.0,37243.0,38429.0,38740.0,39219.0,38428.0,37533.0,36844.0,36224.0,35785.0,35594.0,34228.0,33217.0,32954.0,32766.0,31490.0,31003.0,31319.0,31464.0,31410.0,32011.0,31776.0,32515.0,32961.0,32545.0,31433.0,31299.0,30527.0,30154.0,29874.0,29630.0,28489.0,27621.0,27406.0,26758.0,27979.0,25248.0,26944.0,26774.0,26333.0,26189.0,25847.0,25494.0,25178.0,24988.0,24500.0,24197.0,24226.0,24095.0,23836.0,23584.0,23737.0,23508.0,23523.0,23429.0,23277.0,23170.0,22778.0,22738.0,22118.0,21877.0,21838.0,21522.0,21171.0,20965.0,20381.0,20323.0,20252.0,19927.0,19587.0,19571.0,19378.0,19081.0,18992.0,18700.0,18495.0,18475.0,18229.0,18308.0,17889.0,17892.0,17683.0,17667.0,17418.0,17540.0,17231.0,17030.0,16946.0,16858.0
K,49,36215.0,36584.0,35130.0,33968.0,33428.0,34124.0,34458.0,34955.0,34844.0,35371.0,35084.0,35693.0,35981.0,36577.0,37235.0,38417.0,38730.0,39209.0,38418.0,37521.0,36832.0,36219.0,35777.0,35587.0,34222.0,33212.0,32952.0,32757.0,31487.0,30998.0,31319.0,31464.0,31409.0,32006.0,31771.0,32509.0,32955.0,32541.0,31430.0,31295.0,30525.0,30149.0,29871.0,29629.0,28482.0,27618.0,27402.0,26757.0,27977.0,25245.0,26944.0,26772.0,26327.0,26189.0,25843.0,25489.0,25174.0,24985.0,24498.0,24196.0,24224.0,24093.0,23835.0,23582.0,23737.0,23507.0,23523.0,23428.0,23276.0,23170.0,22776.0,22733.0,22116.0,21876.0,21836.0,21522.0,21169.0,20963.0,20381.0,20322.0,20251.0,19925.0,19586.0,19569.0,19375.0,19080.0,18992.0,18699.0,18492.0,18473.0,18229.0,18306.0,17888.0,17891.0,17682.0,17666.0,17417.0,17540.0,17229.0,17027.0,16945.0
K,50,37446.0,36182.0,36542.0,35106.0,33941.0,33391.0,34094.0,34435.0,34918.0,34808.0,35347.0,35063.0,35672.0,35958.0,36548.0,37213.0,38399.0,38710.0,39192.0,38407.0,37508.0,36818.0,36208.0,35765.0,35572.0,34215.0,33201.0,32948.0,32753.0,31483.0,30992.0,31315.0,31460.0,31407.0,32004.0,31769.0,32501.0,32953.0,32536.0,31426.0,31294.0,30522.0,30147.0,29868.0,29620.0,28478.0,27612.0,27399.0,26752.0,27974.0,25243.0,26940.0,26767.0,26325.0,26183.0,25842.0,25488.0,25173.0,24983.0,24497.0,24193.0,24223.0,24092.0,23833.0,23577.0,23736.0,23505.0,23520.0,23427.0,23271.0,23169.0,22775.0,22732.0,22114.0,21871.0,21831.0,21518.0,21163.0,20960.0,20378.0,20321.0,20249.0,19923.0,19585.0,19568.0,19374.0,19079.0,18989.0,18696.0,18491.0,18471.0,18227.0,18305.0,17886.0,17886.0,17680.0,17666.0,17417.0,17538.0,17227.0,17027.0
K,51,37536.0,37411.0,36149.0,36514.0,35064.0,33907.0,33349.0,34071.0,34409.0,34889.0,34783.0,35321.0,35028.0,35645.0,35936.0,36523.0,37191.0,38385.0,38691.0,39178.0,38394.0,37490.0,36809.0,36197.0,35759.0,35566.0,34205.0,33197.0,32943.0,32741.0,31478.0,30985.0,31309.0,31456.0,31401.0,32001.0,31764.0,32499.0,32949.0,32536.0,31423.0,31292.0,30518.0,30145.0,29864.0,29618.0,28477.0,27612.0,27397.0,26748.0,27973.0,25240.0,26938.0,26765.0,26320.0,26177.0,25841.0,25487.0,25170.0,24978.0,24496.0,24190.0,24220.0,24090.0,23831.0,23576.0,23731.0,23502.0,23518.0,23425.0,23266.0,23166.0,22772.0,22727.0,22110.0,21871.0,21830.0,21513.0,21163.0,20956.0,20377.0,20320.0,20248.0,19918.0,19583.0,19565.0,19372.0,19077.0,18986.0,18693.0,18489.0,18470.0,18223.0,18303.0,17886.0,17886.0,17678.0,17663.0,17417.0,17536.0,17227.0
K,52,37024.0,37504.0,37381.0,36127.0,36470.0,35027.0,33873.0,33321.0,34045.0,34382.0,34859.0,34760.0,35295.0,35002.0,35627.0,35914.0,36499.0,37164.0,38368.0,38674.0,39162.0,38384.0,37482.0,36796.0,36190.0,35752.0,35562.0,34197.0,33192.0,32937.0,32739.0,31477.0,30981.0,31307.0,31450.0,31395.0,31994.0,31759.0,32496.0,32945.0,32527.0,31415.0,31291.0,30513.0,30142.0,29860.0,29616.0,28473.0,27608.0,27396.0,26745.0,27971.0,25240.0,26934.0,26760.0,26319.0,26174.0,25840.0,25486.0,25167.0,24977.0,24494.0,24190.0,24220.0,24088.0,23826.0,23571.0,23729.0,23502.0,23516.0,23422.0,23260.0,23161.0,22771.0,22722.0,22109.0,21871.0,21829.0,21512.0,21160.0,20955.0,20375.0,20319.0,20246.0,19914.0,19580.0,19561.0,19370.0,19074.0,18982.0,18689.0,18486.0,18469.0,18221.0,18300.0,17885.0,17884.0,17673.0,17661.0,17416.0,17535.0
K,53,37660.0,36983.0,37466.0,37346.0,36097.0,36434.0,34994.0,33855.0,33292.0,34019.0,34359.0,34833.0,34735.0,35275.0,34973.0,35610.0,35906.0,36477.0,37148.0,38355.0,38660.0,39147.0,38366.0,37476.0,36788.0,36186.0,35744.0,35558.0,34187.0,33191.0,32930.0,32734.0,31472.0,30979.0,31298.0,31447.0,31390.0,31992.0,31756.0,32491.0,32943.0,32523.0,31412.0,31283.0,30511.0,30135.0,29857.0,29613.0,28467.0,27605.0,27394.0,26738.0,27968.0,25233.0,26933.0,26758.0,26318.0,26170.0,25836.0,25483.0,25165.0,24976.0,24492.0,24190.0,24218.0,24085.0,23825.0,23568.0,23724.0,23498.0,23514.0,23422.0,23257.0,23161.0,22771.0,22722.0,22107.0,21870.0,21828.0,21509.0,21155.0,20953.0,20373.0,20318.0,20245.0,19913.0,19576.0,19558.0,19366.0,19073.0,18979.0,18689.0,18485.0,18469.0,18218.0,18297.0,17882.0,17883.0,17672.0,17658.0,17414.0
K,54,37209.0,37621.0,36954.0,37410.0,37314.0,36065.0,36402.0,34969.0,33828.0,33266.0,33997.0,34335.0,34804.0,34709.0,35258.0,34956.0,35591.0,35892.0,36458.0,37135.0,38342.0,38654.0,39139.0,38357.0,37464.0,36778.0,36181.0,35735.0,35555.0,34181.0,33188.0,32922.0,32728.0,31467.0,30977.0,31292.0,31444.0,31387.0,31988.0,31750.0,32489.0,32939.0,32519.0,31409.0,31280.0,30502.0,30134.0,29855.0,29611.0,28463.0,27603.0,27392.0,26736.0,27963.0,25228.0,26929.0,26755.0,26315.0,26166.0,25833.0,25476.0,25165.0,24972.0,24488.0,24189.0,24214.0,24081.0,23821.0,23565.0,23724.0,23491.0,23512.0,23420.0,23257.0,23157.0,22765.0,22720.0,22106.0,21867.0,21825.0,21508.0,21153.0,20950.0,20369.0,20316.0,20241.0,19909.0,19575.0,19555.0,19363.0,19071.0,18975.0,18687.0,18484.0,18466.0,18215.0,18294.0,17882.0,17880.0,17672.0,17655.0
K,55,36217.0,37144.0,37560.0,36908.0,37360.0,37259.0,36027.0,36356.0,34924.0,33776.0,33227.0,33956.0,34299.0,34774.0,34687.0,35230.0,34930.0,35568.0,35863.0,36437.0,37108.0,38324.0,38630.0,39129.0,38338.0,37456.0,36765.0,36170.0,35729.0,35542.0,34173.0,33179.0,32914.0,32717.0,31464.0,30971.0,31285.0,31436.0,31377.0,31987.0,31741.0,32475.0,32934.0,32511.0,31402.0,31273.0,30494.0,30130.0,29849.0,29607.0,28457.0,27595.0,27385.0,26732.0,27953.0,25224.0,26926.0,26751.0,26310.0,26157.0,25827.0,25473.0,25164.0,24967.0,24485.0,24183.0,24210.0,24073.0,23817.0,23561.0,23723.0,23488.0,23506.0,23416.0,23251.0,23153.0,22764.0,22712.0,22102.0,21863.0,21821.0,21506.0,21151.0,20949.0,20367.0,20311.0,20237.0,19906.0,19570.0,19550.0,19360.0,19068.0,18974.0,18685.0,18480.0,18463.0,18213.0,18291.0,17881.0,17874.0,17668.0
K,56,35480.0,36161.0,37090.0,37501.0,36870.0,37323.0,37202.0,35990.0,36317.0,34872.0,33738.0,33189.0,33924.0,34266.0,34752.0,34666.0,35199.0,34893.0,35549.0,35841.0,36417.0,37089.0,38305.0,38618.0,39111.0,38323.0,37447.0,36753.0,36161.0,35723.0,35529.0,34166.0,33171.0,32903.0,32713.0,31459.0,30959.0,31281.0,31428.0,31374.0,31982.0,31733.0,32472.0,32928.0,32506.0,31395.0,31266.0,30492.0,30128.0,29843.0,29604.0,28448.0,27590.0,27382.0,26729.0,27947.0,25223.0,26920.0,26750.0,26301.0,26150.0,25824.0,25467.0,25160.0,24961.0,24483.0,24181.0,24206.0,24069.0,23812.0,23558.0,23720.0,23482.0,23503.0,23413.0,23245.0,23150.0,22761.0,22709.0,22097.0,21860.0,21816.0,21502.0,21150.0,20945.0,20363.0,20309.0,20234.0,19904.0,19568.0,19546.0,19359.0,19063.0,18970.0,18682.0,18479.0,18458.0,18212.0,18289.0,17880.0,17872.0
K,57,34879.0,35432.0,36115.0,37045.0,37444.0,36817.0,37280.0,37151.0,35941.0,36269.0,34836.0,33698.0,33157.0,33885.0,34242.0,34728.0,34641.0,35176.0,34866.0,35525.0,35823.0,36396.0,37070.0,38295.0,38599.0,39099.0,38308.0,37433.0,36744.0,36155.0,35716.0,35519.0,34161.0,33163.0,32900.0,32703.0,31455.0,30955.0,31273.0,31418.0,31369.0,31977.0,31723.0,32466.0,32919.0,32501.0,31389.0,31263.0,30485.0,30120.0,29839.0,29600.0,28445.0,27584.0,27374.0,26721.0,27946.0,25218.0,26918.0,26743.0,26295.0,26146.0,25820.0,25462.0,25157.0,24961.0,24479.0,24179.0,24202.0,24069.0,23802.0,23557.0,23718.0,23479.0,23499.0,23411.0,23241.0,23145.0,22759.0,22702.0,22095.0,21856.0,21808.0,21498.0,21145.0,20942.0,20358.0,20308.0,20232.0,19900.0,19568.0,19542.0,19354.0,19061.0,18966.0,18682.0,18475.0,18450.0,18211.0,18287.0,17876.0
K,58,34275.0,34826.0,35378.0,36068.0,36984.0,37390.0,36767.0,37231.0,37101.0,35891.0,36225.0,34809.0,33666.0,33129.0,33858.0,34222.0,34697.0,34623.0,35167.0,34834.0,35500.0,35804.0,36378.0,37052.0,38280.0,38583.0,39084.0,38303.0,37419.0,36734.0,36143.0,35705.0,35511.0,34157.0,33160.0,32894.0,32698.0,31447.0,30947.0,31266.0,31412.0,31362.0,31970.0,31719.0,32456.0,32915.0,32497.0,31386.0,31258.0,30478.0,30116.0,29836.0,29592.0,28442.0,27580.0,27370.0,26715.0,27942.0,25214.0,26913.0,26739.0,26287.0,26142.0,25816.0,25454.0,25156.0,24957.0,24475.0,24177.0,24194.0,24065.0,23798.0,23550.0,23715.0,23476.0,23497.0,23405.0,23236.0,23139.0,22753.0,22698.0,22094.0,21854.0,21805.0,21496.0,21142.0,20936.0,20352.0,20302.0,20228.0,19898.0,19564.0,19537.0,19353.0,19059.0,18963.0,18679.0,18472.0,18447.0,18209.0,18284.0
K,59,33194.0,34227.0,34781.0,35331.0,36013.0,36933.0,37344.0,36724.0,37190.0,37031.0,35850.0,36193.0,34779.0,33635.0,33099.0,33837.0,34201.0,34673.0,34607.0,35147.0,34810.0,35484.0,35788.0,36367.0,37034.0,38261.0,38579.0,39076.0,38293.0,37405.0,36730.0,36137.0,35698.0,35503.0,34152.0,33159.0,32887.0,32689.0,31439.0,30936.0,31255.0,31407.0,31359.0,31957.0,31707.0,32451.0,32908.0,32490.0,31379.0,31255.0,30470.0,30107.0,29828.0,29586.0,28437.0,27579.0,27363.0,26712.0,27937.0,25205.0,26903.0,26736.0,26281.0,26137.0,25809.0,25451.0,25149.0,24954.0,24472.0,24175.0,24191.0,24058.0,23797.0,23549.0,23709.0,23471.0,23496.0,23401.0,23230.0,23134.0,22748.0,22693.0,22091.0,21848.0,21801.0,21492.0,21138.0,20932.0,20349.0,20296.0,20226.0,19895.0,19560.0,19535.0,19348.0,19054.0,18958.0,18675.0,18472.0,18445.0,18204.0
K,60,32018.0,33079.0,34085.0,34640.0,35195.0,35885.0,36782.0,37209.0,36600.0,37075.0,36910.0,35747.0,36095.0,34695.0,33555.0,33039.0,33764.0,34132.0,34628.0,34560.0,35106.0,34763.0,35438.0,35747.0,36330.0,37001.0,38231.0,38560.0,39052.0,38271.0,37386.0,36713.0,36110.0,35682.0,35486.0,34130.0,33142.0,32868.0,32678.0,31422.0,30917.0,31234.0,31396.0,31345.0,31942.0,31689.0,32431.0,32897.0,32464.0,31363.0,31242.0,30454.0,30094.0,29816.0,29572.0,28430.0,27564.0,27355.0,26703.0,27927.0,25194.0,26892.0,26726.0,26274.0,26127.0,25796.0,25440.0,25132.0,24941.0,24463.0,24164.0,24182.0,24046.0,23783.0,23544.0,23697.0,23464.0,23482.0,23387.0,23215.0,23121.0,22733.0,22685.0,22077.0,21836.0,21792.0,21480.0,21131.0,20925.0,20342.0,20283.0,20213.0,19891.0,19546.0,19524.0,19342.0,19049.0,18949.0,18667.0,18465.0,18437.0
K,61,31506.0,31890.0,32940.0,33944.0,34503.0,35052.0,35776.0,36647.0,37071.0,36478.0,36955.0,36814.0,35648.0,36013.0,34615.0,33480.0,32964.0,33702.0,34078.0,34571.0,34500.0,35053.0,34725.0,35399.0,35702.0,36295.0,36971.0,38206.0,38538.0,39037.0,38246.0,37360.0,36696.0,36090.0,35663.0,35472.0,34110.0,33131.0,32852.0,32664.0,31404.0,30905.0,31215.0,31375.0,31335.0,31932.0,31675.0,32417.0,32884.0,32449.0,31350.0,31228.0,30446.0,30078.0,29810.0,29560.0,28424.0,27554.0,27338.0,26688.0,27917.0,25189.0,26878.0,26715.0,26262.0,26121.0,25787.0,25432.0,25123.0,24927.0,24451.0,24158.0,24172.0,24040.0,23779.0,23537.0,23684.0,23452.0,23474.0,23370.0,23198.0,23113.0,22721.0,22673.0,22061.0,21825.0,21783.0,21473.0,21124.0,20913.0,20330.0,20270.0,20204.0,19886.0,19537.0,19519.0,19336.0,19043.0,18945.0,18658.0,18455.0
K,62,31028.0,31384.0,31776.0,32823.0,33801.0,34382.0,34936.0,35666.0,36537.0,36930.0,36363.0,36842.0,36735.0,35563.0,35928.0,34546.0,33417.0,32912.0,33644.0,34026.0,34517.0,34459.0,34999.0,34687.0,35361.0,35679.0,36274.0,36943.0,38185.0,38514.0,39012.0,38224.0,37340.0,36673.0,36073.0,35641.0,35445.0,34093.0,33118.0,32841.0,32650.0,31389.0,30886.0,31194.0,31358.0,31320.0,31917.0,31663.0,32404.0,32865.0,32438.0,31341.0,31212.0,30434.0,30059.0,29795.0,29552.0,28410.0,27538.0,27330.0,26682.0,27913.0,25180.0,26865.0,26702.0,26252.0,26109.0,25777.0,25422.0,25112.0,24915.0,24439.0,24144.0,24162.0,24033.0,23768.0,23527.0,23671.0,23443.0,23469.0,23365.0,23187.0,23104.0,22716.0,22668.0,22055.0,21815.0,21772.0,21463.0,21117.0,20906.0,20323.0,20261.0,20195.0,19881.0,19524.0,19512.0,19325.0,19036.0,18938.0,18650.0
K,63,30842.0,30932.0,31281.0,31638.0,32724.0,33679.0,34232.0,34805.0,35547.0,36404.0,36805.0,36253.0,36744.0,36660.0,35497.0,35849.0,34489.0,33354.0,32867.0,33589.0,33974.0,34478.0,34413.0,34960.0,34653.0,35333.0,35650.0,36251.0,36918.0,38163.0,38492.0,38989.0,38203.0,37327.0,36660.0,36056.0,35625.0,35431.0,34078.0,33104.0,32829.0,32639.0,31369.0,30862.0,31179.0,31337.0,31307.0,31904.0,31648.0,32388.0,32848.0,32421.0,31327.0,31203.0,30417.0,30050.0,29777.0,29533.0,28400.0,27522.0,27316.0,26670.0,27898.0,25169.0,26857.0,26686.0,26242.0,26095.0,25769.0,25407.0,25103.0,24905.0,24428.0,24127.0,24154.0,24026.0,23761.0,23515.0,23660.0,23432.0,23455.0,23356.0,23177.0,23096.0,22709.0,22661.0,22045.0,21812.0,21757.0,21455.0,21109.0,20896.0,20308.0,20250.0,20183.0,19871.0,19514.0,19501.0,19321.0,19031.0,18931.0
K,64,30683.0,30711.0,30802.0,31158.0,31525.0,32605.0,33563.0,34120.0,34688.0,35436.0,36305.0,36698.0,36159.0,36649.0,36579.0,35419.0,35775.0,34424.0,33297.0,32808.0,33549.0,33932.0,34441.0,34371.0,34915.0,34624.0,35306.0,35629.0,36234.0,36888.0,38141.0,38468.0,38956.0,38184.0,37298.0,36633.0,36036.0,35606.0,35413.0,34065.0,33081.0,32814.0,32626.0,31360.0,30847.0,31165.0,31323.0,31299.0,31891.0,31633.0,32372.0,32833.0,32405.0,31317.0,31187.0,30408.0,30036.0,29760.0,29522.0,28394.0,27510.0,27306.0,26655.0,27880.0,25157.0,26853.0,26676.0,26232.0,26087.0,25761.0,25392.0,25095.0,24887.0,24421.0,24117.0,24147.0,24017.0,23743.0,23500.0,23653.0,23426.0,23454.0,23350.0,23172.0,23086.0,22698.0,22650.0,22036.0,21806.0,21750.0,21448.0,21101.0,20889.0,20300.0,20244.0,20173.0,19863.0,19506.0,19491.0,19313.0,19024.0
K,65,29874.0,30468.0,30483.0,30548.0,30884.0,31290.0,32352.0,33350.0,33900.0,34467.0,35207.0,36096.0,36483.0,35985.0,36500.0,36402.0,35261.0,35659.0,34288.0,33197.0,32699.0,33465.0,33848.0,34361.0,34308.0,34869.0,34569.0,35267.0,35587.0,36191.0,36842.0,38105.0,38420.0,38905.0,38135.0,37266.0,36592.0,35999.0,35569.0,35366.0,34029.0,33051.0,32788.0,32601.0,31332.0,30817.0,31131.0,31304.0,31262.0,31863.0,31604.0,32346.0,32805.0,32379.0,31287.0,31157.0,30386.0,30011.0,29739.0,29490.0,28366.0,27487.0,27286.0,26638.0,27855.0,25139.0,26824.0,26658.0,26214.0,26060.0,25741.0,25371.0,25074.0,24866.0,24407.0,24098.0,24127.0,23993.0,23730.0,23480.0,23631.0,23408.0,23434.0,23335.0,23160.0,23060.0,22676.0,22636.0,22020.0,21784.0,21734.0,21435.0,21078.0,20868.0,20283.0,20226.0,20154.0,19843.0,19491.0,19478.0,19293.0
K,66,30085.0,29634.0,30250.0,30233.0,30312.0,30656.0,31055.0,32146.0,33138.0,33683.0,34270.0,35012.0,35907.0,36297.0,35821.0,36339.0,36271.0,35139.0,35535.0,34177.0,33089.0,32619.0,33381.0,33775.0,34286.0,34255.0,34820.0,34504.0,35217.0,35534.0,36154.0,36806.0,38072.0,38379.0,38849.0,38098.0,37223.0,36549.0,35961.0,35529.0,35318.0,33998.0,33025.0,32756.0,32573.0,31293.0,30790.0,31103.0,31275.0,31222.0,31825.0,31561.0,32312.0,32771.0,32344.0,31259.0,31129.0,30352.0,29986.0,29716.0,29463.0,28350.0,27465.0,27264.0,26614.0,27829.0,25123.0,26789.0,26633.0,26188.0,26039.0,25717.0,25355.0,25055.0,24847.0,24381.0,24078.0,24104.0,23973.0,23710.0,23461.0,23611.0,23386.0,23412.0,23314.0,23144.0,23042.0,22657.0,22614.0,22000.0,21761.0,21714.0,21411.0,21061.0,20845.0,20260.0,20211.0,20140.0,19824.0,19477.0,19461.0
K,67,29117.0,29862.0,29373.0,30022.0,30005.0,30088.0,30434.0,30859.0,31923.0,32940.0,33489.0,34071.0,34804.0,35723.0,36133.0,35679.0,36202.0,36141.0,35028.0,35427.0,34069.0,32987.0,32529.0,33308.0,33707.0,34232.0,34202.0,34778.0,34465.0,35176.0,35507.0,36110.0,36763.0,38030.0,38338.0,38814.0,38061.0,37179.0,36510.0,35930.0,35499.0,35288.0,33960.0,32982.0,32723.0,32530.0,31254.0,30756.0,31084.0,31253.0,31188.0,31798.0,31522.0,32281.0,32732.0,32320.0,31232.0,31110.0,30327.0,29958.0,29696.0,29439.0,28324.0,27444.0,27242.0,26588.0,27800.0,25096.0,26763.0,26600.0,26165.0,26020.0,25696.0,25331.0,25042.0,24831.0,24359.0,24053.0,24089.0,23952.0,23691.0,23444.0,23588.0,23364.0,23384.0,23284.0,23127.0,23015.0,22625.0,22593.0,21981.0,21741.0,21697.0,21395.0,21037.0,20821.0,20243.0,20193.0,20125.0,19807.0,19457.0
K,68,28485.0,28876.0,29628.0,29136.0,29780.0,29775.0,29881.0,30204.0,30646.0,31720.0,32746.0,33273.0,33902.0,34633.0,35580.0,35969.0,35546.0,36067.0,36025.0,34910.0,35335.0,33991.0,32898.0,32459.0,33233.0,33655.0,34183.0,34168.0,34723.0,34413.0,35140.0,35465.0,36069.0,36718.0,37990.0,38295.0,38770.0,38028.0,37145.0,36476.0,35888.0,35466.0,35248.0,33915.0,32950.0,32682.0,32487.0,31219.0,30724.0,31060.0,31232.0,31172.0,31764.0,31497.0,32250.0,32695.0,32293.0,31204.0,31087.0,30296.0,29928.0,29679.0,29413.0,28299.0,27428.0,27229.0,26554.0,27778.0,25077.0,26740.0,26587.0,26141.0,25998.0,25667.0,25304.0,25016.0,24811.0,24338.0,24039.0,24063.0,23938.0,23669.0,23423.0,23574.0,23343.0,23360.0,23261.0,23112.0,23002.0,22604.0,22573.0,21963.0,21721.0,21684.0,21377.0,21027.0,20801.0,20224.0,20181.0,20114.0,19787.0
K,69,27981.0,28299.0,28657.0,29383.0,28939.0,29578.0,29563.0,29695.0,30038.0,30457.0,31526.0,32530.0,33071.0,33733.0,34473.0,35417.0,35845.0,35432.0,35933.0,35914.0,34821.0,35236.0,33900.0,32825.0,32389.0,33173.0,33595.0,34146.0,34124.0,34684.0,34368.0,35113.0,35428.0,36026.0,36680.0,37942.0,38248.0,38724.0,37996.0,37095.0,36438.0,35851.0,35435.0,35216.0,33880.0,32920.0,32640.0,32463.0,31181.0,30693.0,31031.0,31209.0,31148.0,31731.0,31463.0,32218.0,32669.0,32265.0,31178.0,31061.0,30265.0,29909.0,29657.0,29394.0,28282.0,27408.0,27208.0,26527.0,27746.0,25053.0,26719.0,26564.0,26115.0,25978.0,25653.0,25275.0,24999.0,24786.0,24320.0,24018.0,24047.0,23921.0,23651.0,23406.0,23553.0,23326.0,23333.0,23248.0,23095.0,22976.0,22583.0,22556.0,21942.0,21701.0,21663.0,21358.0,21016.0,20788.0,20208.0,20162.0,20096.0
K,70,27198.0,27549.0,27863.0,28178.0,28963.0,28541.0,29147.0,29100.0,29318.0,29618.0,30098.0,31139.0,32201.0,32752.0,33420.0,34194.0,35179.0,35609.0,35217.0,35712.0,35696.0,34652.0,35056.0,33712.0,32685.0,32282.0,33082.0,33510.0,34069.0,34042.0,34625.0,34286.0,35030.0,35355.0,35940.0,36593.0,37843.0,38157.0,38644.0,37922.0,36999.0,36356.0,35785.0,35373.0,35130.0,33805.0,32869.0,32594.0,32392.0,31111.0,30643.0,30974.0,31159.0,31085.0,31667.0,31399.0,32153.0,32615.0,32202.0,31138.0,30996.0,30212.0,29857.0,29593.0,29350.0,28230.0,27358.0,27159.0,26473.0,27696.0,25014.0,26678.0,26515.0,26065.0,25936.0,25609.0,25230.0,24974.0,24731.0,24284.0,23981.0,24010.0,23880.0,23600.0,23370.0,23510.0,23299.0,23290.0,23218.0,23059.0,22949.0,22541.0,22507.0,21915.0,21659.0,21627.0,21318.0,20986.0,20761.0,20175.0,20126.0
K,71,25526.0,26818.0,27122.0,27421.0,27753.0,28527.0,28149.0,28771.0,28724.0,28931.0,29278.0,29770.0,30796.0,31867.0,32436.0,33154.0,33937.0,34915.0,35364.0,34994.0,35494.0,35521.0,34470.0,34920.0,33592.0,32583.0,32188.0,32995.0,33442.0,33978.0,33964.0,34552.0,34201.0,34962.0,35279.0,35854.0,36531.0,37762.0,38088.0,38556.0,37846.0,36920.0,36279.0,35724.0,35305.0,35064.0,33731.0,32806.0,32537.0,32343.0,31050.0,30590.0,30925.0,31112.0,31025.0,31631.0,31338.0,32095.0,32544.0,32154.0,31084.0,30938.0,30163.0,29799.0,29539.0,29305.0,28186.0,27310.0,27115.0,26426.0,27637.0,24964.0,26638.0,26471.0,26009.0,25895.0,25569.0,25182.0,24924.0,24696.0,24239.0,23932.0,23978.0,23842.0,23562.0,23331.0,23475.0,23263.0,23263.0,23182.0,23018.0,22904.0,22501.0,22471.0,21877.0,21632.0,21585.0,21293.0,20944.0,20722.0,20133.0
K,72,25882.0,25121.0,26388.0,26700.0,27014.0,27306.0,28102.0,27778.0,28422.0,28331.0,28587.0,28959.0,29442.0,30470.0,31575.0,32190.0,32893.0,33712.0,34695.0,35160.0,34801.0,35289.0,35327.0,34324.0,34771.0,33476.0,32495.0,32106.0,32898.0,33365.0,33889.0,33893.0,34471.0,34107.0,34875.0,35204.0,35795.0,36456.0,37683.0,38014.0,38465.0,37779.0,36861.0,36207.0,35647.0,35238.0,34996.0,33675.0,32733.0,32477.0,32276.0,30983.0,30539.0,30866.0,31061.0,30966.0,31578.0,31277.0,32048.0,32489.0,32109.0,31027.0,30885.0,30100.0,29747.0,29496.0,29239.0,28144.0,27272.0,27063.0,26385.0,27582.0,24930.0,26593.0,26431.0,25966.0,25858.0,25533.0,25140.0,24885.0,24661.0,24201.0,23882.0,23930.0,23797.0,23521.0,23284.0,23432.0,23229.0,23213.0,23142.0,22978.0,22870.0,22463.0,22448.0,21830.0,21584.0,21549.0,21258.0,20912.0,20692.0
K,73,25567.0,25474.0,24695.0,26024.0,26280.0,26618.0,26922.0,27711.0,27374.0,28047.0,27982.0,28287.0,28665.0,29166.0,30199.0,31330.0,31935.0,32659.0,33474.0,34480.0,34950.0,34620.0,35110.0,35163.0,34187.0,34659.0,33390.0,32409.0,32013.0,32815.0,33287.0,33799.0,33832.0,34401.0,34031.0,34778.0,35132.0,35723.0,36391.0,37613.0,37943.0,38355.0,37717.0,36779.0,36133.0,35580.0,35167.0,34920.0,33605.0,32671.0,32416.0,32207.0,30941.0,30481.0,30820.0,31013.0,30904.0,31532.0,31228.0,32006.0,32420.0,32041.0,30975.0,30836.0,30050.0,29700.0,29435.0,29191.0,28092.0,27218.0,27018.0,26340.0,27530.0,24884.0,26542.0,26385.0,25923.0,25808.0,25499.0,25098.0,24846.0,24623.0,24152.0,23836.0,23886.0,23759.0,23492.0,23249.0,23388.0,23195.0,23174.0,23098.0,22952.0,22837.0,22423.0,22410.0,21792.0,21551.0,21501.0,21219.0,20862.0
K,74,25427.0,25204.0,25070.0,24329.0,25629.0,25858.0,26245.0,26547.0,27373.0,27039.0,27686.0,27616.0,28001.0,28367.0,28894.0,29947.0,31101.0,31722.0,32444.0,33269.0,34277.0,34769.0,34449.0,34976.0,35013.0,34077.0,34570.0,33305.0,32340.0,31927.0,32737.0,33213.0,33725.0,33739.0,34337.0,33954.0,34705.0,35058.0,35645.0,36318.0,37531.0,37896.0,38268.0,37652.0,36704.0,36065.0,35497.0,35108.0,34847.0,33546.0,32621.0,32364.0,32154.0,30885.0,30432.0,30778.0,30942.0,30860.0,31466.0,31174.0,31952.0,32363.0,31990.0,30921.0,30780.0,30003.0,29648.0,29380.0,29142.0,28037.0,27170.0,26984.0,26302.0,27499.0,24844.0,26486.0,26348.0,25876.0,25761.0,25462.0,25057.0,24823.0,24593.0,24092.0,23801.0,23851.0,23723.0,23452.0,23212.0,23341.0,23160.0,23144.0,23057.0,22920.0,22805.0,22383.0,22382.0,21753.0,21515.0,21474.0,21190.0
K,75,25805.0,24729.0,24516.0,24389.0,23638.0,24928.0,25167.0,25558.0,25894.0,26759.0,26424.0,27111.0,27056.0,27485.0,27861.0,28416.0,29498.0,30692.0,31335.0,32092.0,32921.0,33967.0,34429.0,34158.0,34758.0,34799.0,33889.0,34404.0,33152.0,32180.0,31788.0,32603.0,33077.0,33584.0,33608.0,34219.0,33810.0,34570.0,34929.0,35518.0,36170.0,37393.0,37752.0,38094.0,37523.0,36578.0,35935.0,35359.0,34959.0,34723.0,33416.0,32524.0,32253.0,32047.0,30779.0,30337.0,30664.0,30844.0,30766.0,31347.0,31079.0,31838.0,32258.0,31884.0,30835.0,30677.0,29913.0,29561.0,29287.0,29042.0,27954.0,27084.0,26895.0,26215.0,27419.0,24768.0,26407.0,26274.0,25790.0,25684.0,25393.0,24983.0,24749.0,24510.0,24016.0,23732.0,23780.0,23646.0,23371.0,23138.0,23249.0,23058.0,23062.0,22983.0,22868.0,22718.0,22323.0,22318.0,21696.0,21447.0,21403.0
K,76,26208.0,25118.0,24022.0,23811.0,23730.0,23036.0,24254.0,24512.0,24977.0,25277.0,26171.0,25875.0,26564.0,26566.0,27041.0,27475.0,28037.0,29123.0,30305.0,30970.0,31745.0,32590.0,33645.0,34147.0,33920.0,34541.0,34603.0,33719.0,34233.0,33021.0,32045.0,31658.0,32471.0,32943.0,33465.0,33445.0,34083.0,33683.0,34436.0,34786.0,35373.0,36033.0,37263.0,37626.0,37949.0,37370.0,36460.0,35822.0,35236.0,34838.0,34598.0,33303.0,32405.0,32151.0,31939.0,30677.0,30251.0,30578.0,30747.0,30672.0,31268.0,30984.0,31709.0,32167.0,31780.0,30747.0,30563.0,29831.0,29468.0,29196.0,28960.0,27848.0,26985.0,26808.0,26139.0,27344.0,24685.0,26326.0,26178.0,25717.0,25595.0,25317.0,24890.0,24678.0,24433.0,23949.0,23651.0,23707.0,23567.0,23303.0,23052.0,23173.0,22984.0,22987.0,22900.0,22802.0,22633.0,22257.0,22259.0,21633.0,21388.0
K,77,23006.0,25529.0,24390.0,23306.0,23124.0,23103.0,22413.0,23673.0,23927.0,24409.0,24799.0,25602.0,25369.0,26101.0,26069.0,26644.0,27118.0,27664.0,28801.0,29953.0,30625.0,31443.0,32333.0,33395.0,33912.0,33711.0,34345.0,34451.0,33552.0,34075.0,32867.0,31916.0,31520.0,32351.0,32825.0,33332.0,33317.0,33957.0,33542.0,34327.0,34671.0,35237.0,35912.0,37142.0,37482.0,37801.0,37247.0,36304.0,35688.0,35118.0,34736.0,34484.0,33179.0,32305.0,32041.0,31835.0,30586.0,30148.0,30493.0,30640.0,30575.0,31165.0,30890.0,31626.0,32070.0,31670.0,30651.0,30473.0,29748.0,29358.0,29116.0,28883.0,27774.0,26894.0,26718.0,26065.0,27252.0,24623.0,26232.0,26097.0,25643.0,25523.0,25228.0,24818.0,24587.0,24354.0,23875.0,23585.0,23631.0,23500.0,23219.0,22971.0,23096.0,22918.0,22914.0,22834.0,22732.0,22551.0,22177.0,22183.0,21559.0
K,78,21550.0,22358.0,24772.0,23749.0,22695.0,22460.0,22488.0,21810.0,23082.0,23345.0,23874.0,24217.0,25095.0,24904.0,25616.0,25677.0,26297.0,26747.0,27341.0,28459.0,29642.0,30342.0,31131.0,32056.0,33133.0,33683.0,33531.0,34175.0,34301.0,33396.0,33910.0,32749.0,31783.0,31387.0,32232.0,32687.0,33200.0,33189.0,33826.0,33389.0,34201.0,34526.0,35099.0,35777.0,37011.0,37350.0,37666.0,37122.0,36185.0,35572.0,35008.0,34620.0,34380.0,33081.0,32207.0,31938.0,31756.0,30500.0,30055.0,30407.0,30557.0,30494.0,31073.0,30760.0,31513.0,31962.0,31577.0,30551.0,30383.0,29651.0,29233.0,29018.0,28790.0,27682.0,26825.0,26634.0,25982.0,27181.0,24545.0,26169.0,26009.0,25573.0,25438.0,25149.0,24738.0,24513.0,24286.0,23783.0,23514.0,23572.0,23420.0,23140.0,22898.0,23025.0,22840.0,22848.0,22769.0,22654.0,22491.0,22116.0,22106.0
K,79,18625.0,20947.0,21687.0,24071.0,23110.0,22121.0,21869.0,21921.0,21238.0,22526.0,22810.0,23361.0,23718.0,24636.0,24486.0,25238.0,25306.0,25942.0,26401.0,27033.0,28177.0,29358.0,30077.0,30889.0,31811.0,32903.0,33482.0,33378.0,34016.0,34129.0,33256.0,33775.0,32604.0,31646.0,31278.0,32105.0,32576.0,33062.0,33059.0,33718.0,33258.0,34079.0,34402.0,34951.0,35663.0,36889.0,37250.0,37532.0,37008.0,36050.0,35438.0,34892.0,34506.0,34269.0,32990.0,32096.0,31833.0,31644.0,30412.0,29971.0,30316.0,30464.0,30395.0,30965.0,30660.0,31407.0,31863.0,31479.0,30439.0,30286.0,29554.0,29149.0,28934.0,28691.0,27589.0,26734.0,26542.0,25888.0,27112.0,24465.0,26100.0,25934.0,25493.0,25333.0,25067.0,24665.0,24430.0,24222.0,23715.0,23437.0,23499.0,23347.0,23072.0,22819.0,22941.0,22756.0,22773.0,22686.0,22592.0,22403.0,22048.0
K,80,16927.0,17800.0,19976.0,20658.0,22900.0,22070.0,21102.0,20962.0,21006.0,20402.0,21701.0,21964.0,22605.0,22974.0,23934.0,23893.0,24628.0,24720.0,25417.0,25871.0,26520.0,27720.0,28924.0,29679.0,30543.0,31481.0,32621.0,33201.0,33121.0,33769.0,33866.0,33028.0,33530.0,32384.0,31422.0,31074.0,31897.0,32335.0,32846.0,32857.0,33507.0,33035.0,33847.0,34199.0,34713.0,35459.0,36665.0,37059.0,37318.0,36810.0,35839.0,35238.0,34723.0,34288.0,34066.0,32808.0,31901.0,31674.0,31480.0,30244.0,29816.0,30157.0,30287.0,30250.0,30838.0,30496.0,31237.0,31685.0,31323.0,30275.0,30135.0,29373.0,29011.0,28781.0,28553.0,27450.0,26581.0,26414.0,25761.0,26970.0,24327.0,25965.0,25785.0,25355.0,25200.0,24949.0,24532.0,24287.0,24089.0,23583.0,23310.0,23386.0,23218.0,22953.0,22674.0,22826.0,22625.0,22650.0,22570.0,22477.0,22269.0
K,81,14386.0,16120.0,16939.0,19041.0,19793.0,21829.0,21096.0,20289.0,20134.0,20244.0,19640.0,20920.0,21198.0,21943.0,22310.0,23301.0,23321.0,24126.0,24203.0,24915.0,25424.0,26097.0,27293.0,28521.0,29274.0,30226.0,31187.0,32365.0,32944.0,32893.0,33523.0,33634.0,32844.0,33312.0,32191.0,31207.0,30874.0,31696.0,32135.0,32643.0,32624.0,33294.0,32824.0,33661.0,33988.0,34506.0,35231.0,36449.0,36835.0,37134.0,36602.0,35638.0,35056.0,34543.0,34114.0,33859.0,32617.0,31741.0,31473.0,31319.0,30071.0,29636.0,29976.0,30126.0,30084.0,30691.0,30329.0,31075.0,31513.0,31142.0,30102.0,30000.0,29217.0,28847.0,28626.0,28391.0,27312.0,26445.0,26291.0,25633.0,26801.0,24178.0,25826.0,25648.0,25222.0,25042.0,24810.0,24417.0,24144.0,23955.0,23472.0,23177.0,23265.0,23093.0,22833.0,22552.0,22722.0,22512.0,22515.0,22457.0,22358.0
K,82,14292.0,13717.0,15335.0,16122.0,18145.0,18901.0,20894.0,20205.0,19503.0,19372.0,19443.0,18952.0,20261.0,20533.0,21304.0,21716.0,22705.0,22819.0,23666.0,23750.0,24446.0,25012.0,25694.0,26913.0,28173.0,28958.0,29936.0,30931.0,32131.0,32679.0,32648.0,33302.0,33402.0,32627.0,33105.0,31979.0,31004.0,30679.0,31507.0,31949.0,32455.0,32411.0,33077.0,32620.0,33472.0,33791.0,34301.0,35005.0,36236.0,36650.0,36930.0,36397.0,35450.0,34854.0,34328.0,33924.0,33700.0,32418.0,31554.0,31306.0,31150.0,29913.0,29478.0,29823.0,29988.0,29925.0,30549.0,30145.0,30920.0,31343.0,30975.0,29925.0,29845.0,29074.0,28706.0,28498.0,28256.0,27159.0,26315.0,26148.0,25496.0,26652.0,24051.0,25679.0,25511.0,25111.0,24925.0,24682.0,24301.0,24006.0,23818.0,23352.0,23067.0,23127.0,22957.0,22706.0,22415.0,22595.0,22400.0,22399.0,22327.0
K,83,13203.0,13584.0,13064.0,14527.0,15373.0,17285.0,18036.0,19974.0,19283.0,18708.0,18642.0,18752.0,18353.0,19679.0,19929.0,20728.0,21206.0,22227.0,22341.0,23209.0,23290.0,24050.0,24634.0,25379.0,26608.0,27888.0,28697.0,29693.0,30699.0,31915.0,32437.0,32411.0,33052.0,33163.0,32423.0,32881.0,31750.0,30823.0,30474.0,31280.0,31759.0,32254.0,32185.0,32866.0,32452.0,33280.0,33608.0,34106.0,34788.0,36028.0,36446.0,36728.0,36174.0,35267.0,34668.0,34161.0,33720.0,33531.0,32263.0,31377.0,31137.0,30986.0,29761.0,29337.0,29684.0,29846.0,29768.0,30392.0,29992.0,30740.0,31193.0,30821.0,29767.0,29692.0,28916.0,28563.0,28350.0,28123.0,27025.0,26172.0,26017.0,25374.0,26511.0,23940.0,25552.0,25410.0,24978.0,24772.0,24536.0,24182.0,23884.0,23701.0,23248.0,22942.0,23006.0,22823.0,22565.0,22310.0,22468.0,22275.0,22283.0
K,84,12100.0,12573.0,12898.0,12441.0,13852.0,14680.0,16563.0,17250.0,19122.0,18564.0,18018.0,18010.0,18137.0,17802.0,19118.0,19393.0,20217.0,20734.0,21770.0,21924.0,22799.0,22877.0,23694.0,24291.0,25063.0,26325.0,27602.0,28487.0,29492.0,30473.0,31676.0,32189.0,32188.0,32816.0,32936.0,32220.0,32652.0,31549.0,30631.0,30269.0,31098.0,31564.0,32061.0,31965.0,32666.0,32262.0,33075.0,33414.0,33928.0,34594.0,35845.0,36217.0,36528.0,35958.0,35075.0,34473.0,33977.0,33545.0,33357.0,32071.0,31201.0,30949.0,30837.0,29602.0,29171.0,29525.0,29671.0,29629.0,30233.0,29835.0,30570.0,31040.0,30636.0,29590.0,29551.0,28751.0,28425.0,28193.0,27984.0,26874.0,26031.0,25887.0,25226.0,26390.0,23820.0,25398.0,25274.0,24835.0,24647.0,24415.0,24064.0,23760.0,23563.0,23117.0,22804.0,22861.0,22699.0,22437.0,22185.0,22343.0,22145.0
K,85,10731.0,11331.0,11714.0,12001.0,11548.0,12919.0,13796.0,15530.0,16231.0,18053.0,17542.0,17111.0,17163.0,17327.0,17079.0,18397.0,18749.0,19579.0,20086.0,21123.0,21352.0,22230.0,22344.0,23204.0,23854.0,24689.0,25986.0,27291.0,28176.0,29152.0,30142.0,31333.0,31853.0,31911.0,32503.0,32615.0,31917.0,32384.0,31232.0,30334.0,30003.0,30824.0,31278.0,31761.0,31678.0,32359.0,31967.0,32780.0,33133.0,33629.0,34321.0,35553.0,35919.0,36224.0,35680.0,34798.0,34183.0,33711.0,33283.0,33084.0,31805.0,30967.0,30702.0,30561.0,29373.0,28932.0,29272.0,29422.0,29394.0,30003.0,29572.0,30339.0,30788.0,30427.0,29377.0,29323.0,28537.0,28225.0,27997.0,27771.0,26658.0,25831.0,25675.0,25027.0,26196.0,23620.0,25185.0,25084.0,24616.0,24467.0,24199.0,23855.0,23579.0,23385.0,22934.0,22623.0,22689.0,22518.0,22264.0,22004.0,22180.0
K,86,9731.0,9988.0,10543.0,10891.0,11203.0,10817.0,12074.0,12917.0,14544.0,15313.0,17066.0,16632.0,16286.0,16413.0,16591.0,16395.0,17742.0,18104.0,19036.0,19514.0,20582.0,20837.0,21767.0,21897.0,22816.0,23506.0,24344.0,25661.0,26951.0,27898.0,28805.0,29836.0,30997.0,31516.0,31587.0,32203.0,32304.0,31618.0,32057.0,30931.0,30048.0,29718.0,30522.0,31020.0,31490.0,31388.0,32083.0,31691.0,32503.0,32840.0,33351.0,34045.0,35248.0,35635.0,35937.0,35387.0,34515.0,33926.0,33442.0,32991.0,32845.0,31574.0,30729.0,30463.0,30310.0,29157.0,28733.0,29057.0,29189.0,29155.0,29761.0,29345.0,30119.0,30556.0,30178.0,29152.0,29093.0,28311.0,27993.0,27768.0,27563.0,26463.0,25648.0,25472.0,24830.0,25985.0,23426.0,24995.0,24866.0,24419.0,24265.0,24008.0,23681.0,23385.0,23195.0,22746.0,22439.0,22492.0,22355.0,22084.0,21828.0
K,87,8566.0,9046.0,9344.0,9808.0,10188.0,10448.0,10118.0,11360.0,12163.0,13678.0,14504.0,16225.0,15816.0,15546.0,15748.0,15995.0,15822.0,17145.0,17530.0,18526.0,18948.0,20033.0,20371.0,21326.0,21510.0,22454.0,23190.0,24051.0,25392.0,26648.0,27594.0,28487.0,29506.0,30672.0,31194.0,31272.0,31921.0,32006.0,31312.0,31786.0,30644.0,29780.0,29432.0,30280.0,30752.0,31210.0,31144.0,31783.0,31411.0,32216.0,32580.0,33071.0,33741.0,34954.0,35359.0,35653.0,35081.0,34233.0,33643.0,33198.0,32721.0,32581.0,31305.0,30469.0,30217.0,30052.0,28927.0,28489.0,28827.0,28957.0,28942.0,29522.0,29098.0,29910.0,30337.0,29944.0,28919.0,28854.0,28086.0,27786.0,27559.0,27353.0,26270.0,25434.0,25270.0,24625.0,25761.0,23236.0,24785.0,24665.0,24209.0,24076.0,23805.0,23499.0,23211.0,23005.0,22551.0,22258.0,22304.0,22141.0,21905.0
K,88,7676.0,7968.0,8333.0,8672.0,9148.0,9504.0,9794.0,9482.0,10710.0,11507.0,12949.0,13728.0,15419.0,15067.0,14913.0,15143.0,15418.0,15263.0,16630.0,17024.0,17992.0,18480.0,19549.0,19976.0,20966.0,21162.0,22136.0,22902.0,23754.0,25147.0,26336.0,27312.0,28182.0,29205.0,30346.0,30891.0,30952.0,31596.0,31720.0,31007.0,31514.0,30347.0,29503.0,29171.0,30005.0,30490.0,30920.0,30895.0,31491.0,31134.0,31964.0,32287.0,32800.0,33444.0,34673.0,35070.0,35358.0,34815.0,33941.0,33374.0,32932.0,32469.0,32316.0,31038.0,30229.0,29968.0,29813.0,28689.0,28244.0,28590.0,28729.0,28723.0,29261.0,28874.0,29676.0,30090.0,29710.0,28695.0,28618.0,27872.0,27557.0,27308.0,27135.0,26087.0,25245.0,25067.0,24445.0,25578.0,23050.0,24580.0,24472.0,24017.0,23883.0,23605.0,23302.0,23028.0,22806.0,22389.0,22084.0,22137.0,21962.0
K,89,6899.0,7168.0,7379.0,7762.0,8062.0,8553.0,8872.0,9194.0,8930.0,10079.0,10888.0,12264.0,13035.0,14736.0,14478.0,14347.0,14565.0,14935.0,14841.0,16155.0,16568.0,17600.0,18069.0,19130.0,19594.0,20628.0,20854.0,21886.0,22636.0,23495.0,24866.0,26036.0,27012.0,27917.0,28908.0,30048.0,30582.0,30651.0,31305.0,31413.0,30741.0,31221.0,30080.0,29229.0,28905.0,29725.0,30220.0,30656.0,30615.0,31238.0,30870.0,31672.0,32025.0,32534.0,33203.0,34387.0,34769.0,35064.0,34547.0,33668.0,33110.0,32700.0,32238.0,32067.0,30766.0,29975.0,29720.0,29588.0,28482.0,28007.0,28358.0,28475.0,28486.0,29017.0,28628.0,29446.0,29842.0,29456.0,28472.0,28396.0,27649.0,27350.0,27084.0,26917.0,25917.0,25036.0,24884.0,24247.0,25351.0,22862.0,24375.0,24267.0,23809.0,23691.0,23441.0,23127.0,22861.0,22617.0,22196.0,21914.0,21957.0
K,90,6430.0,6301.0,6539.0,6756.0,7097.0,7350.0,7865.0,8127.0,8460.0,8275.0,9365.0,10155.0,11479.0,12260.0,13965.0,13772.0,13688.0,13963.0,14347.0,14339.0,15584.0,16022.0,17081.0,17577.0,18619.0,19191.0,20285.0,20542.0,21577.0,22291.0,23164.0,24511.0,25669.0,26650.0,27578.0,28551.0,29669.0,30220.0,30283.0,30934.0,31070.0,30388.0,30838.0,29758.0,28925.0,28590.0,29359.0,29896.0,30317.0,30301.0,30908.0,30525.0,31325.0,31739.0,32181.0,32859.0,34023.0,34400.0,34697.0,34195.0,33310.0,32749.0,32402.0,31927.0,31734.0,30420.0,29647.0,29428.0,29271.0,28181.0,27740.0,28104.0,28188.0,28198.0,28752.0,28360.0,29164.0,29542.0,29155.0,28178.0,28122.0,27347.0,27037.0,26808.0,26679.0,25625.0,24777.0,24622.0,24005.0,25083.0,22617.0,24119.0,24012.0,23541.0,23451.0,23213.0,22891.0,22629.0,22370.0,21959.0,21671.0
K,91,5648.0,4391.0,4325.0,4450.0,4586.0,4919.0,5016.0,5409.0,5600.0,5853.0,5808.0,6617.0,7193.0,8162.0,8749.0,9979.0,9939.0,9896.0,10109.0,10406.0,10448.0,11314.0,11727.0,12510.0,12841.0,13678.0,14123.0,14918.0,15025.0,15834.0,16428.0,17125.0,18085.0,18863.0,19658.0,20342.0,21165.0,21949.0,22487.0,22529.0,22991.0,23128.0,22571.0,22959.0,22146.0,21453.0,21240.0,21822.0,22242.0,22572.0,22513.0,23014.0,22698.0,23314.0,23616.0,23927.0,24413.0,25197.0,25513.0,25717.0,25368.0,24741.0,24300.0,24070.0,23737.0,23560.0,22590.0,22014.0,21847.0,21766.0,20973.0,20634.0,20905.0,20953.0,20928.0,21398.0,21035.0,21736.0,22022.0,21686.0,20918.0,20881.0,20315.0,20089.0,19894.0,19779.0,18965.0,18299.0,18176.0,17714.0,18522.0,16687.0,17819.0,17639.0,17354.0,17409.0,17175.0,16904.0,16722.0,16564.0,16272.0
K,92,4751.0,3905.0,3010.0,3001.0,3082.0,3180.0,3413.0,3442.0,3745.0,3872.0,4141.0,4055.0,4656.0,5031.0,5816.0,6211.0,7130.0,7141.0,7156.0,7314.0,7493.0,7554.0,8270.0,8590.0,9103.0,9424.0,10003.0,10421.0,11027.0,11201.0,11705.0,12007.0,12514.0,13429.0,13950.0,14502.0,15046.0,15621.0,16259.0,16607.0,16651.0,17040.0,17114.0,16694.0,17032.0,16406.0,15936.0,15791.0,16206.0,16564.0,16777.0,16694.0,17101.0,16837.0,17294.0,17471.0,17723.0,18099.0,18680.0,18891.0,19110.0,18846.0,18380.0,17934.0,17936.0,17538.0,17509.0,16768.0,16382.0,16225.0,16195.0,15567.0,15379.0,15483.0,15497.0,15528.0,15847.0,15589.0,16136.0,16360.0,16132.0,15522.0,15446.0,15007.0,14893.0,14781.0,14649.0,14115.0,13597.0,13421.0,13129.0,13717.0,12327.0,13246.0,13054.0,12903.0,12913.0,12731.0,12532.0,12340.0,12298.0
K,93,3747.0,3233.0,2687.0,2056.0,2029.0,2136.0,2231.0,2394.0,2380.0,2601.0,2720.0,2850.0,2866.0,3296.0,3631.0,4089.0,4403.0,5096.0,5067.0,5191.0,5304.0,5451.0,5492.0,6036.0,6321.0,6696.0,7002.0,7483.0,7765.0,8142.0,8257.0,8690.0,8895.0,9342.0,9974.0,10470.0,10777.0,11155.0,11617.0,12075.0,12384.0,12390.0,12704.0,12701.0,12398.0,12654.0,12171.0,11924.0,11661.0,12087.0,12263.0,12487.0,12349.0,12737.0,12609.0,12902.0,12972.0,13245.0,13492.0,13894.0,14082.0,14269.0,14073.0,13753.0,13369.0,13351.0,13112.0,13041.0,12477.0,12192.0,12151.0,12057.0,11548.0,11437.0,11583.0,11479.0,11574.0,11762.0,11632.0,11988.0,12137.0,12034.0,11505.0,11476.0,11127.0,11039.0,11000.0,10825.0,10504.0,10212.0,10059.0,9791.0,10267.0,9214.0,9819.0,9666.0,9605.0,9548.0,9428.0,9356.0,9105.0
K,94,3013.0,2563.0,2210.0,1847.0,1412.0,1402.0,1465.0,1533.0,1661.0,1675.0,1826.0,1950.0,2007.0,2092.0,2338.0,2592.0,2918.0,3153.0,3594.0,3604.0,3765.0,3848.0,3933.0,4023.0,4452.0,4664.0,4913.0,5171.0,5518.0,5726.0,6096.0,6020.0,6326.0,6548.0,6909.0,7439.0,7771.0,8001.0,8304.0,8613.0,8944.0,9157.0,9126.0,9423.0,9427.0,9195.0,9380.0,9007.0,8809.0,8602.0,8886.0,9079.0,9296.0,9131.0,9416.0,9372.0,9466.0,9599.0,9796.0,9968.0,10278.0,10400.0,10588.0,10418.0,10192.0,9930.0,9838.0,9661.0,9661.0,9274.0,9059.0,8994.0,8969.0,8578.0,8506.0,8604.0,8514.0,8604.0,8657.0,8572.0,8920.0,8984.0,8993.0,8544.0,8508.0,8243.0,8196.0,8153.0,8038.0,7820.0,7622.0,7502.0,7217.0,7614.0,6884.0,7256.0,7166.0,7203.0,7089.0,6960.0,6968.0
K,95,2297.0,2041.0,1746.0,1491.0,1261.0,981.0,951.0,987.0,1038.0,1139.0,1156.0,1288.0,1316.0,1416.0,1436.0,1652.0,1866.0,2084.0,2279.0,2643.0,2615.0,2746.0,2860.0,2922.0,2960.0,3263.0,3481.0,3667.0,3794.0,4098.0,4227.0,4462.0,4484.0,4680.0,4755.0,5053.0,5462.0,5690.0,5849.0,6087.0,6291.0,6550.0,6757.0,6693.0,6913.0,6973.0,6762.0,6885.0,6660.0,6489.0,6375.0,6478.0,6707.0,6803.0,6683.0,6903.0,6927.0,7033.0,7100.0,7333.0,7376.0,7523.0,7705.0,7840.0,7750.0,7595.0,7363.0,7306.0,7166.0,7164.0,6816.0,6693.0,6638.0,6641.0,6318.0,6212.0,6420.0,6218.0,6350.0,6339.0,6298.0,6514.0,6648.0,6613.0,6270.0,6284.0,6064.0,6038.0,6003.0,5873.0,5750.0,5647.0,5496.0,5391.0,5554.0,5149.0,5352.0,5279.0,5317.0,5257.0,5154.0
K,96,1797.0,1590.0,1370.0,1193.0,986.0,834.0,678.0,665.0,656.0,692.0,742.0,746.0,870.0,908.0,990.0,1018.0,1158.0,1299.0,1490.0,1631.0,1932.0,1888.0,2026.0,2085.0,2152.0,2133.0,2366.0,2601.0,2742.0,2764.0,2988.0,3152.0,3294.0,3280.0,3483.0,3482.0,3738.0,4026.0,4188.0,4319.0,4490.0,4597.0,4785.0,4941.0,4939.0,5107.0,5132.0,5002.0,5078.0,4933.0,4799.0,4693.0,4783.0,4953.0,5046.0,4922.0,5128.0,5101.0,5207.0,5255.0,5461.0,5481.0,5556.0,5686.0,5801.0,5722.0,5609.0,5451.0,5401.0,5257.0,5362.0,5000.0,4937.0,4891.0,4904.0,4587.0,4543.0,4755.0,4561.0,4689.0,4657.0,4654.0,4818.0,4971.0,4878.0,4594.0,4615.0,4476.0,4405.0,4413.0,4355.0,4200.0,4213.0,3988.0,3972.0,4168.0,3857.0,3884.0,3885.0,3915.0,3871.0
K,97,1313.0,1251.0,1082.0,929.0,752.0,673.0,553.0,443.0,473.0,455.0,493.0,497.0,539.0,621.0,658.0,685.0,685.0,841.0,911.0,1064.0,1172.0,1425.0,1382.0,1467.0,1528.0,1577.0,1548.0,1738.0,1970.0,2047.0,2038.0,2218.0,2291.0,2446.0,2377.0,2598.0,2558.0,2778.0,2964.0,3089.0,3205.0,3341.0,3429.0,3530.0,3638.0,3612.0,3793.0,3780.0,3651.0,3732.0,3614.0,3546.0,3439.0,3512.0,3612.0,3682.0,3614.0,3809.0,3755.0,3834.0,3889.0,4061.0,4040.0,4115.0,4180.0,4271.0,4208.0,4120.0,3975.0,3995.0,3885.0,3968.0,3651.0,3671.0,3572.0,3615.0,3362.0,3325.0,3484.0,3340.0,3393.0,3368.0,3445.0,3570.0,3731.0,3573.0,3342.0,3434.0,3329.0,3228.0,3241.0,3225.0,3128.0,3129.0,2969.0,2894.0,3122.0,2904.0,2887.0,2925.0,2976.0
K,98,991.0,877.0,847.0,740.0,622.0,505.0,451.0,391.0,308.0,319.0,300.0,352.0,342.0,373.0,424.0,464.0,492.0,505.0,606.0,661.0,784.0,874.0,1036.0,1001.0,1047.0,1094.0,1132.0,1139.0,1282.0,1426.0,1536.0,1499.0,1657.0,1697.0,1805.0,1748.0,1942.0,1924.0,2105.0,2240.0,2317.0,2379.0,2474.0,2537.0,2624.0,2670.0,2699.0,2788.0,2769.0,2736.0,2762.0,2673.0,2638.0,2516.0,2583.0,2677.0,2715.0,2673.0,2850.0,2743.0,2833.0,2859.0,2961.0,2994.0,3025.0,3110.0,3148.0,3112.0,3094.0,2939.0,2926.0,2892.0,2984.0,2711.0,2696.0,2661.0,2707.0,2498.0,2478.0,2584.0,2479.0,2540.0,2468.0,2554.0,2674.0,2814.0,2677.0,2478.0,2574.0,2479.0,2387.0,2406.0,2384.0,2338.0,2291.0,2231.0,2144.0,2327.0,2170.0,2156.0,2215.0
K,99,597.0,677.0,589.0,576.0,498.0,409.0,338.0,295.0,284.0,211.0,211.0,204.0,247.0,241.0,261.0,313.0,325.0,362.0,367.0,433.0,481.0,569.0,634.0,752.0,749.0,755.0,820.0,835.0,841.0,982.0,1047.0,1138.0,1093.0,1238.0,1255.0,1292.0,1249.0,1384.0,1402.0,1559.0,1645.0,1719.0,1756.0,1829.0,1858.0,1917.0,1955.0,2004.0,2056.0,2061.0,2020.0,2057.0,1972.0,1968.0,1859.0,1925.0,1986.0,2016.0,2005.0,2110.0,2053.0,2119.0,2108.0,2185.0,2182.0,2248.0,2311.0,2348.0,2322.0,2304.0,2196.0,2176.0,2178.0,2227.0,2045.0,2032.0,2002.0,2014.0,1845.0,1835.0,1935.0,1874.0,1878.0,1856.0,1920.0,1984.0,2093.0,2000.0,1877.0,1900.0,1843.0,1799.0,1803.0,1750.0,1733.0,1689.0,1621.0,1616.0,1744.0,1599.0,1602.0
K,100,423.0,380.0,437.0,387.0,395.0,362.0,273.0,229.0,190.0,203.0,139.0,153.0,143.0,174.0,166.0,178.0,227.0,235.0,259.0,262.0,310.0,354.0,405.0,467.0,541.0,558.0,547.0,619.0,613.0,633.0,739.0,754.0,839.0,811.0,913.0,930.0,994.0,944.0,1032.0,1051.0,1168.0,1219.0,1280.0,1282.0,1353.0,1360.0,1412.0,1444.0,1472.0,1508.0,1521.0,1477.0,1510.0,1437.0,1460.0,1333.0,1431.0,1457.0,1474.0,1496.0,1535.0,1514.0,1530.0,1547.0,1603.0,1586.0,1661.0,1686.0,1727.0,1736.0,1723.0,1617.0,1589.0,1601.0,1634.0,1517.0,1508.0,1474.0,1489.0,1356.0,1353.0,1434.0,1386.0,1410.0,1374.0,1406.0,1434.0,1526.0,1433.0,1353.0,1371.0,1343.0,1305.0,1348.0,1273.0,1286.0,1247.0,1216.0,1198.0,1329.0,1191.0
K,101,256.0,132.0,113.0,139.0,125.0,121.0,134.0,94.0,76.0,70.0,61.0,45.0,53.0,42.0,61.0,52.0,71.0,84.0,96.0,100.0,95.0,114.0,123.0,149.0,167.0,190.0,214.0,188.0,226.0,217.0,235.0,269.0,285.0,320.0,328.0,355.0,356.0,372.0,355.0,376.0,382.0,410.0,440.0,483.0,460.0,491.0,495.0,524.0,544.0,535.0,535.0,549.0,544.0,551.0,510.0,536.0,498.0,526.0,527.0,520.0,542.0,557.0,538.0,546.0,554.0,556.0,578.0,596.0,617.0,617.0,623.0,618.0,575.0,546.0,569.0,598.0,549.0,545.0,552.0,553.0,500.0,499.0,526.0,528.0,526.0,521.0,518.0,544.0,560.0,525.0,517.0,508.0,492.0,480.0,487.0,483.0,462.0,461.0,440.0,448.0,508.0
K,102,164.0,80.0,59.0,42.0,61.0,44.0,50.0,54.0,46.0,30.0,29.0,21.0,11.0,17.0,19.0,20.0,18.0,24.0,28.0,40.0,42.0,35.0,42.0,43.0,65.0,69.0,77.0,90.0,71.0,89.0,80.0,89.0,102.0,109.0,119.0,127.0,136.0,129.0,138.0,137.0,127.0,146.0,167.0,176.0,192.0,190.0,203.0,197.0,216.0,212.0,220.0,204.0,209.0,211.0,209.0,194.0,217.0,196.0,201.0,200.0,210.0,210.0,224.0,210.0,210.0,225.0,215.0,225.0,223.0,241.0,234.0,229.0,244.0,225.0,213.0,214.0,237.0,217.0,219.0,210.0,216.0,184.0,191.0,201.0,197.0,213.0,190.0,202.0,219.0,224.0,200.0,202.0,200.0,209.0,175.0,179.0,181.0,176.0,175.0,168.0,185.0
K,103,82.0,65.0,27.0,23.0,12.0,19.0,15.0,14.0,15.0,14.0,12.0,12.0,7.0,6.0,5.0,3.0,5.0,6.0,8.0,7.0,11.0,14.0,20.0,17.0,12.0,28.0,28.0,31.0,37.0,33.0,36.0,35.0,35.0,41.0,39.0,49.0,52.0,42.0,47.0,57.0,64.0,48.0,60.0,63.0,73.0,63.0,66.0,72.0,74.0,78.0,78.0,92.0,74.0,74.0,81.0,78.0,70.0,78.0,80.0,79.0,78.0,71.0,86.0,92.0,81.0,79.0,77.0,80.0,89.0,86.0,93.0,90.0,90.0,94.0,97.0,83.0,85.0,94.0,80.0,78.0,70.0,81.0,66.0,65.0,75.0,68.0,68.0,66.0,71.0,83.0,91.0,74.0,73.0,71.0,78.0,69.0,73.0,63.0,66.0,63.0,60.0
K,104,39.0,31.0,27.0,10.0,7.0,5.0,7.0,5.0,4.0,6.0,4.0,3.0,2.0,2.0,2.0,2.0,1.0,1.0,1.0,3.0,1.0,2.0,3.0,8.0,6.0,5.0,11.0,13.0,14.0,15.0,17.0,16.0,11.0,9.0,15.0,17.0,26.0,25.0,22.0,21.0,26.0,23.0,23.0,24.0,27.0,30.0,26.0,24.0,34.0,29.0,35.0,32.0,38.0,31.0,30.0,28.0,32.0,29.0,37.0,36.0,33.0,37.0,25.0,34.0,37.0,35.0,36.0,34.0,30.0,33.0,33.0,39.0,35.0,39.0,34.0,44.0,34.0,36.0,39.0,31.0,30.0,27.0,30.0,28.0,26.0,35.0,33.0,29.0,34.0,31.0,35.0,40.0,26.0,30.0,26.0,32.0,29.0,30.0,25.0,23.0,25.0
K,105,76.0,19.0,8.0,9.0,5.0,2.0,1.0,2.0,2.0,1.0,3.0,2.0,1.0,1.0,1.0,1.0,1.0,1.0,1.0,1.0,,,,1.0,2.0,3.0,1.0,,2.0,4.0,3.0,4.0,3.0,2.0,,3.0,6.0,9.0,9.0,7.0,8.0,9.0,8.0,7.0,8.0,12.0,11.0,13.0,11.0,16.0,11.0,15.0,10.0,14.0,10.0,10.0,11.0,11.0,15.0,12.0,13.0,14.0,11.0,12.0,17.0,17.0,15.0,14.0,14.0,10.0,17.0,11.0,13.0,13.0,13.0,13.0,19.0,13.0,17.0,17.0,14.0,8.0,7.0,12.0,10.0,10.0,17.0,12.0,13.0,11.0,12.0,14.0,15.0,10.0,14.0,12.0,11.0,10.0,15.0,11.0,11.0
K,106,,23.0,10.0,1.0,2.0,2.0,,,,1.0,1.0,1.0,1.0,1.0,,,,1.0,1.0,,,,,,,,2.0,1.0,,1.0,3.0,2.0,1.0,2.0,1.0,,1.0,3.0,3.0,4.0,1.0,3.0,2.0,2.0,1.0,1.0,5.0,5.0,5.0,2.0,6.0,3.0,7.0,5.0,5.0,4.0,5.0,3.0,1.0,7.0,5.0,4.0,3.0,5.0,3.0,4.0,3.0,5.0,5.0,5.0,2.0,5.0,5.0,5.0,4.0,4.0,5.0,4.0,3.0,3.0,7.0,5.0,3.0,2.0,5.0,3.0,5.0,6.0,6.0,8.0,4.0,5.0,4.0,4.0,5.0,4.0,6.0,3.0,3.0,5.0,2.0
K,107,,,6.0,3.0,,,,,,,1.0,,,1.0,1.0,,,,,,,,,,,,,1.0,,,,2.0,1.0,1.0,1.0,1.0,,,1.0,,,,,,,,,2.0,1.0,3.0,1.0,2.0,1.0,2.0,2.0,2.0,2.0,1.0,1.0,1.0,2.0,2.0,1.0,1.0,1.0,1.0,1.0,,,4.0,2.0,1.0,1.0,1.0,1.0,1.0,1.0,1.0,1.0,1.0,1.0,3.0,2.0,1.0,,3.0,1.0,1.0,1.0,1.0,1.0,1.0,2.0,2.0,1.0,2.0,,1.0,1.0,,1.0
K,108,,,,2.0,1.0,,,,,,,1.0,,,1.0,1.0,,,,,,,,,,,,,,,,,1.0,,,,,,,,,,,,,,,,,,1.0,,1.0,,1.0,,1.0,,,,,,2.0,1.0,1.0,,,,,,1.0,2.0,1.0,,,,,1.0,1.0,,1.0,,,,,,,,,1.0,,,,,1.0,,,,,,
K,109,,,,,,,,,,,,,1.0,,,1.0,1.0,,,,,,,,,,,,,,,,,,,,,,,,,,,,,,,,,,,,,,,,,,,,,,,,,1.0,,,,,,,1.0,,,,,,1.0,,,1.0,,,,,,,,,1.0,,,,,1.0,,,,,
M,0,26681.0,26726.0,26636.0,26422.0,26039.0,25768.0,25582.0,25245.0,25026.0,24906.0,24683.0,24249.0,24101.0,24038.0,23985.0,23727.0,23889.0,23437.0,23389.0,23031.0,22962.0,22919.0,22487.0,22390.0,22005.0,21626.0,21361.0,20976.0,20853.0,20910.0,20390.0,19886.0,19816.0,19751.0,19434.0,19321.0,19202.0,18857.0,18765.0,18641.0,18393.0,18419.0,18019.0,18062.0,17822.0,17757.0,17476.0,17616.0,17277.0,17343.0,17274.0,16957.0,16831.0,16631.0,16525.0,16156.0,16066.0,15979.0,15850.0,15473.0,15361.0,15229.0,14971.0,14826.0,14733.0,14577.0,14329.0,14201.0,14224.0,13939.0,13886.0,13722.0,13722.0,13610.0,13400.0,13494.0,13219.0,13149.0,13041.0,12958.0,12788.0,12661.0,12636.0,12522.0,12383.0,12236.0,12121.0,11982.0,11985.0,11878.0,11533.0,11379.0,11400.0,11219.0,11052.0,11044.0,10916.0,10688.0,10635.0,10607.0,10459.0
M,1,29378.0,26679.0,26717.0,26633.0,26419.0,26035.0,25760.0,25579.0,25244.0,25021.0,24905.0,24680.0,24244.0,24096.0,24036.0,23981.0,23726.0,23887.0,23435.0,23388.0,23030.0,22960.0,22918.0,22487.0,22390.0,22004.0,21626.0,21360.0,20976.0,20853.0,20909.0,20390.0,19885.0,19816.0,19750.0,19433.0,19321.0,19201.0,18856.0,18764.0,18640.0,18393.0,18418.0,18018.0,18062.0,17822.0,17757.0,17476.0,17615.0,17277.0,17343.0,17274.0,16957.0,16831.0,16630.0,16524.0,16156.0,16065.0,15979.0,15850.0,15473.0,15361.0,15228.0,14971.0,14826.0,14733.0,14577.0,14329.0,14200.0,14224.0,13938.0,13886.0,13722.0,13722.0,13610.0,13399.0,13493.0,13218.0,13148.0,13041.0,12957.0,12788.0,12661.0,12636.0,12522.0,12383.0,12236.0,12120.0,11981.0,11985.0,11878.0,11533.0,11379.0,11400.0,11219.0,11052.0,11044.0,10916.0,10688.0,10635.0,10607.0
M,2,27958.0,29374.0,26678.0,26711.0,26631.0,26411.0,26032.0,25759.0,25578.0,25241.0,25019.0,24901.0,24676.0,24242.0,24094.0,24033.0,23978.0,23724.0,23886.0,23434.0,23387.0,23030.0,22960.0,22916.0,22487.0,22390.0,22002.0,21625.0,21358.0,20976.0,20853.0,20909.0,20390.0,19885.0,19816.0,19750.0,19432.0,19321.0,19201.0,18855.0,18764.0,18640.0,18393.0,18418.0,18017.0,18061.0,17822.0,17757.0,17474.0,17615.0,17276.0,17343.0,17273.0,16956.0,16830.0,16628.0,16523.0,16156.0,16065.0,15979.0,15849.0,15473.0,15361.0,15228.0,14970.0,14826.0,14732.0,14576.0,14326.0,14200.0,14223.0,13938.0,13886.0,13722.0,13722.0,13610.0,13399.0,13493.0,13218.0,13148.0,13041.0,12956.0,12788.0,12661.0,12635.0,12521.0,12383.0,12236.0,12120.0,11981.0,11985.0,11878.0,11533.0,11379.0,11399.0,11219.0,11052.0,11044.0,10916.0,10688.0,10635.0
M,3,28989.0,27951.0,29367.0,26675.0,26705.0,26630.0,26403.0,26028.0,25756.0,25577.0,25234.0,25015.0,24898.0,24675.0,24241.0,24094.0,24032.0,23975.0,23723.0,23886.0,23434.0,23387.0,23029.0,22959.0,22915.0,22487.0,22390.0,22001.0,21625.0,21358.0,20975.0,20852.0,20909.0,20387.0,19885.0,19815.0,19750.0,19432.0,19321.0,19200.0,18855.0,18764.0,18639.0,18393.0,18418.0,18017.0,18060.0,17822.0,17756.0,17474.0,17615.0,17275.0,17343.0,17273.0,16955.0,16830.0,16628.0,16522.0,16156.0,16065.0,15979.0,15849.0,15473.0,15361.0,15226.0,14970.0,14826.0,14732.0,14576.0,14326.0,14199.0,14223.0,13937.0,13886.0,13722.0,13722.0,13609.0,13399.0,13493.0,13218.0,13147.0,13040.0,12956.0,12787.0,12661.0,12634.0,12521.0,12383.0,12236.0,12120.0,11981.0,11985.0,11878.0,11533.0,11379.0,11399.0,11218.0,11052.0,11044.0,10916.0,10688.0
M,4,29454.0,28985.0,27946.0,29363.0,26670.0,26696.0,26628.0,26398.0,26023.0,25753.0,25575.0,25232.0,25011.0,24894.0,24674.0,24237.0,24090.0,24030.0,23974.0,23723.0,23886.0,23432.0,23385.0,23028.0,22957.0,22913.0,22487.0,22390.0,22000.0,21625.0,21358.0,20975.0,20850.0,20909.0,20386.0,19885.0,19815.0,19750.0,19432.0,19320.0,19200.0,18855.0,18764.0,18639.0,18393.0,18417.0,18017.0,18059.0,17822.0,17756.0,17474.0,17615.0,17275.0,17343.0,17273.0,16955.0,16829.0,16627.0,16522.0,16156.0,16065.0,15979.0,15848.0,15471.0,15361.0,15226.0,14970.0,14823.0,14732.0,14576.0,14326.0,14197.0,14223.0,13937.0,13886.0,13722.0,13722.0,13609.0,13398.0,13493.0,13217.0,13147.0,13040.0,12956.0,12787.0,12661.0,12634.0,12521.0,12383.0,12236.0,12119.0,11981.0,11985.0,11878.0,11533.0,11379.0,11399.0,11218.0,11052.0,11044.0,10916.0
M,5,30339.0,29452.0,28983.0,27945.0,29362.0,26669.0,26695.0,26626.0,26398.0,26021.0,25753.0,25575.0,25231.0,25010.0,24892.0,24673.0,24237.0,24090.0,24029.0,23974.0,23722.0,23885.0,23432.0,23385.0,23028.0,22957.0,22912.0,22486.0,22390.0,21999.0,21625.0,21358.0,20975.0,20850.0,20909.0,20384.0,19885.0,19815.0,19750.0,19432.0,19320.0,19200.0,18855.0,18764.0,18639.0,18393.0,18417.0,18016.0,18059.0,17822.0,17756.0,17473.0,17615.0,17275.0,17343.0,17273.0,16955.0,16829.0,16627.0,16522.0,16156.0,16065.0,15979.0,15848.0,15471.0,15361.0,15225.0,14969.0,14823.0,14732.0,14576.0,14326.0,14197.0,14223.0,13937.0,13886.0,13722.0,13722.0,13609.0,13397.0,13492.0,13217.0,13147.0,13040.0,12956.0,12787.0,12661.0,12634.0,12521.0,12383.0,12236.0,12119.0,11981.0,11985.0,11878.0,11533.0,11379.0,11399.0,11218.0,11052.0,11044.0
M,6,31761.0,30336.0,29451.0,28981.0,27944.0,29360.0,26667.0,26693.0,26623.0,26397.0,26020.0,25752.0,25575.0,25231.0,25010.0,24890.0,24672.0,24236.0,24090.0,24028.0,23974.0,23721.0,23885.0,23432.0,23385.0,23028.0,22955.0,22912.0,22486.0,22390.0,21999.0,21625.0,21358.0,20975.0,20850.0,20909.0,20384.0,19885.0,19815.0,19750.0,19432.0,19320.0,19200.0,18855.0,18763.0,18639.0,18392.0,18416.0,18016.0,18059.0,17822.0,17756.0,17473.0,17615.0,17275.0,17343.0,17273.0,16954.0,16829.0,16627.0,16522.0,16156.0,16065.0,15979.0,15848.0,15471.0,15361.0,15225.0,14969.0,14823.0,14732.0,14576.0,14326.0,14197.0,14223.0,13937.0,13886.0,13722.0,13722.0,13608.0,13397.0,13492.0,13217.0,13147.0,13040.0,12956.0,12787.0,12661.0,12634.0,12521.0,12383.0,12236.0,12119.0,11981.0,11985.0,11878.0,11533.0,11378.0,11399.0,11218.0,11052.0
M,7,31747.0,31760.0,30335.0,29449.0,28980.0,27941.0,29360.0,26666.0,26689.0,26622.0,26394.0,26019.0,25752.0,25574.0,25231.0,25010.0,24889.0,24670.0,24233.0,24090.0,24028.0,23973.0,23720.0,23885.0,23432.0,23384.0,23027.0,22955.0,22912.0,22486.0,22390.0,21999.0,21624.0,21358.0,20975.0,20850.0,20908.0,20384.0,19885.0,19815.0,19750.0,19432.0,19320.0,19200.0,18855.0,18762.0,18639.0,18392.0,18416.0,18016.0,18059.0,17821.0,17756.0,17473.0,17615.0,17275.0,17343.0,17273.0,16954.0,16829.0,16627.0,16522.0,16156.0,16065.0,15979.0,15848.0,15471.0,15361.0,15225.0,14969.0,14823.0,14732.0,14576.0,14326.0,14197.0,14223.0,13937.0,13886.0,13722.0,13722.0,13608.0,13397.0,13492.0,13217.0,13147.0,13040.0,12956.0,12786.0,12661.0,12634.0,12521.0,12383.0,12236.0,12119.0,11981.0,11985.0,11878.0,11533.0,11378.0,11399.0,11218.0
M,8,31877.0,31743.0,31758.0,30333.0,29447.0,28980.0,27939.0,29360.0,26664.0,26689.0,26620.0,26394.0,26017.0,25752.0,25574.0,25231.0,25010.0,24888.0,24670.0,24233.0,24089.0,24028.0,23973.0,23720.0,23885.0,23431.0,23384.0,23027.0,22954.0,22912.0,22486.0,22389.0,21998.0,21624.0,21357.0,20975.0,20850.0,20908.0,20384.0,19885.0,19815.0,19750.0,19431.0,19320.0,19200.0,18854.0,18762.0,18638.0,18392.0,18416.0,18016.0,18059.0,17821.0,17756.0,17473.0,17615.0,17275.0,17343.0,17273.0,16954.0,16829.0,16625.0,16522.0,16156.0,16065.0,15979.0,15848.0,15471.0,15361.0,15225.0,14969.0,14823.0,14732.0,14575.0,14326.0,14197.0,14223.0,13937.0,13886.0,13722.0,13722.0,13608.0,13397.0,13492.0,13217.0,13147.0,13040.0,12955.0,12786.0,12661.0,12634.0,12521.0,12383.0,12236.0,12119.0,11981.0,11985.0,11878.0,11533.0,11378.0,11399.0
M,9,31832.0,31872.0,31743.0,31756.0,30328.0,29445.0,28979.0,27938.0,29359.0,26662.0,26689.0,26618.0,26392.0,26014.0,25751.0,25574.0,25231.0,25010.0,24887.0,24669.0,24233.0,24088.0,24028.0,23973.0,23720.0,23885.0,23431.0,23383.0,23025.0,22954.0,22911.0,22486.0,22389.0,21998.0,21623.0,21357.0,20975.0,20850.0,20908.0,20384.0,19885.0,19815.0,19750.0,19431.0,19320.0,19200.0,18853.0,18762.0,18638.0,18392.0,18416.0,18016.0,18059.0,17821.0,17756.0,17473.0,17615.0,17275.0,17343.0,17273.0,16954.0,16828.0,16625.0,16522.0,16155.0,16065.0,15979.0,15848.0,15471.0,15361.0,15225.0,14969.0,14823.0,14732.0,14575.0,14326.0,14197.0,14223.0,13937.0,13886.0,13722.0,13722.0,13608.0,13397.0,13492.0,13217.0,13147.0,13040.0,12955.0,12786.0,12661.0,12634.0,12520.0,12383.0,12236.0,12119.0,11981.0,11985.0,11878.0,11533.0,11378.0
M,10,33040.0,31830.0,31869.0,31739.0,31756.0,30327.0,29444.0,28979.0,27937.0,29355.0,26661.0,26687.0,26618.0,26390.0,26013.0,25751.0,25574.0,25231.0,25010.0,24887.0,24669.0,24233.0,24088.0,24026.0,23972.0,23719.0,23885.0,23431.0,23383.0,23025.0,22954.0,22910.0,22486.0,22389.0,21998.0,21623.0,21357.0,20975.0,20849.0,20908.0,20384.0,19885.0,19815.0,19750.0,19431.0,19320.0,19200.0,18853.0,18762.0,18637.0,18392.0,18416.0,18016.0,18059.0,17821.0,17756.0,17473.0,17614.0,17275.0,17343.0,17273.0,16954.0,16828.0,16625.0,16522.0,16155.0,16065.0,15979.0,15848.0,15471.0,15361.0,15225.0,14969.0,14823.0,14732.0,14575.0,14326.0,14197.0,14223.0,13937.0,13886.0,13722.0,13722.0,13608.0,13397.0,13492.0,13217.0,13147.0,13040.0,12955.0,12786.0,12661.0,12634.0,12520.0,12383.0,12236.0,12119.0,11981.0,11985.0,11878.0,11533.0
M,11,33476.0,33036.0,31829.0,31866.0,31737.0,31756.0,30327.0,29443.0,28976.0,27936.0,29354.0,26659.0,26685.0,26618.0,26389.0,26011.0,25750.0,25573.0,25231.0,25010.0,24887.0,24669.0,24232.0,24087.0,24025.0,23972.0,23719.0,23884.0,23431.0,23383.0,23025.0,22954.0,22910.0,22486.0,22389.0,21997.0,21623.0,21357.0,20975.0,20849.0,20908.0,20384.0,19885.0,19815.0,19750.0,19431.0,19320.0,19200.0,18853.0,18762.0,18637.0,18392.0,18416.0,18016.0,18058.0,17821.0,17756.0,17473.0,17614.0,17274.0,17343.0,17273.0,16953.0,16828.0,16625.0,16522.0,16155.0,16065.0,15979.0,15847.0,15471.0,15361.0,15225.0,14969.0,14823.0,14732.0,14575.0,14326.0,14197.0,14223.0,13936.0,13886.0,13722.0,13722.0,13608.0,13397.0,13491.0,13217.0,13147.0,13040.0,12955.0,12786.0,12661.0,12634.0,12520.0,12383.0,12236.0,12119.0,11981.0,11985.0,11878.0
M,12,34255.0,33474.0,33033.0,31827.0,31865.0,31733.0,31755.0,30326.0,29442.0,28976.0,27936.0,29352.0,26659.0,26684.0,26618.0,26387.0,26011.0,25750.0,25572.0,25231.0,25009.0,24885.0,24669.0,24232.0,24087.0,24025.0,23972.0,23719.0,23884.0,23431.0,23383.0,23025.0,22954.0,22910.0,22486.0,22389.0,21997.0,21623.0,21357.0,20975.0,20849.0,20908.0,20384.0,19885.0,19815.0,19750.0,19431.0,19320.0,19199.0,18853.0,18762.0,18637.0,18392.0,18416.0,18016.0,18058.0,17821.0,17756.0,17473.0,17614.0,17274.0,17343.0,17273.0,16953.0,16828.0,16624.0,16522.0,16155.0,16065.0,15979.0,15847.0,15470.0,15361.0,15225.0,14969.0,14823.0,14732.0,14575.0,14326.0,14197.0,14223.0,13935.0,13886.0,13722.0,13722.0,13608.0,13397.0,13491.0,13217.0,13147.0,13040.0,12955.0,12786.0,12661.0,12634.0,12520.0,12383.0,12236.0,12119.0,11981.0,11985.0
M,13,34985.0,34255.0,33468.0,33033.0,31826.0,31863.0,31731.0,31753.0,30324.0,29441.0,28976.0,27935.0,29351.0,26658.0,26683.0,26618.0,26386.0,26011.0,25747.0,25572.0,25230.0,25009.0,24885.0,24669.0,24232.0,24087.0,24023.0,23971.0,23719.0,23883.0,23430.0,23383.0,23025.0,22954.0,22910.0,22486.0,22389.0,21997.0,21623.0,21357.0,20975.0,20849.0,20908.0,20384.0,19885.0,19815.0,19750.0,19431.0,19320.0,19199.0,18852.0,18762.0,18637.0,18392.0,18416.0,18016.0,18058.0,17821.0,17756.0,17473.0,17614.0,17274.0,17343.0,17273.0,16953.0,16828.0,16624.0,16522.0,16155.0,16065.0,15979.0,15847.0,15470.0,15361.0,15225.0,14969.0,14823.0,14732.0,14575.0,14326.0,14197.0,14222.0,13935.0,13886.0,13722.0,13722.0,13608.0,13397.0,13491.0,13217.0,13147.0,13040.0,12955.0,12786.0,12661.0,12634.0,12520.0,12383.0,12235.0,12119.0,11981.0
M,14,34749.0,34984.0,34254.0,33466.0,33032.0,31825.0,31863.0,31730.0,31750.0,30323.0,29440.0,28975.0,27935.0,29351.0,26658.0,26683.0,26618.0,26386.0,26011.0,25743.0,25571.0,25230.0,25008.0,24885.0,24669.0,24232.0,24086.0,24023.0,23971.0,23719.0,23883.0,23430.0,23383.0,23025.0,22954.0,22910.0,22485.0,22389.0,21997.0,21622.0,21357.0,20975.0,20849.0,20908.0,20384.0,19885.0,19815.0,19750.0,19431.0,19320.0,19199.0,18852.0,18762.0,18637.0,18392.0,18416.0,18016.0,18058.0,17819.0,17756.0,17473.0,17614.0,17273.0,17343.0,17272.0,16953.0,16828.0,16624.0,16522.0,16155.0,16064.0,15979.0,15847.0,15470.0,15360.0,15225.0,14968.0,14823.0,14732.0,14575.0,14326.0,14197.0,14222.0,13934.0,13886.0,13722.0,13722.0,13608.0,13397.0,13491.0,13217.0,13147.0,13040.0,12955.0,12786.0,12661.0,12634.0,12520.0,12383.0,12235.0,12119.0
M,15,33731.0,34744.0,34979.0,34248.0,33461.0,33030.0,31821.0,31862.0,31726.0,31747.0,30320.0,29439.0,28975.0,27932.0,29347.0,26657.0,26680.0,26617.0,26384.0,26011.0,25741.0,25571.0,25228.0,25006.0,24885.0,24669.0,24232.0,24086.0,24023.0,23971.0,23718.0,23882.0,23430.0,23383.0,23024.0,22954.0,22909.0,22485.0,22389.0,21996.0,21622.0,21357.0,20974.0,20849.0,20908.0,20384.0,19884.0,19815.0,19750.0,19430.0,19320.0,19199.0,18852.0,18761.0,18637.0,18392.0,18416.0,18015.0,18057.0,17819.0,17756.0,17473.0,17614.0,17273.0,17343.0,17272.0,16952.0,16827.0,16624.0,16522.0,16155.0,16064.0,15979.0,15847.0,15469.0,15360.0,15225.0,14968.0,14823.0,14732.0,14575.0,14326.0,14197.0,14222.0,13934.0,13886.0,13722.0,13721.0,13607.0,13397.0,13491.0,13217.0,13147.0,13040.0,12955.0,12786.0,12661.0,12634.0,12520.0,12383.0,12235.0
M,16,33891.0,33729.0,34742.0,34977.0,34242.0,33452.0,33021.0,31818.0,31860.0,31726.0,31743.0,30320.0,29438.0,28973.0,27932.0,29347.0,26656.0,26679.0,26617.0,26383.0,26010.0,25741.0,25570.0,25228.0,25003.0,24885.0,24669.0,24231.0,24085.0,24023.0,23971.0,23717.0,23882.0,23430.0,23383.0,23024.0,22954.0,22909.0,22485.0,22389.0,21996.0,21622.0,21357.0,20974.0,20849.0,20908.0,20384.0,19883.0,19814.0,19749.0,19430.0,19320.0,19199.0,18852.0,18761.0,18637.0,18392.0,18415.0,18015.0,18057.0,17819.0,17756.0,17472.0,17614.0,17273.0,17343.0,17272.0,16952.0,16827.0,16624.0,16522.0,16155.0,16064.0,15978.0,15847.0,15469.0,15360.0,15225.0,14968.0,14823.0,14732.0,14575.0,14325.0,14197.0,14222.0,13933.0,13886.0,13722.0,13721.0,13607.0,13397.0,13491.0,13217.0,13147.0,13040.0,12955.0,12786.0,12661.0,12633.0,12520.0,12383.0
M,17,32980.0,33885.0,33723.0,34736.0,34974.0,34239.0,33449.0,33017.0,31816.0,31859.0,31719.0,31742.0,30318.0,29437.0,28970.0,27931.0,29346.0,26653.0,26679.0,26616.0,26383.0,26009.0,25741.0,25570.0,25227.0,25001.0,24884.0,24668.0,24230.0,24084.0,24023.0,23971.0,23717.0,23881.0,23430.0,23383.0,23024.0,22953.0,22909.0,22484.0,22389.0,21995.0,21621.0,21356.0,20974.0,20848.0,20908.0,20384.0,19883.0,19814.0,19749.0,19429.0,19320.0,19199.0,18851.0,18761.0,18637.0,18392.0,18414.0,18014.0,18057.0,17819.0,17756.0,17472.0,17614.0,17273.0,17343.0,17272.0,16952.0,16827.0,16624.0,16522.0,16155.0,16064.0,15978.0,15847.0,15469.0,15360.0,15225.0,14968.0,14823.0,14732.0,14575.0,14324.0,14197.0,14222.0,13933.0,13886.0,13722.0,13721.0,13606.0,13397.0,13491.0,13217.0,13147.0,13040.0,12955.0,12786.0,12660.0,12633.0,12520.0
M,18,33334.0,32978.0,33885.0,33719.0,34735.0,34970.0,34236.0,33446.0,33011.0,31815.0,31859.0,31718.0,31741.0,30316.0,29435.0,28969.0,27930.0,29344.0,26652.0,26676.0,26616.0,26383.0,26009.0,25739.0,25569.0,25227.0,25000.0,24884.0,24668.0,24230.0,24084.0,24023.0,23971.0,23717.0,23881.0,23429.0,23382.0,23024.0,22952.0,22909.0,22483.0,22388.0,21995.0,21620.0,21354.0,20974.0,20848.0,20908.0,20384.0,19882.0,19814.0,19748.0,19429.0,19320.0,19197.0,18851.0,18761.0,18637.0,18392.0,18414.0,18013.0,18057.0,17819.0,17754.0,17471.0,17613.0,17273.0,17343.0,17270.0,16952.0,16827.0,16624.0,16522.0,16155.0,16064.0,15978.0,15846.0,15469.0,15360.0,15225.0,14968.0,14823.0,14732.0,14575.0,14324.0,14197.0,14222.0,13933.0,13886.0,13722.0,13720.0,13606.0,13397.0,13490.0,13217.0,13147.0,13039.0,12953.0,12786.0,12659.0,12633.0
M,19,32888.0,33332.0,32975.0,33882.0,33715.0,34733.0,34967.0,34233.0,33444.0,33010.0,31809.0,31859.0,31715.0,31736.0,30314.0,29433.0,28969.0,27928.0,29343.0,26649.0,26675.0,26616.0,26383.0,26008.0,25738.0,25569.0,25225.0,24999.0,24883.0,24668.0,24230.0,24084.0,24023.0,23971.0,23717.0,23880.0,23428.0,23382.0,23024.0,22952.0,22909.0,22481.0,22388.0,21995.0,21620.0,21354.0,20974.0,20848.0,20908.0,20384.0,19882.0,19813.0,19748.0,19429.0,19320.0,19197.0,18850.0,18761.0,18637.0,18392.0,18414.0,18012.0,18057.0,17819.0,17754.0,17471.0,17613.0,17273.0,17342.0,17270.0,16952.0,16827.0,16624.0,16522.0,16155.0,16063.0,15978.0,15846.0,15469.0,15360.0,15225.0,14968.0,14823.0,14732.0,14575.0,14324.0,14197.0,14222.0,13933.0,13886.0,13722.0,13718.0,13606.0,13397.0,13490.0,13217.0,13147.0,13039.0,12953.0,12786.0,12659.0
M,20,32354.0,32885.0,33327.0,32971.0,33876.0,33710.0,34727.0,34965.0,34230.0,33444.0,33007.0,31808.0,31858.0,31713.0,31732.0,30311.0,29433.0,28967.0,27928.0,29341.0,26648.0,26670.0,26615.0,26383.0,26008.0,25737.0,25569.0,25224.0,24998.0,24882.0,24668.0,24230.0,24083.0,24022.0,23969.0,23716.0,23880.0,23428.0,23382.0,23024.0,22952.0,22908.0,22480.0,22387.0,21995.0,21620.0,21354.0,20973.0,20847.0,20908.0,20384.0,19882.0,19812.0,19748.0,19429.0,19320.0,19197.0,18850.0,18761.0,18635.0,18392.0,18411.0,18012.0,18056.0,17819.0,17753.0,17471.0,17613.0,17273.0,17342.0,17270.0,16951.0,16827.0,16623.0,16521.0,16154.0,16063.0,15978.0,15846.0,15467.0,15360.0,15225.0,14968.0,14823.0,14732.0,14575.0,14324.0,14197.0,14222.0,13933.0,13886.0,13722.0,13718.0,13606.0,13397.0,13490.0,13217.0,13146.0,13039.0,12953.0,12786.0
M,21,33404.0,32349.0,32879.0,33321.0,32967.0,33868.0,33707.0,34723.0,34962.0,34228.0,33440.0,33004.0,31805.0,31854.0,31709.0,31731.0,30310.0,29431.0,28965.0,27927.0,29341.0,26648.0,26669.0,26615.0,26383.0,26008.0,25737.0,25568.0,25224.0,24998.0,24882.0,24668.0,24229.0,24083.0,24022.0,23969.0,23716.0,23880.0,23427.0,23381.0,23023.0,22952.0,22908.0,22480.0,22387.0,21994.0,21619.0,21354.0,20973.0,20846.0,20908.0,20383.0,19882.0,19812.0,19748.0,19429.0,19320.0,19197.0,18850.0,18761.0,18635.0,18392.0,18410.0,18012.0,18056.0,17819.0,17753.0,17471.0,17611.0,17273.0,17342.0,17270.0,16951.0,16827.0,16623.0,16520.0,16154.0,16063.0,15978.0,15846.0,15467.0,15360.0,15225.0,14968.0,14822.0,14732.0,14575.0,14324.0,14196.0,14222.0,13932.0,13886.0,13721.0,13718.0,13606.0,13397.0,13490.0,13217.0,13146.0,13039.0,12953.0
M,22,35241.0,33400.0,32346.0,32876.0,33318.0,32962.0,33866.0,33700.0,34720.0,34956.0,34227.0,33436.0,33000.0,31804.0,31852.0,31708.0,31729.0,30310.0,29430.0,28965.0,27927.0,29341.0,26648.0,26668.0,26615.0,26383.0,26007.0,25737.0,25568.0,25223.0,24998.0,24882.0,24665.0,24228.0,24082.0,24022.0,23968.0,23716.0,23880.0,23426.0,23380.0,23023.0,22952.0,22908.0,22480.0,22387.0,21994.0,21619.0,21354.0,20972.0,20845.0,20908.0,20383.0,19882.0,19812.0,19747.0,19429.0,19318.0,19197.0,18850.0,18760.0,18633.0,18392.0,18410.0,18012.0,18056.0,17819.0,17753.0,17471.0,17611.0,17273.0,17342.0,17270.0,16950.0,16827.0,16622.0,16520.0,16154.0,16063.0,15977.0,15846.0,15466.0,15360.0,15225.0,14968.0,14822.0,14732.0,14575.0,14324.0,14195.0,14222.0,13932.0,13886.0,13721.0,13718.0,13606.0,13397.0,13490.0,13216.0,13146.0,13039.0
M,23,35569.0,35237.0,33394.0,32341.0,32872.0,33313.0,32957.0,33864.0,33693.0,34718.0,34955.0,34223.0,33436.0,32996.0,31801.0,31850.0,31707.0,31729.0,30306.0,29428.0,28964.0,27925.0,29340.0,26647.0,26667.0,26614.0,26382.0,26007.0,25737.0,25567.0,25223.0,24997.0,24881.0,24665.0,24228.0,24082.0,24021.0,23968.0,23716.0,23880.0,23426.0,23380.0,23023.0,22951.0,22906.0,22479.0,22387.0,21994.0,21619.0,21354.0,20972.0,20845.0,20908.0,20381.0,19882.0,19810.0,19746.0,19429.0,19317.0,19197.0,18850.0,18760.0,18633.0,18392.0,18409.0,18011.0,18056.0,17819.0,17753.0,17471.0,17610.0,17273.0,17342.0,17270.0,16950.0,16826.0,16622.0,16520.0,16153.0,16063.0,15977.0,15846.0,15466.0,15360.0,15225.0,14966.0,14822.0,14732.0,14575.0,14324.0,14195.0,14221.0,13931.0,13886.0,13720.0,13718.0,13606.0,13397.0,13490.0,13216.0,13146.0
M,24,35369.0,35569.0,35233.0,33388.0,32337.0,32869.0,33308.0,32951.0,33858.0,33689.0,34712.0,34955.0,34223.0,33435.0,32993.0,31798.0,31850.0,31703.0,31727.0,30305.0,29427.0,28959.0,27925.0,29340.0,26646.0,26666.0,26614.0,26382.0,26007.0,25737.0,25567.0,25223.0,24997.0,24881.0,24665.0,24228.0,24081.0,24021.0,23968.0,23716.0,23879.0,23426.0,23379.0,23020.0,22950.0,22906.0,22478.0,22386.0,21993.0,21619.0,21354.0,20972.0,20844.0,20908.0,20380.0,19880.0,19810.0,19746.0,19429.0,19317.0,19197.0,18850.0,18760.0,18632.0,18392.0,18409.0,18010.0,18056.0,17819.0,17753.0,17471.0,17610.0,17273.0,17342.0,17270.0,16949.0,16826.0,16622.0,16520.0,16153.0,16063.0,15977.0,15846.0,15465.0,15360.0,15225.0,14966.0,14822.0,14732.0,14575.0,14324.0,14195.0,14220.0,13929.0,13886.0,13720.0,13718.0,13606.0,13396.0,13490.0,13216.0
M,25,36562.0,35366.0,35562.0,35228.0,33384.0,32327.0,32865.0,33303.0,32947.0,33857.0,33687.0,34709.0,34947.0,34222.0,33433.0,32987.0,31797.0,31843.0,31701.0,31726.0,30302.0,29425.0,28958.0,27925.0,29339.0,26646.0,26666.0,26613.0,26382.0,26007.0,25737.0,25567.0,25223.0,24996.0,24881.0,24665.0,24228.0,24079.0,24021.0,23967.0,23716.0,23879.0,23426.0,23379.0,23020.0,22950.0,22906.0,22478.0,22386.0,21993.0,21617.0,21354.0,20972.0,20844.0,20907.0,20380.0,19880.0,19810.0,19745.0,19428.0,19317.0,19197.0,18850.0,18760.0,18632.0,18392.0,18409.0,18010.0,18056.0,17819.0,17753.0,17471.0,17610.0,17273.0,17342.0,17269.0,16947.0,16825.0,16621.0,16520.0,16153.0,16063.0,15977.0,15846.0,15464.0,15360.0,15225.0,14966.0,14822.0,14732.0,14574.0,14324.0,14195.0,14220.0,13929.0,13886.0,13720.0,13718.0,13606.0,13396.0,13490.0
M,26,37633.0,36558.0,35363.0,35552.0,35227.0,33383.0,32325.0,32863.0,33302.0,32946.0,33852.0,33682.0,34705.0,34942.0,34218.0,33428.0,32985.0,31794.0,31840.0,31698.0,31723.0,30299.0,29425.0,28957.0,27925.0,29337.0,26645.0,26666.0,26612.0,26382.0,26007.0,25737.0,25566.0,25222.0,24996.0,24881.0,24663.0,24227.0,24079.0,24020.0,23966.0,23715.0,23879.0,23426.0,23379.0,23020.0,22950.0,22906.0,22478.0,22386.0,21992.0,21616.0,21354.0,20971.0,20844.0,20906.0,20380.0,19880.0,19810.0,19745.0,19428.0,19316.0,19197.0,18850.0,18760.0,18632.0,18392.0,18409.0,18009.0,18056.0,17819.0,17751.0,17470.0,17610.0,17273.0,17342.0,17269.0,16947.0,16825.0,16620.0,16520.0,16153.0,16063.0,15977.0,15846.0,15464.0,15360.0,15225.0,14965.0,14822.0,14732.0,14573.0,14324.0,14194.0,14220.0,13929.0,13886.0,13720.0,13718.0,13606.0,13396.0
M,27,37911.0,37631.0,36551.0,35360.0,35546.0,35222.0,33377.0,32321.0,32855.0,33300.0,32941.0,33849.0,33675.0,34698.0,34942.0,34216.0,33425.0,32985.0,31792.0,31839.0,31698.0,31722.0,30297.0,29425.0,28957.0,27925.0,29337.0,26645.0,26665.0,26612.0,26382.0,26007.0,25737.0,25565.0,25221.0,24996.0,24881.0,24663.0,24227.0,24079.0,24020.0,23965.0,23715.0,23878.0,23425.0,23379.0,23020.0,22949.0,22906.0,22478.0,22384.0,21992.0,21615.0,21353.0,20969.0,20844.0,20906.0,20380.0,19880.0,19810.0,19745.0,19428.0,19316.0,19197.0,18850.0,18760.0,18632.0,18392.0,18409.0,18009.0,18055.0,17819.0,17751.0,17469.0,17610.0,17273.0,17342.0,17269.0,16947.0,16823.0,16620.0,16520.0,16153.0,16063.0,15977.0,15846.0,15464.0,15360.0,15225.0,14965.0,14822.0,14732.0,14573.0,14324.0,14194.0,14220.0,13929.0,13886.0,13719.0,13718.0,13606.0
M,28,38057.0,37904.0,37626.0,36546.0,35357.0,35543.0,35209.0,33375.0,32315.0,32853.0,33292.0,32940.0,33844.0,33671.0,34693.0,34937.0,34209.0,33424.0,32983.0,31791.0,31838.0,31698.0,31721.0,30294.0,29425.0,28955.0,27923.0,29336.0,26644.0,26665.0,26608.0,26382.0,26007.0,25736.0,25565.0,25221.0,24996.0,24878.0,24662.0,24227.0,24079.0,24020.0,23964.0,23715.0,23878.0,23424.0,23378.0,23019.0,22948.0,22904.0,22478.0,22384.0,21990.0,21615.0,21352.0,20969.0,20843.0,20905.0,20379.0,19880.0,19810.0,19743.0,19427.0,19315.0,19197.0,18850.0,18760.0,18631.0,18392.0,18409.0,18008.0,18055.0,17819.0,17751.0,17469.0,17610.0,17272.0,17342.0,17269.0,16947.0,16822.0,16620.0,16520.0,16153.0,16063.0,15977.0,15846.0,15464.0,15359.0,15224.0,14965.0,14822.0,14732.0,14573.0,14324.0,14193.0,14219.0,13928.0,13886.0,13717.0,13718.0
M,29,38611.0,38048.0,37896.0,37618.0,36542.0,35354.0,35539.0,35203.0,33371.0,32314.0,32846.0,33291.0,32937.0,33842.0,33668.0,34691.0,34936.0,34206.0,33423.0,32982.0,31786.0,31836.0,31697.0,31721.0,30293.0,29422.0,28955.0,27923.0,29336.0,26642.0,26662.0,26606.0,26381.0,26007.0,25733.0,25565.0,25221.0,24995.0,24878.0,24661.0,24227.0,24077.0,24019.0,23964.0,23714.0,23877.0,23424.0,23377.0,23018.0,22948.0,22904.0,22478.0,22384.0,21990.0,21615.0,21352.0,20969.0,20843.0,20904.0,20379.0,19880.0,19810.0,19743.0,19427.0,19315.0,19196.0,18849.0,18759.0,18631.0,18392.0,18409.0,18008.0,18055.0,17819.0,17751.0,17469.0,17609.0,17272.0,17342.0,17269.0,16947.0,16821.0,16620.0,16519.0,16153.0,16063.0,15977.0,15846.0,15464.0,15359.0,15224.0,14965.0,14822.0,14732.0,14573.0,14323.0,14193.0,14218.0,13928.0,13885.0,13717.0
M,30,39820.0,38605.0,38041.0,37891.0,37614.0,36537.0,35347.0,35534.0,35198.0,33368.0,32307.0,32837.0,33286.0,32936.0,33837.0,33664.0,34688.0,34933.0,34200.0,33420.0,32979.0,31785.0,31835.0,31697.0,31717.0,30293.0,29422.0,28950.0,27923.0,29336.0,26642.0,26660.0,26605.0,26381.0,26007.0,25731.0,25564.0,25221.0,24995.0,24878.0,24661.0,24227.0,24077.0,24019.0,23962.0,23712.0,23877.0,23424.0,23374.0,23017.0,22948.0,22904.0,22477.0,22384.0,21990.0,21615.0,21351.0,20969.0,20842.0,20903.0,20379.0,19880.0,19810.0,19743.0,19427.0,19315.0,19196.0,18848.0,18759.0,18631.0,18392.0,18409.0,18008.0,18054.0,17818.0,17751.0,17466.0,17607.0,17272.0,17341.0,17269.0,16947.0,16821.0,16618.0,16519.0,16153.0,16063.0,15977.0,15846.0,15463.0,15358.0,15224.0,14965.0,14821.0,14732.0,14572.0,14323.0,14193.0,14218.0,13928.0,13885.0
M,31,40282.0,39812.0,38594.0,38035.0,37890.0,37611.0,36532.0,35340.0,35528.0,35191.0,33365.0,32303.0,32833.0,33284.0,32930.0,33834.0,33658.0,34685.0,34927.0,34199.0,33418.0,32976.0,31782.0,31833.0,31694.0,31715.0,30293.0,29421.0,28950.0,27922.0,29335.0,26641.0,26660.0,26602.0,26380.0,26006.0,25731.0,25564.0,25221.0,24995.0,24875.0,24661.0,24227.0,24076.0,24017.0,23962.0,23710.0,23877.0,23424.0,23373.0,23016.0,22947.0,22904.0,22474.0,22382.0,21990.0,21615.0,21351.0,20969.0,20842.0,20902.0,20379.0,19880.0,19810.0,19743.0,19427.0,19315.0,19195.0,18848.0,18759.0,18630.0,18391.0,18409.0,18008.0,18054.0,17818.0,17751.0,17466.0,17606.0,17272.0,17341.0,17267.0,16947.0,16821.0,16617.0,16519.0,16153.0,16063.0,15976.0,15846.0,15463.0,15358.0,15224.0,14965.0,14820.0,14732.0,14572.0,14323.0,14193.0,14217.0,13927.0
M,32,40727.0,40275.0,39800.0,38586.0,38022.0,37884.0,37602.0,36524.0,35336.0,35519.0,35189.0,33362.0,32296.0,32829.0,33282.0,32923.0,33832.0,33656.0,34679.0,34925.0,34196.0,33416.0,32975.0,31782.0,31832.0,31693.0,31713.0,30293.0,29420.0,28950.0,27919.0,29335.0,26641.0,26659.0,26601.0,26379.0,26006.0,25731.0,25564.0,25221.0,24993.0,24874.0,24661.0,24226.0,24076.0,24016.0,23962.0,23708.0,23877.0,23424.0,23373.0,23016.0,22947.0,22904.0,22473.0,22381.0,21990.0,21615.0,21350.0,20968.0,20841.0,20901.0,20378.0,19879.0,19810.0,19741.0,19427.0,19315.0,19195.0,18847.0,18758.0,18629.0,18391.0,18409.0,18008.0,18054.0,17818.0,17750.0,17464.0,17605.0,17271.0,17340.0,17267.0,16947.0,16820.0,16617.0,16519.0,16153.0,16063.0,15976.0,15845.0,15463.0,15358.0,15223.0,14964.0,14820.0,14732.0,14572.0,14323.0,14193.0,14217.0
M,33,40275.0,40721.0,40260.0,39794.0,38577.0,38015.0,37877.0,37595.0,36517.0,35331.0,35513.0,35186.0,33361.0,32291.0,32827.0,33278.0,32923.0,33832.0,33654.0,34675.0,34924.0,34193.0,33413.0,32971.0,31780.0,31830.0,31692.0,31713.0,30293.0,29420.0,28946.0,27918.0,29335.0,26640.0,26659.0,26598.0,26379.0,26006.0,25731.0,25563.0,25220.0,24993.0,24874.0,24661.0,24226.0,24075.0,24015.0,23961.0,23706.0,23877.0,23422.0,23373.0,23016.0,22947.0,22904.0,22473.0,22381.0,21990.0,21615.0,21350.0,20968.0,20839.0,20900.0,20378.0,19879.0,19810.0,19741.0,19426.0,19314.0,19195.0,18847.0,18757.0,18629.0,18390.0,18409.0,18008.0,18054.0,17818.0,17750.0,17464.0,17604.0,17271.0,17340.0,17266.0,16947.0,16820.0,16617.0,16519.0,16153.0,16063.0,15976.0,15844.0,15463.0,15358.0,15222.0,14964.0,14820.0,14732.0,14572.0,14322.0,14193.0
M,34,40075.0,40270.0,40714.0,40250.0,39789.0,38567.0,38011.0,37870.0,37592.0,36510.0,35323.0,35509.0,35177.0,33357.0,32288.0,32823.0,33269.0,32917.0,33830.0,33652.0,34671.0,34923.0,34191.0,33411.0,32970.0,31775.0,31830.0,31692.0,31712.0,30292.0,29419.0,28945.0,27918.0,29335.0,26640.0,26659.0,26597.0,26378.0,26006.0,25730.0,25563.0,25219.0,24992.0,24873.0,24661.0,24226.0,24075.0,24015.0,23961.0,23706.0,23875.0,23422.0,23372.0,23016.0,22946.0,22904.0,22472.0,22381.0,21990.0,21615.0,21350.0,20968.0,20839.0,20899.0,20378.0,19878.0,19809.0,19741.0,19426.0,19314.0,19195.0,18846.0,18756.0,18627.0,18390.0,18409.0,18005.0,18054.0,17818.0,17749.0,17464.0,17604.0,17271.0,17340.0,17266.0,16947.0,16820.0,16617.0,16519.0,16153.0,16063.0,15976.0,15843.0,15463.0,15357.0,15221.0,14964.0,14820.0,14732.0,14572.0,14322.0
M,35,38393.0,40064.0,40254.0,40707.0,40236.0,39777.0,38551.0,38004.0,37862.0,37583.0,36497.0,35316.0,35501.0,35177.0,33354.0,32282.0,32820.0,33266.0,32909.0,33829.0,33649.0,34665.0,34921.0,34188.0,33408.0,32967.0,31774.0,31830.0,31688.0,31709.0,30291.0,29418.0,28945.0,27918.0,29333.0,26638.0,26657.0,26594.0,26377.0,26004.0,25728.0,25561.0,25218.0,24992.0,24873.0,24661.0,24226.0,24074.0,24014.0,23961.0,23706.0,23874.0,23422.0,23372.0,23014.0,22945.0,22904.0,22472.0,22381.0,21989.0,21615.0,21348.0,20967.0,20838.0,20898.0,20377.0,19878.0,19809.0,19740.0,19426.0,19313.0,19195.0,18844.0,18755.0,18627.0,18390.0,18407.0,18004.0,18052.0,17818.0,17749.0,17464.0,17604.0,17269.0,17340.0,17266.0,16947.0,16819.0,16617.0,16518.0,16152.0,16063.0,15976.0,15841.0,15462.0,15357.0,15221.0,14964.0,14820.0,14732.0,14572.0
M,36,38662.0,38389.0,40056.0,40241.0,40697.0,40226.0,39768.0,38541.0,37995.0,37853.0,37573.0,36489.0,35307.0,35490.0,35172.0,33352.0,32275.0,32818.0,33262.0,32906.0,33827.0,33648.0,34659.0,34918.0,34186.0,33407.0,32966.0,31773.0,31830.0,31687.0,31709.0,30290.0,29416.0,28945.0,27916.0,29332.0,26636.0,26654.0,26591.0,26376.0,26004.0,25726.0,25560.0,25218.0,24992.0,24871.0,24661.0,24226.0,24071.0,24012.0,23960.0,23706.0,23873.0,23422.0,23372.0,23014.0,22944.0,22904.0,22471.0,22379.0,21989.0,21615.0,21347.0,20967.0,20837.0,20896.0,20375.0,19877.0,19809.0,19740.0,19426.0,19311.0,19194.0,18844.0,18754.0,18627.0,18390.0,18407.0,18003.0,18052.0,17818.0,17749.0,17464.0,17603.0,17269.0,17339.0,17266.0,16947.0,16818.0,16616.0,16517.0,16150.0,16062.0,15976.0,15841.0,15462.0,15356.0,15221.0,14962.0,14820.0,14732.0
M,37,37985.0,38654.0,38378.0,40044.0,40228.0,40691.0,40220.0,39760.0,38531.0,37984.0,37842.0,37567.0,36481.0,35306.0,35482.0,35164.0,33346.0,32271.0,32817.0,33261.0,32905.0,33822.0,33645.0,34654.0,34917.0,34182.0,33407.0,32966.0,31772.0,31829.0,31687.0,31707.0,30289.0,29416.0,28944.0,27915.0,29331.0,26635.0,26654.0,26591.0,26375.0,26004.0,25726.0,25558.0,25216.0,24992.0,24871.0,24661.0,24226.0,24071.0,24012.0,23960.0,23706.0,23870.0,23422.0,23370.0,23014.0,22944.0,22903.0,22469.0,22379.0,21989.0,21615.0,21347.0,20967.0,20836.0,20895.0,20375.0,19876.0,19809.0,19737.0,19426.0,19311.0,19194.0,18844.0,18754.0,18626.0,18390.0,18407.0,18002.0,18051.0,17818.0,17748.0,17464.0,17602.0,17268.0,17338.0,17264.0,16947.0,16817.0,16616.0,16517.0,16150.0,16061.0,15976.0,15841.0,15462.0,15356.0,15220.0,14962.0,14820.0
M,38,37174.0,37977.0,38644.0,38371.0,40039.0,40216.0,40679.0,40210.0,39753.0,38523.0,37976.0,37833.0,37561.0,36480.0,35304.0,35478.0,35161.0,33341.0,32264.0,32816.0,33256.0,32904.0,33819.0,33641.0,34653.0,34914.0,34181.0,33404.0,32963.0,31772.0,31828.0,31686.0,31705.0,30289.0,29416.0,28943.0,27914.0,29330.0,26634.0,26654.0,26590.0,26375.0,26002.0,25726.0,25557.0,25214.0,24992.0,24870.0,24661.0,24226.0,24070.0,24011.0,23960.0,23706.0,23870.0,23421.0,23370.0,23013.0,22944.0,22903.0,22466.0,22377.0,21988.0,21613.0,21347.0,20967.0,20836.0,20895.0,20375.0,19875.0,19809.0,19735.0,19426.0,19311.0,19194.0,18844.0,18754.0,18626.0,18389.0,18407.0,18001.0,18050.0,17817.0,17748.0,17464.0,17602.0,17268.0,17337.0,17264.0,16945.0,16817.0,16616.0,16517.0,16149.0,16061.0,15976.0,15840.0,15462.0,15354.0,15219.0,14961.0
M,39,37362.0,37167.0,37973.0,38634.0,38358.0,40032.0,40208.0,40668.0,40201.0,39748.0,38510.0,37972.0,37829.0,37555.0,36473.0,35302.0,35472.0,35157.0,33335.0,32260.0,32813.0,33252.0,32903.0,33815.0,33639.0,34652.0,34914.0,34181.0,33403.0,32962.0,31768.0,31828.0,31683.0,31705.0,30289.0,29414.0,28943.0,27913.0,29329.0,26634.0,26654.0,26589.0,26374.0,26000.0,25726.0,25556.0,25212.0,24992.0,24869.0,24660.0,24226.0,24069.0,24010.0,23960.0,23704.0,23869.0,23421.0,23369.0,23011.0,22943.0,22903.0,22466.0,22376.0,21988.0,21611.0,21346.0,20967.0,20835.0,20893.0,20375.0,19874.0,19808.0,19734.0,19425.0,19311.0,19191.0,18844.0,18754.0,18626.0,18389.0,18406.0,18001.0,18050.0,17817.0,17748.0,17464.0,17601.0,17268.0,17337.0,17264.0,16945.0,16817.0,16616.0,16517.0,16148.0,16060.0,15974.0,15840.0,15462.0,15354.0,15219.0
M,40,37429.0,37346.0,37157.0,37961.0,38619.0,38339.0,40017.0,40192.0,40654.0,40188.0,39733.0,38501.0,37963.0,37818.0,37547.0,36467.0,35299.0,35466.0,35152.0,33325.0,32257.0,32809.0,33248.0,32900.0,33812.0,33636.0,34649.0,34913.0,34177.0,33400.0,32961.0,31768.0,31827.0,31682.0,31705.0,30288.0,29413.0,28942.0,27913.0,29328.0,26634.0,26652.0,26589.0,26374.0,26000.0,25725.0,25551.0,25211.0,24992.0,24868.0,24659.0,24225.0,24069.0,24008.0,23960.0,23704.0,23868.0,23421.0,23368.0,23009.0,22943.0,22903.0,22466.0,22376.0,21988.0,21610.0,21346.0,20965.0,20833.0,20893.0,20375.0,19874.0,19806.0,19732.0,19425.0,19311.0,19190.0,18843.0,18754.0,18625.0,18389.0,18406.0,18001.0,18050.0,17816.0,17746.0,17464.0,17601.0,17267.0,17336.0,17261.0,16944.0,16816.0,16616.0,16517.0,16148.0,16060.0,15974.0,15838.0,15462.0,15354.0
M,41,36190.0,37420.0,37328.0,37148.0,37950.0,38602.0,38319.0,40002.0,40183.0,40633.0,40171.0,39723.0,38497.0,37960.0,37810.0,37542.0,36460.0,35297.0,35461.0,35148.0,33323.0,32249.0,32809.0,33245.0,32896.0,33811.0,33635.0,34645.0,34912.0,34173.0,33399.0,32961.0,31767.0,31826.0,31682.0,31703.0,30285.0,29410.0,28942.0,27911.0,29328.0,26634.0,26650.0,26588.0,26373.0,25999.0,25722.0,25548.0,25211.0,24992.0,24867.0,24659.0,24224.0,24069.0,24007.0,23959.0,23703.0,23868.0,23420.0,23366.0,23009.0,22942.0,22902.0,22464.0,22376.0,21988.0,21610.0,21343.0,20964.0,20833.0,20892.0,20375.0,19873.0,19804.0,19728.0,19423.0,19310.0,19190.0,18843.0,18754.0,18624.0,18388.0,18404.0,18001.0,18048.0,17814.0,17745.0,17463.0,17601.0,17264.0,17335.0,17258.0,16943.0,16815.0,16615.0,16516.0,16148.0,16060.0,15971.0,15838.0,15461.0
M,42,36976.0,36178.0,37410.0,37322.0,37133.0,37942.0,38594.0,38308.0,39993.0,40168.0,40616.0,40159.0,39713.0,38486.0,37952.0,37803.0,37532.0,36453.0,35292.0,35453.0,35143.0,33317.0,32243.0,32806.0,33240.0,32895.0,33809.0,33634.0,34643.0,34912.0,34172.0,33394.0,32958.0,31763.0,31823.0,31680.0,31701.0,30281.0,29409.0,28941.0,27911.0,29325.0,26634.0,26648.0,26587.0,26370.0,25997.0,25719.0,25548.0,25211.0,24992.0,24866.0,24657.0,24224.0,24068.0,24007.0,23958.0,23702.0,23867.0,23419.0,23364.0,23008.0,22942.0,22900.0,22464.0,22376.0,21987.0,21607.0,21341.0,20963.0,20831.0,20891.0,20374.0,19872.0,19803.0,19727.0,19423.0,19309.0,19186.0,18842.0,18754.0,18622.0,18387.0,18403.0,18001.0,18046.0,17811.0,17745.0,17462.0,17601.0,17263.0,17335.0,17258.0,16943.0,16812.0,16614.0,16516.0,16148.0,16059.0,15970.0,15837.0
M,43,36250.0,36951.0,36168.0,37398.0,37310.0,37120.0,37930.0,38583.0,38296.0,39979.0,40151.0,40605.0,40149.0,39704.0,38477.0,37944.0,37797.0,37523.0,36449.0,35285.0,35448.0,35139.0,33313.0,32238.0,32804.0,33236.0,32894.0,33805.0,33631.0,34641.0,34911.0,34172.0,33390.0,32957.0,31763.0,31823.0,31679.0,31697.0,30280.0,29408.0,28941.0,27911.0,29324.0,26632.0,26648.0,26584.0,26369.0,25996.0,25718.0,25547.0,25211.0,24989.0,24863.0,24656.0,24224.0,24067.0,24006.0,23958.0,23701.0,23867.0,23418.0,23364.0,23008.0,22942.0,22900.0,22463.0,22375.0,21986.0,21607.0,21341.0,20963.0,20828.0,20891.0,20372.0,19870.0,19802.0,19727.0,19423.0,19309.0,19186.0,18840.0,18754.0,18622.0,18384.0,18402.0,18000.0,18046.0,17811.0,17744.0,17462.0,17601.0,17262.0,17334.0,17257.0,16943.0,16812.0,16614.0,16513.0,16148.0,16058.0,15970.0
M,44,36012.0,36232.0,36939.0,36162.0,37389.0,37299.0,37099.0,37922.0,38572.0,38286.0,39967.0,40144.0,40595.0,40140.0,39693.0,38473.0,37936.0,37784.0,37514.0,36439.0,35281.0,35445.0,35136.0,33310.0,32234.0,32801.0,33235.0,32891.0,33801.0,33629.0,34637.0,34907.0,34168.0,33389.0,32956.0,31757.0,31820.0,31677.0,31696.0,30280.0,29405.0,28938.0,27908.0,29323.0,26630.0,26647.0,26584.0,26368.0,25995.0,25717.0,25546.0,25211.0,24987.0,24862.0,24655.0,24223.0,24067.0,24004.0,23958.0,23700.0,23867.0,23417.0,23363.0,23008.0,22941.0,22900.0,22463.0,22375.0,21986.0,21606.0,21341.0,20960.0,20827.0,20891.0,20372.0,19868.0,19801.0,19727.0,19423.0,19309.0,19186.0,18840.0,18752.0,18621.0,18382.0,18401.0,18000.0,18046.0,17808.0,17743.0,17462.0,17601.0,17262.0,17334.0,17257.0,16943.0,16810.0,16613.0,16513.0,16148.0,16058.0
M,45,34884.0,35993.0,36205.0,36916.0,36139.0,37363.0,37273.0,37091.0,37901.0,38563.0,38269.0,39951.0,40130.0,40575.0,40124.0,39683.0,38458.0,37925.0,37776.0,37502.0,36429.0,35276.0,35438.0,35132.0,33304.0,32226.0,32798.0,33229.0,32887.0,33799.0,33627.0,34637.0,34904.0,34166.0,33386.0,32952.0,31755.0,31818.0,31676.0,31693.0,30278.0,29400.0,28933.0,27906.0,29320.0,26625.0,26644.0,26584.0,26366.0,25993.0,25716.0,25544.0,25207.0,24984.0,24860.0,24654.0,24222.0,24067.0,24002.0,23954.0,23699.0,23867.0,23416.0,23362.0,23007.0,22941.0,22899.0,22462.0,22372.0,21984.0,21602.0,21341.0,20957.0,20827.0,20888.0,20370.0,19868.0,19799.0,19727.0,19422.0,19307.0,19186.0,18839.0,18750.0,18620.0,18381.0,18401.0,17998.0,18045.0,17808.0,17741.0,17462.0,17600.0,17261.0,17334.0,17255.0,16942.0,16810.0,16611.0,16512.0,16148.0
M,46,35776.0,34868.0,35965.0,36195.0,36896.0,36117.0,37341.0,37257.0,37069.0,37874.0,38545.0,38260.0,39933.0,40114.0,40561.0,40112.0,39674.0,38443.0,37919.0,37768.0,37493.0,36421.0,35271.0,35430.0,35129.0,33298.0,32221.0,32796.0,33226.0,32882.0,33795.0,33623.0,34634.0,34901.0,34164.0,33380.0,32946.0,31754.0,31816.0,31670.0,31689.0,30277.0,29399.0,28931.0,27905.0,29316.0,26622.0,26642.0,26582.0,26364.0,25991.0,25714.0,25542.0,25205.0,24983.0,24855.0,24651.0,24221.0,24062.0,24001.0,23951.0,23696.0,23865.0,23416.0,23359.0,23007.0,22940.0,22898.0,22460.0,22369.0,21983.0,21601.0,21339.0,20955.0,20826.0,20885.0,20369.0,19866.0,19795.0,19726.0,19419.0,19306.0,19186.0,18838.0,18750.0,18618.0,18377.0,18401.0,17998.0,18042.0,17808.0,17739.0,17462.0,17599.0,17260.0,17333.0,17255.0,16941.0,16809.0,16610.0,16512.0
M,47,36463.0,35757.0,34841.0,35950.0,36163.0,36875.0,36092.0,37317.0,37233.0,37042.0,37852.0,38525.0,38248.0,39916.0,40094.0,40550.0,40092.0,39666.0,38429.0,37908.0,37757.0,37487.0,36414.0,35259.0,35423.0,35125.0,33295.0,32219.0,32795.0,33219.0,32877.0,33791.0,33616.0,34633.0,34898.0,34160.0,33377.0,32943.0,31752.0,31809.0,31667.0,31686.0,30275.0,29394.0,28931.0,27904.0,29313.0,26622.0,26640.0,26579.0,26361.0,25988.0,25712.0,25538.0,25204.0,24980.0,24855.0,24651.0,24220.0,24061.0,23998.0,23949.0,23695.0,23863.0,23414.0,23356.0,23003.0,22937.0,22894.0,22457.0,22366.0,21983.0,21601.0,21338.0,20955.0,20824.0,20883.0,20367.0,19866.0,19794.0,19725.0,19417.0,19304.0,19186.0,18838.0,18749.0,18616.0,18377.0,18399.0,17995.0,18042.0,17808.0,17739.0,17462.0,17599.0,17258.0,17332.0,17251.0,16941.0,16807.0,16608.0
M,48,37822.0,36439.0,35731.0,34820.0,35927.0,36142.0,36857.0,36078.0,37298.0,37213.0,37025.0,37835.0,38504.0,38235.0,39901.0,40083.0,40539.0,40081.0,39658.0,38421.0,37896.0,37746.0,37480.0,36411.0,35255.0,35421.0,35124.0,33293.0,32215.0,32793.0,33217.0,32876.0,33790.0,33613.0,34628.0,34896.0,34158.0,33377.0,32942.0,31747.0,31807.0,31664.0,31683.0,30274.0,29391.0,28927.0,27902.0,29312.0,26620.0,26638.0,26577.0,26360.0,25987.0,25710.0,25537.0,25200.0,24975.0,24854.0,24648.0,24219.0,24058.0,23995.0,23949.0,23695.0,23861.0,23413.0,23356.0,23003.0,22936.0,22894.0,22456.0,22366.0,21981.0,21599.0,21337.0,20953.0,20824.0,20880.0,20367.0,19864.0,19793.0,19725.0,19417.0,19304.0,19185.0,18838.0,18748.0,18616.0,18373.0,18398.0,17994.0,18040.0,17808.0,17738.0,17461.0,17597.0,17258.0,17331.0,17251.0,16940.0,16805.0
M,49,38079.0,37805.0,36421.0,35706.0,34800.0,35900.0,36121.0,36837.0,36064.0,37280.0,37196.0,37015.0,37820.0,38488.0,38223.0,39884.0,40070.0,40525.0,40070.0,39651.0,38409.0,37890.0,37736.0,37474.0,36403.0,35250.0,35417.0,35121.0,33291.0,32209.0,32788.0,33216.0,32873.0,33788.0,33612.0,34623.0,34896.0,34155.0,33375.0,32941.0,31746.0,31804.0,31660.0,31682.0,30272.0,29387.0,28922.0,27899.0,29312.0,26618.0,26636.0,26572.0,26357.0,25985.0,25708.0,25535.0,25199.0,24973.0,24853.0,24647.0,24218.0,24058.0,23995.0,23948.0,23694.0,23860.0,23412.0,23354.0,23002.0,22936.0,22893.0,22455.0,22364.0,21979.0,21594.0,21334.0,20952.0,20824.0,20879.0,20365.0,19864.0,19791.0,19722.0,19413.0,19304.0,19185.0,18837.0,18748.0,18616.0,18373.0,18396.0,17994.0,18039.0,17808.0,17736.0,17461.0,17596.0,17255.0,17331.0,17251.0,16940.0
M,50,39204.0,38046.0,37764.0,36384.0,35667.0,34779.0,35864.0,36087.0,36807.0,36031.0,37256.0,37174.0,36991.0,37798.0,38461.0,38206.0,39868.0,40052.0,40510.0,40053.0,39640.0,38395.0,37880.0,37719.0,37463.0,36399.0,35245.0,35411.0,35116.0,33283.0,32202.0,32782.0,33214.0,32867.0,33780.0,33610.0,34617.0,34889.0,34147.0,33369.0,32937.0,31745.0,31802.0,31651.0,31677.0,30266.0,29383.0,28921.0,27895.0,29309.0,26614.0,26635.0,26567.0,26353.0,25983.0,25704.0,25530.0,25197.0,24970.0,24852.0,24645.0,24217.0,24056.0,23992.0,23942.0,23692.0,23857.0,23410.0,23353.0,23002.0,22933.0,22892.0,22454.0,22362.0,21974.0,21591.0,21332.0,20952.0,20821.0,20877.0,20362.0,19861.0,19788.0,19720.0,19412.0,19302.0,19183.0,18835.0,18745.0,18613.0,18370.0,18394.0,17988.0,18036.0,17807.0,17733.0,17459.0,17595.0,17252.0,17330.0,17251.0
M,51,38960.0,39166.0,38005.0,37703.0,36340.0,35640.0,34754.0,35828.0,36048.0,36780.0,36002.0,37242.0,37147.0,36966.0,37781.0,38440.0,38190.0,39848.0,40035.0,40495.0,40044.0,39623.0,38378.0,37870.0,37708.0,37455.0,36393.0,35238.0,35405.0,35110.0,33278.0,32199.0,32779.0,33210.0,32865.0,33771.0,33604.0,34614.0,34886.0,34143.0,33364.0,32934.0,31739.0,31797.0,31646.0,31674.0,30263.0,29379.0,28919.0,27891.0,29304.0,26612.0,26632.0,26562.0,26347.0,25983.0,25701.0,25528.0,25195.0,24966.0,24849.0,24645.0,24215.0,24056.0,23989.0,23941.0,23688.0,23854.0,23407.0,23350.0,22998.0,22931.0,22888.0,22454.0,22359.0,21973.0,21588.0,21328.0,20952.0,20820.0,20875.0,20361.0,19857.0,19787.0,19718.0,19412.0,19301.0,19183.0,18834.0,18745.0,18610.0,18368.0,18392.0,17986.0,18034.0,17806.0,17732.0,17457.0,17591.0,17250.0,17328.0
M,52,38530.0,38926.0,39121.0,37961.0,37672.0,36314.0,35612.0,34728.0,35803.0,36023.0,36756.0,35990.0,37220.0,37119.0,36949.0,37755.0,38417.0,38170.0,39839.0,40011.0,40485.0,40037.0,39606.0,38361.0,37857.0,37699.0,37447.0,36390.0,35235.0,35402.0,35105.0,33273.0,32197.0,32773.0,33207.0,32863.0,33766.0,33598.0,34611.0,34880.0,34142.0,33358.0,32929.0,31739.0,31795.0,31645.0,31671.0,30260.0,29374.0,28916.0,27889.0,29303.0,26612.0,26628.0,26562.0,26344.0,25977.0,25695.0,25527.0,25191.0,24963.0,24846.0,24641.0,24211.0,24054.0,23987.0,23940.0,23685.0,23849.0,23405.0,23347.0,22997.0,22928.0,22887.0,22452.0,22357.0,21972.0,21582.0,21327.0,20948.0,20817.0,20874.0,20361.0,19853.0,19784.0,19713.0,19411.0,19299.0,19182.0,18832.0,18744.0,18606.0,18367.0,18391.0,17982.0,18033.0,17805.0,17724.0,17454.0,17591.0,17249.0
M,53,39127.0,38491.0,38888.0,39087.0,37913.0,37633.0,36279.0,35584.0,34696.0,35777.0,35998.0,36733.0,35967.0,37200.0,37108.0,36931.0,37747.0,38399.0,38152.0,39825.0,39997.0,40476.0,40028.0,39602.0,38358.0,37847.0,37690.0,37444.0,36384.0,35227.0,35396.0,35101.0,33272.0,32193.0,32766.0,33203.0,32857.0,33762.0,33597.0,34606.0,34878.0,34138.0,33351.0,32925.0,31732.0,31790.0,31638.0,31667.0,30256.0,29369.0,28912.0,27887.0,29298.0,26610.0,26624.0,26560.0,26338.0,25974.0,25694.0,25524.0,25186.0,24959.0,24843.0,24639.0,24210.0,24053.0,23986.0,23939.0,23683.0,23846.0,23402.0,23345.0,22995.0,22923.0,22885.0,22449.0,22356.0,21966.0,21581.0,21322.0,20943.0,20814.0,20870.0,20361.0,19852.0,19783.0,19713.0,19409.0,19299.0,19178.0,18828.0,18741.0,18605.0,18366.0,18389.0,17981.0,18032.0,17803.0,17724.0,17453.0,17590.0
M,54,38711.0,39088.0,38462.0,38840.0,39048.0,37876.0,37603.0,36235.0,35560.0,34673.0,35750.0,35983.0,36711.0,35935.0,37180.0,37089.0,36909.0,37734.0,38384.0,38130.0,39807.0,39986.0,40467.0,40017.0,39592.0,38355.0,37835.0,37682.0,37440.0,36380.0,35219.0,35389.0,35091.0,33271.0,32186.0,32759.0,33198.0,32854.0,33751.0,33596.0,34604.0,34875.0,34135.0,33349.0,32923.0,31730.0,31788.0,31634.0,31659.0,30254.0,29361.0,28910.0,27885.0,29295.0,26608.0,26623.0,26556.0,26333.0,25970.0,25692.0,25520.0,25183.0,24956.0,24837.0,24638.0,24206.0,24050.0,23983.0,23937.0,23682.0,23843.0,23401.0,23342.0,22992.0,22920.0,22883.0,22447.0,22354.0,21966.0,21578.0,21322.0,20943.0,20812.0,20868.0,20359.0,19852.0,19782.0,19711.0,19408.0,19298.0,19176.0,18827.0,18740.0,18603.0,18364.0,18389.0,17979.0,18030.0,17802.0,17724.0,17451.0
M,55,37445.0,38657.0,39030.0,38406.0,38788.0,39001.0,37811.0,37561.0,36195.0,35505.0,34642.0,35707.0,35945.0,36682.0,35905.0,37144.0,37055.0,36881.0,37711.0,38358.0,38107.0,39789.0,39971.0,40451.0,40003.0,39574.0,38346.0,37827.0,37674.0,37434.0,36377.0,35207.0,35378.0,35084.0,33268.0,32185.0,32750.0,33193.0,32843.0,33743.0,33592.0,34594.0,34870.0,34130.0,33341.0,32916.0,31727.0,31786.0,31630.0,31650.0,30251.0,29356.0,28907.0,27880.0,29289.0,26601.0,26617.0,26548.0,26332.0,25967.0,25688.0,25516.0,25177.0,24953.0,24836.0,24633.0,24204.0,24048.0,23977.0,23936.0,23678.0,23840.0,23397.0,23340.0,22989.0,22915.0,22877.0,22447.0,22350.0,21958.0,21574.0,21319.0,20938.0,20809.0,20866.0,20355.0,19848.0,19782.0,19708.0,19405.0,19295.0,19174.0,18825.0,18737.0,18599.0,18361.0,18385.0,17977.0,18027.0,17801.0,17724.0
M,56,37508.0,37390.0,38607.0,38976.0,38351.0,38738.0,38953.0,37766.0,37506.0,36156.0,35466.0,34602.0,35678.0,35909.0,36638.0,35865.0,37111.0,37032.0,36853.0,37688.0,38336.0,38095.0,39776.0,39952.0,40432.0,39988.0,39557.0,38335.0,37820.0,37668.0,37420.0,36368.0,35201.0,35371.0,35079.0,33260.0,32183.0,32745.0,33186.0,32835.0,33741.0,33583.0,34586.0,34867.0,34123.0,33336.0,32910.0,31726.0,31781.0,31625.0,31644.0,30241.0,29352.0,28902.0,27873.0,29281.0,26597.0,26613.0,26546.0,26327.0,25962.0,25685.0,25510.0,25172.0,24947.0,24832.0,24627.0,24195.0,24045.0,23975.0,23931.0,23675.0,23836.0,23395.0,23340.0,22986.0,22909.0,22871.0,22444.0,22345.0,21954.0,21569.0,21316.0,20936.0,20805.0,20863.0,20352.0,19843.0,19780.0,19706.0,19401.0,19288.0,19173.0,18823.0,18734.0,18596.0,18355.0,18381.0,17976.0,18025.0,17795.0
M,57,36634.0,37463.0,37329.0,38556.0,38930.0,38284.0,38671.0,38903.0,37713.0,37456.0,36121.0,35415.0,34572.0,35635.0,35877.0,36623.0,35840.0,37088.0,36999.0,36832.0,37674.0,38320.0,38078.0,39754.0,39940.0,40420.0,39980.0,39551.0,38326.0,37804.0,37661.0,37412.0,36364.0,35193.0,35364.0,35073.0,33255.0,32179.0,32731.0,33176.0,32829.0,33735.0,33577.0,34584.0,34856.0,34118.0,33327.0,32905.0,31721.0,31772.0,31621.0,31640.0,30238.0,29346.0,28897.0,27864.0,29277.0,26593.0,26607.0,26545.0,26322.0,25958.0,25678.0,25505.0,25167.0,24937.0,24829.0,24621.0,24193.0,24041.0,23973.0,23928.0,23673.0,23831.0,23392.0,23332.0,22984.0,22908.0,22869.0,22444.0,22340.0,21950.0,21568.0,21313.0,20930.0,20800.0,20859.0,20349.0,19838.0,19777.0,19703.0,19397.0,19286.0,19170.0,18818.0,18731.0,18592.0,18353.0,18380.0,17973.0,18023.0
M,58,35796.0,36578.0,37406.0,37268.0,38497.0,38879.0,38215.0,38616.0,38842.0,37673.0,37413.0,36078.0,35369.0,34541.0,35601.0,35850.0,36594.0,35814.0,37056.0,36977.0,36803.0,37657.0,38304.0,38056.0,39736.0,39923.0,40415.0,39962.0,39536.0,38317.0,37795.0,37654.0,37404.0,36354.0,35188.0,35360.0,35060.0,33242.0,32175.0,32722.0,33170.0,32824.0,33731.0,33568.0,34580.0,34845.0,34104.0,33322.0,32899.0,31718.0,31762.0,31611.0,31632.0,30231.0,29338.0,28891.0,27856.0,29271.0,26589.0,26603.0,26539.0,26319.0,25955.0,25670.0,25493.0,25163.0,24930.0,24824.0,24617.0,24189.0,24038.0,23971.0,23922.0,23668.0,23830.0,23383.0,23329.0,22980.0,22903.0,22864.0,22441.0,22337.0,21948.0,21564.0,21312.0,20926.0,20799.0,20853.0,20346.0,19831.0,19773.0,19701.0,19395.0,19283.0,19169.0,18815.0,18731.0,18590.0,18349.0,18380.0,17969.0
M,59,33856.0,35746.0,36529.0,37344.0,37222.0,38435.0,38816.0,38164.0,38568.0,38790.0,37621.0,37367.0,36038.0,35341.0,34511.0,35574.0,35823.0,36572.0,35787.0,37038.0,36959.0,36781.0,37646.0,38294.0,38049.0,39728.0,39914.0,40405.0,39954.0,39525.0,38309.0,37780.0,37643.0,37395.0,36348.0,35180.0,35352.0,35056.0,33234.0,32168.0,32716.0,33163.0,32820.0,33727.0,33561.0,34572.0,34836.0,34101.0,33314.0,32890.0,31706.0,31758.0,31608.0,31626.0,30223.0,29333.0,28891.0,27853.0,29260.0,26588.0,26600.0,26535.0,26317.0,25951.0,25662.0,25489.0,25161.0,24925.0,24818.0,24614.0,24187.0,24036.0,23966.0,23919.0,23664.0,23828.0,23381.0,23322.0,22976.0,22900.0,22861.0,22440.0,22336.0,21945.0,21560.0,21310.0,20920.0,20798.0,20848.0,20344.0,19825.0,19772.0,19697.0,19392.0,19279.0,19168.0,18812.0,18728.0,18585.0,18349.0,18379.0
M,60,33238.0,33751.0,35595.0,36377.0,37208.0,37070.0,38283.0,38665.0,38059.0,38449.0,38652.0,37525.0,37270.0,35962.0,35253.0,34448.0,35513.0,35763.0,36520.0,35744.0,36977.0,36895.0,36736.0,37603.0,38266.0,38009.0,39700.0,39895.0,40376.0,39935.0,39501.0,38299.0,37758.0,37630.0,37378.0,36334.0,35157.0,35338.0,35040.0,33226.0,32156.0,32701.0,33147.0,32809.0,33713.0,33551.0,34562.0,34829.0,34088.0,33302.0,32878.0,31694.0,31748.0,31597.0,31616.0,30201.0,29322.0,28877.0,27839.0,29248.0,26578.0,26588.0,26525.0,26304.0,25945.0,25651.0,25478.0,25154.0,24913.0,24812.0,24606.0,24177.0,24032.0,23954.0,23903.0,23655.0,23815.0,23369.0,23307.0,22963.0,22892.0,22852.0,22434.0,22324.0,21935.0,21551.0,21299.0,20911.0,20788.0,20841.0,20335.0,19822.0,19766.0,19693.0,19387.0,19273.0,19164.0,18805.0,18721.0,18576.0,18340.0
M,61,32420.0,33104.0,33614.0,35451.0,36240.0,37084.0,36942.0,38170.0,38563.0,37945.0,38343.0,38537.0,37433.0,37183.0,35872.0,35177.0,34385.0,35460.0,35694.0,36469.0,35684.0,36926.0,36851.0,36679.0,37567.0,38237.0,37979.0,39673.0,39878.0,40353.0,39906.0,39475.0,38270.0,37730.0,37606.0,37356.0,36317.0,35139.0,35314.0,35017.0,33206.0,32140.0,32689.0,33129.0,32791.0,33702.0,33536.0,34543.0,34805.0,34071.0,33291.0,32859.0,31675.0,31733.0,31590.0,31607.0,30184.0,29304.0,28870.0,27827.0,29233.0,26571.0,26582.0,26505.0,26288.0,25932.0,25642.0,25472.0,25144.0,24896.0,24802.0,24595.0,24164.0,24026.0,23943.0,23895.0,23640.0,23803.0,23360.0,23296.0,22952.0,22883.0,22842.0,22428.0,22314.0,21928.0,21540.0,21287.0,20906.0,20776.0,20832.0,20322.0,19814.0,19755.0,19683.0,19379.0,19261.0,19152.0,18799.0,18714.0,18569.0
M,62,31875.0,32298.0,32965.0,33476.0,35317.0,36095.0,36943.0,36800.0,38051.0,38433.0,37822.0,38245.0,38438.0,37339.0,37107.0,35787.0,35100.0,34341.0,35397.0,35642.0,36412.0,35643.0,36880.0,36806.0,36649.0,37538.0,38216.0,37952.0,39649.0,39855.0,40333.0,39872.0,39453.0,38248.0,37708.0,37587.0,37339.0,36293.0,35114.0,35296.0,35008.0,33187.0,32129.0,32666.0,33110.0,32779.0,33686.0,33520.0,34531.0,34785.0,34056.0,33276.0,32845.0,31661.0,31726.0,31578.0,31598.0,30168.0,29285.0,28863.0,27818.0,29221.0,26561.0,26569.0,26495.0,26278.0,25925.0,25633.0,25459.0,25136.0,24885.0,24791.0,24590.0,24156.0,24019.0,23932.0,23880.0,23625.0,23790.0,23354.0,23284.0,22944.0,22872.0,22832.0,22422.0,22301.0,21915.0,21535.0,21274.0,20893.0,20767.0,20822.0,20310.0,19807.0,19747.0,19673.0,19374.0,19257.0,19140.0,18794.0,18707.0
M,63,31627.0,31775.0,32158.0,32825.0,33363.0,35191.0,35944.0,36826.0,36662.0,37932.0,38304.0,37705.0,38121.0,38340.0,37237.0,37012.0,35724.0,35045.0,34286.0,35335.0,35573.0,36353.0,35597.0,36830.0,36778.0,36621.0,37513.0,38191.0,37938.0,39625.0,39837.0,40310.0,39847.0,39438.0,38218.0,37699.0,37565.0,37322.0,36281.0,35098.0,35280.0,34994.0,33171.0,32106.0,32654.0,33095.0,32765.0,33672.0,33507.0,34519.0,34759.0,34039.0,33268.0,32835.0,31646.0,31711.0,31562.0,31581.0,30150.0,29278.0,28848.0,27808.0,29209.0,26542.0,26557.0,26488.0,26267.0,25918.0,25624.0,25450.0,25126.0,24876.0,24780.0,24578.0,24146.0,24011.0,23923.0,23870.0,23616.0,23783.0,23342.0,23274.0,22931.0,22865.0,22817.0,22411.0,22294.0,21905.0,21528.0,21262.0,20887.0,20754.0,20815.0,20302.0,19798.0,19735.0,19666.0,19360.0,19248.0,19135.0,18782.0
M,64,30857.0,31503.0,31671.0,32014.0,32694.0,33220.0,35060.0,35818.0,36697.0,36548.0,37822.0,38203.0,37591.0,38026.0,38243.0,37140.0,36940.0,35665.0,34985.0,34229.0,35281.0,35537.0,36308.0,35562.0,36792.0,36748.0,36593.0,37484.0,38178.0,37919.0,39607.0,39811.0,40286.0,39821.0,39417.0,38203.0,37687.0,37540.0,37298.0,36254.0,35077.0,35263.0,34975.0,33160.0,32097.0,32639.0,33084.0,32747.0,33652.0,33499.0,34505.0,34750.0,34024.0,33255.0,32823.0,31632.0,31699.0,31548.0,31563.0,30137.0,29267.0,28836.0,27798.0,29190.0,26532.0,26548.0,26473.0,26253.0,25909.0,25608.0,25438.0,25113.0,24860.0,24772.0,24569.0,24137.0,24004.0,23910.0,23857.0,23600.0,23776.0,23330.0,23261.0,22922.0,22853.0,22805.0,22401.0,22286.0,21892.0,21515.0,21259.0,20874.0,20741.0,20809.0,20292.0,19787.0,19729.0,19658.0,19352.0,19238.0,19125.0
M,65,29861.0,30633.0,31261.0,31398.0,31783.0,32435.0,32980.0,34832.0,35587.0,36457.0,36331.0,37598.0,38014.0,37389.0,37834.0,38089.0,36996.0,36805.0,35538.0,34879.0,34119.0,35185.0,35461.0,36221.0,35504.0,36740.0,36702.0,36546.0,37438.0,38128.0,37872.0,39576.0,39761.0,40243.0,39775.0,39379.0,38172.0,37654.0,37504.0,37263.0,36228.0,35038.0,35227.0,34947.0,33126.0,32066.0,32610.0,33042.0,32721.0,33631.0,33465.0,34473.0,34722.0,33991.0,33232.0,32794.0,31601.0,31677.0,31523.0,31537.0,30114.0,29243.0,28806.0,27770.0,29163.0,26514.0,26519.0,26451.0,26232.0,25881.0,25588.0,25415.0,25088.0,24844.0,24747.0,24541.0,24119.0,23981.0,23891.0,23830.0,23579.0,23755.0,23307.0,23244.0,22905.0,22833.0,22793.0,22379.0,22267.0,21874.0,21493.0,21245.0,20853.0,20724.0,20792.0,20275.0,19764.0,19713.0,19642.0,19327.0,19222.0
M,66,29798.0,29617.0,30403.0,30990.0,31167.0,31521.0,32194.0,32753.0,34618.0,35366.0,36252.0,36109.0,37393.0,37815.0,37224.0,37673.0,37935.0,36865.0,36683.0,35418.0,34774.0,34025.0,35079.0,35380.0,36147.0,35435.0,36679.0,36671.0,36501.0,37379.0,38078.0,37824.0,39536.0,39714.0,40206.0,39729.0,39339.0,38133.0,37621.0,37470.0,37220.0,36192.0,34997.0,35190.0,34913.0,33105.0,32032.0,32578.0,33002.0,32698.0,33601.0,33430.0,34451.0,34690.0,33966.0,33208.0,32766.0,31563.0,31655.0,31495.0,31506.0,30091.0,29217.0,28780.0,27742.0,29139.0,26494.0,26500.0,26430.0,26210.0,25857.0,25561.0,25396.0,25059.0,24820.0,24719.0,24516.0,24095.0,23948.0,23867.0,23802.0,23562.0,23738.0,23292.0,23223.0,22878.0,22815.0,22771.0,22360.0,22248.0,21854.0,21469.0,21225.0,20835.0,20711.0,20779.0,20254.0,19745.0,19696.0,19627.0,19311.0
M,67,28764.0,29581.0,29365.0,30148.0,30759.0,30947.0,31295.0,31990.0,32530.0,34411.0,35131.0,36033.0,35913.0,37221.0,37659.0,37092.0,37514.0,37804.0,36746.0,36571.0,35323.0,34678.0,33935.0,34989.0,35310.0,36100.0,35379.0,36635.0,36617.0,36448.0,37328.0,38027.0,37787.0,39497.0,39678.0,40164.0,39680.0,39292.0,38101.0,37586.0,37431.0,37184.0,36151.0,34958.0,35157.0,34888.0,33081.0,31995.0,32547.0,32975.0,32661.0,33567.0,33401.0,34422.0,34660.0,33938.0,33186.0,32740.0,31525.0,31618.0,31465.0,31478.0,30067.0,29190.0,28742.0,27725.0,29125.0,26470.0,26477.0,26401.0,26185.0,25833.0,25541.0,25371.0,25040.0,24787.0,24703.0,24499.0,24074.0,23923.0,23845.0,23787.0,23541.0,23718.0,23277.0,23206.0,22849.0,22796.0,22745.0,22341.0,22227.0,21832.0,21458.0,21211.0,20822.0,20694.0,20757.0,20233.0,19731.0,19680.0,19609.0
M,68,27721.0,28541.0,29346.0,29149.0,29909.0,30530.0,30744.0,31074.0,31780.0,32302.0,34203.0,34928.0,35831.0,35729.0,37046.0,37500.0,36927.0,37393.0,37670.0,36614.0,36454.0,35230.0,34609.0,33851.0,34916.0,35243.0,36043.0,35331.0,36586.0,36571.0,36410.0,37294.0,37994.0,37748.0,39467.0,39634.0,40112.0,39633.0,39242.0,38063.0,37551.0,37390.0,37141.0,36125.0,34920.0,35125.0,34866.0,33052.0,31964.0,32519.0,32948.0,32629.0,33541.0,33375.0,34383.0,34627.0,33913.0,33162.0,32705.0,31499.0,31604.0,31442.0,31450.0,30042.0,29155.0,28720.0,27699.0,29096.0,26458.0,26464.0,26378.0,26170.0,25812.0,25519.0,25345.0,25008.0,24761.0,24684.0,24472.0,24050.0,23906.0,23820.0,23765.0,23521.0,23682.0,23252.0,23189.0,22832.0,22777.0,22719.0,22314.0,22215.0,21814.0,21446.0,21189.0,20807.0,20670.0,20745.0,20214.0,19713.0,19658.0
M,69,26980.0,27519.0,28340.0,29115.0,28916.0,29686.0,30288.0,30549.0,30860.0,31571.0,32110.0,33998.0,34753.0,35638.0,35546.0,36882.0,37372.0,36765.0,37269.0,37546.0,36491.0,36347.0,35139.0,34526.0,33776.0,34873.0,35194.0,35998.0,35285.0,36548.0,36526.0,36368.0,37241.0,37955.0,37710.0,39427.0,39576.0,40063.0,39602.0,39183.0,38024.0,37513.0,37365.0,37103.0,36090.0,34880.0,35089.0,34828.0,33018.0,31928.0,32493.0,32911.0,32596.0,33506.0,33337.0,34354.0,34607.0,33874.0,33137.0,32678.0,31471.0,31572.0,31409.0,31427.0,30025.0,29126.0,28698.0,27680.0,29068.0,26442.0,26442.0,26358.0,26156.0,25780.0,25502.0,25319.0,24992.0,24733.0,24661.0,24445.0,24026.0,23882.0,23804.0,23745.0,23500.0,23666.0,23231.0,23173.0,22815.0,22752.0,22700.0,22286.0,22194.0,21789.0,21428.0,21171.0,20786.0,20655.0,20727.0,20193.0,19694.0
M,70,26474.0,26574.0,27087.0,27911.0,28663.0,28497.0,29251.0,29872.0,30143.0,30478.0,31173.0,31746.0,33616.0,34392.0,35301.0,35243.0,36608.0,37113.0,36490.0,37034.0,37324.0,36306.0,36156.0,34982.0,34380.0,33661.0,34769.0,35102.0,35906.0,35189.0,36466.0,36446.0,36286.0,37160.0,37862.0,37629.0,39353.0,39504.0,39983.0,39520.0,39071.0,37950.0,37446.0,37287.0,37029.0,36028.0,34795.0,35024.0,34776.0,32946.0,31868.0,32442.0,32843.0,32531.0,33445.0,33277.0,34295.0,34531.0,33805.0,33080.0,32613.0,31423.0,31514.0,31349.0,31382.0,29963.0,29086.0,28644.0,27633.0,29015.0,26392.0,26399.0,26315.0,26106.0,25739.0,25464.0,25275.0,24946.0,24691.0,24619.0,24396.0,23982.0,23837.0,23761.0,23701.0,23463.0,23625.0,23191.0,23136.0,22769.0,22715.0,22655.0,22249.0,22153.0,21753.0,21387.0,21128.0,20748.0,20612.0,20688.0,20149.0
M,71,25160.0,26075.0,26188.0,26685.0,27449.0,28230.0,28075.0,28830.0,29474.0,29795.0,30126.0,30791.0,31391.0,33285.0,34077.0,35027.0,34986.0,36343.0,36849.0,36256.0,36835.0,37129.0,36118.0,35995.0,34846.0,34265.0,33570.0,34683.0,35016.0,35826.0,35114.0,36363.0,36361.0,36194.0,37086.0,37785.0,37552.0,39259.0,39443.0,39901.0,39447.0,38973.0,37891.0,37365.0,37205.0,36966.0,35959.0,34730.0,34954.0,34714.0,32874.0,31810.0,32379.0,32795.0,32473.0,33388.0,33212.0,34233.0,34473.0,33742.0,33021.0,32560.0,31371.0,31472.0,31309.0,31337.0,29918.0,29033.0,28591.0,27581.0,28981.0,26355.0,26351.0,26260.0,26066.0,25692.0,25424.0,25229.0,24913.0,24641.0,24570.0,24353.0,23948.0,23792.0,23724.0,23668.0,23411.0,23587.0,23150.0,23091.0,22727.0,22675.0,22606.0,22211.0,22116.0,21723.0,21358.0,21098.0,20713.0,20579.0,20648.0
M,72,25075.0,24765.0,25666.0,25739.0,26275.0,27022.0,27838.0,27665.0,28421.0,29131.0,29481.0,29797.0,30439.0,31073.0,32999.0,33796.0,34739.0,34737.0,36120.0,36633.0,36049.0,36641.0,36950.0,35956.0,35849.0,34726.0,34160.0,33471.0,34603.0,34935.0,35735.0,35038.0,36287.0,36280.0,36113.0,36999.0,37715.0,37484.0,39180.0,39357.0,39814.0,39374.0,38910.0,37809.0,37299.0,37139.0,36898.0,35873.0,34667.0,34907.0,34651.0,32801.0,31743.0,32317.0,32735.0,32421.0,33358.0,33156.0,34180.0,34409.0,33690.0,32955.0,32507.0,31320.0,31422.0,31254.0,31289.0,29871.0,28978.0,28537.0,27541.0,28922.0,26308.0,26304.0,26221.0,26031.0,25650.0,25389.0,25183.0,24878.0,24593.0,24527.0,24306.0,23908.0,23745.0,23671.0,23636.0,23362.0,23546.0,23118.0,23057.0,22691.0,22634.0,22569.0,22170.0,22071.0,21681.0,21323.0,21070.0,20685.0,20542.0
M,73,24671.0,24701.0,24381.0,25284.0,25358.0,25891.0,26643.0,27463.0,27306.0,28024.0,28777.0,29144.0,29468.0,30159.0,30780.0,32724.0,33542.0,34501.0,34496.0,35893.0,36419.0,35847.0,36468.0,36794.0,35807.0,35733.0,34641.0,34062.0,33374.0,34520.0,34852.0,35657.0,34958.0,36207.0,36190.0,36034.0,36925.0,37652.0,37397.0,39091.0,39262.0,39749.0,39303.0,38842.0,37739.0,37225.0,37068.0,36839.0,35809.0,34600.0,34847.0,34603.0,32746.0,31677.0,32262.0,32688.0,32369.0,33302.0,33085.0,34118.0,34353.0,33650.0,32888.0,32448.0,31264.0,31368.0,31198.0,31244.0,29829.0,28936.0,28488.0,27489.0,28875.0,26265.0,26262.0,26160.0,25981.0,25610.0,25344.0,25139.0,24842.0,24549.0,24483.0,24248.0,23869.0,23707.0,23624.0,23597.0,23325.0,23509.0,23073.0,23022.0,22657.0,22589.0,22524.0,22125.0,22038.0,21643.0,21279.0,21025.0,20645.0
M,74,24612.0,24309.0,24302.0,24035.0,24922.0,25013.0,25520.0,26263.0,27122.0,26995.0,27655.0,28434.0,28837.0,29138.0,29873.0,30518.0,32505.0,33279.0,34273.0,34269.0,35692.0,36215.0,35671.0,36334.0,36655.0,35702.0,35637.0,34555.0,33993.0,33293.0,34443.0,34782.0,35572.0,34882.0,36147.0,36128.0,35973.0,36847.0,37573.0,37311.0,39013.0,39187.0,39676.0,39219.0,38766.0,37672.0,37164.0,36993.0,36777.0,35730.0,34525.0,34790.0,34541.0,32692.0,31623.0,32205.0,32623.0,32318.0,33232.0,33042.0,34049.0,34295.0,33596.0,32837.0,32396.0,31220.0,31308.0,31158.0,31181.0,29775.0,28889.0,28432.0,27443.0,28835.0,26215.0,26215.0,26109.0,25931.0,25566.0,25299.0,25103.0,24799.0,24497.0,24435.0,24205.0,23832.0,23679.0,23587.0,23555.0,23277.0,23459.0,23023.0,22980.0,22627.0,22546.0,22477.0,22084.0,21999.0,21606.0,21236.0,20983.0
M,75,24288.0,23922.0,23613.0,23645.0,23328.0,24277.0,24376.0,24888.0,25639.0,26522.0,26346.0,27079.0,27878.0,28329.0,28648.0,29403.0,30042.0,32077.0,32866.0,33863.0,33897.0,35335.0,35886.0,35381.0,36068.0,36417.0,35488.0,35469.0,34366.0,33837.0,33147.0,34299.0,34645.0,35425.0,34745.0,36002.0,36011.0,35829.0,36711.0,37440.0,37155.0,38864.0,39043.0,39547.0,39071.0,38629.0,37539.0,37024.0,36883.0,36646.0,35594.0,34430.0,34681.0,34425.0,32569.0,31516.0,32105.0,32520.0,32203.0,33121.0,32928.0,33938.0,34168.0,33486.0,32746.0,32299.0,31128.0,31193.0,31044.0,31087.0,29681.0,28796.0,28327.0,27354.0,28735.0,26139.0,26135.0,26029.0,25856.0,25483.0,25216.0,25033.0,24733.0,24423.0,24349.0,24118.0,23740.0,23594.0,23525.0,23489.0,23210.0,23377.0,22948.0,22900.0,22561.0,22471.0,22407.0,22022.0,21935.0,21536.0,21154.0
M,76,24418.0,23600.0,23267.0,22943.0,22998.0,22668.0,23659.0,23720.0,24266.0,25035.0,25908.0,25779.0,26525.0,27354.0,27865.0,28214.0,28968.0,29645.0,31717.0,32498.0,33513.0,33563.0,34995.0,35590.0,35122.0,35843.0,36220.0,35313.0,35320.0,34219.0,33674.0,33001.0,34178.0,34493.0,35269.0,34620.0,35869.0,35874.0,35690.0,36592.0,37305.0,37038.0,38716.0,38905.0,39395.0,38938.0,38486.0,37394.0,36899.0,36737.0,36529.0,35472.0,34323.0,34562.0,34306.0,32470.0,31411.0,32004.0,32408.0,32116.0,33013.0,32825.0,33827.0,34058.0,33397.0,32635.0,32197.0,31018.0,31092.0,30956.0,30990.0,29603.0,28701.0,28238.0,27277.0,28649.0,26062.0,26050.0,25950.0,25789.0,25403.0,25139.0,24961.0,24659.0,24352.0,24273.0,24023.0,23672.0,23543.0,23454.0,23407.0,23141.0,23310.0,22877.0,22832.0,22495.0,22394.0,22330.0,21957.0,21865.0,21452.0
M,77,20835.0,23673.0,22973.0,22589.0,22275.0,22380.0,22083.0,23043.0,23118.0,23686.0,24444.0,25358.0,25242.0,26037.0,26887.0,27457.0,27824.0,28581.0,29305.0,31377.0,32134.0,33163.0,33265.0,34742.0,35342.0,34885.0,35640.0,36060.0,35120.0,35145.0,34050.0,33510.0,32866.0,34031.0,34360.0,35129.0,34473.0,35732.0,35732.0,35565.0,36482.0,37169.0,36898.0,38573.0,38766.0,39263.0,38800.0,38357.0,37270.0,36780.0,36614.0,36397.0,35365.0,34206.0,34456.0,34204.0,32375.0,31296.0,31906.0,32293.0,32006.0,32909.0,32721.0,33707.0,33949.0,33287.0,32509.0,32087.0,30922.0,30985.0,30862.0,30887.0,29513.0,28612.0,28146.0,27222.0,28559.0,25980.0,25956.0,25883.0,25718.0,25319.0,25065.0,24880.0,24584.0,24280.0,24192.0,23954.0,23583.0,23458.0,23384.0,23332.0,23070.0,23250.0,22805.0,22754.0,22421.0,22314.0,22260.0,21866.0,21808.0
M,78,19491.0,20224.0,23029.0,22319.0,21916.0,21655.0,21753.0,21520.0,22442.0,22597.0,23138.0,23928.0,24847.0,24817.0,25584.0,26479.0,27023.0,27475.0,28208.0,28978.0,31030.0,31806.0,32868.0,33007.0,34527.0,35110.0,34665.0,35457.0,35898.0,34952.0,34992.0,33906.0,33385.0,32721.0,33889.0,34220.0,34999.0,34323.0,35608.0,35605.0,35408.0,36335.0,37039.0,36765.0,38427.0,38642.0,39129.0,38646.0,38221.0,37149.0,36663.0,36485.0,36280.0,35262.0,34107.0,34349.0,34102.0,32266.0,31208.0,31793.0,32184.0,31912.0,32801.0,32617.0,33594.0,33845.0,33188.0,32392.0,31991.0,30839.0,30887.0,30754.0,30800.0,29419.0,28526.0,28062.0,27132.0,28470.0,25912.0,25868.0,25806.0,25651.0,25251.0,24987.0,24784.0,24507.0,24216.0,24113.0,23875.0,23503.0,23388.0,23310.0,23254.0,22996.0,23162.0,22720.0,22691.0,22363.0,22245.0,22182.0,21800.0
M,79,16617.0,18952.0,19678.0,22360.0,21624.0,21282.0,21052.0,21219.0,21010.0,21901.0,22101.0,22656.0,23458.0,24353.0,24390.0,25197.0,26133.0,26632.0,27130.0,27847.0,28654.0,30728.0,31538.0,32581.0,32770.0,34298.0,34923.0,34509.0,35314.0,35751.0,34798.0,34826.0,33768.0,33246.0,32579.0,33754.0,34088.0,34856.0,34198.0,35479.0,35484.0,35277.0,36206.0,36915.0,36643.0,38302.0,38510.0,38985.0,38547.0,38084.0,37005.0,36524.0,36369.0,36158.0,35160.0,33996.0,34235.0,34005.0,32184.0,31106.0,31696.0,32078.0,31814.0,32700.0,32504.0,33489.0,33736.0,33077.0,32298.0,31883.0,30730.0,30778.0,30650.0,30703.0,29332.0,28419.0,27949.0,27053.0,28368.0,25840.0,25786.0,25728.0,25579.0,25181.0,24902.0,24714.0,24426.0,24149.0,24039.0,23795.0,23429.0,23313.0,23224.0,23169.0,22929.0,23097.0,22662.0,22621.0,22301.0,22169.0,22119.0
M,80,14484.0,15862.0,18048.0,18725.0,21318.0,20633.0,20329.0,20173.0,20369.0,20209.0,21053.0,21278.0,21932.0,22723.0,23663.0,23733.0,24593.0,25557.0,26078.0,26610.0,27350.0,28164.0,30281.0,31090.0,32142.0,32439.0,33957.0,34628.0,34229.0,35029.0,35476.0,34551.0,34594.0,33536.0,33050.0,32370.0,33530.0,33888.0,34625.0,33990.0,35278.0,35267.0,35078.0,35977.0,36687.0,36419.0,38066.0,38269.0,38747.0,38308.0,37865.0,36798.0,36319.0,36188.0,35960.0,34947.0,33800.0,34051.0,33823.0,32034.0,30948.0,31520.0,31927.0,31661.0,32529.0,32311.0,33305.0,33542.0,32897.0,32135.0,31716.0,30565.0,30621.0,30477.0,30542.0,29163.0,28290.0,27769.0,26910.0,28225.0,25726.0,25658.0,25589.0,25443.0,25022.0,24780.0,24587.0,24309.0,24001.0,23912.0,23669.0,23291.0,23196.0,23103.0,23026.0,22827.0,22972.0,22545.0,22490.0,22178.0,22051.0
M,81,11843.0,13781.0,15112.0,17175.0,17842.0,20343.0,19722.0,19472.0,19382.0,19604.0,19469.0,20342.0,20603.0,21220.0,22094.0,23039.0,23152.0,24046.0,25051.0,25559.0,26160.0,26868.0,27716.0,29828.0,30748.0,31776.0,32164.0,33686.0,34352.0,33996.0,34768.0,35213.0,34329.0,34344.0,33282.0,32819.0,32127.0,33319.0,33665.0,34379.0,33759.0,35069.0,35051.0,34883.0,35742.0,36478.0,36200.0,37834.0,38051.0,38509.0,38066.0,37639.0,36569.0,36115.0,36002.0,35747.0,34760.0,33622.0,33887.0,33649.0,31843.0,30791.0,31344.0,31750.0,31480.0,32380.0,32122.0,33127.0,33353.0,32740.0,31948.0,31545.0,30405.0,30456.0,30311.0,30378.0,29004.0,28124.0,27609.0,26776.0,28074.0,25588.0,25515.0,25456.0,25315.0,24888.0,24649.0,24439.0,24167.0,23884.0,23756.0,23563.0,23174.0,23047.0,22992.0,22905.0,22694.0,22845.0,22424.0,22366.0,22069.0
M,82,11475.0,11262.0,13099.0,14383.0,16403.0,17029.0,19467.0,18888.0,18698.0,18636.0,18846.0,18804.0,19620.0,19953.0,20617.0,21545.0,22511.0,22653.0,23535.0,24577.0,25129.0,25725.0,26476.0,27322.0,29457.0,30407.0,31486.0,31938.0,33412.0,34105.0,33775.0,34515.0,34962.0,34104.0,34093.0,33073.0,32586.0,31932.0,33106.0,33440.0,34176.0,33553.0,34833.0,34838.0,34657.0,35546.0,36285.0,35975.0,37606.0,37845.0,38305.0,37873.0,37441.0,36348.0,35934.0,35811.0,35577.0,34591.0,33462.0,33700.0,33488.0,31643.0,30629.0,31172.0,31574.0,31332.0,32209.0,31930.0,32929.0,33154.0,32586.0,31783.0,31364.0,30251.0,30297.0,30161.0,30237.0,28857.0,27966.0,27453.0,26650.0,27913.0,25448.0,25373.0,25305.0,25166.0,24748.0,24522.0,24305.0,24040.0,23758.0,23610.0,23441.0,23044.0,22928.0,22853.0,22793.0,22561.0,22724.0,22301.0,22251.0
M,83,10253.0,10985.0,10767.0,12520.0,13695.0,15663.0,16285.0,18631.0,18132.0,17943.0,17925.0,18150.0,18201.0,19017.0,19376.0,20075.0,21052.0,22019.0,22180.0,23051.0,24113.0,24684.0,25368.0,26127.0,26967.0,29128.0,30102.0,31236.0,31682.0,33160.0,33864.0,33525.0,34273.0,34714.0,33853.0,33882.0,32856.0,32366.0,31714.0,32889.0,33232.0,33980.0,33324.0,34603.0,34628.0,34445.0,35332.0,36071.0,35774.0,37378.0,37617.0,38097.0,37652.0,37230.0,36162.0,35749.0,35611.0,35390.0,34421.0,33290.0,33511.0,33280.0,31493.0,30469.0,30971.0,31417.0,31167.0,32043.0,31767.0,32747.0,32964.0,32403.0,31622.0,31205.0,30107.0,30128.0,30005.0,30064.0,28699.0,27799.0,27304.0,26529.0,27795.0,25314.0,25242.0,25172.0,25039.0,24595.0,24393.0,24177.0,23900.0,23645.0,23485.0,23327.0,22905.0,22791.0,22737.0,22674.0,22436.0,22598.0,22187.0
M,84,9065.0,9784.0,10481.0,10236.0,11982.0,13098.0,14955.0,15603.0,17889.0,17426.0,17257.0,17337.0,17524.0,17627.0,18443.0,18909.0,19622.0,20594.0,21559.0,21733.0,22664.0,23735.0,24299.0,25042.0,25809.0,26670.0,28889.0,29853.0,31012.0,31435.0,32935.0,33626.0,33301.0,34055.0,34477.0,33633.0,33677.0,32667.0,32170.0,31506.0,32673.0,33014.0,33793.0,33121.0,34408.0,34418.0,34235.0,35143.0,35867.0,35564.0,37165.0,37397.0,37850.0,37443.0,37021.0,35971.0,35556.0,35417.0,35229.0,34232.0,33112.0,33345.0,33096.0,31316.0,30297.0,30811.0,31236.0,31011.0,31887.0,31593.0,32576.0,32787.0,32246.0,31438.0,31039.0,29954.0,29980.0,29836.0,29907.0,28562.0,27661.0,27156.0,26373.0,27648.0,25165.0,25105.0,25038.0,24901.0,24472.0,24277.0,24054.0,23753.0,23509.0,23359.0,23211.0,22777.0,22672.0,22613.0,22539.0,22315.0,22476.0
M,85,7812.0,8395.0,9127.0,9778.0,9549.0,11150.0,12264.0,14018.0,14728.0,16906.0,16443.0,16397.0,16491.0,16714.0,16889.0,17748.0,18256.0,18971.0,19954.0,20970.0,21229.0,22127.0,23190.0,23770.0,24592.0,25414.0,26291.0,28576.0,29504.0,30669.0,31108.0,32553.0,33264.0,32968.0,33713.0,34142.0,33328.0,33354.0,32376.0,31871.0,31220.0,32364.0,32722.0,33473.0,32822.0,34085.0,34086.0,33961.0,34869.0,35551.0,35256.0,36844.0,37076.0,37568.0,37101.0,36713.0,35682.0,35268.0,35139.0,34962.0,33938.0,32849.0,33108.0,32846.0,31062.0,30063.0,30570.0,31014.0,30769.0,31641.0,31356.0,32285.0,32537.0,32010.0,31170.0,30804.0,29719.0,29754.0,29566.0,29665.0,28316.0,27431.0,26970.0,26168.0,27425.0,24968.0,24905.0,24842.0,24694.0,24270.0,24050.0,23855.0,23577.0,23318.0,23167.0,23031.0,22585.0,22503.0,22396.0,22368.0,22121.0
M,86,6657.0,7279.0,7780.0,8513.0,9144.0,8926.0,10467.0,11478.0,13168.0,13917.0,15992.0,15599.0,15597.0,15770.0,16009.0,16281.0,17181.0,17656.0,18366.0,19411.0,20400.0,20741.0,21633.0,22738.0,23363.0,24218.0,25087.0,25976.0,28247.0,29125.0,30315.0,30801.0,32159.0,32917.0,32632.0,33361.0,33843.0,33023.0,33009.0,32081.0,31560.0,30957.0,32046.0,32421.0,33178.0,32543.0,33807.0,33784.0,33688.0,34587.0,35254.0,34931.0,36547.0,36822.0,37298.0,36795.0,36445.0,35417.0,34994.0,34868.0,34714.0,33682.0,32589.0,32869.0,32585.0,30800.0,29825.0,30346.0,30778.0,30546.0,31400.0,31120.0,32025.0,32317.0,31741.0,30936.0,30567.0,29514.0,29501.0,29372.0,29427.0,28075.0,27208.0,26779.0,25973.0,27204.0,24777.0,24727.0,24628.0,24477.0,24070.0,23852.0,23651.0,23386.0,23150.0,22994.0,22830.0,22404.0,22308.0,22215.0,22177.0
M,87,5523.0,6199.0,6794.0,7247.0,7918.0,8515.0,8370.0,9848.0,10750.0,12444.0,13181.0,15190.0,14872.0,14928.0,15126.0,15413.0,15730.0,16624.0,17122.0,17813.0,18937.0,19904.0,20281.0,21180.0,22314.0,22993.0,23864.0,24793.0,25680.0,27935.0,28808.0,29995.0,30458.0,31840.0,32563.0,32302.0,33029.0,33526.0,32696.0,32694.0,31814.0,31274.0,30674.0,31782.0,32127.0,32866.0,32280.0,33513.0,33500.0,33376.0,34272.0,34975.0,34640.0,36232.0,36535.0,37016.0,36507.0,36167.0,35152.0,34733.0,34588.0,34418.0,33392.0,32320.0,32597.0,32320.0,30558.0,29581.0,30073.0,30547.0,30312.0,31132.0,30884.0,31779.0,32051.0,31469.0,30702.0,30333.0,29294.0,29269.0,29142.0,29195.0,27858.0,27009.0,26566.0,25764.0,27005.0,24580.0,24533.0,24443.0,24289.0,23888.0,23659.0,23469.0,23207.0,23004.0,22784.0,22636.0,22212.0,22133.0,22045.0
M,88,4721.0,5166.0,5742.0,6321.0,6754.0,7366.0,7981.0,7819.0,9269.0,10141.0,11752.0,12493.0,14475.0,14218.0,14337.0,14535.0,14866.0,15195.0,16104.0,16623.0,17360.0,18462.0,19481.0,19873.0,20802.0,21957.0,22681.0,23587.0,24498.0,25392.0,27666.0,28559.0,29689.0,30129.0,31547.0,32251.0,31951.0,32708.0,33212.0,32382.0,32401.0,31491.0,31002.0,30386.0,31479.0,31866.0,32580.0,32000.0,33221.0,33239.0,33106.0,33998.0,34702.0,34335.0,35937.0,36252.0,36710.0,36208.0,35880.0,34847.0,34478.0,34307.0,34166.0,33151.0,32058.0,32353.0,32077.0,30349.0,29346.0,29866.0,30305.0,30064.0,30877.0,30631.0,31490.0,31804.0,31232.0,30501.0,30084.0,29057.0,29043.0,28908.0,28958.0,27632.0,26810.0,26377.0,25566.0,26771.0,24394.0,24338.0,24255.0,24097.0,23697.0,23483.0,23293.0,23025.0,22803.0,22602.0,22459.0,22034.0,21957.0
M,89,4033.0,4415.0,4830.0,5347.0,5879.0,6302.0,6919.0,7444.0,7350.0,8776.0,9602.0,11210.0,11864.0,13795.0,13591.0,13806.0,14020.0,14369.0,14727.0,15632.0,16142.0,16913.0,18036.0,19071.0,19511.0,20487.0,21659.0,22408.0,23318.0,24240.0,25131.0,27345.0,28265.0,29358.0,29824.0,31242.0,31930.0,31637.0,32420.0,32910.0,32096.0,32106.0,31225.0,30737.0,30133.0,31199.0,31579.0,32314.0,31755.0,32953.0,32972.0,32855.0,33706.0,34410.0,34044.0,35659.0,35990.0,36406.0,35893.0,35603.0,34548.0,34206.0,34017.0,33900.0,32873.0,31795.0,32110.0,31820.0,30104.0,29090.0,29625.0,30046.0,29838.0,30634.0,30394.0,31243.0,31550.0,30999.0,30275.0,29848.0,28830.0,28813.0,28693.0,28728.0,27405.0,26601.0,26139.0,25351.0,26566.0,24205.0,24161.0,24066.0,23912.0,23509.0,23304.0,23095.0,22825.0,22621.0,22415.0,22278.0,21853.0
M,90,3616.0,3678.0,4015.0,4413.0,4874.0,5363.0,5778.0,6373.0,6904.0,6806.0,8180.0,8939.0,10536.0,11158.0,13051.0,12917.0,13181.0,13406.0,13813.0,14208.0,15095.0,15619.0,16446.0,17590.0,18608.0,19069.0,20129.0,21354.0,22103.0,22958.0,23885.0,24772.0,26966.0,27882.0,28954.0,29413.0,30840.0,31528.0,31242.0,32034.0,32527.0,31698.0,31751.0,30870.0,30356.0,29800.0,30875.0,31227.0,31972.0,31410.0,32614.0,32637.0,32523.0,33330.0,34033.0,33703.0,35279.0,35593.0,36047.0,35544.0,35237.0,34222.0,33871.0,33700.0,33582.0,32580.0,31469.0,31771.0,31482.0,29801.0,28785.0,29365.0,29725.0,29515.0,30316.0,30089.0,30901.0,31236.0,30709.0,29994.0,29562.0,28525.0,28519.0,28397.0,28448.0,27116.0,26349.0,25858.0,25087.0,26281.0,23967.0,23935.0,23814.0,23647.0,23259.0,23064.0,22873.0,22586.0,22375.0,22184.0,22077.0
M,91,2747.0,2433.0,2481.0,2715.0,2983.0,3325.0,3672.0,3977.0,4385.0,4754.0,4715.0,5678.0,6238.0,7413.0,7939.0,9323.0,9262.0,9517.0,9718.0,9964.0,10271.0,10987.0,11387.0,11980.0,12894.0,13680.0,14042.0,14838.0,15808.0,16385.0,17053.0,17775.0,18506.0,20133.0,20790.0,21473.0,21878.0,22978.0,23407.0,23223.0,23780.0,24171.0,23549.0,23598.0,22972.0,22601.0,22217.0,22986.0,23212.0,23770.0,23379.0,24266.0,24300.0,24250.0,24831.0,25315.0,25100.0,26337.0,26501.0,26834.0,26495.0,26244.0,25521.0,25247.0,25118.0,25014.0,24301.0,23463.0,23686.0,23461.0,22247.0,21482.0,21883.0,22168.0,22010.0,22624.0,22441.0,23044.0,23278.0,22929.0,22385.0,22068.0,21279.0,21270.0,21200.0,21235.0,20319.0,19720.0,19305.0,18702.0,19612.0,17853.0,17727.0,17631.0,17530.0,17214.0,17081.0,16921.0,16838.0,16591.0,16413.0
M,92,2294.0,1879.0,1665.0,1688.0,1856.0,2015.0,2287.0,2565.0,2787.0,3100.0,3338.0,3327.0,4029.0,4438.0,5197.0,5653.0,6638.0,6603.0,6804.0,6941.0,7145.0,7335.0,7895.0,8262.0,8759.0,9456.0,10048.0,10381.0,10981.0,11756.0,12138.0,12701.0,13226.0,13758.0,14900.0,15455.0,15898.0,16201.0,17050.0,17422.0,17214.0,17667.0,17971.0,17462.0,17495.0,17074.0,16805.0,16475.0,17170.0,17211.0,17626.0,17400.0,18051.0,18085.0,18005.0,18456.0,18834.0,18659.0,19634.0,19776.0,19982.0,19723.0,19525.0,18992.0,18774.0,18705.0,18627.0,18134.0,17450.0,17650.0,17409.0,16607.0,15941.0,16299.0,16469.0,16360.0,16755.0,16684.0,17116.0,17359.0,17026.0,16644.0,16439.0,15833.0,15781.0,15788.0,15843.0,15108.0,14766.0,14395.0,13972.0,14659.0,13283.0,13254.0,13134.0,12978.0,12777.0,12707.0,12552.0,12488.0,12319.0
M,93,1703.0,1569.0,1302.0,1161.0,1124.0,1278.0,1386.0,1587.0,1786.0,1947.0,2180.0,2314.0,2289.0,2834.0,3098.0,3715.0,4064.0,4792.0,4788.0,4931.0,5053.0,5159.0,5330.0,5778.0,6064.0,6367.0,6895.0,7424.0,7652.0,8082.0,8725.0,9070.0,9521.0,9790.0,10216.0,11122.0,11416.0,11752.0,11890.0,12587.0,12900.0,12792.0,13075.0,13295.0,12861.0,12927.0,12591.0,12395.0,12200.0,12737.0,12832.0,13057.0,12888.0,13424.0,13341.0,13326.0,13734.0,13968.0,13845.0,14602.0,14657.0,14769.0,14528.0,14424.0,14024.0,13842.0,13780.0,13832.0,13497.0,12930.0,12924.0,12889.0,12332.0,11838.0,12077.0,12217.0,12135.0,12346.0,12391.0,12716.0,12873.0,12600.0,12297.0,12165.0,11718.0,11661.0,11595.0,11734.0,11224.0,11018.0,10736.0,10399.0,10854.0,9909.0,9913.0,9711.0,9699.0,9482.0,9455.0,9317.0,9286.0
M,94,1256.0,1150.0,1072.0,895.0,820.0,774.0,879.0,958.0,1110.0,1275.0,1378.0,1562.0,1667.0,1612.0,2019.0,2257.0,2653.0,2923.0,3440.0,3457.0,3539.0,3663.0,3698.0,3811.0,4215.0,4449.0,4663.0,5056.0,5523.0,5659.0,5897.0,6370.0,6714.0,7025.0,7200.0,7497.0,8262.0,8514.0,8721.0,8867.0,9365.0,9572.0,9521.0,9702.0,9833.0,9571.0,9564.0,9370.0,9259.0,9069.0,9487.0,9576.0,9692.0,9567.0,9970.0,9965.0,9877.0,10165.0,10322.0,10214.0,10784.0,10804.0,10960.0,10850.0,10754.0,10395.0,10344.0,10214.0,10279.0,10003.0,9611.0,9657.0,9570.0,9151.0,8828.0,9040.0,9119.0,9096.0,9289.0,9218.0,9506.0,9600.0,9424.0,9166.0,9036.0,8737.0,8750.0,8713.0,8708.0,8317.0,8131.0,8009.0,7675.0,7980.0,7413.0,7339.0,7157.0,7203.0,7061.0,7074.0,6906.0
M,95,887.0,813.0,768.0,732.0,609.0,554.0,520.0,601.0,661.0,762.0,902.0,953.0,1088.0,1158.0,1135.0,1429.0,1665.0,1900.0,2092.0,2510.0,2494.0,2550.0,2618.0,2669.0,2784.0,3117.0,3282.0,3487.0,3769.0,4028.0,4135.0,4353.0,4703.0,4935.0,5145.0,5248.0,5510.0,6083.0,6259.0,6366.0,6498.0,6868.0,6969.0,7029.0,7268.0,7293.0,7072.0,7029.0,6891.0,6784.0,6699.0,7028.0,7083.0,7160.0,7110.0,7383.0,7392.0,7321.0,7473.0,7641.0,7562.0,8026.0,8056.0,8114.0,8022.0,7973.0,7698.0,7668.0,7473.0,7621.0,7403.0,7036.0,7189.0,7096.0,6799.0,6536.0,6736.0,6788.0,6714.0,6837.0,6816.0,7055.0,7115.0,7017.0,6841.0,6731.0,6418.0,6446.0,6450.0,6485.0,6225.0,5968.0,5971.0,5689.0,5976.0,5517.0,5491.0,5319.0,5329.0,5225.0,5265.0
M,96,692.0,593.0,533.0,514.0,487.0,415.0,375.0,362.0,411.0,447.0,523.0,630.0,651.0,763.0,847.0,796.0,1009.0,1189.0,1394.0,1512.0,1814.0,1836.0,1878.0,1896.0,1951.0,2059.0,2339.0,2409.0,2573.0,2766.0,2997.0,3056.0,3166.0,3441.0,3631.0,3804.0,3827.0,4047.0,4478.0,4606.0,4624.0,4816.0,5122.0,5149.0,5152.0,5331.0,5345.0,5143.0,5147.0,4995.0,4941.0,4939.0,5163.0,5184.0,5249.0,5235.0,5442.0,5446.0,5436.0,5483.0,5662.0,5578.0,5882.0,5896.0,5943.0,5884.0,5885.0,5679.0,5688.0,5472.0,5558.0,5470.0,5164.0,5283.0,5208.0,5019.0,4766.0,4983.0,4987.0,4947.0,5006.0,5024.0,5131.0,5147.0,5127.0,5022.0,4948.0,4683.0,4749.0,4759.0,4761.0,4587.0,4484.0,4408.0,4198.0,4488.0,4087.0,4075.0,3880.0,3911.0,3834.0
M,97,469.0,460.0,386.0,369.0,365.0,323.0,287.0,241.0,247.0,268.0,290.0,361.0,446.0,463.0,535.0,611.0,561.0,729.0,862.0,1008.0,1100.0,1340.0,1307.0,1355.0,1386.0,1421.0,1547.0,1680.0,1738.0,1907.0,2053.0,2194.0,2264.0,2292.0,2531.0,2685.0,2777.0,2777.0,3003.0,3269.0,3358.0,3395.0,3527.0,3817.0,3819.0,3779.0,3898.0,3916.0,3736.0,3778.0,3669.0,3640.0,3616.0,3807.0,3865.0,3892.0,3882.0,3991.0,4007.0,4024.0,4015.0,4185.0,4061.0,4279.0,4373.0,4381.0,4320.0,4277.0,4138.0,4206.0,4014.0,4055.0,4022.0,3796.0,3897.0,3806.0,3672.0,3503.0,3689.0,3662.0,3668.0,3705.0,3702.0,3782.0,3800.0,3787.0,3741.0,3679.0,3429.0,3526.0,3459.0,3489.0,3420.0,3331.0,3277.0,3110.0,3346.0,3011.0,3069.0,2900.0,2890.0
M,98,286.0,321.0,295.0,280.0,243.0,236.0,220.0,187.0,167.0,173.0,174.0,198.0,251.0,304.0,334.0,394.0,444.0,406.0,514.0,644.0,733.0,791.0,982.0,980.0,1030.0,1036.0,1052.0,1163.0,1216.0,1304.0,1385.0,1506.0,1606.0,1661.0,1712.0,1871.0,1996.0,2069.0,2034.0,2218.0,2432.0,2461.0,2490.0,2579.0,2815.0,2768.0,2826.0,2935.0,2921.0,2729.0,2826.0,2736.0,2687.0,2697.0,2812.0,2869.0,2893.0,2855.0,2933.0,2967.0,2995.0,2974.0,3112.0,3039.0,3167.0,3240.0,3244.0,3174.0,3177.0,3057.0,3115.0,3006.0,2967.0,2937.0,2834.0,2890.0,2805.0,2756.0,2591.0,2747.0,2734.0,2728.0,2765.0,2755.0,2785.0,2831.0,2865.0,2773.0,2712.0,2523.0,2559.0,2560.0,2653.0,2565.0,2516.0,2397.0,2365.0,2477.0,2220.0,2285.0,2144.0
M,99,174.0,197.0,226.0,197.0,197.0,159.0,152.0,140.0,127.0,116.0,120.0,120.0,138.0,172.0,219.0,237.0,286.0,322.0,302.0,381.0,460.0,521.0,584.0,733.0,703.0,761.0,754.0,735.0,843.0,904.0,954.0,998.0,1119.0,1175.0,1233.0,1252.0,1378.0,1479.0,1505.0,1510.0,1646.0,1797.0,1825.0,1840.0,1942.0,2103.0,2051.0,2106.0,2206.0,2181.0,2007.0,2060.0,2043.0,1996.0,2013.0,2102.0,2140.0,2159.0,2128.0,2181.0,2225.0,2247.0,2260.0,2325.0,2263.0,2370.0,2405.0,2380.0,2327.0,2329.0,2268.0,2295.0,2227.0,2211.0,2182.0,2143.0,2164.0,2085.0,2033.0,1932.0,2062.0,2023.0,2037.0,2070.0,2046.0,2061.0,2087.0,2122.0,2089.0,2020.0,1887.0,1901.0,1886.0,1976.0,1912.0,1833.0,1815.0,1764.0,1845.0,1626.0,1715.0
M,100,95.0,108.0,132.0,144.0,122.0,130.0,99.0,99.0,92.0,84.0,80.0,85.0,92.0,98.0,119.0,148.0,168.0,201.0,229.0,217.0,261.0,327.0,380.0,451.0,533.0,532.0,569.0,563.0,526.0,609.0,647.0,694.0,732.0,805.0,860.0,912.0,910.0,987.0,1091.0,1087.0,1103.0,1235.0,1295.0,1328.0,1355.0,1429.0,1564.0,1512.0,1533.0,1619.0,1638.0,1470.0,1532.0,1495.0,1473.0,1504.0,1550.0,1577.0,1598.0,1581.0,1580.0,1618.0,1663.0,1684.0,1701.0,1691.0,1759.0,1784.0,1755.0,1728.0,1708.0,1667.0,1692.0,1641.0,1611.0,1603.0,1599.0,1578.0,1538.0,1481.0,1424.0,1503.0,1490.0,1499.0,1533.0,1507.0,1510.0,1516.0,1583.0,1535.0,1486.0,1399.0,1391.0,1402.0,1453.0,1424.0,1292.0,1392.0,1329.0,1388.0,1189.0
M,101,54.0,30.0,31.0,39.0,44.0,29.0,33.0,27.0,29.0,31.0,33.0,31.0,31.0,35.0,38.0,50.0,53.0,49.0,66.0,76.0,75.0,88.0,113.0,134.0,160.0,191.0,203.0,200.0,208.0,190.0,221.0,237.0,260.0,259.0,291.0,309.0,347.0,338.0,359.0,397.0,411.0,406.0,462.0,483.0,490.0,488.0,524.0,561.0,542.0,572.0,598.0,605.0,541.0,559.0,548.0,534.0,547.0,566.0,578.0,593.0,574.0,579.0,595.0,622.0,615.0,629.0,616.0,666.0,658.0,648.0,637.0,615.0,620.0,632.0,607.0,593.0,596.0,598.0,574.0,579.0,537.0,522.0,556.0,520.0,546.0,551.0,545.0,544.0,547.0,592.0,571.0,535.0,513.0,506.0,520.0,527.0,521.0,456.0,505.0,485.0,510.0
M,102,32.0,19.0,14.0,11.0,17.0,21.0,14.0,10.0,8.0,13.0,9.0,11.0,9.0,8.0,11.0,16.0,21.0,23.0,18.0,24.0,26.0,29.0,38.0,45.0,62.0,57.0,77.0,70.0,75.0,75.0,66.0,91.0,85.0,97.0,109.0,101.0,115.0,132.0,118.0,140.0,155.0,157.0,160.0,178.0,178.0,185.0,176.0,184.0,182.0,189.0,205.0,218.0,212.0,192.0,203.0,196.0,196.0,193.0,197.0,209.0,219.0,210.0,217.0,211.0,215.0,221.0,236.0,232.0,256.0,271.0,268.0,247.0,235.0,228.0,239.0,234.0,202.0,208.0,214.0,200.0,220.0,202.0,197.0,206.0,197.0,197.0,214.0,188.0,181.0,185.0,205.0,219.0,203.0,189.0,178.0,191.0,191.0,207.0,177.0,194.0,166.0
M,103,21.0,13.0,7.0,,2.0,8.0,4.0,3.0,2.0,1.0,4.0,4.0,6.0,5.0,3.0,4.0,7.0,8.0,7.0,4.0,7.0,12.0,11.0,16.0,17.0,25.0,22.0,30.0,23.0,30.0,36.0,26.0,42.0,34.0,35.0,39.0,35.0,37.0,47.0,36.0,46.0,54.0,58.0,48.0,60.0,71.0,64.0,72.0,77.0,75.0,75.0,78.0,93.0,81.0,77.0,89.0,77.0,77.0,80.0,94.0,84.0,96.0,85.0,92.0,92.0,92.0,88.0,93.0,90.0,96.0,100.0,105.0,97.0,92.0,90.0,97.0,96.0,71.0,74.0,83.0,82.0,85.0,88.0,77.0,76.0,74.0,83.0,83.0,72.0,73.0,70.0,83.0,90.0,75.0,70.0,66.0,78.0,83.0,84.0,62.0,77.0
M,104,5.0,9.0,2.0,2.0,,2.0,2.0,1.0,1.0,1.0,,,1.0,1.0,,1.0,1.0,1.0,3.0,3.0,1.0,2.0,5.0,6.0,8.0,6.0,5.0,6.0,10.0,10.0,10.0,11.0,7.0,11.0,6.0,6.0,9.0,11.0,9.0,16.0,7.0,20.0,18.0,18.0,15.0,22.0,23.0,23.0,28.0,33.0,28.0,30.0,27.0,33.0,33.0,25.0,32.0,28.0,31.0,34.0,34.0,32.0,37.0,26.0,38.0,33.0,30.0,36.0,37.0,24.0,26.0,39.0,35.0,34.0,30.0,30.0,31.0,37.0,24.0,33.0,28.0,30.0,25.0,26.0,24.0,29.0,24.0,30.0,30.0,29.0,27.0,21.0,25.0,35.0,32.0,28.0,31.0,30.0,36.0,33.0,27.0
M,105,28.0,,4.0,2.0,,,1.0,,,,,,,,,,,1.0,1.0,,1.0,1.0,1.0,2.0,,3.0,2.0,1.0,1.0,1.0,2.0,,2.0,3.0,6.0,2.0,1.0,1.0,5.0,2.0,3.0,2.0,5.0,5.0,7.0,5.0,8.0,6.0,6.0,9.0,10.0,8.0,13.0,11.0,15.0,14.0,11.0,10.0,9.0,12.0,11.0,16.0,12.0,14.0,9.0,11.0,11.0,8.0,12.0,12.0,5.0,11.0,11.0,9.0,13.0,9.0,14.0,10.0,13.0,9.0,14.0,14.0,11.0,8.0,7.0,5.0,11.0,9.0,14.0,16.0,13.0,12.0,8.0,11.0,12.0,13.0,10.0,12.0,12.0,14.0,12.0
M,106,,8.0,,2.0,1.0,,,,,,,,,,,,,,,,,,,,,,2.0,,1.0,,,1.0,,,2.0,2.0,2.0,,,,1.0,1.0,1.0,3.0,2.0,2.0,2.0,2.0,1.0,2.0,3.0,2.0,5.0,6.0,7.0,8.0,5.0,6.0,2.0,4.0,6.0,5.0,8.0,4.0,2.0,3.0,4.0,2.0,2.0,1.0,4.0,5.0,4.0,6.0,5.0,4.0,,4.0,2.0,3.0,4.0,7.0,8.0,3.0,1.0,4.0,2.0,3.0,2.0,7.0,6.0,6.0,5.0,4.0,3.0,7.0,4.0,3.0,4.0,7.0,7.0
M,107,,,,,,,,,,,,,,,,,,,,,,,,,,,,1.0,,,,,1.0,,,1.0,,,,,,,,,1.0,1.0,,,,,1.0,1.0,,2.0,2.0,2.0,2.0,2.0,1.0,,1.0,1.0,3.0,1.0,,,,1.0,2.0,2.0,,2.0,1.0,2.0,1.0,2.0,1.0,,,1.0,,2.0,3.0,4.0,1.0,,1.0,,,1.0,3.0,2.0,1.0,1.0,1.0,1.0,1.0,1.0,,2.0,2.0
M,108,,,,,,,,,,,,,,,,,,,,,,,,,,,,,1.0,,,,,,,,1.0,,,,,,,,,,,,,,,1.0,,,,,,1.0,1.0,,,,,1.0,,,,,,,2.0,,1.0,1.0,1.0,1.0,,,,,,,2.0,2.0,2.0,,,,,,,,,,,,,,,,
M,109,,,,,,,,,,,,,,,,,,,,,,,,,,,,,,1.0,,,,,,,,1.0,,,,,,,,,,,,,,,,,,,,,,,,,,,1.0,,,,,,,,,,,,,,,,,,,,1.0,1.0,,,,,,,,,,,,,,,
