sex,alder,pop_2023,pop_2024,pop_2025,pop_2026,pop_2027,pop_2028,pop_2029,pop_2030,pop_2031,pop_2032,pop_2033,pop_2034,pop_2035,pop_2036,pop_2037,pop_2038,pop_2039,pop_2040,pop_2041,pop_2042,pop_2043,pop_2044,pop_2045,pop_2046,pop_2047,pop_2048,pop_2049,pop_2050,pop_2051,pop_2052,pop_2053,pop_2054,pop_2055,pop_2056,pop_2057,pop_2058,pop_2059,pop_2060,pop_2061,pop_2062,pop_2063,pop_2064,pop_2065,pop_2066,pop_2067,pop_2068,pop_2069,pop_2070,pop_2071,pop_2072,pop_2073,pop_2074,pop_2075,pop_2076,pop_2077,pop_2078,pop_2079,pop_2080,pop_2081,pop_2082,pop_2083,pop_2084,pop_2085,pop_2086,pop_2087,pop_2088,pop_2089,pop_2090,pop_2091,pop_2092,pop_2093,pop_2094,pop_2095,pop_2096,pop_2097,pop_2098,pop_2099,pop_2100,pop_2101,pop_2102,pop_2103,pop_2104,pop_2105,pop_2106,pop_2107,pop_2108,pop_2109,pop_2110,pop_2111,pop_2112,pop_2113,pop_2114,pop_2115,pop_2116,pop_2117,pop_2118,pop_2119,pop_2120,pop_2121,pop_2122,pop_2123
K,0,25310.0,27237.0,27107.0,26721.0,27079.0,26896.0,26555.0,26526.0,26195.0,26387.0,26185.0,25865.0,25946.0,25721.0,25892.0,25925.0,25783.0,25425.0,25920.0,25612.0,25595.0,25489.0,25054.0,24671.0,24477.0,24441.0,23926.0,23833.0,23368.0,23354.0,23116.0,22933.0,22423.0,22684.0,22298.0,22149.0,21951.0,21850.0,21516.0,21539.0,21290.0,21109.0,20948.0,20997.0,20647.0,20629.0,20446.0,20536.0,20385.0,19956.0,19719.0,19767.0,19499.0,19396.0,19188.0,18980.0,18744.0,18707.0,18409.0,18198.0,18031.0,17829.0,17633.0,17471.0,17518.0,17150.0,17046.0,16944.0,16659.0,16541.0,16579.0,16086.0,16069.0,16071.0,15860.0,15812.0,15506.0,15515.0,15497.0,15187.0,15415.0,15169.0,14782.0,14593.0,14541.0,14378.0,14197.0,14142.0,14079.0,13728.0,13715.0,13744.0,13482.0,13284.0,13307.0,13138.0,12866.0,12764.0,12704.0,12424.0,12490.0
K,1,28037.0,25510.0,27435.0,27257.0,26892.0,27237.0,27054.0,26696.0,26673.0,26323.0,26494.0,26305.0,25989.0,26062.0,25828.0,25980.0,26014.0,25865.0,25504.0,26009.0,25678.0,25659.0,25556.0,25114.0,24726.0,24535.0,24499.0,23976.0,23887.0,23416.0,23415.0,23152.0,22978.0,22463.0,22713.0,22329.0,22188.0,21979.0,21876.0,21541.0,21567.0,21318.0,21127.0,20969.0,21026.0,20667.0,20651.0,20461.0,20556.0,20395.0,19965.0,19731.0,19785.0,19510.0,19404.0,19206.0,18992.0,18758.0,18716.0,18421.0,18210.0,18035.0,17833.0,17640.0,17481.0,17523.0,17154.0,17050.0,16951.0,16667.0,16550.0,16586.0,16091.0,16077.0,16073.0,15866.0,15815.0,15511.0,15519.0,15501.0,15188.0,15417.0,15172.0,14785.0,14595.0,14541.0,14379.0,14198.0,14145.0,14082.0,13731.0,13715.0,13744.0,13482.0,13287.0,13307.0,13138.0,12866.0,12766.0,12704.0,12426.0
K,2,26820.0,28231.0,25702.0,27637.0,27416.0,27037.0,27372.0,27212.0,26831.0,26787.0,26442.0,26617.0,26419.0,26099.0,26159.0,25930.0,26049.0,26098.0,25938.0,25579.0,26092.0,25748.0,25727.0,25635.0,25179.0,24801.0,24579.0,24551.0,24028.0,23943.0,23460.0,23461.0,23183.0,23017.0,22487.0,22757.0,22358.0,22218.0,22007.0,21910.0,21559.0,21589.0,21347.0,21145.0,20996.0,21045.0,20692.0,20664.0,20477.0,20576.0,20414.0,19980.0,19745.0,19800.0,19525.0,19408.0,19218.0,18994.0,18766.0,18734.0,18426.0,18218.0,18044.0,17844.0,17642.0,17486.0,17529.0,17165.0,17055.0,16958.0,16676.0,16551.0,16592.0,16093.0,16083.0,16078.0,15867.0,15819.0,15513.0,15523.0,15506.0,15191.0,15419.0,15173.0,14789.0,14599.0,14542.0,14381.0,14201.0,14146.0,14087.0,13734.0,13716.0,13746.0,13482.0,13288.0,13311.0,13143.0,12868.0,12767.0,12705.0
K,3,27466.0,27035.0,28409.0,25889.0,27826.0,27582.0,27152.0,27521.0,27373.0,26968.0,26904.0,26566.0,26712.0,26533.0,26208.0,26251.0,26019.0,26140.0,26178.0,26011.0,25643.0,26158.0,25819.0,25776.0,25690.0,25254.0,24864.0,24638.0,24598.0,24070.0,23996.0,23501.0,23508.0,23231.0,23044.0,22521.0,22787.0,22389.0,22250.0,22036.0,21929.0,21576.0,21618.0,21371.0,21174.0,21019.0,21071.0,20709.0,20683.0,20502.0,20591.0,20431.0,19995.0,19757.0,19809.0,19538.0,19423.0,19231.0,19003.0,18777.0,18747.0,18436.0,18229.0,18048.0,17852.0,17648.0,17489.0,17541.0,17171.0,17058.0,16962.0,16683.0,16552.0,16593.0,16096.0,16088.0,16083.0,15867.0,15823.0,15521.0,15526.0,15507.0,15194.0,15420.0,15177.0,14792.0,14602.0,14542.0,14383.0,14202.0,14150.0,14087.0,13739.0,13718.0,13746.0,13485.0,13287.0,13312.0,13143.0,12868.0,12767.0
K,4,27692.0,27664.0,27246.0,28579.0,26061.0,27986.0,27730.0,27299.0,27659.0,27495.0,27090.0,27020.0,26683.0,26803.0,26640.0,26316.0,26339.0,26122.0,26221.0,26256.0,26082.0,25711.0,26227.0,25876.0,25835.0,25745.0,25307.0,24921.0,24703.0,24649.0,24109.0,24039.0,23539.0,23550.0,23255.0,23085.0,22556.0,22814.0,22410.0,22281.0,22068.0,21950.0,21596.0,21639.0,21392.0,21195.0,21047.0,21084.0,20725.0,20706.0,20520.0,20599.0,20448.0,20013.0,19768.0,19816.0,19546.0,19439.0,19239.0,19014.0,18786.0,18756.0,18444.0,18239.0,18057.0,17858.0,17656.0,17496.0,17546.0,17179.0,17067.0,16965.0,16687.0,16555.0,16595.0,16098.0,16092.0,16090.0,15868.0,15824.0,15524.0,15527.0,15509.0,15198.0,15421.0,15181.0,14797.0,14604.0,14542.0,14384.0,14204.0,14151.0,14088.0,13741.0,13719.0,13746.0,13487.0,13289.0,13313.0,13144.0,12868.0
K,5,28546.0,27929.0,27879.0,27442.0,28759.0,26248.0,28149.0,27900.0,27457.0,27791.0,27627.0,27214.0,27141.0,26804.0,26917.0,26754.0,26412.0,26444.0,26197.0,26311.0,26346.0,26159.0,25782.0,26298.0,25947.0,25910.0,25799.0,25364.0,24981.0,24766.0,24686.0,24161.0,24080.0,23575.0,23587.0,23292.0,23129.0,22586.0,22848.0,22440.0,22312.0,22090.0,21980.0,21619.0,21669.0,21414.0,21212.0,21068.0,21101.0,20741.0,20725.0,20534.0,20627.0,20456.0,20031.0,19778.0,19824.0,19562.0,19457.0,19254.0,19022.0,18793.0,18767.0,18454.0,18245.0,18061.0,17869.0,17660.0,17505.0,17558.0,17183.0,17074.0,16972.0,16697.0,16559.0,16606.0,16103.0,16097.0,16095.0,15870.0,15828.0,15527.0,15529.0,15512.0,15199.0,15423.0,15183.0,14801.0,14606.0,14546.0,14387.0,14205.0,14154.0,14089.0,13742.0,13720.0,13750.0,13487.0,13291.0,13313.0,13145.0
K,6,29714.0,28794.0,28161.0,28076.0,27638.0,28938.0,26416.0,28301.0,28039.0,27587.0,27932.0,27741.0,27346.0,27248.0,26915.0,27023.0,26847.0,26511.0,26533.0,26286.0,26395.0,26429.0,26235.0,25868.0,26373.0,26004.0,25992.0,25858.0,25419.0,25036.0,24821.0,24733.0,24211.0,24121.0,23614.0,23618.0,23331.0,23167.0,22628.0,22886.0,22463.0,22337.0,22126.0,22003.0,21645.0,21691.0,21422.0,21227.0,21084.0,21121.0,20757.0,20741.0,20546.0,20644.0,20476.0,20043.0,19791.0,19835.0,19572.0,19474.0,19266.0,19033.0,18800.0,18773.0,18463.0,18253.0,18067.0,17872.0,17668.0,17510.0,17565.0,17189.0,17079.0,16978.0,16702.0,16564.0,16608.0,16107.0,16102.0,16098.0,15872.0,15833.0,15529.0,15531.0,15516.0,15204.0,15426.0,15186.0,14802.0,14609.0,14549.0,14389.0,14208.0,14157.0,14090.0,13746.0,13723.0,13751.0,13487.0,13291.0,13314.0
K,7,29958.0,29938.0,28988.0,28350.0,28282.0,27807.0,29091.0,26560.0,28457.0,28186.0,27724.0,28087.0,27842.0,27451.0,27357.0,27024.0,27109.0,26939.0,26596.0,26641.0,26365.0,26471.0,26510.0,26319.0,25932.0,26431.0,26051.0,26044.0,25908.0,25474.0,25082.0,24865.0,24785.0,24240.0,24164.0,23648.0,23649.0,23364.0,23207.0,22646.0,22913.0,22494.0,22367.0,22154.0,22027.0,21670.0,21710.0,21443.0,21249.0,21104.0,21139.0,20775.0,20755.0,20562.0,20659.0,20490.0,20059.0,19808.0,19844.0,19583.0,19488.0,19277.0,19044.0,18807.0,18780.0,18476.0,18265.0,18072.0,17878.0,17674.0,17514.0,17575.0,17196.0,17085.0,16984.0,16706.0,16564.0,16614.0,16112.0,16103.0,16102.0,15875.0,15837.0,15531.0,15533.0,15522.0,15205.0,15429.0,15191.0,14803.0,14611.0,14549.0,14392.0,14207.0,14158.0,14090.0,13748.0,13725.0,13755.0,13491.0,13293.0
K,8,30221.0,30178.0,30174.0,29175.0,28547.0,28463.0,27972.0,29257.0,26726.0,28586.0,28303.0,27864.0,28191.0,27944.0,27547.0,27459.0,27151.0,27195.0,27028.0,26694.0,26722.0,26426.0,26548.0,26574.0,26400.0,25999.0,26474.0,26109.0,26103.0,25945.0,25516.0,25134.0,24904.0,24816.0,24276.0,24203.0,23685.0,23674.0,23405.0,23235.0,22670.0,22943.0,22528.0,22382.0,22185.0,22052.0,21697.0,21735.0,21467.0,21270.0,21125.0,21160.0,20792.0,20762.0,20580.0,20672.0,20501.0,20072.0,19825.0,19854.0,19596.0,19494.0,19285.0,19055.0,18816.0,18787.0,18486.0,18277.0,18078.0,17882.0,17684.0,17519.0,17580.0,17202.0,17088.0,16985.0,16712.0,16565.0,16620.0,16117.0,16108.0,16109.0,15879.0,15836.0,15532.0,15533.0,15524.0,15208.0,15430.0,15193.0,14805.0,14613.0,14551.0,14393.0,14212.0,14160.0,14093.0,13751.0,13725.0,13756.0,13493.0
K,9,30613.0,30449.0,30395.0,30389.0,29388.0,28728.0,28640.0,28131.0,29426.0,26882.0,28737.0,28428.0,27971.0,28314.0,28055.0,27660.0,27575.0,27261.0,27290.0,27115.0,26765.0,26803.0,26497.0,26625.0,26651.0,26451.0,26048.0,26541.0,26157.0,26149.0,25992.0,25566.0,25189.0,24953.0,24849.0,24319.0,24231.0,23722.0,23697.0,23436.0,23266.0,22695.0,22973.0,22552.0,22401.0,22218.0,22070.0,21716.0,21748.0,21488.0,21289.0,21139.0,21176.0,20803.0,20783.0,20587.0,20689.0,20514.0,20084.0,19835.0,19866.0,19605.0,19508.0,19299.0,19057.0,18825.0,18793.0,18493.0,18288.0,18087.0,17887.0,17693.0,17522.0,17588.0,17206.0,17093.0,16990.0,16713.0,16567.0,16624.0,16123.0,16110.0,16110.0,15885.0,15837.0,15534.0,15535.0,15526.0,15210.0,15430.0,15194.0,14807.0,14616.0,14552.0,14395.0,14213.0,14163.0,14094.0,13752.0,13727.0,13760.0
K,10,31377.0,30844.0,30685.0,30609.0,30611.0,29570.0,28918.0,28814.0,28287.0,29586.0,27026.0,28866.0,28578.0,28101.0,28443.0,28159.0,27758.0,27663.0,27360.0,27385.0,27194.0,26837.0,26892.0,26572.0,26707.0,26702.0,26515.0,26106.0,26597.0,26217.0,26198.0,26046.0,25611.0,25235.0,24995.0,24898.0,24362.0,24263.0,23751.0,23730.0,23458.0,23295.0,22716.0,23005.0,22590.0,22431.0,22245.0,22093.0,21743.0,21764.0,21513.0,21315.0,21152.0,21194.0,20821.0,20804.0,20598.0,20713.0,20526.0,20094.0,19844.0,19881.0,19612.0,19511.0,19309.0,19067.0,18836.0,18808.0,18501.0,18294.0,18095.0,17892.0,17699.0,17527.0,17588.0,17216.0,17094.0,16995.0,16718.0,16573.0,16629.0,16131.0,16112.0,16111.0,15888.0,15837.0,15535.0,15536.0,15528.0,15215.0,15432.0,15195.0,14807.0,14617.0,14556.0,14395.0,14214.0,14164.0,14095.0,13753.0,13727.0
K,11,31526.0,31616.0,31088.0,30909.0,30817.0,30803.0,29772.0,29073.0,29001.0,28454.0,29732.0,27173.0,28993.0,28700.0,28222.0,28564.0,28258.0,27864.0,27757.0,27448.0,27464.0,27277.0,26914.0,26965.0,26665.0,26786.0,26764.0,26576.0,26159.0,26646.0,26267.0,26255.0,26088.0,25649.0,25287.0,25043.0,24940.0,24393.0,24298.0,23783.0,23756.0,23483.0,23318.0,22741.0,23035.0,22605.0,22455.0,22260.0,22118.0,21759.0,21780.0,21539.0,21334.0,21174.0,21210.0,20836.0,20821.0,20611.0,20723.0,20542.0,20111.0,19850.0,19894.0,19627.0,19520.0,19314.0,19075.0,18847.0,18817.0,18502.0,18300.0,18103.0,17896.0,17706.0,17531.0,17593.0,17219.0,17101.0,16998.0,16721.0,16579.0,16635.0,16134.0,16115.0,16113.0,15891.0,15840.0,15537.0,15537.0,15532.0,15218.0,15434.0,15196.0,14808.0,14620.0,14557.0,14397.0,14216.0,14167.0,14097.0,13753.0
K,12,32628.0,31765.0,31854.0,31272.0,31128.0,31007.0,31002.0,29922.0,29234.0,29143.0,28615.0,29869.0,27298.0,29111.0,28831.0,28347.0,28676.0,28368.0,27962.0,27864.0,27530.0,27553.0,27361.0,26991.0,27047.0,26737.0,26862.0,26838.0,26639.0,26213.0,26699.0,26312.0,26317.0,26123.0,25694.0,25324.0,25090.0,24977.0,24424.0,24332.0,23814.0,23791.0,23526.0,23348.0,22759.0,23054.0,22633.0,22476.0,22281.0,22135.0,21782.0,21801.0,21553.0,21353.0,21188.0,21225.0,20852.0,20834.0,20625.0,20729.0,20555.0,20125.0,19858.0,19901.0,19644.0,19527.0,19318.0,19083.0,18857.0,18822.0,18510.0,18309.0,18110.0,17900.0,17714.0,17539.0,17597.0,17225.0,17103.0,17003.0,16725.0,16581.0,16641.0,16137.0,16119.0,16116.0,15893.0,15841.0,15538.0,15542.0,15533.0,15221.0,15434.0,15195.0,14809.0,14621.0,14559.0,14399.0,14216.0,14169.0,14099.0
K,13,33044.0,32836.0,31993.0,32074.0,31474.0,31294.0,31193.0,31176.0,30099.0,29407.0,29269.0,28749.0,30013.0,27432.0,29229.0,28916.0,28454.0,28792.0,28473.0,28069.0,27951.0,27616.0,27635.0,27446.0,27073.0,27113.0,26799.0,26922.0,26900.0,26692.0,26281.0,26760.0,26351.0,26370.0,26171.0,25750.0,25360.0,25118.0,25010.0,24452.0,24360.0,23841.0,23815.0,23555.0,23373.0,22781.0,23074.0,22657.0,22503.0,22301.0,22157.0,21803.0,21816.0,21573.0,21366.0,21204.0,21238.0,20863.0,20848.0,20636.0,20740.0,20569.0,20130.0,19867.0,19912.0,19656.0,19533.0,19330.0,19083.0,18860.0,18828.0,18516.0,18314.0,18121.0,17907.0,17720.0,17548.0,17600.0,17227.0,17111.0,17010.0,16728.0,16584.0,16644.0,16141.0,16122.0,16118.0,15896.0,15842.0,15539.0,15544.0,15536.0,15222.0,15435.0,15198.0,14812.0,14624.0,14562.0,14400.0,14219.0,14171.0
K,14,32594.0,33285.0,33053.0,32199.0,32267.0,31664.0,31490.0,31333.0,31345.0,30253.0,29561.0,29411.0,28878.0,30155.0,27551.0,29343.0,29035.0,28555.0,28873.0,28580.0,28154.0,28041.0,27697.0,27714.0,27514.0,27147.0,27170.0,26880.0,26993.0,26951.0,26742.0,26320.0,26802.0,26394.0,26418.0,26215.0,25781.0,25402.0,25158.0,25040.0,24489.0,24396.0,23878.0,23847.0,23579.0,23394.0,22792.0,23098.0,22672.0,22521.0,22324.0,22181.0,21818.0,21836.0,21584.0,21382.0,21220.0,21249.0,20874.0,20862.0,20646.0,20753.0,20574.0,20135.0,19876.0,19922.0,19661.0,19537.0,19336.0,19092.0,18868.0,18832.0,18527.0,18320.0,18124.0,17912.0,17725.0,17551.0,17604.0,17233.0,17115.0,17012.0,16733.0,16588.0,16649.0,16143.0,16124.0,16122.0,15897.0,15845.0,15545.0,15546.0,15537.0,15225.0,15438.0,15198.0,14813.0,14626.0,14564.0,14401.0,14219.0
K,15,31915.0,32827.0,33523.0,33254.0,32390.0,32462.0,31854.0,31670.0,31487.0,31514.0,30390.0,29700.0,29537.0,29014.0,30278.0,27665.0,29445.0,29147.0,28652.0,28973.0,28688.0,28226.0,28136.0,27770.0,27784.0,27582.0,27217.0,27232.0,26935.0,27046.0,27003.0,26790.0,26369.0,26856.0,26428.0,26455.0,26257.0,25820.0,25445.0,25198.0,25073.0,24518.0,24430.0,23904.0,23878.0,23599.0,23417.0,22814.0,23127.0,22690.0,22542.0,22345.0,22193.0,21832.0,21855.0,21601.0,21394.0,21230.0,21257.0,20877.0,20874.0,20654.0,20764.0,20583.0,20141.0,19888.0,19932.0,19666.0,19545.0,19342.0,19094.0,18873.0,18846.0,18531.0,18328.0,18127.0,17915.0,17734.0,17557.0,17608.0,17236.0,17120.0,17013.0,16738.0,16590.0,16652.0,16145.0,16130.0,16124.0,15900.0,15846.0,15549.0,15547.0,15538.0,15227.0,15439.0,15201.0,14816.0,14627.0,14566.0,14402.0
K,16,32102.0,32150.0,33072.0,33750.0,33452.0,32591.0,32634.0,32034.0,31820.0,31643.0,31654.0,30544.0,29835.0,29666.0,29159.0,30392.0,27772.0,29551.0,29265.0,28739.0,29077.0,28765.0,28312.0,28215.0,27846.0,27855.0,27642.0,27291.0,27293.0,26975.0,27102.0,27048.0,26852.0,26416.0,26901.0,26476.0,26501.0,26299.0,25858.0,25480.0,25230.0,25114.0,24547.0,24454.0,23937.0,23908.0,23624.0,23435.0,22834.0,23142.0,22714.0,22561.0,22361.0,22213.0,21849.0,21869.0,21607.0,21411.0,21239.0,21271.0,20887.0,20886.0,20670.0,20774.0,20592.0,20150.0,19898.0,19941.0,19670.0,19550.0,19349.0,19101.0,18880.0,18852.0,18543.0,18333.0,18130.0,17919.0,17740.0,17560.0,17612.0,17241.0,17126.0,17017.0,16742.0,16593.0,16655.0,16146.0,16135.0,16127.0,15902.0,15850.0,15553.0,15547.0,15539.0,15231.0,15440.0,15204.0,14820.0,14627.0,14572.0
K,17,31505.0,32345.0,32405.0,33320.0,33940.0,33643.0,32778.0,32816.0,32205.0,31965.0,31803.0,31804.0,30701.0,29965.0,29777.0,29289.0,30484.0,27893.0,29668.0,29353.0,28842.0,29169.0,28857.0,28391.0,28283.0,27910.0,27923.0,27696.0,27350.0,27350.0,27020.0,27147.0,27098.0,26902.0,26461.0,26942.0,26515.0,26541.0,26331.0,25893.0,25514.0,25264.0,25143.0,24567.0,24477.0,23972.0,23948.0,23659.0,23465.0,22850.0,23163.0,22733.0,22575.0,22374.0,22223.0,21862.0,21883.0,21621.0,21424.0,21247.0,21281.0,20902.0,20891.0,20683.0,20778.0,20604.0,20158.0,19900.0,19949.0,19676.0,19554.0,19352.0,19105.0,18884.0,18856.0,18546.0,18338.0,18133.0,17922.0,17743.0,17562.0,17615.0,17246.0,17129.0,17020.0,16743.0,16597.0,16661.0,16147.0,16137.0,16128.0,15904.0,15850.0,15553.0,15548.0,15540.0,15234.0,15441.0,15205.0,14822.0,14627.0
K,18,31573.0,31743.0,32595.0,32607.0,33537.0,34140.0,33830.0,32971.0,32977.0,32348.0,32115.0,31945.0,31942.0,30847.0,30082.0,29890.0,29402.0,30577.0,27992.0,29777.0,29450.0,28922.0,29250.0,28934.0,28447.0,28345.0,27997.0,27994.0,27758.0,27406.0,27424.0,27083.0,27207.0,27153.0,26941.0,26507.0,26983.0,26552.0,26586.0,26357.0,25922.0,25545.0,25296.0,25166.0,24598.0,24501.0,24000.0,23973.0,23677.0,23493.0,22875.0,23187.0,22749.0,22584.0,22393.0,22237.0,21879.0,21891.0,21630.0,21436.0,21259.0,21293.0,20907.0,20901.0,20696.0,20785.0,20615.0,20161.0,19912.0,19959.0,19681.0,19560.0,19355.0,19108.0,18895.0,18860.0,18554.0,18344.0,18134.0,17928.0,17748.0,17565.0,17621.0,17249.0,17132.0,17022.0,16746.0,16605.0,16661.0,16150.0,16138.0,16130.0,15905.0,15853.0,15555.0,15550.0,15542.0,15237.0,15441.0,15205.0,14822.0
K,19,31441.0,31814.0,31970.0,32795.0,32820.0,33734.0,34327.0,33991.0,33155.0,33124.0,32511.0,32278.0,32067.0,32062.0,30932.0,30205.0,30001.0,29504.0,30695.0,28088.0,29868.0,29530.0,29016.0,29319.0,29000.0,28527.0,28414.0,28057.0,28056.0,27814.0,27464.0,27468.0,27138.0,27255.0,27205.0,26978.0,26544.0,27018.0,26593.0,26618.0,26386.0,25949.0,25581.0,25328.0,25195.0,24630.0,24528.0,24028.0,23996.0,23699.0,23512.0,22894.0,23208.0,22763.0,22598.0,22401.0,22251.0,21892.0,21907.0,21638.0,21445.0,21265.0,21306.0,20913.0,20912.0,20704.0,20792.0,20623.0,20170.0,19917.0,19964.0,19690.0,19567.0,19363.0,19116.0,18901.0,18864.0,18558.0,18354.0,18139.0,17934.0,17752.0,17570.0,17624.0,17254.0,17133.0,17024.0,16747.0,16608.0,16664.0,16151.0,16140.0,16133.0,15908.0,15854.0,15559.0,15550.0,15544.0,15238.0,15444.0,15207.0
K,20,31111.0,31653.0,32055.0,32176.0,33003.0,33020.0,33923.0,34505.0,34173.0,33329.0,33276.0,32654.0,32408.0,32190.0,32178.0,31043.0,30304.0,30110.0,29606.0,30789.0,28178.0,29948.0,29617.0,29108.0,29392.0,29081.0,28582.0,28484.0,28121.0,28110.0,27870.0,27520.0,27519.0,27182.0,27301.0,27250.0,27018.0,26582.0,27053.0,26629.0,26655.0,26414.0,25989.0,25619.0,25351.0,25219.0,24650.0,24547.0,24061.0,24015.0,23722.0,23530.0,22919.0,23220.0,22772.0,22616.0,22412.0,22266.0,21901.0,21919.0,21648.0,21454.0,21276.0,21313.0,20925.0,20922.0,20718.0,20802.0,20629.0,20178.0,19923.0,19969.0,19696.0,19569.0,19365.0,19122.0,18904.0,18868.0,18564.0,18359.0,18144.0,17938.0,17756.0,17575.0,17627.0,17256.0,17133.0,17027.0,16748.0,16611.0,16668.0,16155.0,16143.0,16138.0,15911.0,15858.0,15559.0,15554.0,15546.0,15240.0,15444.0
K,21,31588.0,31361.0,31922.0,32271.0,32372.0,33196.0,33203.0,34085.0,34665.0,34333.0,33484.0,33423.0,32793.0,32547.0,32313.0,32295.0,31147.0,30410.0,30205.0,29674.0,30875.0,28253.0,30030.0,29699.0,29179.0,29462.0,29155.0,28634.0,28542.0,28176.0,28162.0,27917.0,27570.0,27562.0,27220.0,27347.0,27291.0,27052.0,26614.0,27086.0,26655.0,26690.0,26442.0,26015.0,25639.0,25381.0,25246.0,24672.0,24577.0,24083.0,24034.0,23749.0,23552.0,22940.0,23243.0,22785.0,22630.0,22423.0,22281.0,21911.0,21927.0,21659.0,21470.0,21284.0,21320.0,20937.0,20926.0,20726.0,20818.0,20634.0,20191.0,19927.0,19978.0,19701.0,19578.0,19371.0,19130.0,18907.0,18877.0,18570.0,18362.0,18146.0,17942.0,17759.0,17580.0,17630.0,17256.0,17135.0,17032.0,16749.0,16610.0,16670.0,16155.0,16144.0,16141.0,15912.0,15860.0,15560.0,15555.0,15546.0,15241.0
K,22,32878.0,31829.0,31587.0,32158.0,32468.0,32586.0,33388.0,33380.0,34259.0,34816.0,34491.0,33613.0,33571.0,32919.0,32680.0,32424.0,32411.0,31256.0,30509.0,30287.0,29769.0,30951.0,28329.0,30115.0,29778.0,29249.0,29524.0,29214.0,28698.0,28595.0,28229.0,28213.0,27954.0,27610.0,27593.0,27249.0,27386.0,27321.0,27094.0,26648.0,27131.0,26691.0,26715.0,26474.0,26044.0,25663.0,25400.0,25273.0,24692.0,24603.0,24101.0,24047.0,23762.0,23573.0,22952.0,23254.0,22800.0,22641.0,22437.0,22295.0,21924.0,21939.0,21664.0,21487.0,21293.0,21328.0,20944.0,20931.0,20732.0,20824.0,20640.0,20199.0,19932.0,19981.0,19706.0,19584.0,19381.0,19138.0,18911.0,18880.0,18573.0,18366.0,18147.0,17946.0,17759.0,17583.0,17633.0,17257.0,17137.0,17034.0,16750.0,16610.0,16671.0,16158.0,16145.0,16143.0,15913.0,15862.0,15560.0,15555.0,15546.0
K,23,33088.0,33131.0,32072.0,31792.0,32351.0,32650.0,32774.0,33562.0,33521.0,34415.0,34987.0,34652.0,33739.0,33711.0,33055.0,32786.0,32533.0,32524.0,31342.0,30615.0,30375.0,29851.0,31039.0,28407.0,30190.0,29859.0,29320.0,29590.0,29273.0,28760.0,28642.0,28283.0,28267.0,28007.0,27652.0,27636.0,27286.0,27420.0,27357.0,27135.0,26673.0,27167.0,26720.0,26740.0,26513.0,26070.0,25681.0,25434.0,25287.0,24716.0,24623.0,24114.0,24066.0,23780.0,23591.0,22964.0,23268.0,22809.0,22655.0,22450.0,22311.0,21939.0,21955.0,21680.0,21500.0,21300.0,21337.0,20953.0,20939.0,20741.0,20835.0,20650.0,20210.0,19941.0,19986.0,19715.0,19592.0,19387.0,19145.0,18915.0,18882.0,18576.0,18370.0,18149.0,17949.0,17761.0,17587.0,17637.0,17259.0,17139.0,17036.0,16751.0,16611.0,16673.0,16161.0,16147.0,16145.0,15915.0,15863.0,15562.0,15557.0
K,24,33364.0,33317.0,33374.0,32317.0,31990.0,32560.0,32848.0,32963.0,33728.0,33679.0,34564.0,35116.0,34786.0,33867.0,33839.0,33155.0,32873.0,32650.0,32627.0,31438.0,30696.0,30460.0,29942.0,31122.0,28478.0,30252.0,29918.0,29394.0,29647.0,29328.0,28804.0,28684.0,28344.0,28309.0,28059.0,27692.0,27678.0,27323.0,27461.0,27402.0,27173.0,26718.0,27188.0,26750.0,26767.0,26538.0,26085.0,25701.0,25452.0,25302.0,24729.0,24642.0,24129.0,24083.0,23794.0,23602.0,22984.0,23278.0,22828.0,22664.0,22456.0,22320.0,21946.0,21966.0,21689.0,21505.0,21308.0,21343.0,20959.0,20945.0,20756.0,20842.0,20657.0,20214.0,19948.0,19993.0,19720.0,19597.0,19388.0,19150.0,18917.0,18885.0,18581.0,18373.0,18152.0,17949.0,17766.0,17593.0,17642.0,17259.0,17143.0,17039.0,16754.0,16612.0,16677.0,16164.0,16147.0,16147.0,15916.0,15865.0,15563.0
K,25,34378.0,33601.0,33566.0,33603.0,32518.0,32212.0,32778.0,33058.0,33150.0,33887.0,33841.0,34732.0,35261.0,34930.0,34002.0,33985.0,33267.0,32998.0,32759.0,32716.0,31527.0,30800.0,30554.0,30020.0,31197.0,28542.0,30322.0,29978.0,29471.0,29709.0,29391.0,28862.0,28735.0,28389.0,28353.0,28108.0,27738.0,27727.0,27366.0,27503.0,27442.0,27214.0,26751.0,27220.0,26783.0,26794.0,26560.0,26105.0,25728.0,25480.0,25329.0,24750.0,24658.0,24150.0,24103.0,23808.0,23618.0,22996.0,23290.0,22836.0,22674.0,22475.0,22333.0,21958.0,21978.0,21692.0,21514.0,21314.0,21350.0,20963.0,20953.0,20762.0,20846.0,20662.0,20222.0,19952.0,19996.0,19727.0,19603.0,19400.0,19151.0,18921.0,18888.0,18585.0,18377.0,18156.0,17955.0,17770.0,17596.0,17644.0,17262.0,17145.0,17040.0,16754.0,16613.0,16679.0,16167.0,16148.0,16148.0,15917.0,15866.0
K,26,35747.0,34648.0,33861.0,33777.0,33809.0,32726.0,32400.0,32945.0,33238.0,33294.0,34059.0,33996.0,34910.0,35391.0,35084.0,34144.0,34126.0,33388.0,33120.0,32866.0,32813.0,31632.0,30883.0,30618.0,30094.0,31272.0,28620.0,30403.0,30049.0,29534.0,29775.0,29437.0,28899.0,28778.0,28437.0,28400.0,28156.0,27775.0,27765.0,27406.0,27554.0,27475.0,27254.0,26783.0,27248.0,26813.0,26822.0,26587.0,26126.0,25755.0,25500.0,25349.0,24763.0,24675.0,24172.0,24120.0,23823.0,23629.0,23006.0,23300.0,22856.0,22690.0,22483.0,22340.0,21965.0,21992.0,21704.0,21520.0,21323.0,21363.0,20970.0,20966.0,20773.0,20851.0,20670.0,20228.0,19958.0,20006.0,19732.0,19612.0,19405.0,19152.0,18925.0,18895.0,18591.0,18379.0,18157.0,17959.0,17776.0,17597.0,17646.0,17268.0,17146.0,17044.0,16756.0,16615.0,16680.0,16169.0,16150.0,16151.0,15918.0
K,27,35920.0,36016.0,34913.0,34095.0,34004.0,34039.0,32933.0,32602.0,33122.0,33427.0,33477.0,34225.0,34140.0,35065.0,35511.0,35214.0,34265.0,34262.0,33491.0,33224.0,32963.0,32892.0,31731.0,30979.0,30706.0,30151.0,31341.0,28708.0,30467.0,30107.0,29601.0,29818.0,29492.0,28961.0,28830.0,28483.0,28447.0,28198.0,27806.0,27799.0,27435.0,27573.0,27490.0,27279.0,26804.0,27283.0,26834.0,26844.0,26608.0,26146.0,25780.0,25510.0,25366.0,24778.0,24689.0,24189.0,24135.0,23832.0,23640.0,23013.0,23311.0,22870.0,22703.0,22502.0,22351.0,21973.0,22006.0,21713.0,21531.0,21329.0,21371.0,20971.0,20970.0,20780.0,20856.0,20675.0,20233.0,19966.0,20010.0,19737.0,19619.0,19409.0,19155.0,18929.0,18901.0,18594.0,18382.0,18160.0,17964.0,17778.0,17598.0,17649.0,17271.0,17147.0,17049.0,16760.0,16619.0,16682.0,16171.0,16152.0,16152.0
K,28,36385.0,36188.0,36285.0,35142.0,34313.0,34245.0,34273.0,33122.0,32801.0,33301.0,33592.0,33619.0,34377.0,34266.0,35205.0,35631.0,35329.0,34396.0,34368.0,33595.0,33320.0,33060.0,32988.0,31813.0,31060.0,30771.0,30230.0,31417.0,28764.0,30543.0,30161.0,29654.0,29872.0,29545.0,29009.0,28867.0,28531.0,28492.0,28235.0,27842.0,27832.0,27467.0,27605.0,27525.0,27305.0,26843.0,27307.0,26855.0,26870.0,26638.0,26169.0,25801.0,25526.0,25386.0,24790.0,24711.0,24203.0,24150.0,23847.0,23649.0,23019.0,23325.0,22888.0,22718.0,22510.0,22360.0,21979.0,22017.0,21724.0,21538.0,21339.0,21378.0,20976.0,20975.0,20785.0,20864.0,20683.0,20240.0,19968.0,20012.0,19743.0,19622.0,19415.0,19161.0,18932.0,18901.0,18598.0,18385.0,18164.0,17966.0,17781.0,17599.0,17652.0,17272.0,17147.0,17052.0,16761.0,16623.0,16685.0,16173.0,16153.0
K,29,36994.0,36646.0,36422.0,36507.0,35368.0,34543.0,34436.0,34473.0,33268.0,32974.0,33470.0,33748.0,33771.0,34548.0,34404.0,35334.0,35761.0,35441.0,34491.0,34486.0,33697.0,33420.0,33170.0,33080.0,31887.0,31162.0,30841.0,30303.0,31464.0,28829.0,30609.0,30222.0,29716.0,29926.0,29594.0,29052.0,28911.0,28566.0,28525.0,28270.0,27876.0,27861.0,27503.0,27637.0,27556.0,27338.0,26876.0,27328.0,26877.0,26887.0,26655.0,26177.0,25819.0,25545.0,25405.0,24809.0,24727.0,24224.0,24165.0,23859.0,23656.0,23032.0,23335.0,22899.0,22726.0,22527.0,22367.0,21985.0,22022.0,21731.0,21544.0,21347.0,21384.0,20982.0,20985.0,20792.0,20872.0,20693.0,20250.0,19974.0,20016.0,19749.0,19626.0,19418.0,19166.0,18937.0,18904.0,18601.0,18389.0,18167.0,17970.0,17782.0,17606.0,17651.0,17274.0,17152.0,17054.0,16764.0,16626.0,16686.0,16175.0
K,30,37694.0,37255.0,36915.0,36656.0,36752.0,35621.0,34743.0,34646.0,34685.0,33438.0,33162.0,33634.0,33894.0,33934.0,34696.0,34534.0,35459.0,35895.0,35565.0,34617.0,34618.0,33782.0,33507.0,33250.0,33155.0,31966.0,31235.0,30911.0,30383.0,31523.0,28904.0,30666.0,30275.0,29771.0,29976.0,29638.0,29094.0,28941.0,28619.0,28560.0,28293.0,27912.0,27907.0,27545.0,27680.0,27582.0,27375.0,26899.0,27350.0,26901.0,26911.0,26678.0,26205.0,25841.0,25564.0,25424.0,24828.0,24747.0,24240.0,24172.0,23876.0,23672.0,23048.0,23349.0,22907.0,22736.0,22542.0,22379.0,21993.0,22033.0,21737.0,21553.0,21348.0,21392.0,20982.0,20989.0,20797.0,20876.0,20700.0,20254.0,19985.0,20018.0,19756.0,19628.0,19421.0,19167.0,18939.0,18906.0,18605.0,18394.0,18169.0,17972.0,17783.0,17607.0,17652.0,17278.0,17154.0,17058.0,16764.0,16627.0,16689.0
K,31,38587.0,38010.0,37502.0,37212.0,36904.0,36978.0,35849.0,34986.0,34857.0,34862.0,33600.0,33316.0,33777.0,34052.0,34068.0,34856.0,34635.0,35588.0,35990.0,35682.0,34702.0,34723.0,33871.0,33593.0,33323.0,33228.0,32050.0,31304.0,30985.0,30452.0,31564.0,28976.0,30731.0,30326.0,29824.0,30024.0,29681.0,29138.0,28981.0,28655.0,28599.0,28324.0,27946.0,27938.0,27572.0,27708.0,27609.0,27396.0,26929.0,27374.0,26916.0,26937.0,26698.0,26225.0,25860.0,25587.0,25440.0,24837.0,24760.0,24255.0,24182.0,23884.0,23687.0,23059.0,23359.0,22918.0,22744.0,22548.0,22385.0,22002.0,22047.0,21739.0,21558.0,21356.0,21403.0,20987.0,20997.0,20811.0,20877.0,20708.0,20259.0,20000.0,20020.0,19759.0,19634.0,19425.0,19170.0,18942.0,18914.0,18608.0,18395.0,18173.0,17973.0,17783.0,17609.0,17654.0,17279.0,17155.0,17060.0,16768.0,16628.0
K,32,39395.0,38885.0,38262.0,37740.0,37435.0,37139.0,37208.0,36063.0,35212.0,35036.0,35051.0,33778.0,33474.0,33969.0,34223.0,34208.0,34985.0,34772.0,35699.0,36131.0,35764.0,34801.0,34828.0,33975.0,33673.0,33391.0,33296.0,32138.0,31366.0,31058.0,30524.0,31627.0,29038.0,30792.0,30375.0,29876.0,30071.0,29716.0,29178.0,29028.0,28704.0,28637.0,28355.0,27972.0,27956.0,27595.0,27730.0,27641.0,27415.0,26949.0,27393.0,26938.0,26952.0,26714.0,26249.0,25875.0,25609.0,25455.0,24847.0,24775.0,24268.0,24195.0,23893.0,23697.0,23072.0,23369.0,22929.0,22756.0,22556.0,22393.0,22013.0,22055.0,21745.0,21568.0,21366.0,21410.0,20992.0,21003.0,20819.0,20883.0,20713.0,20266.0,20003.0,20021.0,19766.0,19636.0,19428.0,19172.0,18946.0,18915.0,18611.0,18396.0,18172.0,17974.0,17789.0,17612.0,17653.0,17279.0,17156.0,17061.0,16769.0
K,33,38889.0,39681.0,39171.0,38509.0,37986.0,37656.0,37344.0,37403.0,36252.0,35403.0,35211.0,35250.0,33952.0,33606.0,34108.0,34355.0,34337.0,35093.0,34897.0,35825.0,36237.0,35871.0,34906.0,34928.0,34060.0,33759.0,33460.0,33357.0,32204.0,31423.0,31117.0,30594.0,31680.0,29089.0,30840.0,30430.0,29922.0,30119.0,29762.0,29216.0,29069.0,28745.0,28678.0,28383.0,28002.0,27986.0,27625.0,27759.0,27661.0,27435.0,26971.0,27408.0,26955.0,26967.0,26736.0,26267.0,25888.0,25618.0,25470.0,24862.0,24784.0,24286.0,24210.0,23901.0,23713.0,23078.0,23378.0,22938.0,22767.0,22562.0,22402.0,22018.0,22064.0,21751.0,21575.0,21371.0,21412.0,20997.0,21008.0,20823.0,20887.0,20714.0,20271.0,20009.0,20022.0,19772.0,19642.0,19431.0,19176.0,18954.0,18916.0,18614.0,18399.0,18172.0,17974.0,17789.0,17613.0,17655.0,17280.0,17156.0,17062.0
K,34,38601.0,39191.0,39936.0,39442.0,38749.0,38222.0,37885.0,37553.0,37588.0,36454.0,35594.0,35397.0,35398.0,34099.0,33749.0,34247.0,34482.0,34457.0,35204.0,35015.0,35931.0,36350.0,35959.0,35006.0,35012.0,34128.0,33829.0,33524.0,33417.0,32283.0,31494.0,31181.0,30647.0,31733.0,29145.0,30890.0,30480.0,29957.0,30178.0,29802.0,29252.0,29093.0,28770.0,28705.0,28412.0,28030.0,28015.0,27656.0,27793.0,27686.0,27459.0,26992.0,27429.0,26967.0,26983.0,26756.0,26285.0,25904.0,25634.0,25476.0,24875.0,24803.0,24295.0,24223.0,23919.0,23726.0,23092.0,23388.0,22950.0,22776.0,22572.0,22413.0,22022.0,22073.0,21757.0,21584.0,21377.0,21418.0,20999.0,21012.0,20831.0,20892.0,20716.0,20275.0,20012.0,20025.0,19777.0,19643.0,19433.0,19178.0,18959.0,18917.0,18615.0,18404.0,18174.0,17979.0,17789.0,17617.0,17657.0,17282.0,17157.0
K,35,37403.0,38876.0,39476.0,40216.0,39675.0,38985.0,38456.0,38121.0,37725.0,37778.0,36632.0,35755.0,35553.0,35543.0,34264.0,33878.0,34360.0,34598.0,34563.0,35321.0,35129.0,36044.0,36444.0,36046.0,35090.0,35111.0,34203.0,33899.0,33600.0,33480.0,32342.0,31549.0,31225.0,30684.0,31784.0,29194.0,30917.0,30537.0,29997.0,30215.0,29847.0,29282.0,29122.0,28816.0,28735.0,28447.0,28064.0,28048.0,27680.0,27804.0,27703.0,27482.0,27014.0,27452.0,26979.0,26998.0,26771.0,26305.0,25917.0,25645.0,25488.0,24883.0,24812.0,24299.0,24232.0,23928.0,23736.0,23104.0,23401.0,22965.0,22782.0,22576.0,22422.0,22030.0,22077.0,21760.0,21590.0,21384.0,21425.0,21000.0,21015.0,20834.0,20899.0,20717.0,20278.0,20016.0,20030.0,19777.0,19648.0,19434.0,19180.0,18963.0,18918.0,18619.0,18408.0,18175.0,17981.0,17791.0,17619.0,17658.0,17282.0
K,36,36743.0,37684.0,39146.0,39720.0,40465.0,39906.0,39187.0,38664.0,38344.0,37917.0,37953.0,36802.0,35918.0,35680.0,35706.0,34395.0,34016.0,34483.0,34715.0,34656.0,35438.0,35236.0,36132.0,36529.0,36130.0,35165.0,35192.0,34279.0,33975.0,33668.0,33551.0,32402.0,31608.0,31273.0,30725.0,31829.0,29243.0,30959.0,30582.0,30040.0,30259.0,29874.0,29312.0,29149.0,28838.0,28763.0,28484.0,28090.0,28072.0,27698.0,27818.0,27715.0,27497.0,27033.0,27471.0,26998.0,27015.0,26789.0,26320.0,25934.0,25659.0,25499.0,24895.0,24825.0,24307.0,24245.0,23941.0,23749.0,23116.0,23410.0,22968.0,22795.0,22586.0,22425.0,22034.0,22083.0,21763.0,21599.0,21391.0,21428.0,21004.0,21018.0,20840.0,20901.0,20721.0,20287.0,20019.0,20032.0,19780.0,19652.0,19436.0,19183.0,18964.0,18922.0,18621.0,18411.0,18177.0,17980.0,17792.0,17620.0,17660.0
K,37,36160.0,37040.0,37928.0,39387.0,39957.0,40668.0,40121.0,39386.0,38865.0,38540.0,38101.0,38119.0,36965.0,36071.0,35818.0,35837.0,34502.0,34122.0,34594.0,34826.0,34765.0,35542.0,35343.0,36240.0,36625.0,36216.0,35239.0,35268.0,34354.0,34044.0,33728.0,33612.0,32471.0,31648.0,31324.0,30770.0,31867.0,29290.0,30991.0,30617.0,30085.0,30296.0,29908.0,29350.0,29167.0,28874.0,28790.0,28514.0,28114.0,28086.0,27720.0,27841.0,27743.0,27514.0,27050.0,27494.0,27011.0,27034.0,26808.0,26337.0,25952.0,25673.0,25509.0,24905.0,24831.0,24318.0,24253.0,23953.0,23756.0,23123.0,23415.0,22976.0,22803.0,22593.0,22430.0,22041.0,22088.0,21770.0,21608.0,21398.0,21433.0,21008.0,21023.0,20841.0,20904.0,20724.0,20291.0,20023.0,20035.0,19782.0,19655.0,19438.0,19185.0,18966.0,18923.0,18622.0,18412.0,18180.0,17982.0,17793.0,17620.0
K,38,35848.0,36419.0,37326.0,38165.0,39645.0,40164.0,40872.0,40336.0,39577.0,39083.0,38709.0,38274.0,38298.0,37112.0,36188.0,35924.0,35967.0,34610.0,34240.0,34702.0,34926.0,34855.0,35620.0,35415.0,36311.0,36696.0,36289.0,35297.0,35335.0,34417.0,34094.0,33803.0,33671.0,32522.0,31702.0,31381.0,30816.0,31916.0,29333.0,31030.0,30665.0,30116.0,30329.0,29938.0,29371.0,29188.0,28907.0,28809.0,28539.0,28135.0,28118.0,27750.0,27861.0,27760.0,27539.0,27070.0,27505.0,27025.0,27048.0,26827.0,26347.0,25960.0,25682.0,25523.0,24915.0,24841.0,24331.0,24260.0,23965.0,23763.0,23131.0,23425.0,22982.0,22809.0,22602.0,22432.0,22050.0,22092.0,21771.0,21610.0,21406.0,21439.0,21010.0,21025.0,20843.0,20904.0,20728.0,20293.0,20025.0,20035.0,19785.0,19656.0,19440.0,19192.0,18967.0,18926.0,18622.0,18417.0,18184.0,17983.0,17796.0
K,39,35243.0,36116.0,36695.0,37591.0,38394.0,39866.0,40397.0,41056.0,40529.0,39751.0,39262.0,38875.0,38418.0,38461.0,37286.0,36320.0,36052.0,36104.0,34716.0,34339.0,34809.0,35038.0,34937.0,35711.0,35502.0,36399.0,36765.0,36358.0,35374.0,35400.0,34475.0,34157.0,33854.0,33725.0,32565.0,31747.0,31428.0,30864.0,31948.0,29370.0,31070.0,30702.0,30153.0,30362.0,29968.0,29406.0,29207.0,28937.0,28837.0,28557.0,28154.0,28141.0,27767.0,27878.0,27774.0,27552.0,27089.0,27515.0,27044.0,27056.0,26841.0,26359.0,25972.0,25690.0,25535.0,24923.0,24848.0,24343.0,24269.0,23973.0,23770.0,23138.0,23435.0,22989.0,22813.0,22610.0,22437.0,22055.0,22098.0,21777.0,21614.0,21412.0,21446.0,21015.0,21029.0,20844.0,20905.0,20734.0,20294.0,20029.0,20038.0,19790.0,19658.0,19442.0,19194.0,18967.0,18927.0,18624.0,18421.0,18188.0,17985.0
K,40,35525.0,35508.0,36407.0,36931.0,37812.0,38577.0,40072.0,40575.0,41231.0,40678.0,39903.0,39419.0,39016.0,38555.0,38584.0,37410.0,36442.0,36158.0,36215.0,34806.0,34446.0,34914.0,35124.0,35031.0,35785.0,35589.0,36470.0,36841.0,36416.0,35454.0,35451.0,34530.0,34208.0,33900.0,33776.0,32620.0,31793.0,31458.0,30908.0,31986.0,29404.0,31105.0,30729.0,30182.0,30389.0,29996.0,29419.0,29227.0,28951.0,28861.0,28582.0,28174.0,28157.0,27786.0,27898.0,27794.0,27559.0,27102.0,27521.0,27056.0,27068.0,26853.0,26369.0,25986.0,25700.0,25549.0,24925.0,24857.0,24349.0,24275.0,23976.0,23775.0,23144.0,23442.0,22993.0,22816.0,22613.0,22444.0,22057.0,22103.0,21779.0,21622.0,21413.0,21449.0,21021.0,21036.0,20847.0,20908.0,20737.0,20299.0,20031.0,20038.0,19793.0,19659.0,19444.0,19201.0,18968.0,18928.0,18625.0,18420.0,18187.0
K,41,34990.0,35775.0,35750.0,36648.0,37158.0,38045.0,38777.0,40267.0,40762.0,41403.0,40853.0,40059.0,39578.0,39168.0,38686.0,38709.0,37535.0,36568.0,36249.0,36315.0,34900.0,34523.0,35008.0,35214.0,35114.0,35869.0,35638.0,36532.0,36899.0,36483.0,35519.0,35511.0,34582.0,34242.0,33953.0,33829.0,32665.0,31831.0,31490.0,30945.0,32026.0,29428.0,31138.0,30751.0,30201.0,30409.0,30019.0,29442.0,29257.0,28979.0,28887.0,28600.0,28199.0,28181.0,27805.0,27921.0,27814.0,27571.0,27114.0,27537.0,27066.0,27079.0,26866.0,26377.0,25991.0,25709.0,25557.0,24932.0,24861.0,24354.0,24281.0,23982.0,23779.0,23148.0,23449.0,22999.0,22818.0,22619.0,22450.0,22059.0,22109.0,21779.0,21625.0,21420.0,21453.0,21023.0,21039.0,20849.0,20909.0,20737.0,20301.0,20032.0,20040.0,19796.0,19662.0,19445.0,19202.0,18969.0,18928.0,18628.0,18424.0
K,42,35089.0,35263.0,36012.0,35975.0,36843.0,37380.0,38226.0,38957.0,40451.0,40914.0,41567.0,41006.0,40210.0,39707.0,39287.0,38790.0,38825.0,37642.0,36673.0,36361.0,36414.0,34981.0,34609.0,35092.0,35293.0,35189.0,35944.0,35688.0,36601.0,36972.0,36534.0,35573.0,35558.0,34635.0,34301.0,33996.0,33871.0,32703.0,31868.0,31523.0,30992.0,32067.0,29467.0,31168.0,30762.0,30227.0,30436.0,30045.0,29461.0,29284.0,28991.0,28903.0,28618.0,28219.0,28198.0,27824.0,27933.0,27834.0,27586.0,27126.0,27553.0,27076.0,27093.0,26873.0,26384.0,25999.0,25722.0,25564.0,24934.0,24864.0,24360.0,24287.0,23988.0,23788.0,23152.0,23457.0,23005.0,22823.0,22626.0,22455.0,22060.0,22111.0,21781.0,21626.0,21421.0,21453.0,21025.0,21041.0,20851.0,20912.0,20738.0,20302.0,20036.0,20039.0,19797.0,19661.0,19446.0,19205.0,18974.0,18932.0,18629.0
K,43,34563.0,35361.0,35512.0,36262.0,36191.0,37078.0,37571.0,38417.0,39118.0,40602.0,41076.0,41737.0,41140.0,40345.0,39832.0,39386.0,38903.0,38946.0,37749.0,36769.0,36454.0,36519.0,35087.0,34690.0,35185.0,35370.0,35252.0,36009.0,35766.0,36655.0,37027.0,36598.0,35630.0,35620.0,34676.0,34348.0,34048.0,33913.0,32725.0,31903.0,31554.0,31015.0,32105.0,29492.0,31194.0,30790.0,30251.0,30459.0,30057.0,29480.0,29301.0,29007.0,28924.0,28632.0,28237.0,28211.0,27838.0,27944.0,27850.0,27600.0,27134.0,27561.0,27088.0,27100.0,26874.0,26389.0,26008.0,25727.0,25572.0,24944.0,24870.0,24374.0,24292.0,23991.0,23795.0,23158.0,23463.0,23012.0,22829.0,22630.0,22463.0,22069.0,22116.0,21785.0,21628.0,21425.0,21455.0,21026.0,21044.0,20854.0,20916.0,20740.0,20303.0,20037.0,20039.0,19799.0,19662.0,19447.0,19204.0,18973.0,18935.0
K,44,34236.0,34827.0,35619.0,35729.0,36475.0,36418.0,37289.0,37748.0,38598.0,39300.0,40780.0,41223.0,41874.0,41293.0,40487.0,39949.0,39528.0,39022.0,39067.0,37840.0,36868.0,36560.0,36605.0,35171.0,34771.0,35251.0,35436.0,35327.0,36079.0,35821.0,36723.0,37087.0,36650.0,35686.0,35671.0,34715.0,34386.0,34092.0,33952.0,32762.0,31947.0,31584.0,31048.0,32134.0,29507.0,31240.0,30824.0,30268.0,30484.0,30082.0,29508.0,29320.0,29029.0,28942.0,28652.0,28251.0,28224.0,27843.0,27962.0,27866.0,27612.0,27145.0,27577.0,27100.0,27111.0,26882.0,26402.0,26015.0,25733.0,25583.0,24949.0,24877.0,24380.0,24295.0,23996.0,23802.0,23172.0,23467.0,23015.0,22835.0,22634.0,22469.0,22073.0,22116.0,21789.0,21631.0,21428.0,21459.0,21028.0,21048.0,20856.0,20916.0,20745.0,20304.0,20038.0,20039.0,19801.0,19662.0,19449.0,19205.0,18974.0
K,45,33520.0,34494.0,35070.0,35861.0,35947.0,36700.0,36603.0,37472.0,37932.0,38788.0,39450.0,40912.0,41371.0,42011.0,41410.0,40608.0,40071.0,39627.0,39125.0,39173.0,37926.0,36960.0,36644.0,36687.0,35249.0,34839.0,35312.0,35501.0,35404.0,36132.0,35871.0,36770.0,37131.0,36697.0,35727.0,35708.0,34763.0,34432.0,34132.0,33987.0,32793.0,31987.0,31617.0,31072.0,32156.0,29538.0,31265.0,30846.0,30307.0,30505.0,30102.0,29527.0,29333.0,29048.0,28962.0,28671.0,28265.0,28234.0,27863.0,27979.0,27875.0,27627.0,27160.0,27590.0,27104.0,27120.0,26892.0,26414.0,26023.0,25744.0,25591.0,24952.0,24880.0,24382.0,24301.0,23998.0,23807.0,23176.0,23469.0,23019.0,22838.0,22637.0,22472.0,22075.0,22118.0,21791.0,21635.0,21429.0,21465.0,21033.0,21050.0,20858.0,20918.0,20748.0,20304.0,20040.0,20043.0,19803.0,19661.0,19453.0,19207.0
K,46,34033.0,33775.0,34727.0,35313.0,36094.0,36150.0,36882.0,36759.0,37651.0,38105.0,38957.0,39599.0,41045.0,41513.0,42120.0,41529.0,40742.0,40176.0,39728.0,39227.0,39275.0,38020.0,37038.0,36738.0,36762.0,35312.0,34902.0,35362.0,35563.0,35459.0,36197.0,35939.0,36816.0,37191.0,36757.0,35765.0,35754.0,34798.0,34468.0,34167.0,34035.0,32840.0,32009.0,31650.0,31101.0,32171.0,29556.0,31294.0,30863.0,30333.0,30524.0,30120.0,29542.0,29350.0,29074.0,28970.0,28690.0,28271.0,28243.0,27880.0,27988.0,27891.0,27644.0,27171.0,27600.0,27108.0,27125.0,26901.0,26420.0,26030.0,25748.0,25598.0,24961.0,24885.0,24390.0,24309.0,24003.0,23813.0,23183.0,23469.0,23021.0,22845.0,22642.0,22473.0,22077.0,22124.0,21792.0,21641.0,21431.0,21469.0,21033.0,21055.0,20858.0,20920.0,20748.0,20306.0,20042.0,20044.0,19805.0,19663.0,19455.0
K,47,35177.0,34294.0,34052.0,34970.0,35537.0,36308.0,36319.0,37062.0,36927.0,37815.0,38263.0,39120.0,39749.0,41161.0,41644.0,42224.0,41664.0,40848.0,40284.0,39831.0,39312.0,39364.0,38106.0,37123.0,36807.0,36848.0,35376.0,34949.0,35421.0,35628.0,35511.0,36251.0,35986.0,36872.0,37238.0,36804.0,35812.0,35799.0,34842.0,34504.0,34201.0,34070.0,32867.0,32038.0,31672.0,31124.0,32190.0,29584.0,31314.0,30879.0,30350.0,30538.0,30139.0,29560.0,29366.0,29096.0,28986.0,28707.0,28285.0,28251.0,27892.0,28003.0,27898.0,27656.0,27185.0,27608.0,27130.0,27128.0,26905.0,26425.0,26034.0,25756.0,25605.0,24970.0,24892.0,24400.0,24311.0,24005.0,23815.0,23187.0,23477.0,23029.0,22848.0,22644.0,22474.0,22077.0,22130.0,21798.0,21643.0,21436.0,21472.0,21033.0,21061.0,20862.0,20920.0,20749.0,20306.0,20041.0,20045.0,19806.0,19666.0
K,48,36600.0,35427.0,34523.0,34276.0,35178.0,35766.0,36499.0,36508.0,37243.0,37100.0,37978.0,38417.0,39256.0,39864.0,41293.0,41792.0,42340.0,41784.0,40956.0,40385.0,39919.0,39399.0,39447.0,38178.0,37207.0,36883.0,36931.0,35445.0,35013.0,35478.0,35691.0,35555.0,36296.0,36038.0,36922.0,37290.0,36843.0,35856.0,35828.0,34873.0,34536.0,34238.0,34099.0,32890.0,32065.0,31691.0,31159.0,32206.0,29604.0,31335.0,30893.0,30372.0,30560.0,30153.0,29573.0,29382.0,29115.0,28997.0,28730.0,28300.0,28264.0,27910.0,28015.0,27906.0,27667.0,27197.0,27620.0,27135.0,27140.0,26912.0,26434.0,26041.0,25766.0,25614.0,24975.0,24902.0,24406.0,24316.0,24009.0,23819.0,23194.0,23480.0,23034.0,22853.0,22647.0,22478.0,22079.0,22133.0,21801.0,21646.0,21438.0,21473.0,21036.0,21064.0,20863.0,20919.0,20751.0,20307.0,20044.0,20047.0,19807.0
K,49,36215.0,36856.0,35669.0,34744.0,34507.0,35387.0,35949.0,36657.0,36684.0,37421.0,37241.0,38108.0,38545.0,39411.0,40015.0,41414.0,41919.0,42456.0,41877.0,41054.0,40479.0,40010.0,39498.0,39516.0,38256.0,37292.0,36952.0,37005.0,35509.0,35066.0,35528.0,35738.0,35605.0,36342.0,36081.0,36973.0,37337.0,36874.0,35892.0,35856.0,34901.0,34570.0,34275.0,34135.0,32925.0,32100.0,31716.0,31186.0,32229.0,29625.0,31349.0,30905.0,30388.0,30570.0,30171.0,29591.0,29399.0,29124.0,29007.0,28742.0,28318.0,28269.0,27920.0,28022.0,27913.0,27675.0,27208.0,27626.0,27142.0,27145.0,26921.0,26439.0,26047.0,25776.0,25617.0,24981.0,24906.0,24410.0,24318.0,24013.0,23821.0,23195.0,23483.0,23038.0,22852.0,22649.0,22479.0,22082.0,22130.0,21805.0,21653.0,21439.0,21476.0,21040.0,21066.0,20865.0,20919.0,20753.0,20310.0,20046.0,20050.0
K,50,37446.0,36465.0,37127.0,35926.0,34967.0,34724.0,35586.0,36151.0,36849.0,36855.0,37583.0,37397.0,38247.0,38691.0,39537.0,40146.0,41532.0,42024.0,42554.0,41978.0,41154.0,40578.0,40104.0,39573.0,39599.0,38329.0,37353.0,37045.0,37056.0,35596.0,35132.0,35581.0,35790.0,35663.0,36399.0,36131.0,37024.0,37375.0,36917.0,35928.0,35894.0,34934.0,34604.0,34305.0,34181.0,32950.0,32125.0,31734.0,31215.0,32249.0,29643.0,31364.0,30930.0,30397.0,30585.0,30191.0,29613.0,29415.0,29130.0,29024.0,28750.0,28330.0,28277.0,27932.0,28031.0,27923.0,27685.0,27218.0,27630.0,27150.0,27153.0,26924.0,26444.0,26053.0,25785.0,25621.0,24987.0,24909.0,24416.0,24327.0,24018.0,23825.0,23192.0,23488.0,23041.0,22853.0,22651.0,22481.0,22082.0,22132.0,21808.0,21655.0,21438.0,21479.0,21042.0,21067.0,20867.0,20918.0,20757.0,20311.0,20045.0
K,51,37536.0,37718.0,36759.0,37374.0,36189.0,35176.0,34930.0,35790.0,36325.0,37034.0,37034.0,37738.0,37556.0,38388.0,38837.0,39650.0,40277.0,41644.0,42127.0,42647.0,42074.0,41256.0,40668.0,40174.0,39660.0,39675.0,38420.0,37420.0,37107.0,37125.0,35672.0,35209.0,35624.0,35831.0,35708.0,36458.0,36179.0,37085.0,37411.0,36954.0,35971.0,35927.0,34959.0,34622.0,34332.0,34214.0,32977.0,32148.0,31752.0,31232.0,32272.0,29665.0,31385.0,30940.0,30415.0,30606.0,30205.0,29627.0,29425.0,29140.0,29032.0,28762.0,28340.0,28291.0,27944.0,28033.0,27926.0,27696.0,27224.0,27636.0,27157.0,27160.0,26926.0,26447.0,26055.0,25787.0,25626.0,24994.0,24911.0,24420.0,24332.0,24019.0,23829.0,23195.0,23487.0,23042.0,22858.0,22652.0,22482.0,22081.0,22138.0,21808.0,21653.0,21436.0,21481.0,21044.0,21069.0,20868.0,20916.0,20754.0,20314.0
K,52,37024.0,37833.0,37980.0,37008.0,37596.0,36383.0,35379.0,35115.0,35981.0,36508.0,37211.0,37191.0,37899.0,37693.0,38516.0,38951.0,39771.0,40400.0,41741.0,42232.0,42745.0,42186.0,41358.0,40750.0,40266.0,39731.0,39749.0,38497.0,37492.0,37174.0,37181.0,35730.0,35280.0,35682.0,35876.0,35759.0,36510.0,36216.0,37123.0,37457.0,36988.0,35997.0,35974.0,34987.0,34655.0,34351.0,34226.0,33001.0,32160.0,31770.0,31252.0,32294.0,29679.0,31411.0,30960.0,30435.0,30620.0,30221.0,29650.0,29436.0,29154.0,29041.0,28771.0,28345.0,28300.0,27954.0,28039.0,27932.0,27700.0,27230.0,27643.0,27165.0,27165.0,26931.0,26449.0,26061.0,25795.0,25623.0,24997.0,24912.0,24427.0,24335.0,24022.0,23835.0,23196.0,23490.0,23041.0,22857.0,22653.0,22484.0,22080.0,22135.0,21811.0,21652.0,21438.0,21478.0,21044.0,21073.0,20870.0,20918.0,20758.0
K,53,37660.0,37335.0,38115.0,38196.0,37244.0,37786.0,36584.0,35578.0,35298.0,36155.0,36682.0,37348.0,37367.0,38043.0,37829.0,38649.0,39061.0,39895.0,40524.0,41850.0,42311.0,42832.0,42271.0,41437.0,40821.0,40341.0,39804.0,39823.0,38559.0,37549.0,37239.0,37243.0,35778.0,35334.0,35737.0,35919.0,35804.0,36560.0,36252.0,37165.0,37500.0,37010.0,36020.0,35994.0,35015.0,34674.0,34378.0,34249.0,33022.0,32180.0,31787.0,31282.0,32311.0,29695.0,31419.0,30972.0,30455.0,30634.0,30230.0,29662.0,29442.0,29161.0,29050.0,28788.0,28356.0,28308.0,27957.0,28047.0,27944.0,27709.0,27238.0,27643.0,27177.0,27171.0,26937.0,26453.0,26063.0,25803.0,25628.0,25003.0,24913.0,24430.0,24339.0,24025.0,23836.0,23199.0,23492.0,23045.0,22859.0,22652.0,22484.0,22082.0,22137.0,21814.0,21654.0,21436.0,21478.0,21043.0,21073.0,20869.0,20921.0
K,54,37209.0,37929.0,37616.0,38380.0,38444.0,37464.0,38005.0,36801.0,35747.0,35471.0,36329.0,36858.0,37510.0,37510.0,38165.0,37952.0,38758.0,39163.0,40001.0,40639.0,41952.0,42423.0,42917.0,42346.0,41531.0,40891.0,40415.0,39876.0,39880.0,38632.0,37620.0,37299.0,37291.0,35829.0,35381.0,35783.0,35972.0,35844.0,36601.0,36292.0,37207.0,37536.0,37038.0,36039.0,36026.0,35034.0,34694.0,34396.0,34273.0,33044.0,32205.0,31807.0,31307.0,32327.0,29712.0,31434.0,30987.0,30469.0,30647.0,30237.0,29675.0,29450.0,29174.0,29057.0,28792.0,28360.0,28308.0,27969.0,28051.0,27958.0,27712.0,27241.0,27649.0,27189.0,27177.0,26939.0,26458.0,26065.0,25807.0,25629.0,25010.0,24915.0,24434.0,24344.0,24027.0,23838.0,23207.0,23494.0,23043.0,22861.0,22654.0,22489.0,22081.0,22135.0,21813.0,21656.0,21438.0,21478.0,21043.0,21074.0,20873.0
K,55,36217.0,37476.0,38192.0,37848.0,38587.0,38655.0,37679.0,38202.0,36977.0,35942.0,35610.0,36501.0,37013.0,37641.0,37622.0,38285.0,38077.0,38871.0,39267.0,40096.0,40717.0,42037.0,42503.0,43002.0,42434.0,41601.0,40962.0,40496.0,39945.0,39935.0,38689.0,37663.0,37342.0,37341.0,35874.0,35431.0,35826.0,36014.0,35888.0,36640.0,36323.0,37238.0,37561.0,37081.0,36074.0,36057.0,35061.0,34719.0,34410.0,34291.0,33067.0,32220.0,31827.0,31323.0,32341.0,29723.0,31456.0,31002.0,30477.0,30656.0,30249.0,29680.0,29460.0,29176.0,29064.0,28801.0,28368.0,28311.0,27977.0,28058.0,27965.0,27716.0,27247.0,27655.0,27192.0,27180.0,26940.0,26461.0,26073.0,25811.0,25636.0,25012.0,24918.0,24434.0,24347.0,24026.0,23839.0,23208.0,23497.0,23044.0,22863.0,22655.0,22490.0,22081.0,22136.0,21812.0,21656.0,21438.0,21481.0,21043.0,21073.0
K,56,35480.0,36478.0,37709.0,38419.0,38096.0,38809.0,38843.0,37873.0,38378.0,37171.0,36085.0,35756.0,36646.0,37140.0,37773.0,37762.0,38430.0,38174.0,38973.0,39374.0,40203.0,40806.0,42107.0,42585.0,43075.0,42507.0,41676.0,41031.0,40557.0,40015.0,39987.0,38743.0,37702.0,37378.0,37392.0,35912.0,35466.0,35860.0,36059.0,35915.0,36678.0,36354.0,37273.0,37582.0,37107.0,36099.0,36088.0,35085.0,34733.0,34429.0,34309.0,33079.0,32240.0,31842.0,31336.0,32357.0,29736.0,31463.0,31022.0,30490.0,30666.0,30253.0,29692.0,29465.0,29191.0,29065.0,28808.0,28369.0,28313.0,27983.0,28068.0,27972.0,27721.0,27247.0,27667.0,27202.0,27185.0,26940.0,26465.0,26079.0,25807.0,25639.0,25018.0,24922.0,24441.0,24347.0,24027.0,23842.0,23212.0,23497.0,23047.0,22864.0,22653.0,22488.0,22080.0,22137.0,21812.0,21655.0,21439.0,21481.0,21043.0
K,57,34879.0,35754.0,36724.0,37939.0,38651.0,38325.0,39011.0,39052.0,38062.0,38525.0,37339.0,36240.0,35889.0,36776.0,37267.0,37895.0,37874.0,38545.0,38263.0,39075.0,39460.0,40297.0,40906.0,42204.0,42678.0,43147.0,42582.0,41744.0,41073.0,40613.0,40061.0,40048.0,38790.0,37751.0,37426.0,37434.0,35951.0,35506.0,35895.0,36103.0,35947.0,36712.0,36379.0,37295.0,37615.0,37142.0,36117.0,36115.0,35100.0,34748.0,34449.0,34332.0,33102.0,32254.0,31854.0,31348.0,32369.0,29747.0,31481.0,31035.0,30504.0,30681.0,30266.0,29695.0,29468.0,29202.0,29074.0,28813.0,28372.0,28320.0,27994.0,28078.0,27980.0,27727.0,27252.0,27672.0,27198.0,27186.0,26948.0,26465.0,26083.0,25812.0,25642.0,25023.0,24923.0,24441.0,24347.0,24030.0,23844.0,23212.0,23497.0,23046.0,22864.0,22653.0,22488.0,22084.0,22137.0,21812.0,21654.0,21441.0,21481.0
K,58,34275.0,35126.0,36006.0,36934.0,38186.0,38854.0,38527.0,39218.0,39225.0,38234.0,38684.0,37492.0,36379.0,36035.0,36922.0,37373.0,38002.0,37967.0,38654.0,38373.0,39167.0,39558.0,40386.0,40993.0,42270.0,42742.0,43208.0,42637.0,41810.0,41137.0,40681.0,40119.0,40097.0,38851.0,37795.0,37459.0,37465.0,35986.0,35541.0,35937.0,36130.0,35974.0,36741.0,36410.0,37323.0,37634.0,37175.0,36137.0,36135.0,35131.0,34766.0,34465.0,34356.0,33118.0,32265.0,31865.0,31365.0,32385.0,29760.0,31491.0,31044.0,30516.0,30689.0,30276.0,29707.0,29478.0,29215.0,29081.0,28825.0,28376.0,28329.0,27998.0,28085.0,27985.0,27731.0,27260.0,27674.0,27202.0,27193.0,26954.0,26472.0,26086.0,25814.0,25648.0,25025.0,24925.0,24442.0,24352.0,24031.0,23842.0,23213.0,23499.0,23048.0,22866.0,22653.0,22489.0,22084.0,22136.0,21813.0,21657.0,21441.0
K,59,33194.0,34563.0,35368.0,36219.0,37147.0,38370.0,39056.0,38710.0,39384.0,39403.0,38386.0,38813.0,37622.0,36535.0,36171.0,37038.0,37487.0,38114.0,38071.0,38739.0,38486.0,39252.0,39638.0,40470.0,41060.0,42341.0,42818.0,43275.0,42707.0,41863.0,41185.0,40739.0,40167.0,40144.0,38895.0,37843.0,37501.0,37509.0,36021.0,35574.0,35965.0,36163.0,35999.0,36768.0,36445.0,37347.0,37654.0,37200.0,36157.0,36152.0,35154.0,34780.0,34479.0,34362.0,33133.0,32278.0,31890.0,31384.0,32405.0,29770.0,31504.0,31053.0,30526.0,30700.0,30285.0,29717.0,29489.0,29223.0,29091.0,28830.0,28383.0,28333.0,27998.0,28086.0,27989.0,27739.0,27261.0,27679.0,27203.0,27196.0,26953.0,26473.0,26094.0,25817.0,25654.0,25027.0,24928.0,24441.0,24350.0,24032.0,23845.0,23211.0,23502.0,23047.0,22862.0,22653.0,22488.0,22087.0,22138.0,21812.0,21657.0
K,60,32018.0,33401.0,34775.0,35583.0,36411.0,37327.0,38544.0,39206.0,38845.0,39531.0,39569.0,38501.0,38921.0,37730.0,36655.0,36260.0,37134.0,37568.0,38196.0,38141.0,38796.0,38546.0,39321.0,39712.0,40528.0,41113.0,42388.0,42864.0,43329.0,42743.0,41905.0,41223.0,40766.0,40198.0,40176.0,38926.0,37873.0,37537.0,37537.0,36048.0,35598.0,35990.0,36186.0,36029.0,36791.0,36470.0,37365.0,37672.0,37216.0,36178.0,36165.0,35158.0,34799.0,34486.0,34371.0,33142.0,32282.0,31895.0,31386.0,32412.0,29779.0,31515.0,31057.0,30527.0,30708.0,30293.0,29723.0,29495.0,29223.0,29098.0,28832.0,28387.0,28331.0,28004.0,28084.0,27988.0,27741.0,27259.0,27678.0,27200.0,27201.0,26951.0,26476.0,26096.0,25818.0,25655.0,25029.0,24926.0,24446.0,24346.0,24032.0,23845.0,23212.0,23507.0,23047.0,22859.0,22647.0,22484.0,22083.0,22135.0,21808.0
K,61,31506.0,32238.0,33614.0,34973.0,35755.0,36579.0,37495.0,38692.0,39374.0,39007.0,39639.0,39687.0,38625.0,39027.0,37822.0,36742.0,36377.0,37225.0,37660.0,38294.0,38215.0,38863.0,38606.0,39403.0,39777.0,40586.0,41181.0,42440.0,42915.0,43376.0,42797.0,41942.0,41268.0,40806.0,40222.0,40214.0,38959.0,37913.0,37562.0,37559.0,36076.0,35625.0,35998.0,36214.0,36038.0,36805.0,36487.0,37386.0,37683.0,37227.0,36189.0,36174.0,35168.0,34811.0,34496.0,34388.0,33150.0,32293.0,31901.0,31394.0,32412.0,29779.0,31525.0,31069.0,30533.0,30722.0,30300.0,29724.0,29499.0,29227.0,29101.0,28827.0,28392.0,28331.0,28006.0,28082.0,27987.0,27743.0,27256.0,27674.0,27203.0,27201.0,26947.0,26477.0,26094.0,25816.0,25654.0,25023.0,24924.0,24442.0,24345.0,24033.0,23839.0,23211.0,23506.0,23046.0,22859.0,22640.0,22482.0,22082.0,22134.0
K,62,31028.0,31722.0,32446.0,33801.0,35146.0,35929.0,36770.0,37659.0,38858.0,39511.0,39137.0,39760.0,39793.0,38751.0,39132.0,37917.0,36834.0,36457.0,37314.0,37740.0,38366.0,38290.0,38935.0,38670.0,39467.0,39829.0,40625.0,41246.0,42480.0,42949.0,43417.0,42840.0,41975.0,41298.0,40841.0,40255.0,40254.0,38988.0,37944.0,37588.0,37592.0,36102.0,35644.0,36018.0,36233.0,36059.0,36825.0,36503.0,37403.0,37700.0,37242.0,36198.0,36184.0,35178.0,34820.0,34511.0,34397.0,33160.0,32306.0,31904.0,31401.0,32418.0,29784.0,31538.0,31077.0,30538.0,30728.0,30303.0,29731.0,29505.0,29230.0,29106.0,28827.0,28396.0,28332.0,28005.0,28083.0,27991.0,27747.0,27260.0,27671.0,27196.0,27205.0,26950.0,26476.0,26098.0,25814.0,25655.0,25021.0,24921.0,24440.0,24345.0,24032.0,23836.0,23207.0,23506.0,23045.0,22859.0,22635.0,22484.0,22081.0
K,63,30842.0,31239.0,31929.0,32623.0,33995.0,35323.0,36128.0,36932.0,37822.0,39016.0,39646.0,39271.0,39880.0,39927.0,38868.0,39242.0,38006.0,36921.0,36560.0,37393.0,37791.0,38436.0,38345.0,38998.0,38737.0,39526.0,39882.0,40681.0,41292.0,42535.0,42991.0,43465.0,42878.0,42017.0,41341.0,40872.0,40285.0,40283.0,39027.0,37973.0,37622.0,37617.0,36129.0,35670.0,36033.0,36253.0,36063.0,36846.0,36519.0,37423.0,37716.0,37256.0,36203.0,36191.0,35191.0,34825.0,34518.0,34404.0,33173.0,32316.0,31912.0,31397.0,32420.0,29791.0,31545.0,31083.0,30548.0,30729.0,30304.0,29731.0,29504.0,29233.0,29114.0,28830.0,28396.0,28335.0,28006.0,28079.0,27992.0,27751.0,27263.0,27670.0,27197.0,27205.0,26948.0,26473.0,26098.0,25813.0,25655.0,25016.0,24921.0,24437.0,24344.0,24030.0,23832.0,23202.0,23504.0,23043.0,22859.0,22630.0,22482.0
K,64,30683.0,31072.0,31479.0,32124.0,32797.0,34192.0,35472.0,36302.0,37104.0,37965.0,39148.0,39778.0,39370.0,40013.0,40053.0,38958.0,39323.0,38083.0,37008.0,36652.0,37464.0,37868.0,38512.0,38401.0,39055.0,38783.0,39578.0,39945.0,40719.0,41337.0,42594.0,43022.0,43522.0,42911.0,42057.0,41373.0,40900.0,40316.0,40311.0,39052.0,37988.0,37647.0,37644.0,36156.0,35692.0,36050.0,36270.0,36082.0,36851.0,36537.0,37436.0,37728.0,37267.0,36211.0,36195.0,35203.0,34830.0,34529.0,34402.0,33181.0,32322.0,31913.0,31399.0,32421.0,29792.0,31543.0,31084.0,30553.0,30729.0,30311.0,29735.0,29503.0,29229.0,29115.0,28833.0,28398.0,28335.0,28005.0,28079.0,27995.0,27753.0,27262.0,27667.0,27193.0,27207.0,26945.0,26467.0,26096.0,25812.0,25653.0,25014.0,24922.0,24434.0,24340.0,24032.0,23826.0,23203.0,23505.0,23043.0,22854.0,22629.0
K,65,29874.0,30568.0,30978.0,31325.0,31980.0,32604.0,34005.0,35248.0,36087.0,36914.0,37781.0,38932.0,39534.0,39152.0,39749.0,39810.0,38735.0,39083.0,37848.0,36793.0,36501.0,37253.0,37661.0,38294.0,38206.0,38839.0,38588.0,39380.0,39751.0,40515.0,41110.0,42404.0,42821.0,43299.0,42705.0,41826.0,41185.0,40710.0,40136.0,40128.0,38829.0,37816.0,37476.0,37481.0,35987.0,35533.0,35881.0,36100.0,35923.0,36715.0,36343.0,37284.0,37579.0,37090.0,36039.0,36031.0,35065.0,34692.0,34382.0,34264.0,33046.0,32191.0,31782.0,31265.0,32277.0,29659.0,31409.0,30947.0,30420.0,30584.0,30177.0,29597.0,29389.0,29093.0,28994.0,28711.0,28299.0,28227.0,27888.0,27948.0,27877.0,27629.0,27127.0,27534.0,27080.0,27086.0,26832.0,26339.0,25964.0,25712.0,25540.0,24908.0,24803.0,24320.0,24222.0,23923.0,23712.0,23088.0,23403.0,22947.0,22759.0
K,66,30085.0,29803.0,30456.0,30842.0,31201.0,31874.0,32443.0,33783.0,35040.0,35888.0,36683.0,37596.0,38721.0,39310.0,38925.0,39537.0,39584.0,38486.0,38842.0,37647.0,36574.0,36311.0,37047.0,37475.0,38082.0,38012.0,38643.0,38391.0,39174.0,39540.0,40311.0,40885.0,42196.0,42632.0,43062.0,42506.0,41636.0,40991.0,40505.0,39953.0,39940.0,38665.0,37655.0,37308.0,37287.0,35823.0,35370.0,35738.0,35973.0,35756.0,36543.0,36191.0,37133.0,37428.0,36926.0,35877.0,35885.0,34917.0,34539.0,34226.0,34119.0,32892.0,32046.0,31657.0,31165.0,32142.0,29541.0,31276.0,30828.0,30291.0,30472.0,30059.0,29484.0,29282.0,28956.0,28874.0,28585.0,28192.0,28101.0,27784.0,27822.0,27778.0,27494.0,27011.0,27426.0,26968.0,26970.0,26721.0,26218.0,25839.0,25601.0,25418.0,24799.0,24693.0,24216.0,24108.0,23815.0,23603.0,22987.0,23302.0,22850.0
K,67,29117.0,29994.0,29703.0,30362.0,30701.0,31020.0,31739.0,32286.0,33618.0,34827.0,35664.0,36460.0,37388.0,38451.0,39065.0,38690.0,39304.0,39346.0,38262.0,38624.0,37460.0,36380.0,36130.0,36874.0,37249.0,37883.0,37804.0,38441.0,38213.0,38949.0,39351.0,40095.0,40695.0,41977.0,42427.0,42853.0,42286.0,41456.0,40825.0,40301.0,39772.0,39745.0,38474.0,37467.0,37139.0,37108.0,35650.0,35206.0,35569.0,35821.0,35593.0,36382.0,36057.0,36963.0,37292.0,36774.0,35730.0,35745.0,34769.0,34401.0,34095.0,33944.0,32739.0,31903.0,31528.0,31021.0,32012.0,29401.0,31164.0,30709.0,30129.0,30340.0,29944.0,29355.0,29178.0,28828.0,28740.0,28463.0,28065.0,27963.0,27656.0,27711.0,27644.0,27374.0,26889.0,27305.0,26851.0,26861.0,26609.0,26096.0,25711.0,25474.0,25318.0,24682.0,24600.0,24098.0,24006.0,23708.0,23506.0,22881.0,23182.0
K,68,28485.0,29008.0,29893.0,29573.0,30229.0,30546.0,30845.0,31588.0,32074.0,33451.0,34675.0,35468.0,36254.0,37171.0,38204.0,38828.0,38473.0,39107.0,39134.0,38036.0,38436.0,37266.0,36199.0,35949.0,36671.0,37053.0,37685.0,37578.0,38238.0,38035.0,38788.0,39152.0,39914.0,40501.0,41766.0,42195.0,42645.0,42092.0,41235.0,40604.0,40103.0,39591.0,39569.0,38298.0,37281.0,36970.0,36962.0,35483.0,35053.0,35418.0,35670.0,35448.0,36238.0,35888.0,36805.0,37121.0,36614.0,35574.0,35602.0,34634.0,34243.0,33968.0,33813.0,32633.0,31759.0,31381.0,30902.0,31885.0,29264.0,31049.0,30570.0,29996.0,30230.0,29816.0,29220.0,29030.0,28674.0,28625.0,28350.0,27923.0,27837.0,27536.0,27598.0,27511.0,27262.0,26765.0,27186.0,26735.0,26749.0,26497.0,25983.0,25607.0,25358.0,25194.0,24569.0,24495.0,23985.0,23918.0,23590.0,23394.0,22779.0
K,69,27981.0,28423.0,28916.0,29767.0,29425.0,30088.0,30390.0,30702.0,31453.0,31937.0,33250.0,34459.0,35278.0,36033.0,36974.0,37989.0,38629.0,38281.0,38899.0,38887.0,37803.0,38216.0,37034.0,35988.0,35715.0,36460.0,36914.0,37498.0,37382.0,38079.0,37850.0,38604.0,38954.0,39706.0,40306.0,41547.0,42002.0,42424.0,41913.0,41031.0,40422.0,39919.0,39405.0,39389.0,38137.0,37112.0,36823.0,36799.0,35333.0,34901.0,35265.0,35515.0,35299.0,36100.0,35742.0,36669.0,36971.0,36452.0,35414.0,35456.0,34486.0,34120.0,33837.0,33656.0,32494.0,31601.0,31249.0,30799.0,31756.0,29153.0,30942.0,30425.0,29850.0,30109.0,29690.0,29122.0,28910.0,28554.0,28522.0,28238.0,27811.0,27724.0,27420.0,27456.0,27411.0,27129.0,26627.0,27056.0,26604.0,26626.0,26391.0,25861.0,25512.0,25240.0,25074.0,24464.0,24396.0,23878.0,23813.0,23494.0,23294.0
K,70,27198.0,27520.0,28028.0,28426.0,29300.0,28979.0,29617.0,29892.0,30226.0,30984.0,31456.0,32732.0,33974.0,34763.0,35552.0,36393.0,37472.0,38141.0,37736.0,38394.0,38352.0,37293.0,37728.0,36562.0,35531.0,35303.0,36009.0,36475.0,37087.0,36948.0,37667.0,37421.0,38208.0,38581.0,39276.0,39884.0,41135.0,41539.0,41998.0,41460.0,40640.0,40017.0,39511.0,39004.0,39012.0,37775.0,36767.0,36517.0,36425.0,35010.0,34580.0,34954.0,35202.0,35002.0,35783.0,35453.0,36354.0,36636.0,36112.0,35104.0,35146.0,34193.0,33836.0,33505.0,33336.0,32202.0,31331.0,30965.0,30533.0,31487.0,28856.0,30695.0,30209.0,29598.0,29870.0,29446.0,28898.0,28642.0,28321.0,28302.0,27989.0,27582.0,27482.0,27168.0,27200.0,27169.0,26892.0,26388.0,26809.0,26330.0,26412.0,26118.0,25606.0,25267.0,25008.0,24862.0,24269.0,24173.0,23652.0,23590.0,23293.0
K,71,25526.0,26834.0,27125.0,27621.0,27976.0,28903.0,28542.0,29205.0,29477.0,29756.0,30540.0,31024.0,32252.0,33472.0,34245.0,35009.0,35864.0,36919.0,37573.0,37227.0,37896.0,37834.0,36819.0,37261.0,36126.0,35095.0,34849.0,35537.0,36074.0,36687.0,36536.0,37234.0,37041.0,37778.0,38145.0,38862.0,39475.0,40735.0,41064.0,41599.0,41008.0,40224.0,39566.0,39096.0,38641.0,38615.0,37390.0,36379.0,36149.0,36063.0,34742.0,34259.0,34637.0,34904.0,34676.0,35469.0,35150.0,36048.0,36307.0,35803.0,34841.0,34830.0,33858.0,33526.0,33211.0,33065.0,31912.0,31052.0,30684.0,30265.0,31195.0,28599.0,30422.0,29938.0,29371.0,29599.0,29209.0,28664.0,28410.0,28075.0,28058.0,27744.0,27337.0,27237.0,26910.0,26934.0,26924.0,26658.0,26132.0,26590.0,26089.0,26187.0,25896.0,25391.0,25032.0,24798.0,24646.0,24040.0,23953.0,23408.0,23389.0
K,72,25882.0,25189.0,26431.0,26785.0,27211.0,27525.0,28510.0,28110.0,28795.0,29032.0,29326.0,30091.0,30562.0,31785.0,32991.0,33742.0,34539.0,35327.0,36371.0,37064.0,36715.0,37386.0,37363.0,36319.0,36790.0,35712.0,34693.0,34453.0,35091.0,35671.0,36265.0,36124.0,36853.0,36662.0,37377.0,37754.0,38436.0,39075.0,40309.0,40641.0,41175.0,40621.0,39821.0,39179.0,38714.0,38276.0,38219.0,37043.0,36018.0,35821.0,35721.0,34383.0,33950.0,34333.0,34574.0,34359.0,35176.0,34832.0,35716.0,36048.0,35472.0,34545.0,34495.0,33569.0,33255.0,32926.0,32747.0,31634.0,30768.0,30419.0,30015.0,30943.0,28346.0,30178.0,29679.0,29145.0,29363.0,28949.0,28418.0,28161.0,27832.0,27802.0,27519.0,27087.0,26967.0,26686.0,26683.0,26693.0,26438.0,25894.0,26341.0,25845.0,25946.0,25666.0,25152.0,24810.0,24585.0,24444.0,23834.0,23718.0,23208.0
K,73,25567.0,25501.0,24866.0,26024.0,26356.0,26817.0,27153.0,28094.0,27668.0,28395.0,28614.0,28936.0,29660.0,30174.0,31314.0,32528.0,33290.0,34032.0,34838.0,35868.0,36573.0,36294.0,36883.0,36908.0,35877.0,36368.0,35253.0,34268.0,34040.0,34702.0,35260.0,35866.0,35721.0,36460.0,36308.0,36965.0,37366.0,38010.0,38659.0,39919.0,40226.0,40747.0,40220.0,39406.0,38784.0,38322.0,37923.0,37872.0,36708.0,35679.0,35478.0,35417.0,34083.0,33668.0,34026.0,34251.0,34062.0,34857.0,34530.0,35396.0,35751.0,35161.0,34229.0,34194.0,33270.0,33005.0,32665.0,32448.0,31327.0,30506.0,30142.0,29730.0,30668.0,28101.0,29950.0,29453.0,28924.0,29103.0,28670.0,28176.0,27929.0,27580.0,27539.0,27277.0,26863.0,26708.0,26447.0,26480.0,26454.0,26210.0,25672.0,26098.0,25597.0,25690.0,25424.0,24927.0,24612.0,24341.0,24234.0,23620.0,23502.0
K,74,25427.0,25196.0,25122.0,24509.0,25627.0,25980.0,26393.0,26814.0,27721.0,27251.0,27968.0,28223.0,28516.0,29232.0,29756.0,30842.0,32069.0,32838.0,33580.0,34355.0,35342.0,36048.0,35843.0,36426.0,36473.0,35422.0,35891.0,34860.0,33894.0,33657.0,34317.0,34867.0,35502.0,35344.0,36064.0,35924.0,36609.0,36966.0,37646.0,38276.0,39527.0,39802.0,40348.0,39829.0,39007.0,38428.0,37966.0,37596.0,37507.0,36370.0,35350.0,35166.0,35085.0,33801.0,33376.0,33706.0,33960.0,33787.0,34573.0,34226.0,35103.0,35446.0,34848.0,33951.0,33867.0,32951.0,32724.0,32381.0,32158.0,31047.0,30243.0,29902.0,29507.0,30400.0,27853.0,29691.0,29196.0,28674.0,28836.0,28435.0,27920.0,27651.0,27343.0,27300.0,27007.0,26622.0,26474.0,26203.0,26232.0,26195.0,25959.0,25477.0,25858.0,25364.0,25477.0,25199.0,24703.0,24405.0,24110.0,24020.0,23430.0
K,75,25805.0,24457.0,24346.0,24230.0,23571.0,24716.0,25088.0,25488.0,25910.0,26834.0,26341.0,27074.0,27287.0,27618.0,28303.0,28910.0,29882.0,31103.0,31879.0,32613.0,33418.0,34392.0,35011.0,34885.0,35439.0,35513.0,34558.0,35026.0,34014.0,33082.0,32848.0,33558.0,34072.0,34703.0,34597.0,35270.0,35167.0,35816.0,36196.0,36746.0,37444.0,38679.0,38949.0,39553.0,39065.0,38271.0,37705.0,37275.0,36890.0,36795.0,35725.0,34705.0,34522.0,34463.0,33202.0,32811.0,33093.0,33346.0,33182.0,33944.0,33586.0,34501.0,34802.0,34198.0,33331.0,33251.0,32331.0,32135.0,31808.0,31604.0,30514.0,29741.0,29396.0,28963.0,29869.0,27361.0,29112.0,28663.0,28207.0,28339.0,27965.0,27435.0,27161.0,26839.0,26806.0,26543.0,26173.0,25989.0,25712.0,25752.0,25739.0,25487.0,25049.0,25359.0,24895.0,25033.0,24728.0,24240.0,23972.0,23695.0,23585.0
K,76,26208.0,24864.0,23615.0,23502.0,23406.0,22720.0,23851.0,24226.0,24680.0,25062.0,25959.0,25473.0,26197.0,26443.0,26787.0,27415.0,28061.0,28974.0,30167.0,30946.0,31743.0,32503.0,33440.0,34068.0,33974.0,34571.0,34611.0,33713.0,34170.0,33273.0,32274.0,32147.0,32811.0,33265.0,33931.0,33868.0,34468.0,34448.0,35059.0,35438.0,35961.0,36674.0,37906.0,38157.0,38747.0,38261.0,37538.0,37006.0,36558.0,36217.0,36109.0,35086.0,34113.0,33938.0,33837.0,32640.0,32247.0,32528.0,32727.0,32614.0,33386.0,33006.0,33924.0,34192.0,33590.0,32666.0,32711.0,31771.0,31595.0,31259.0,31067.0,29972.0,29216.0,28848.0,28468.0,29319.0,26889.0,28601.0,28190.0,27743.0,27846.0,27451.0,26972.0,26696.0,26362.0,26314.0,26077.0,25711.0,25530.0,25248.0,25292.0,25266.0,24991.0,24592.0,24876.0,24409.0,24572.0,24301.0,23816.0,23528.0,23275.0
K,77,23006.0,25220.0,24004.0,22812.0,22687.0,22587.0,21915.0,23067.0,23478.0,23876.0,24236.0,25160.0,24684.0,25352.0,25595.0,25959.0,26604.0,27209.0,28087.0,29303.0,30049.0,30866.0,31636.0,32472.0,33214.0,33099.0,33636.0,33788.0,32895.0,33410.0,32473.0,31542.0,31382.0,32064.0,32526.0,33225.0,33084.0,33754.0,33694.0,34317.0,34684.0,35222.0,35969.0,37077.0,37355.0,37928.0,37521.0,36750.0,36321.0,35912.0,35525.0,35438.0,34426.0,33526.0,33268.0,33264.0,32069.0,31628.0,32004.0,32139.0,32047.0,32794.0,32414.0,33338.0,33510.0,32986.0,32080.0,32127.0,31221.0,31085.0,30722.0,30547.0,29377.0,28697.0,28343.0,27912.0,28861.0,26446.0,28069.0,27711.0,27250.0,27321.0,26916.0,26490.0,26221.0,25913.0,25844.0,25626.0,25253.0,25051.0,24751.0,24830.0,24841.0,24554.0,24182.0,24444.0,23965.0,24145.0,23863.0,23382.0,23064.0
K,78,21550.0,22196.0,24362.0,23180.0,22007.0,21914.0,21822.0,21229.0,22263.0,22756.0,23063.0,23460.0,24372.0,23839.0,24564.0,24859.0,25160.0,25838.0,26425.0,27323.0,28499.0,29249.0,30054.0,30835.0,31607.0,32348.0,32278.0,32808.0,32937.0,32085.0,32651.0,31749.0,30855.0,30650.0,31367.0,31843.0,32516.0,32353.0,33040.0,32973.0,33588.0,33947.0,34480.0,35264.0,36342.0,36624.0,37215.0,36783.0,36049.0,35653.0,35234.0,34851.0,34802.0,33822.0,32919.0,32656.0,32690.0,31474.0,31055.0,31449.0,31577.0,31485.0,32211.0,31829.0,32730.0,32880.0,32411.0,31514.0,31572.0,30699.0,30569.0,30198.0,30048.0,28894.0,28225.0,27829.0,27378.0,28426.0,25961.0,27586.0,27229.0,26769.0,26782.0,26419.0,26043.0,25704.0,25471.0,25406.0,25173.0,24785.0,24565.0,24303.0,24340.0,24399.0,24127.0,23747.0,23977.0,23527.0,23757.0,23422.0,22942.0
K,79,18625.0,20835.0,21484.0,23492.0,22306.0,21308.0,21198.0,21100.0,20547.0,21515.0,22047.0,22417.0,22806.0,23639.0,23124.0,23807.0,24116.0,24363.0,25085.0,25639.0,26572.0,27755.0,28452.0,29234.0,30031.0,30816.0,31543.0,31474.0,31997.0,32115.0,31319.0,31901.0,31023.0,30125.0,30021.0,30701.0,31197.0,31837.0,31664.0,32315.0,32292.0,32859.0,33292.0,33736.0,34553.0,35664.0,35925.0,36472.0,36092.0,35384.0,34973.0,34602.0,34219.0,34143.0,33207.0,32333.0,32059.0,32073.0,30896.0,30523.0,30891.0,31037.0,30919.0,31676.0,31256.0,32135.0,32303.0,31808.0,30967.0,31002.0,30140.0,30044.0,29714.0,29516.0,28411.0,27765.0,27354.0,26887.0,27933.0,25518.0,27088.0,26772.0,26272.0,26322.0,25939.0,25593.0,25243.0,25039.0,24945.0,24719.0,24358.0,24145.0,23890.0,23905.0,23949.0,23641.0,23301.0,23543.0,23097.0,23354.0,22980.0
K,80,16927.0,17175.0,19137.0,19763.0,21628.0,20595.0,19777.0,19617.0,19689.0,19133.0,20131.0,20562.0,20919.0,21350.0,22083.0,21630.0,22332.0,22610.0,22833.0,23513.0,24164.0,25064.0,26135.0,26849.0,27697.0,28421.0,29240.0,29916.0,29995.0,30434.0,30692.0,29819.0,30452.0,29675.0,28762.0,28719.0,29375.0,29814.0,30469.0,30263.0,30989.0,30886.0,31439.0,31935.0,32385.0,33151.0,34254.0,34552.0,35067.0,34726.0,34016.0,33656.0,33321.0,32954.0,32966.0,32031.0,31205.0,30949.0,30981.0,29792.0,29375.0,29821.0,29942.0,29786.0,30502.0,30122.0,30983.0,31157.0,30695.0,29880.0,29925.0,29079.0,29085.0,28684.0,28520.0,27457.0,26838.0,26412.0,25952.0,26938.0,24600.0,26135.0,25813.0,25306.0,25382.0,25005.0,24693.0,24327.0,24139.0,24132.0,23820.0,23502.0,23278.0,23085.0,23074.0,23101.0,22838.0,22444.0,22705.0,22271.0,22488.0
K,81,14386.0,15662.0,15848.0,17656.0,18355.0,19980.0,19099.0,18327.0,18188.0,18303.0,17882.0,18759.0,19117.0,19542.0,19966.0,20723.0,20243.0,20887.0,21214.0,21477.0,22173.0,22753.0,23636.0,24719.0,25385.0,26226.0,26916.0,27719.0,28400.0,28619.0,29027.0,29324.0,28458.0,29083.0,28418.0,27522.0,27429.0,28046.0,28519.0,29186.0,28994.0,29685.0,29632.0,30135.0,30596.0,31100.0,31797.0,32896.0,33202.0,33732.0,33433.0,32749.0,32433.0,32176.0,31757.0,31796.0,30889.0,30107.0,29835.0,29902.0,28736.0,28326.0,28767.0,28856.0,28689.0,29454.0,29070.0,29950.0,30055.0,29621.0,28838.0,28840.0,28004.0,28091.0,27728.0,27544.0,26495.0,25902.0,25418.0,25079.0,25969.0,23790.0,25221.0,24913.0,24426.0,24517.0,24151.0,23793.0,23513.0,23261.0,23259.0,23037.0,22638.0,22434.0,22252.0,22258.0,22260.0,22022.0,21659.0,21917.0,21490.0
K,82,14292.0,13335.0,14457.0,14627.0,16289.0,16898.0,18494.0,17621.0,17047.0,16914.0,17092.0,16655.0,17518.0,17851.0,18264.0,18677.0,19427.0,18969.0,19631.0,19950.0,20137.0,20897.0,21495.0,22353.0,23396.0,24025.0,24834.0,25496.0,26321.0,26992.0,27267.0,27696.0,27988.0,27249.0,27753.0,27193.0,26286.0,26243.0,26826.0,27358.0,27960.0,27805.0,28415.0,28472.0,28944.0,29334.0,29872.0,30512.0,31645.0,31959.0,32492.0,32205.0,31585.0,31265.0,31053.0,30686.0,30667.0,29792.0,28997.0,28822.0,28832.0,27717.0,27289.0,27761.0,27895.0,27637.0,28428.0,28044.0,28881.0,29010.0,28584.0,27846.0,27856.0,27015.0,27134.0,26804.0,26620.0,25578.0,25038.0,24543.0,24211.0,25043.0,22974.0,24338.0,24031.0,23545.0,23640.0,23291.0,22949.0,22686.0,22461.0,22401.0,22181.0,21847.0,21610.0,21477.0,21490.0,21513.0,21280.0,20916.0,21152.0
K,83,13203.0,13192.0,12377.0,13357.0,13575.0,15045.0,15639.0,17140.0,16374.0,15820.0,15805.0,15973.0,15557.0,16397.0,16677.0,17019.0,17485.0,18224.0,17807.0,18502.0,18876.0,18947.0,19693.0,20331.0,21185.0,22147.0,22796.0,23614.0,24205.0,25009.0,25717.0,25934.0,26424.0,26721.0,26048.0,26537.0,26024.0,25157.0,25122.0,25662.0,26251.0,26787.0,26620.0,27267.0,27261.0,27844.0,28175.0,28717.0,29331.0,30423.0,30757.0,31296.0,31068.0,30383.0,30083.0,29938.0,29614.0,29613.0,28727.0,28026.0,27785.0,27851.0,26756.0,26320.0,26830.0,26970.0,26680.0,27421.0,27050.0,27913.0,27989.0,27589.0,26869.0,26854.0,26105.0,26216.0,25855.0,25693.0,24690.0,24263.0,23639.0,23362.0,24127.0,22156.0,23505.0,23215.0,22722.0,22787.0,22459.0,22146.0,21891.0,21668.0,21573.0,21384.0,21095.0,20881.0,20675.0,20704.0,20759.0,20517.0,20177.0
K,84,12100.0,12203.0,12216.0,11475.0,12386.0,12556.0,13960.0,14461.0,15903.0,15309.0,14769.0,14745.0,14985.0,14552.0,15326.0,15623.0,15952.0,16393.0,17185.0,16738.0,17359.0,17897.0,17909.0,18512.0,19232.0,20042.0,21003.0,21627.0,22475.0,23030.0,23798.0,24540.0,24653.0,25233.0,25515.0,24897.0,25449.0,24930.0,24031.0,24035.0,24634.0,25151.0,25725.0,25548.0,26170.0,26236.0,26772.0,27072.0,27657.0,28197.0,29277.0,29651.0,30118.0,30007.0,29270.0,29013.0,28899.0,28528.0,28559.0,27711.0,27060.0,26801.0,26856.0,25777.0,25348.0,25912.0,26043.0,25657.0,26411.0,26121.0,26967.0,27019.0,26642.0,25926.0,25943.0,25250.0,25322.0,24882.0,24815.0,23816.0,23442.0,22786.0,22612.0,23263.0,21355.0,22656.0,22363.0,21882.0,21959.0,21719.0,21341.0,21094.0,20882.0,20826.0,20613.0,20322.0,20138.0,19921.0,19958.0,19995.0,19795.0
K,85,10731.0,10192.0,10269.0,10360.0,9771.0,10556.0,10704.0,11990.0,12385.0,13666.0,13208.0,12681.0,12812.0,13043.0,12688.0,13410.0,13672.0,14034.0,14408.0,15091.0,14822.0,15379.0,15832.0,15938.0,16603.0,17231.0,17998.0,18919.0,19495.0,20350.0,20906.0,21583.0,22320.0,22515.0,23065.0,23284.0,22725.0,23212.0,22853.0,21975.0,22080.0,22603.0,23051.0,23702.0,23482.0,24086.0,24199.0,24729.0,25100.0,25618.0,26080.0,27158.0,27524.0,28019.0,27896.0,27208.0,26977.0,26867.0,26597.0,26578.0,25748.0,25134.0,24914.0,24996.0,23968.0,23627.0,24146.0,24276.0,23905.0,24606.0,24274.0,25103.0,25179.0,24816.0,24154.0,24197.0,23472.0,23579.0,23174.0,23071.0,22220.0,21860.0,21231.0,21067.0,21666.0,19836.0,21062.0,20810.0,20294.0,20411.0,20283.0,19906.0,19628.0,19417.0,19386.0,19158.0,18914.0,18669.0,18503.0,18573.0,18639.0
K,86,9731.0,9086.0,8646.0,8709.0,8879.0,8310.0,9006.0,9208.0,10218.0,10626.0,11805.0,11444.0,11052.0,11163.0,11440.0,11141.0,11688.0,11958.0,12332.0,12661.0,13270.0,13112.0,13741.0,14181.0,14246.0,14917.0,15482.0,16174.0,17104.0,17610.0,18419.0,18910.0,19680.0,20383.0,20485.0,21041.0,21323.0,20785.0,21229.0,20953.0,20049.0,20182.0,20713.0,21207.0,21800.0,21599.0,22217.0,22427.0,22786.0,23244.0,23741.0,24197.0,25317.0,25604.0,26094.0,25934.0,25325.0,25085.0,24986.0,24746.0,24736.0,23818.0,23411.0,23227.0,23240.0,22245.0,21979.0,22469.0,22602.0,22245.0,22910.0,22593.0,23425.0,23491.0,23145.0,22477.0,22538.0,21906.0,21992.0,21610.0,21427.0,20619.0,20358.0,19824.0,19634.0,20143.0,18476.0,19572.0,19368.0,18861.0,19010.0,18847.0,18527.0,18237.0,18063.0,18014.0,17833.0,17543.0,17311.0,17202.0,17303.0
K,87,8566.0,8225.0,7722.0,7344.0,7435.0,7564.0,7081.0,7738.0,7925.0,8788.0,9157.0,10218.0,9978.0,9642.0,9736.0,10009.0,9749.0,10205.0,10522.0,10881.0,11184.0,11772.0,11658.0,12216.0,12620.0,12794.0,13395.0,14000.0,14621.0,15461.0,15939.0,16722.0,17281.0,17910.0,18648.0,18672.0,19239.0,19606.0,19019.0,19451.0,19241.0,18411.0,18507.0,19043.0,19591.0,20105.0,19999.0,20499.0,20770.0,21122.0,21484.0,22043.0,22547.0,23567.0,23783.0,24259.0,24072.0,23557.0,23300.0,23253.0,23021.0,22964.0,22182.0,21839.0,21561.0,21572.0,20654.0,20449.0,20850.0,21027.0,20717.0,21398.0,21014.0,21879.0,21875.0,21599.0,21012.0,20995.0,20397.0,20532.0,20102.0,19918.0,19217.0,18899.0,18444.0,18277.0,18700.0,17234.0,18249.0,18004.0,17552.0,17660.0,17498.0,17219.0,16996.0,16832.0,16775.0,16593.0,16327.0,16077.0,16043.0
K,88,7676.0,7282.0,7033.0,6604.0,6271.0,6367.0,6536.0,6059.0,6724.0,6876.0,7589.0,7943.0,8816.0,8727.0,8392.0,8542.0,8733.0,8554.0,8983.0,9289.0,9609.0,9876.0,10470.0,10432.0,10917.0,11267.0,11488.0,12035.0,12623.0,13157.0,14069.0,14473.0,15211.0,15787.0,16316.0,17083.0,17066.0,17558.0,17989.0,17445.0,17739.0,17676.0,16870.0,17065.0,17469.0,18069.0,18524.0,18457.0,18972.0,19198.0,19537.0,19948.0,20468.0,20983.0,21907.0,22088.0,22569.0,22385.0,21931.0,21670.0,21517.0,21436.0,21428.0,20547.0,20344.0,20061.0,20082.0,19224.0,18985.0,19382.0,19607.0,19316.0,20020.0,19663.0,20446.0,20397.0,20123.0,19582.0,19551.0,19026.0,19101.0,18742.0,18599.0,17876.0,17564.0,17174.0,17004.0,17363.0,15997.0,16998.0,16714.0,16380.0,16441.0,16274.0,16041.0,15844.0,15707.0,15639.0,15413.0,15213.0,14972.0
K,89,6899.0,6508.0,6202.0,6030.0,5590.0,5346.0,5457.0,5612.0,5220.0,5814.0,5948.0,6533.0,6904.0,7744.0,7549.0,7279.0,7433.0,7669.0,7524.0,7916.0,8227.0,8576.0,8786.0,9374.0,9299.0,9828.0,10149.0,10350.0,10874.0,11442.0,11982.0,12811.0,13158.0,13886.0,14329.0,14854.0,15631.0,15609.0,16053.0,16516.0,15965.0,16238.0,16230.0,15482.0,15717.0,16124.0,16628.0,17146.0,17060.0,17596.0,17785.0,18103.0,18472.0,19004.0,19527.0,20373.0,20507.0,21043.0,20803.0,20399.0,20115.0,20001.0,19907.0,19893.0,19133.0,18996.0,18695.0,18616.0,17858.0,17699.0,18129.0,18262.0,17970.0,18652.0,18331.0,19071.0,19084.0,18723.0,18248.0,18214.0,17766.0,17775.0,17389.0,17291.0,16617.0,16320.0,15950.0,15848.0,16100.0,14830.0,15844.0,15561.0,15272.0,15269.0,15114.0,14870.0,14728.0,14647.0,14542.0,14348.0,14111.0
K,90,6430.0,6922.0,6527.0,6225.0,6052.0,5607.0,5364.0,5476.0,5632.0,5237.0,5831.0,5968.0,6541.0,6919.0,7756.0,7565.0,7293.0,7447.0,7675.0,7532.0,7926.0,8239.0,8579.0,8793.0,9380.0,9308.0,9836.0,10155.0,10361.0,10884.0,11446.0,11985.0,12812.0,13164.0,13890.0,14334.0,14860.0,15635.0,15610.0,16056.0,16519.0,15966.0,16242.0,16234.0,15488.0,15720.0,16125.0,16630.0,17147.0,17063.0,17598.0,17786.0,18104.0,18474.0,19006.0,19529.0,20375.0,20508.0,21045.0,20807.0,20399.0,20116.0,20002.0,19908.0,19895.0,19135.0,18998.0,18695.0,18616.0,17859.0,17700.0,18130.0,18264.0,17971.0,18652.0,18332.0,19071.0,19084.0,18725.0,18249.0,18215.0,17766.0,17775.0,17389.0,17291.0,16617.0,16320.0,15950.0,15849.0,16100.0,14832.0,15844.0,15561.0,15272.0,15269.0,15114.0,14870.0,14728.0,14647.0,14542.0,14348.0
K,91,5648.0,4854.0,5243.0,4911.0,4678.0,4520.0,4196.0,4020.0,4074.0,4228.0,3896.0,4362.0,4494.0,4906.0,5211.0,5873.0,5699.0,5501.0,5597.0,5745.0,5649.0,5931.0,6180.0,6463.0,6601.0,7065.0,6976.0,7375.0,7657.0,7837.0,8250.0,8614.0,9024.0,9657.0,9906.0,10441.0,10825.0,11171.0,11793.0,11767.0,12093.0,12395.0,12036.0,12245.0,12196.0,11669.0,11842.0,12163.0,12459.0,12884.0,12805.0,13183.0,13278.0,13504.0,13752.0,14185.0,14581.0,15211.0,15356.0,15782.0,15613.0,15304.0,15087.0,14982.0,14925.0,14958.0,14321.0,14243.0,13960.0,13871.0,13419.0,13234.0,13570.0,13700.0,13466.0,13943.0,13687.0,14242.0,14262.0,14027.0,13644.0,13641.0,13335.0,13329.0,13046.0,12943.0,12450.0,12218.0,11940.0,11948.0,12120.0,11183.0,11831.0,11709.0,11564.0,11488.0,11371.0,11272.0,11021.0,10934.0,10936.0
K,92,4751.0,4323.0,3721.0,3977.0,3733.0,3555.0,3430.0,3168.0,3051.0,3080.0,3180.0,2985.0,3340.0,3435.0,3693.0,3962.0,4439.0,4287.0,4156.0,4232.0,4360.0,4293.0,4466.0,4647.0,4861.0,4924.0,5299.0,5202.0,5518.0,5692.0,5830.0,6089.0,6392.0,6675.0,7202.0,7381.0,7718.0,8057.0,8312.0,8880.0,8813.0,9073.0,9328.0,9038.0,9159.0,9148.0,8732.0,8809.0,9152.0,9361.0,9655.0,9624.0,9922.0,9973.0,10145.0,10397.0,10690.0,10913.0,11361.0,11492.0,11799.0,11726.0,11506.0,11347.0,11218.0,11215.0,11266.0,10788.0,10771.0,10467.0,10444.0,10097.0,9995.0,10250.0,10347.0,10180.0,10483.0,10323.0,10737.0,10775.0,10552.0,10296.0,10276.0,9985.0,9975.0,9785.0,9767.0,9324.0,9129.0,8901.0,8991.0,9037.0,8352.0,8890.0,8788.0,8659.0,8656.0,8529.0,8445.0,8267.0,8149.0
K,93,3747.0,3569.0,3248.0,2801.0,2987.0,2789.0,2634.0,2581.0,2379.0,2296.0,2318.0,2371.0,2263.0,2500.0,2579.0,2789.0,2980.0,3333.0,3236.0,3091.0,3173.0,3263.0,3211.0,3317.0,3485.0,3669.0,3724.0,3935.0,3917.0,4183.0,4274.0,4394.0,4612.0,4840.0,5012.0,5422.0,5541.0,5811.0,6039.0,6210.0,6610.0,6567.0,6751.0,6981.0,6768.0,6900.0,6828.0,6502.0,6672.0,6830.0,7025.0,7216.0,7220.0,7407.0,7491.0,7597.0,7814.0,7990.0,8216.0,8544.0,8735.0,8832.0,8770.0,8660.0,8480.0,8360.0,8371.0,8424.0,8132.0,8067.0,7829.0,7883.0,7530.0,7553.0,7744.0,7800.0,7694.0,7837.0,7732.0,8062.0,8075.0,7951.0,7759.0,7723.0,7560.0,7560.0,7407.0,7344.0,7086.0,6855.0,6658.0,6729.0,6705.0,6280.0,6630.0,6592.0,6441.0,6445.0,6346.0,6311.0,6198.0
K,94,3013.0,2856.0,2712.0,2465.0,2153.0,2287.0,2162.0,2026.0,1966.0,1825.0,1774.0,1770.0,1768.0,1716.0,1855.0,1935.0,2089.0,2264.0,2509.0,2424.0,2313.0,2382.0,2431.0,2404.0,2443.0,2583.0,2748.0,2795.0,2971.0,2977.0,3144.0,3206.0,3281.0,3452.0,3681.0,3721.0,4064.0,4186.0,4377.0,4588.0,4682.0,4988.0,4999.0,5097.0,5273.0,5090.0,5237.0,5158.0,4920.0,5019.0,5130.0,5338.0,5484.0,5449.0,5549.0,5618.0,5641.0,5815.0,5976.0,6165.0,6349.0,6580.0,6616.0,6577.0,6522.0,6343.0,6261.0,6244.0,6334.0,6119.0,6111.0,5895.0,5941.0,5673.0,5716.0,5843.0,5871.0,5773.0,5883.0,5830.0,6064.0,6065.0,6010.0,5829.0,5874.0,5663.0,5647.0,5532.0,5502.0,5282.0,5105.0,4956.0,5022.0,5072.0,4704.0,4928.0,4976.0,4765.0,4846.0,4741.0,4719.0
K,95,2297.0,2301.0,2163.0,2025.0,1892.0,1616.0,1732.0,1618.0,1510.0,1469.0,1385.0,1360.0,1351.0,1329.0,1327.0,1380.0,1463.0,1580.0,1722.0,1855.0,1820.0,1741.0,1797.0,1856.0,1834.0,1863.0,1940.0,2050.0,2093.0,2209.0,2237.0,2382.0,2386.0,2476.0,2593.0,2736.0,2782.0,3037.0,3143.0,3288.0,3481.0,3524.0,3723.0,3756.0,3831.0,3944.0,3839.0,3977.0,3840.0,3719.0,3735.0,3824.0,3954.0,4135.0,4065.0,4169.0,4225.0,4274.0,4347.0,4440.0,4578.0,4752.0,4894.0,4917.0,4925.0,4874.0,4754.0,4647.0,4660.0,4739.0,4538.0,4527.0,4376.0,4416.0,4209.0,4286.0,4416.0,4378.0,4263.0,4362.0,4294.0,4522.0,4577.0,4533.0,4351.0,4439.0,4299.0,4316.0,4160.0,4172.0,3995.0,3825.0,3722.0,3759.0,3796.0,3538.0,3707.0,3775.0,3603.0,3615.0,3563.0
K,96,1797.0,1749.0,1728.0,1639.0,1538.0,1427.0,1214.0,1278.0,1200.0,1131.0,1092.0,1002.0,1017.0,1035.0,1009.0,1011.0,1044.0,1112.0,1210.0,1313.0,1403.0,1377.0,1319.0,1352.0,1406.0,1388.0,1409.0,1477.0,1565.0,1553.0,1617.0,1666.0,1778.0,1780.0,1842.0,1928.0,2009.0,2081.0,2293.0,2413.0,2468.0,2583.0,2634.0,2798.0,2808.0,2860.0,2949.0,2884.0,2998.0,2916.0,2821.0,2745.0,2872.0,2963.0,3086.0,3045.0,3127.0,3176.0,3164.0,3256.0,3334.0,3413.0,3552.0,3643.0,3695.0,3688.0,3636.0,3575.0,3527.0,3531.0,3569.0,3393.0,3421.0,3237.0,3251.0,3129.0,3179.0,3258.0,3260.0,3174.0,3242.0,3201.0,3374.0,3446.0,3385.0,3224.0,3296.0,3270.0,3229.0,3096.0,3097.0,2980.0,2873.0,2771.0,2861.0,2823.0,2677.0,2745.0,2845.0,2732.0,2686.0
K,97,1313.0,1378.0,1339.0,1313.0,1232.0,1158.0,1078.0,931.0,953.0,904.0,851.0,812.0,749.0,780.0,776.0,767.0,773.0,771.0,810.0,928.0,1014.0,1053.0,1053.0,1008.0,1019.0,1058.0,1048.0,1054.0,1122.0,1177.0,1137.0,1245.0,1261.0,1335.0,1339.0,1374.0,1458.0,1545.0,1588.0,1733.0,1792.0,1887.0,1930.0,1934.0,2090.0,2113.0,2137.0,2206.0,2171.0,2242.0,2207.0,2123.0,2076.0,2142.0,2270.0,2336.0,2274.0,2343.0,2389.0,2352.0,2388.0,2495.0,2568.0,2657.0,2745.0,2768.0,2710.0,2700.0,2659.0,2635.0,2611.0,2679.0,2595.0,2576.0,2430.0,2443.0,2328.0,2411.0,2466.0,2466.0,2391.0,2455.0,2431.0,2499.0,2592.0,2556.0,2419.0,2458.0,2468.0,2438.0,2299.0,2343.0,2238.0,2154.0,2064.0,2138.0,2123.0,2001.0,2073.0,2155.0,2026.0
K,98,991.0,972.0,1021.0,1000.0,997.0,960.0,866.0,805.0,682.0,711.0,669.0,630.0,610.0,573.0,591.0,602.0,603.0,591.0,609.0,607.0,687.0,765.0,779.0,798.0,751.0,746.0,820.0,781.0,784.0,857.0,902.0,865.0,937.0,1002.0,1032.0,1001.0,1049.0,1087.0,1177.0,1203.0,1330.0,1393.0,1424.0,1470.0,1500.0,1616.0,1636.0,1635.0,1694.0,1644.0,1695.0,1630.0,1582.0,1534.0,1611.0,1702.0,1747.0,1727.0,1734.0,1806.0,1725.0,1777.0,1881.0,1934.0,1969.0,2044.0,2033.0,2009.0,2014.0,2023.0,1970.0,1948.0,2035.0,1915.0,1906.0,1799.0,1824.0,1752.0,1820.0,1807.0,1868.0,1767.0,1801.0,1823.0,1879.0,1954.0,1917.0,1802.0,1825.0,1851.0,1795.0,1721.0,1753.0,1694.0,1590.0,1566.0,1587.0,1595.0,1481.0,1575.0,1624.0
K,99,597.0,748.0,735.0,769.0,768.0,730.0,735.0,631.0,618.0,506.0,553.0,509.0,472.0,452.0,428.0,433.0,452.0,447.0,435.0,459.0,452.0,509.0,583.0,577.0,605.0,586.0,550.0,624.0,583.0,594.0,648.0,691.0,646.0,733.0,760.0,779.0,757.0,781.0,814.0,863.0,934.0,1027.0,1024.0,1079.0,1096.0,1115.0,1219.0,1240.0,1248.0,1276.0,1242.0,1312.0,1240.0,1183.0,1142.0,1220.0,1277.0,1281.0,1358.0,1287.0,1367.0,1309.0,1341.0,1415.0,1446.0,1459.0,1522.0,1531.0,1519.0,1521.0,1494.0,1492.0,1493.0,1559.0,1433.0,1453.0,1344.0,1395.0,1339.0,1389.0,1340.0,1438.0,1290.0,1361.0,1358.0,1400.0,1507.0,1437.0,1352.0,1337.0,1410.0,1330.0,1309.0,1295.0,1272.0,1207.0,1180.0,1198.0,1241.0,1105.0,1184.0
K,100,423.0,418.0,557.0,559.0,572.0,578.0,550.0,537.0,468.0,444.0,391.0,413.0,387.0,345.0,330.0,309.0,308.0,323.0,325.0,327.0,367.0,349.0,381.0,432.0,413.0,446.0,419.0,407.0,469.0,444.0,455.0,495.0,505.0,488.0,550.0,569.0,594.0,567.0,595.0,610.0,655.0,709.0,763.0,754.0,808.0,817.0,827.0,902.0,940.0,952.0,944.0,921.0,988.0,958.0,856.0,851.0,911.0,937.0,948.0,1016.0,956.0,1008.0,986.0,999.0,1065.0,1069.0,1055.0,1142.0,1159.0,1121.0,1148.0,1109.0,1129.0,1106.0,1157.0,1064.0,1095.0,999.0,1065.0,975.0,1052.0,1002.0,1064.0,956.0,998.0,1018.0,1065.0,1124.0,1069.0,1031.0,1019.0,1054.0,1004.0,974.0,942.0,946.0,890.0,876.0,890.0,923.0,827.0
K,101,256.0,152.0,163.0,210.0,195.0,200.0,211.0,205.0,187.0,184.0,165.0,150.0,152.0,148.0,115.0,109.0,101.0,102.0,111.0,123.0,113.0,133.0,123.0,136.0,152.0,135.0,154.0,144.0,136.0,156.0,154.0,148.0,183.0,180.0,187.0,204.0,224.0,220.0,222.0,234.0,226.0,252.0,273.0,292.0,281.0,307.0,303.0,327.0,360.0,367.0,373.0,377.0,356.0,378.0,367.0,341.0,327.0,362.0,361.0,362.0,388.0,371.0,372.0,361.0,377.0,388.0,401.0,381.0,433.0,419.0,405.0,441.0,422.0,415.0,399.0,450.0,410.0,417.0,369.0,388.0,384.0,388.0,392.0,393.0,348.0,388.0,385.0,405.0,439.0,403.0,394.0,380.0,403.0,394.0,362.0,348.0,371.0,342.0,334.0,351.0,347.0
K,102,164.0,92.0,52.0,66.0,97.0,94.0,87.0,92.0,87.0,81.0,75.0,67.0,62.0,59.0,67.0,52.0,49.0,41.0,45.0,37.0,50.0,54.0,53.0,48.0,62.0,64.0,54.0,68.0,64.0,61.0,67.0,69.0,62.0,77.0,64.0,63.0,72.0,83.0,75.0,96.0,105.0,89.0,83.0,98.0,117.0,97.0,117.0,115.0,113.0,141.0,140.0,136.0,126.0,137.0,155.0,132.0,124.0,116.0,147.0,133.0,146.0,129.0,138.0,158.0,141.0,160.0,147.0,155.0,149.0,169.0,145.0,158.0,162.0,145.0,162.0,151.0,162.0,156.0,156.0,147.0,152.0,151.0,157.0,151.0,152.0,144.0,153.0,149.0,146.0,172.0,159.0,147.0,157.0,158.0,169.0,147.0,146.0,153.0,127.0,127.0,130.0
K,103,82.0,72.0,37.0,24.0,27.0,36.0,39.0,45.0,42.0,37.0,30.0,31.0,19.0,22.0,20.0,26.0,25.0,20.0,17.0,17.0,14.0,18.0,20.0,25.0,27.0,33.0,31.0,26.0,27.0,32.0,29.0,27.0,33.0,21.0,36.0,26.0,26.0,34.0,28.0,24.0,31.0,38.0,35.0,35.0,42.0,42.0,38.0,51.0,41.0,37.0,48.0,54.0,49.0,51.0,48.0,55.0,48.0,45.0,46.0,55.0,39.0,57.0,51.0,51.0,51.0,48.0,57.0,56.0,55.0,53.0,72.0,50.0,53.0,63.0,46.0,59.0,53.0,58.0,58.0,61.0,50.0,50.0,47.0,53.0,57.0,50.0,51.0,57.0,58.0,53.0,68.0,53.0,55.0,56.0,57.0,64.0,53.0,44.0,63.0,51.0,41.0
K,104,39.0,35.0,28.0,19.0,9.0,8.0,13.0,13.0,17.0,14.0,11.0,8.0,12.0,6.0,9.0,8.0,8.0,7.0,9.0,10.0,8.0,4.0,5.0,7.0,8.0,9.0,15.0,9.0,14.0,5.0,11.0,14.0,13.0,15.0,10.0,11.0,8.0,7.0,19.0,10.0,11.0,14.0,21.0,8.0,12.0,19.0,16.0,16.0,22.0,15.0,9.0,17.0,16.0,17.0,19.0,20.0,18.0,20.0,17.0,12.0,24.0,9.0,20.0,21.0,18.0,19.0,21.0,26.0,27.0,25.0,22.0,30.0,18.0,27.0,24.0,15.0,24.0,20.0,23.0,19.0,25.0,23.0,18.0,19.0,19.0,24.0,18.0,22.0,26.0,20.0,18.0,25.0,24.0,26.0,25.0,21.0,21.0,18.0,12.0,22.0,18.0
K,105,76.0,21.0,14.0,7.0,8.0,1.0,2.0,2.0,4.0,5.0,4.0,4.0,4.0,5.0,1.0,5.0,2.0,5.0,3.0,6.0,4.0,5.0,3.0,4.0,3.0,5.0,1.0,6.0,5.0,4.0,3.0,3.0,7.0,6.0,8.0,4.0,5.0,1.0,2.0,7.0,5.0,3.0,3.0,8.0,2.0,5.0,6.0,3.0,5.0,14.0,5.0,3.0,7.0,7.0,7.0,4.0,8.0,7.0,7.0,7.0,4.0,9.0,3.0,5.0,4.0,7.0,7.0,10.0,14.0,8.0,9.0,8.0,10.0,4.0,10.0,11.0,4.0,7.0,9.0,12.0,7.0,12.0,7.0,6.0,6.0,5.0,13.0,7.0,9.0,8.0,8.0,8.0,8.0,7.0,12.0,13.0,10.0,7.0,6.0,6.0,7.0
K,106,,29.0,8.0,5.0,5.0,4.0,,1.0,,2.0,,1.0,1.0,1.0,1.0,1.0,,,3.0,,1.0,1.0,2.0,1.0,2.0,1.0,3.0,1.0,1.0,,2.0,1.0,1.0,4.0,3.0,3.0,1.0,2.0,,1.0,2.0,,,2.0,6.0,1.0,2.0,2.0,1.0,4.0,2.0,2.0,1.0,3.0,2.0,4.0,,4.0,3.0,3.0,1.0,2.0,3.0,,1.0,,2.0,5.0,2.0,6.0,2.0,4.0,5.0,3.0,2.0,5.0,2.0,3.0,3.0,3.0,3.0,3.0,6.0,2.0,2.0,2.0,3.0,5.0,5.0,3.0,6.0,4.0,2.0,2.0,3.0,5.0,4.0,5.0,3.0,,1.0
K,107,,,13.0,2.0,2.0,1.0,1.0,,,,1.0,,1.0,1.0,,,1.0,,,1.0,,,,2.0,,1.0,1.0,2.0,,,,,,,1.0,,1.0,1.0,1.0,,1.0,1.0,,,,2.0,1.0,,1.0,,2.0,1.0,1.0,,1.0,1.0,1.0,,1.0,2.0,2.0,,,1.0,,,,,2.0,,1.0,1.0,2.0,2.0,,1.0,2.0,1.0,1.0,2.0,3.0,1.0,1.0,4.0,1.0,1.0,,1.0,2.0,3.0,1.0,1.0,2.0,,1.0,1.0,2.0,1.0,2.0,1.0,
K,108,,,,6.0,2.0,,,,,,,1.0,,1.0,1.0,,,,,,1.0,,,,,,1.0,,2.0,,,,,,,,,,,,,1.0,1.0,,,,,1.0,,,,,,,,1.0,,1.0,,,,,,,1.0,,,,,2.0,,1.0,,1.0,1.0,,1.0,1.0,,,,1.0,1.0,,1.0,,,,,1.0,1.0,,1.0,1.0,,1.0,,1.0,,,1.0
K,109,,,,,2.0,,,,,,,,1.0,,,1.0,,,,,,1.0,,,,,,,,,,,,,,,,,,,,,,,,,,,,,,,,,,,,,,,,,,,,,,,,,1.0,,,,,1.0,,,,,,,1.0,,,,,,,,,1.0,,1.0,,,1.0,,,,
M,0,26681.0,27142.0,27115.0,27163.0,26789.0,26626.0,26730.0,26364.0,26433.0,26188.0,25918.0,26136.0,25842.0,25965.0,25859.0,25593.0,25805.0,26045.0,25535.0,25571.0,25349.0,25148.0,25134.0,25024.0,24648.0,24345.0,24304.0,23726.0,23649.0,23220.0,23053.0,22765.0,22816.0,22233.0,22165.0,22088.0,22052.0,21685.0,21731.0,21228.0,21385.0,21126.0,21088.0,20631.0,20737.0,20511.0,20396.0,20072.0,19947.0,20048.0,20014.0,19686.0,19692.0,19353.0,19285.0,19133.0,18841.0,18506.0,18476.0,18306.0,17949.0,17739.0,17578.0,17399.0,17137.0,17103.0,16868.0,16630.0,16623.0,16446.0,16191.0,16484.0,16159.0,15941.0,15762.0,15695.0,15643.0,15508.0,15183.0,15168.0,14840.0,14802.0,14862.0,14759.0,14559.0,14390.0,14294.0,14185.0,13865.0,14036.0,13709.0,13387.0,13364.0,13307.0,13095.0,13007.0,12954.0,12785.0,12669.0,12613.0,12374.0
M,1,29378.0,26854.0,27315.0,27278.0,27326.0,26961.0,26785.0,26875.0,26518.0,26564.0,26298.0,26032.0,26241.0,25960.0,26076.0,25960.0,25682.0,25888.0,26158.0,25625.0,25652.0,25414.0,25229.0,25204.0,25090.0,24705.0,24391.0,24355.0,23776.0,23694.0,23264.0,23094.0,22812.0,22856.0,22266.0,22198.0,22120.0,22082.0,21710.0,21764.0,21252.0,21406.0,21149.0,21113.0,20657.0,20759.0,20529.0,20418.0,20086.0,19969.0,20053.0,20030.0,19703.0,19712.0,19367.0,19294.0,19146.0,18848.0,18521.0,18481.0,18319.0,17964.0,17745.0,17583.0,17407.0,17146.0,17108.0,16875.0,16639.0,16627.0,16455.0,16194.0,16488.0,16162.0,15949.0,15771.0,15702.0,15646.0,15515.0,15184.0,15170.0,14843.0,14803.0,14864.0,14761.0,14560.0,14394.0,14296.0,14187.0,13868.0,14036.0,13712.0,13391.0,13367.0,13311.0,13096.0,13012.0,12955.0,12786.0,12669.0,12614.0
M,2,27958.0,29589.0,27037.0,27485.0,27439.0,27482.0,27138.0,26936.0,26979.0,26640.0,26699.0,26422.0,26145.0,26373.0,26064.0,26173.0,26046.0,25769.0,25970.0,26245.0,25698.0,25720.0,25474.0,25287.0,25262.0,25148.0,24754.0,24435.0,24413.0,23814.0,23739.0,23291.0,23127.0,22853.0,22884.0,22313.0,22226.0,22147.0,22115.0,21732.0,21789.0,21272.0,21427.0,21164.0,21135.0,20685.0,20776.0,20543.0,20436.0,20101.0,19983.0,20070.0,20043.0,19725.0,19731.0,19376.0,19307.0,19158.0,18858.0,18529.0,18491.0,18329.0,17970.0,17752.0,17591.0,17415.0,17149.0,17118.0,16880.0,16641.0,16633.0,16464.0,16201.0,16494.0,16169.0,15957.0,15777.0,15703.0,15646.0,15517.0,15188.0,15173.0,14845.0,14804.0,14866.0,14763.0,14563.0,14396.0,14297.0,14189.0,13872.0,14038.0,13712.0,13392.0,13368.0,13312.0,13099.0,13013.0,12956.0,12786.0,12669.0
M,3,28989.0,28148.0,29776.0,27220.0,27644.0,27578.0,27664.0,27282.0,27076.0,27128.0,26760.0,26809.0,26534.0,26239.0,26475.0,26158.0,26265.0,26141.0,25856.0,26047.0,26318.0,25760.0,25806.0,25550.0,25363.0,25325.0,25195.0,24806.0,24481.0,24464.0,23865.0,23772.0,23340.0,23160.0,22902.0,22917.0,22339.0,22253.0,22177.0,22143.0,21759.0,21809.0,21295.0,21446.0,21181.0,21158.0,20714.0,20796.0,20557.0,20456.0,20113.0,19992.0,20079.0,20059.0,19742.0,19744.0,19385.0,19316.0,19168.0,18866.0,18539.0,18500.0,18336.0,17983.0,17763.0,17601.0,17420.0,17158.0,17122.0,16889.0,16644.0,16639.0,16472.0,16205.0,16498.0,16171.0,15960.0,15781.0,15706.0,15650.0,15521.0,15190.0,15176.0,14848.0,14807.0,14871.0,14767.0,14565.0,14399.0,14299.0,14191.0,13873.0,14042.0,13719.0,13393.0,13368.0,13314.0,13102.0,13016.0,12956.0,12789.0
M,4,29454.0,29169.0,28336.0,29970.0,27370.0,27815.0,27727.0,27828.0,27423.0,27185.0,27245.0,26889.0,26949.0,26647.0,26335.0,26580.0,26239.0,26363.0,26206.0,25927.0,26125.0,26380.0,25830.0,25866.0,25603.0,25411.0,25388.0,25266.0,24861.0,24524.0,24502.0,23915.0,23799.0,23379.0,23191.0,22940.0,22948.0,22368.0,22289.0,22201.0,22174.0,21790.0,21838.0,21324.0,21460.0,21205.0,21176.0,20734.0,20816.0,20574.0,20470.0,20127.0,20008.0,20093.0,20067.0,19753.0,19764.0,19399.0,19322.0,19177.0,18878.0,18547.0,18511.0,18340.0,17993.0,17770.0,17613.0,17427.0,17165.0,17125.0,16896.0,16649.0,16650.0,16476.0,16209.0,16503.0,16176.0,15964.0,15784.0,15708.0,15655.0,15526.0,15191.0,15177.0,14852.0,14810.0,14873.0,14771.0,14567.0,14398.0,14300.0,14193.0,13876.0,14044.0,13721.0,13393.0,13370.0,13315.0,13102.0,13017.0,12956.0
M,5,30339.0,29689.0,29427.0,28542.0,30150.0,27537.0,27971.0,27905.0,27979.0,27575.0,27328.0,27378.0,26995.0,27070.0,26770.0,26432.0,26684.0,26321.0,26466.0,26289.0,26005.0,26211.0,26453.0,25879.0,25934.0,25677.0,25471.0,25448.0,25321.0,24905.0,24577.0,24560.0,23962.0,23824.0,23408.0,23232.0,22972.0,22980.0,22403.0,22324.0,22232.0,22202.0,21820.0,21862.0,21347.0,21488.0,21227.0,21203.0,20752.0,20838.0,20589.0,20487.0,20146.0,20026.0,20110.0,20083.0,19764.0,19784.0,19408.0,19341.0,19190.0,18890.0,18561.0,18521.0,18351.0,18001.0,17775.0,17619.0,17438.0,17168.0,17129.0,16903.0,16659.0,16656.0,16480.0,16211.0,16511.0,16179.0,15965.0,15789.0,15712.0,15656.0,15528.0,15194.0,15179.0,14857.0,14810.0,14874.0,14770.0,14572.0,14400.0,14301.0,14196.0,13877.0,14047.0,13721.0,13395.0,13372.0,13317.0,13103.0,13021.0
M,6,31761.0,30561.0,29901.0,29637.0,28754.0,30304.0,27704.0,28136.0,28065.0,28100.0,27718.0,27474.0,27486.0,27120.0,27171.0,26875.0,26547.0,26771.0,26410.0,26555.0,26378.0,26082.0,26274.0,26508.0,25951.0,26003.0,25733.0,25533.0,25503.0,25368.0,24959.0,24625.0,24611.0,24014.0,23879.0,23433.0,23268.0,23005.0,23017.0,22437.0,22352.0,22265.0,22231.0,21842.0,21880.0,21369.0,21503.0,21242.0,21224.0,20768.0,20854.0,20605.0,20498.0,20162.0,20045.0,20120.0,20097.0,19781.0,19795.0,19419.0,19352.0,19208.0,18899.0,18573.0,18533.0,18357.0,18007.0,17787.0,17626.0,17444.0,17177.0,17135.0,16911.0,16668.0,16664.0,16484.0,16212.0,16514.0,16181.0,15966.0,15792.0,15714.0,15656.0,15530.0,15196.0,15182.0,14859.0,14813.0,14880.0,14771.0,14573.0,14402.0,14303.0,14199.0,13878.0,14049.0,13720.0,13396.0,13373.0,13317.0,13104.0
M,7,31747.0,31973.0,30785.0,30118.0,29830.0,28936.0,30494.0,27840.0,28297.0,28208.0,28237.0,27862.0,27591.0,27588.0,27213.0,27285.0,26980.0,26655.0,26869.0,26486.0,26633.0,26457.0,26148.0,26336.0,26581.0,26011.0,26060.0,25778.0,25595.0,25544.0,25417.0,25002.0,24672.0,24657.0,24050.0,23921.0,23462.0,23297.0,23039.0,23058.0,22466.0,22376.0,22288.0,22254.0,21867.0,21906.0,21394.0,21526.0,21262.0,21234.0,20784.0,20871.0,20620.0,20514.0,20174.0,20057.0,20129.0,20107.0,19797.0,19805.0,19430.0,19362.0,19225.0,18909.0,18583.0,18541.0,18367.0,18012.0,17794.0,17631.0,17452.0,17184.0,17143.0,16915.0,16671.0,16672.0,16491.0,16218.0,16518.0,16185.0,15970.0,15798.0,15717.0,15657.0,15532.0,15201.0,15182.0,14865.0,14817.0,14880.0,14776.0,14575.0,14406.0,14305.0,14202.0,13881.0,14051.0,13722.0,13397.0,13374.0,13318.0
M,8,31877.0,31959.0,32194.0,30972.0,30303.0,30015.0,29098.0,30650.0,27994.0,28444.0,28352.0,28379.0,27989.0,27707.0,27696.0,27327.0,27375.0,27083.0,26744.0,26954.0,26573.0,26709.0,26544.0,26214.0,26415.0,26655.0,26080.0,26125.0,25829.0,25650.0,25603.0,25460.0,25041.0,24712.0,24704.0,24088.0,23976.0,23498.0,23329.0,23075.0,23091.0,22497.0,22404.0,22317.0,22267.0,21881.0,21927.0,21417.0,21543.0,21282.0,21255.0,20797.0,20884.0,20635.0,20530.0,20188.0,20077.0,20143.0,20123.0,19810.0,19816.0,19440.0,19374.0,19232.0,18923.0,18591.0,18549.0,18374.0,18018.0,17805.0,17637.0,17457.0,17190.0,17149.0,16920.0,16676.0,16678.0,16493.0,16221.0,16521.0,16189.0,15973.0,15806.0,15725.0,15661.0,15535.0,15205.0,15184.0,14868.0,14817.0,14884.0,14778.0,14579.0,14407.0,14307.0,14203.0,13884.0,14051.0,13724.0,13399.0,13374.0
M,9,31832.0,32110.0,32175.0,32384.0,31175.0,30500.0,30183.0,29249.0,30790.0,28162.0,28575.0,28471.0,28507.0,28103.0,27814.0,27818.0,27434.0,27465.0,27163.0,26820.0,27030.0,26653.0,26785.0,26620.0,26281.0,26491.0,26718.0,26136.0,26180.0,25882.0,25714.0,25648.0,25508.0,25074.0,24767.0,24747.0,24126.0,24012.0,23526.0,23360.0,23099.0,23114.0,22524.0,22431.0,22334.0,22291.0,21896.0,21948.0,21431.0,21555.0,21301.0,21272.0,20810.0,20895.0,20648.0,20547.0,20203.0,20089.0,20152.0,20128.0,19818.0,19834.0,19449.0,19382.0,19239.0,18933.0,18595.0,18554.0,18383.0,18026.0,17806.0,17647.0,17462.0,17197.0,17153.0,16923.0,16678.0,16680.0,16501.0,16222.0,16523.0,16191.0,15973.0,15806.0,15727.0,15669.0,15538.0,15206.0,15187.0,14870.0,14818.0,14884.0,14781.0,14580.0,14407.0,14311.0,14204.0,13884.0,14052.0,13725.0,13400.0
M,10,33040.0,32088.0,32366.0,32392.0,32567.0,31352.0,30678.0,30358.0,29412.0,30940.0,28314.0,28712.0,28596.0,28638.0,28233.0,27948.0,27936.0,27536.0,27575.0,27259.0,26926.0,27104.0,26750.0,26861.0,26689.0,26341.0,26555.0,26769.0,26193.0,26249.0,25932.0,25764.0,25699.0,25556.0,25124.0,24798.0,24789.0,24168.0,24048.0,23558.0,23386.0,23138.0,23140.0,22553.0,22466.0,22357.0,22315.0,21925.0,21967.0,21447.0,21573.0,21321.0,21285.0,20825.0,20908.0,20657.0,20564.0,20220.0,20106.0,20161.0,20135.0,19827.0,19844.0,19461.0,19401.0,19249.0,18937.0,18612.0,18561.0,18390.0,18032.0,17808.0,17653.0,17466.0,17205.0,17156.0,16936.0,16681.0,16686.0,16504.0,16224.0,16529.0,16198.0,15979.0,15809.0,15731.0,15674.0,15538.0,15209.0,15189.0,14871.0,14820.0,14886.0,14783.0,14582.0,14409.0,14315.0,14205.0,13888.0,14054.0,13726.0
M,11,33476.0,33286.0,32312.0,32588.0,32592.0,32762.0,31560.0,30835.0,30502.0,29583.0,31079.0,28436.0,28843.0,28722.0,28776.0,28333.0,28075.0,28043.0,27632.0,27680.0,27356.0,27002.0,27168.0,26825.0,26950.0,26763.0,26429.0,26612.0,26818.0,26241.0,26311.0,25988.0,25807.0,25743.0,25597.0,25166.0,24840.0,24837.0,24197.0,24072.0,23588.0,23415.0,23168.0,23176.0,22576.0,22498.0,22392.0,22333.0,21946.0,21986.0,21470.0,21600.0,21339.0,21299.0,20834.0,20928.0,20670.0,20573.0,20232.0,20113.0,20168.0,20141.0,19837.0,19856.0,19463.0,19410.0,19264.0,18943.0,18618.0,18571.0,18400.0,18036.0,17815.0,17661.0,17468.0,17209.0,17163.0,16943.0,16686.0,16689.0,16505.0,16226.0,16533.0,16205.0,15982.0,15814.0,15733.0,15678.0,15540.0,15212.0,15190.0,14871.0,14821.0,14888.0,14785.0,14586.0,14411.0,14316.0,14208.0,13890.0,14056.0
M,12,34255.0,33715.0,33504.0,32531.0,32807.0,32767.0,32925.0,31735.0,30996.0,30657.0,29722.0,31220.0,28574.0,28972.0,28838.0,28889.0,28440.0,28178.0,28143.0,27718.0,27767.0,27446.0,27087.0,27241.0,26884.0,27025.0,26844.0,26494.0,26672.0,26879.0,26290.0,26359.0,26041.0,25850.0,25777.0,25646.0,25207.0,24877.0,24868.0,24233.0,24114.0,23618.0,23438.0,23201.0,23213.0,22603.0,22518.0,22411.0,22358.0,21975.0,22004.0,21485.0,21616.0,21348.0,21312.0,20850.0,20945.0,20679.0,20589.0,20240.0,20127.0,20174.0,20152.0,19849.0,19871.0,19470.0,19422.0,19268.0,18945.0,18629.0,18577.0,18408.0,18039.0,17823.0,17668.0,17473.0,17212.0,17173.0,16945.0,16689.0,16698.0,16507.0,16229.0,16537.0,16211.0,15983.0,15816.0,15733.0,15678.0,15545.0,15215.0,15197.0,14873.0,14824.0,14890.0,14786.0,14587.0,14413.0,14318.0,14209.0,13892.0
M,13,34985.0,34478.0,33936.0,33701.0,32715.0,32992.0,32926.0,33100.0,31920.0,31141.0,30818.0,29854.0,31331.0,28720.0,29079.0,28957.0,29007.0,28557.0,28281.0,28228.0,27798.0,27866.0,27543.0,27161.0,27309.0,26958.0,27085.0,26898.0,26549.0,26742.0,26918.0,26345.0,26406.0,26090.0,25891.0,25810.0,25687.0,25249.0,24924.0,24900.0,24258.0,24133.0,23656.0,23464.0,23219.0,23225.0,22620.0,22546.0,22430.0,22378.0,21996.0,22031.0,21503.0,21645.0,21359.0,21327.0,20862.0,20959.0,20687.0,20600.0,20251.0,20139.0,20183.0,20157.0,19859.0,19879.0,19474.0,19434.0,19274.0,18955.0,18634.0,18584.0,18414.0,18044.0,17832.0,17677.0,17482.0,17216.0,17175.0,16951.0,16693.0,16702.0,16511.0,16230.0,16543.0,16214.0,15987.0,15818.0,15738.0,15680.0,15551.0,15217.0,15203.0,14875.0,14824.0,14893.0,14787.0,14591.0,14414.0,14323.0,14209.0
M,14,34749.0,35209.0,34692.0,34175.0,33929.0,32928.0,33168.0,33105.0,33275.0,32088.0,31320.0,30955.0,29976.0,31467.0,28861.0,29213.0,29088.0,29101.0,28665.0,28376.0,28328.0,27892.0,27958.0,27630.0,27227.0,27380.0,27026.0,27162.0,26950.0,26601.0,26804.0,26961.0,26400.0,26448.0,26142.0,25940.0,25851.0,25725.0,25279.0,24950.0,24927.0,24288.0,24165.0,23681.0,23488.0,23240.0,23251.0,22649.0,22574.0,22444.0,22407.0,22015.0,22059.0,21524.0,21661.0,21368.0,21333.0,20880.0,20976.0,20700.0,20614.0,20261.0,20151.0,20192.0,20166.0,19867.0,19885.0,19483.0,19441.0,19283.0,18959.0,18642.0,18587.0,18419.0,18051.0,17836.0,17683.0,17489.0,17220.0,17178.0,16953.0,16698.0,16706.0,16515.0,16234.0,16544.0,16218.0,15987.0,15820.0,15740.0,15681.0,15554.0,15219.0,15204.0,14876.0,14825.0,14893.0,14788.0,14592.0,14418.0,14324.0
M,15,33731.0,34980.0,35446.0,34910.0,34392.0,34128.0,33116.0,33348.0,33271.0,33449.0,32246.0,31435.0,31093.0,30112.0,31597.0,28978.0,29315.0,29208.0,29223.0,28753.0,28464.0,28414.0,27979.0,28042.0,27706.0,27286.0,27441.0,27078.0,27216.0,27011.0,26645.0,26864.0,27005.0,26446.0,26489.0,26181.0,25967.0,25897.0,25768.0,25324.0,24981.0,24968.0,24313.0,24193.0,23711.0,23513.0,23260.0,23268.0,22675.0,22588.0,22464.0,22427.0,22034.0,22078.0,21538.0,21675.0,21390.0,21346.0,20898.0,20981.0,20717.0,20626.0,20268.0,20163.0,20200.0,20176.0,19878.0,19893.0,19491.0,19447.0,19296.0,18965.0,18653.0,18595.0,18422.0,18054.0,17842.0,17685.0,17492.0,17225.0,17183.0,16957.0,16705.0,16707.0,16521.0,16239.0,16545.0,16218.0,15992.0,15821.0,15745.0,15685.0,15555.0,15223.0,15204.0,14877.0,14827.0,14898.0,14790.0,14593.0,14419.0
M,16,33891.0,33960.0,35244.0,35663.0,35118.0,34574.0,34284.0,33291.0,33521.0,33408.0,33596.0,32379.0,31584.0,31229.0,30249.0,31709.0,29082.0,29436.0,29307.0,29314.0,28844.0,28570.0,28483.0,28057.0,28113.0,27771.0,27354.0,27497.0,27140.0,27257.0,27076.0,26680.0,26915.0,27059.0,26499.0,26538.0,26224.0,26006.0,25933.0,25802.0,25350.0,25015.0,24997.0,24344.0,24213.0,23736.0,23530.0,23277.0,23286.0,22700.0,22615.0,22484.0,22445.0,22046.0,22095.0,21558.0,21686.0,21406.0,21355.0,20912.0,20999.0,20731.0,20638.0,20272.0,20170.0,20214.0,20183.0,19886.0,19902.0,19499.0,19450.0,19299.0,18970.0,18657.0,18603.0,18430.0,18062.0,17846.0,17690.0,17499.0,17228.0,17187.0,16961.0,16709.0,16714.0,16523.0,16241.0,16549.0,16220.0,15992.0,15822.0,15750.0,15686.0,15559.0,15227.0,15206.0,14880.0,14830.0,14899.0,14794.0,14596.0
M,17,32980.0,34113.0,34183.0,35452.0,35856.0,35316.0,34763.0,34467.0,33451.0,33665.0,33562.0,33748.0,32520.0,31685.0,31361.0,30374.0,31831.0,29176.0,29565.0,29405.0,29404.0,28943.0,28665.0,28570.0,28121.0,28196.0,27840.0,27400.0,27540.0,27192.0,27315.0,27136.0,26735.0,26957.0,27110.0,26535.0,26575.0,26250.0,26049.0,25960.0,25830.0,25387.0,25042.0,25028.0,24371.0,24225.0,23759.0,23548.0,23296.0,23309.0,22716.0,22636.0,22501.0,22464.0,22058.0,22108.0,21568.0,21695.0,21414.0,21367.0,20923.0,21016.0,20745.0,20650.0,20277.0,20181.0,20219.0,20195.0,19891.0,19912.0,19502.0,19457.0,19305.0,18977.0,18660.0,18606.0,18436.0,18065.0,17848.0,17693.0,17503.0,17229.0,17190.0,16963.0,16711.0,16717.0,16528.0,16242.0,16551.0,16222.0,15994.0,15824.0,15750.0,15688.0,15560.0,15229.0,15205.0,14882.0,14832.0,14901.0,14798.0
M,18,33334.0,33234.0,34365.0,34362.0,35674.0,36046.0,35497.0,34927.0,34643.0,33616.0,33829.0,33728.0,33894.0,32649.0,31808.0,31473.0,30487.0,31929.0,29278.0,29654.0,29505.0,29498.0,29028.0,28734.0,28647.0,28204.0,28265.0,27911.0,27457.0,27595.0,27250.0,27366.0,27180.0,26780.0,27003.0,27150.0,26569.0,26607.0,26279.0,26086.0,25996.0,25863.0,25414.0,25077.0,25057.0,24394.0,24249.0,23782.0,23568.0,23316.0,23331.0,22735.0,22652.0,22523.0,22478.0,22075.0,22125.0,21586.0,21703.0,21422.0,21369.0,20933.0,21026.0,20761.0,20657.0,20285.0,20193.0,20231.0,20205.0,19902.0,19918.0,19508.0,19463.0,19313.0,18981.0,18663.0,18610.0,18442.0,18070.0,17850.0,17696.0,17509.0,17231.0,17193.0,16966.0,16717.0,16718.0,16528.0,16248.0,16555.0,16226.0,15995.0,15828.0,15752.0,15689.0,15560.0,15229.0,15209.0,14885.0,14834.0,14902.0
M,19,32888.0,33566.0,33483.0,34576.0,34526.0,35868.0,36246.0,35684.0,35084.0,34840.0,33773.0,33970.0,33880.0,34027.0,32757.0,31924.0,31602.0,30611.0,32026.0,29378.0,29757.0,29586.0,29583.0,29110.0,28805.0,28715.0,28269.0,28325.0,27963.0,27510.0,27652.0,27311.0,27414.0,27212.0,26817.0,27036.0,27183.0,26605.0,26634.0,26314.0,26118.0,26031.0,25890.0,25446.0,25102.0,25079.0,24423.0,24276.0,23803.0,23585.0,23339.0,23339.0,22755.0,22664.0,22542.0,22488.0,22095.0,22143.0,21600.0,21718.0,21430.0,21378.0,20944.0,21037.0,20769.0,20666.0,20294.0,20199.0,20233.0,20214.0,19907.0,19926.0,19515.0,19467.0,19316.0,18986.0,18669.0,18612.0,18453.0,18075.0,17853.0,17705.0,17516.0,17240.0,17195.0,16970.0,16719.0,16721.0,16531.0,16252.0,16555.0,16228.0,15997.0,15829.0,15753.0,15690.0,15561.0,15231.0,15210.0,14886.0,14838.0
M,20,32354.0,33123.0,33826.0,33683.0,34787.0,34735.0,36033.0,36407.0,35846.0,35244.0,34994.0,33933.0,34089.0,34020.0,34130.0,32892.0,32024.0,31721.0,30725.0,32105.0,29467.0,29827.0,29662.0,29646.0,29182.0,28867.0,28790.0,28335.0,28386.0,28005.0,27569.0,27700.0,27381.0,27468.0,27255.0,26864.0,27086.0,27225.0,26639.0,26667.0,26334.0,26136.0,26061.0,25906.0,25474.0,25126.0,25101.0,24439.0,24307.0,23815.0,23603.0,23365.0,23357.0,22769.0,22681.0,22556.0,22500.0,22106.0,22156.0,21618.0,21734.0,21437.0,21386.0,20954.0,21041.0,20781.0,20676.0,20301.0,20206.0,20244.0,20217.0,19912.0,19932.0,19522.0,19478.0,19318.0,18990.0,18671.0,18615.0,18456.0,18084.0,17857.0,17707.0,17517.0,17245.0,17196.0,16972.0,16722.0,16722.0,16534.0,16258.0,16560.0,16232.0,16000.0,15832.0,15758.0,15691.0,15562.0,15231.0,15210.0,14886.0
M,21,33404.0,32589.0,33334.0,34055.0,33871.0,34966.0,34903.0,36203.0,36560.0,35997.0,35381.0,35137.0,34092.0,34213.0,34119.0,34266.0,33015.0,32125.0,31816.0,30812.0,32190.0,29554.0,29908.0,29741.0,29716.0,29248.0,28931.0,28848.0,28400.0,28435.0,28053.0,27621.0,27742.0,27434.0,27514.0,27310.0,26901.0,27131.0,27266.0,26672.0,26690.0,26366.0,26167.0,26087.0,25937.0,25500.0,25156.0,25120.0,24460.0,24327.0,23840.0,23627.0,23381.0,23372.0,22786.0,22702.0,22569.0,22515.0,22121.0,22174.0,21632.0,21741.0,21448.0,21391.0,20966.0,21047.0,20790.0,20682.0,20309.0,20210.0,20248.0,20221.0,19919.0,19940.0,19524.0,19487.0,19324.0,18990.0,18679.0,18616.0,18460.0,18088.0,17859.0,17713.0,17523.0,17250.0,17201.0,16976.0,16724.0,16724.0,16536.0,16260.0,16562.0,16232.0,16002.0,15833.0,15758.0,15691.0,15564.0,15233.0,15209.0
M,22,35241.0,33629.0,32829.0,33572.0,34262.0,34076.0,35158.0,35082.0,36380.0,36713.0,36160.0,35518.0,35260.0,34237.0,34319.0,34235.0,34368.0,33130.0,32239.0,31922.0,30921.0,32266.0,29632.0,29976.0,29803.0,29775.0,29327.0,28985.0,28914.0,28462.0,28490.0,28108.0,27661.0,27793.0,27479.0,27560.0,27346.0,26939.0,27157.0,27292.0,26705.0,26732.0,26396.0,26198.0,26107.0,25956.0,25529.0,25184.0,25140.0,24479.0,24343.0,23855.0,23643.0,23396.0,23395.0,22803.0,22725.0,22580.0,22529.0,22132.0,22183.0,21647.0,21756.0,21455.0,21395.0,20975.0,21057.0,20799.0,20692.0,20314.0,20214.0,20249.0,20223.0,19929.0,19946.0,19530.0,19491.0,19332.0,18994.0,18689.0,18622.0,18464.0,18089.0,17861.0,17717.0,17531.0,17255.0,17202.0,16982.0,16725.0,16730.0,16536.0,16261.0,16564.0,16233.0,16001.0,15834.0,15759.0,15693.0,15565.0,15236.0
M,23,35569.0,35503.0,33884.0,33041.0,33784.0,34451.0,34256.0,35359.0,35261.0,36548.0,36869.0,36305.0,35658.0,35389.0,34349.0,34444.0,34361.0,34474.0,33243.0,32334.0,32017.0,31002.0,32344.0,29689.0,30048.0,29879.0,29853.0,29391.0,29051.0,28967.0,28521.0,28539.0,28148.0,27711.0,27844.0,27527.0,27606.0,27379.0,26966.0,27198.0,27331.0,26735.0,26760.0,26421.0,26222.0,26131.0,25988.0,25548.0,25204.0,25158.0,24494.0,24362.0,23864.0,23655.0,23414.0,23404.0,22810.0,22732.0,22588.0,22542.0,22143.0,22197.0,21662.0,21762.0,21467.0,21402.0,20978.0,21065.0,20807.0,20700.0,20320.0,20217.0,20254.0,20231.0,19934.0,19949.0,19533.0,19495.0,19336.0,18997.0,18696.0,18625.0,18468.0,18091.0,17862.0,17717.0,17533.0,17257.0,17202.0,16984.0,16726.0,16731.0,16540.0,16262.0,16565.0,16237.0,16006.0,15836.0,15762.0,15694.0,15567.0
M,24,35369.0,35816.0,35751.0,34088.0,33248.0,33985.0,34635.0,34449.0,35527.0,35414.0,36685.0,37012.0,36431.0,35798.0,35510.0,34448.0,34559.0,34471.0,34567.0,33339.0,32424.0,32100.0,31070.0,32421.0,29760.0,30129.0,29944.0,29928.0,29459.0,29111.0,29029.0,28578.0,28589.0,28203.0,27753.0,27877.0,27555.0,27651.0,27405.0,26997.0,27228.0,27358.0,26764.0,26795.0,26452.0,26243.0,26154.0,26005.0,25573.0,25222.0,25172.0,24510.0,24379.0,23880.0,23676.0,23435.0,23418.0,22824.0,22749.0,22606.0,22551.0,22152.0,22210.0,21669.0,21771.0,21479.0,21413.0,20988.0,21073.0,20813.0,20712.0,20329.0,20220.0,20262.0,20236.0,19939.0,19954.0,19535.0,19499.0,19340.0,19000.0,18698.0,18628.0,18472.0,18096.0,17863.0,17723.0,17537.0,17261.0,17204.0,16985.0,16730.0,16730.0,16542.0,16264.0,16565.0,16238.0,16006.0,15837.0,15766.0,15696.0
M,25,36562.0,35650.0,36068.0,35996.0,34335.0,33462.0,34189.0,34843.0,34632.0,35696.0,35590.0,36845.0,37144.0,36563.0,35945.0,35655.0,34571.0,34682.0,34593.0,34665.0,33432.0,32532.0,32170.0,31167.0,32518.0,29838.0,30209.0,30010.0,30008.0,29508.0,29156.0,29097.0,28624.0,28639.0,28244.0,27800.0,27914.0,27592.0,27686.0,27448.0,27030.0,27262.0,27387.0,26802.0,26823.0,26484.0,26260.0,26183.0,26026.0,25591.0,25251.0,25196.0,24523.0,24399.0,23896.0,23693.0,23443.0,23434.0,22841.0,22759.0,22620.0,22562.0,22160.0,22225.0,21688.0,21783.0,21494.0,21418.0,20993.0,21079.0,20818.0,20719.0,20335.0,20224.0,20270.0,20244.0,19946.0,19958.0,19540.0,19501.0,19344.0,19004.0,18704.0,18633.0,18474.0,18101.0,17868.0,17723.0,17538.0,17267.0,17206.0,16989.0,16734.0,16730.0,16545.0,16266.0,16568.0,16241.0,16009.0,15839.0,15767.0
M,26,37633.0,36823.0,35916.0,36304.0,36222.0,34567.0,33646.0,34394.0,35051.0,34833.0,35874.0,35753.0,36979.0,37286.0,36687.0,36078.0,35779.0,34689.0,34798.0,34709.0,34763.0,33527.0,32625.0,32263.0,31253.0,32587.0,29911.0,30277.0,30079.0,30078.0,29579.0,29211.0,29156.0,28668.0,28693.0,28296.0,27845.0,27945.0,27626.0,27730.0,27482.0,27063.0,27304.0,27405.0,26837.0,26847.0,26509.0,26291.0,26207.0,26046.0,25612.0,25269.0,25218.0,24534.0,24420.0,23910.0,23699.0,23463.0,23442.0,22852.0,22770.0,22641.0,22572.0,22170.0,22232.0,21702.0,21792.0,21503.0,21424.0,20995.0,21085.0,20822.0,20730.0,20345.0,20230.0,20273.0,20248.0,19948.0,19961.0,19548.0,19506.0,19346.0,19009.0,18709.0,18640.0,18474.0,18103.0,17870.0,17726.0,17541.0,17269.0,17207.0,16990.0,16734.0,16733.0,16546.0,16266.0,16569.0,16243.0,16009.0,15840.0
M,27,37911.0,37874.0,37086.0,36187.0,36560.0,36434.0,34752.0,33870.0,34554.0,35227.0,34989.0,36016.0,35919.0,37141.0,37408.0,36813.0,36214.0,35876.0,34800.0,34892.0,34815.0,34853.0,33610.0,32724.0,32357.0,31314.0,32661.0,30003.0,30340.0,30133.0,30132.0,29636.0,29261.0,29201.0,28712.0,28736.0,28338.0,27878.0,27990.0,27661.0,27775.0,27514.0,27093.0,27339.0,27434.0,26870.0,26869.0,26524.0,26322.0,26225.0,26073.0,25625.0,25290.0,25232.0,24560.0,24436.0,23921.0,23710.0,23472.0,23450.0,22865.0,22777.0,22656.0,22585.0,22178.0,22242.0,21713.0,21799.0,21513.0,21429.0,21003.0,21089.0,20824.0,20736.0,20348.0,20236.0,20282.0,20254.0,19952.0,19963.0,19548.0,19511.0,19348.0,19016.0,18711.0,18643.0,18479.0,18103.0,17875.0,17732.0,17543.0,17272.0,17210.0,16992.0,16735.0,16736.0,16549.0,16268.0,16570.0,16243.0,16009.0
M,28,38057.0,38159.0,38153.0,37309.0,36409.0,36756.0,36611.0,34950.0,34097.0,34719.0,35376.0,35160.0,36166.0,36059.0,37284.0,37524.0,36955.0,36319.0,35981.0,34892.0,34982.0,34893.0,34934.0,33700.0,32812.0,32451.0,31395.0,32724.0,30077.0,30415.0,30202.0,30180.0,29691.0,29315.0,29255.0,28759.0,28779.0,28377.0,27924.0,28026.0,27700.0,27811.0,27552.0,27126.0,27366.0,27468.0,26891.0,26894.0,26546.0,26343.0,26238.0,26099.0,25637.0,25309.0,25252.0,24581.0,24447.0,23939.0,23729.0,23481.0,23458.0,22881.0,22788.0,22665.0,22601.0,22190.0,22250.0,21733.0,21806.0,21525.0,21434.0,21010.0,21098.0,20826.0,20741.0,20351.0,20244.0,20288.0,20259.0,19959.0,19968.0,19555.0,19518.0,19351.0,19022.0,18711.0,18647.0,18480.0,18107.0,17877.0,17736.0,17545.0,17274.0,17214.0,16997.0,16738.0,16738.0,16555.0,16269.0,16570.0,16244.0
M,29,38611.0,38282.0,38465.0,38381.0,37543.0,36612.0,36954.0,36814.0,35137.0,34270.0,34891.0,35524.0,35312.0,36304.0,36209.0,37416.0,37646.0,37067.0,36429.0,36072.0,35006.0,35077.0,34986.0,35017.0,33787.0,32899.0,32517.0,31464.0,32795.0,30139.0,30476.0,30255.0,30233.0,29738.0,29359.0,29304.0,28810.0,28813.0,28423.0,27964.0,28058.0,27738.0,27843.0,27584.0,27152.0,27390.0,27483.0,26920.0,26918.0,26572.0,26363.0,26256.0,26126.0,25655.0,25328.0,25270.0,24594.0,24460.0,23961.0,23747.0,23499.0,23466.0,22889.0,22800.0,22674.0,22611.0,22199.0,22257.0,21745.0,21815.0,21540.0,21442.0,21018.0,21105.0,20828.0,20747.0,20357.0,20251.0,20290.0,20263.0,19962.0,19970.0,19560.0,19522.0,19358.0,19025.0,18715.0,18652.0,18484.0,18112.0,17879.0,17739.0,17548.0,17279.0,17219.0,16997.0,16741.0,16741.0,16556.0,16269.0,16573.0
M,30,39820.0,38928.0,38573.0,38724.0,38647.0,37769.0,36824.0,37177.0,37019.0,35321.0,34455.0,35074.0,35682.0,35460.0,36469.0,36368.0,37542.0,37784.0,37187.0,36536.0,36175.0,35115.0,35169.0,35078.0,35104.0,33865.0,32973.0,32605.0,31540.0,32860.0,30198.0,30548.0,30323.0,30294.0,29795.0,29400.0,29352.0,28852.0,28860.0,28468.0,28008.0,28094.0,27776.0,27874.0,27607.0,27174.0,27417.0,27510.0,26953.0,26947.0,26593.0,26377.0,26273.0,26145.0,25671.0,25339.0,25283.0,24608.0,24475.0,23976.0,23764.0,23512.0,23474.0,22900.0,22807.0,22685.0,22622.0,22210.0,22264.0,21747.0,21830.0,21552.0,21448.0,21022.0,21112.0,20832.0,20753.0,20364.0,20257.0,20296.0,20267.0,19966.0,19975.0,19562.0,19523.0,19359.0,19029.0,18721.0,18655.0,18485.0,18119.0,17882.0,17741.0,17552.0,17285.0,17223.0,16997.0,16742.0,16742.0,16560.0,16269.0
M,31,40282.0,40088.0,39212.0,38857.0,38989.0,38891.0,37993.0,37020.0,37382.0,37220.0,35507.0,34606.0,35227.0,35819.0,35605.0,36630.0,36481.0,37685.0,37891.0,37297.0,36652.0,36294.0,35212.0,35253.0,35162.0,35154.0,33950.0,33064.0,32674.0,31616.0,32920.0,30259.0,30608.0,30395.0,30340.0,29857.0,29448.0,29402.0,28896.0,28884.0,28510.0,28048.0,28122.0,27804.0,27904.0,27631.0,27205.0,27447.0,27531.0,26977.0,26970.0,26607.0,26400.0,26299.0,26160.0,25688.0,25360.0,25302.0,24625.0,24492.0,23986.0,23779.0,23526.0,23489.0,22909.0,22818.0,22690.0,22637.0,22213.0,22270.0,21754.0,21835.0,21561.0,21459.0,21025.0,21116.0,20835.0,20756.0,20368.0,20263.0,20300.0,20268.0,19972.0,19980.0,19568.0,19529.0,19363.0,19035.0,18724.0,18659.0,18487.0,18124.0,17886.0,17742.0,17553.0,17284.0,17223.0,16998.0,16744.0,16742.0,16563.0
M,32,40727.0,40574.0,40379.0,39449.0,39093.0,39212.0,39122.0,38206.0,37221.0,37538.0,37393.0,35675.0,34794.0,35378.0,35959.0,35743.0,36747.0,36615.0,37798.0,37997.0,37411.0,36751.0,36380.0,35335.0,35338.0,35245.0,35235.0,34020.0,33139.0,32724.0,31679.0,32975.0,30318.0,30657.0,30448.0,30383.0,29914.0,29497.0,29433.0,28939.0,28928.0,28545.0,28068.0,28163.0,27840.0,27937.0,27667.0,27230.0,27476.0,27551.0,26999.0,26987.0,26624.0,26420.0,26315.0,26174.0,25713.0,25380.0,25320.0,24642.0,24506.0,24002.0,23793.0,23539.0,23498.0,22928.0,22830.0,22701.0,22640.0,22218.0,22279.0,21759.0,21840.0,21564.0,21463.0,21031.0,21125.0,20839.0,20762.0,20375.0,20267.0,20307.0,20274.0,19979.0,19982.0,19570.0,19532.0,19367.0,19041.0,18728.0,18661.0,18490.0,18126.0,17889.0,17743.0,17553.0,17286.0,17227.0,17002.0,16745.0,16740.0
M,33,40275.0,41002.0,40883.0,40642.0,39716.0,39318.0,39425.0,39337.0,38426.0,37399.0,37729.0,37569.0,35840.0,34930.0,35538.0,36095.0,35874.0,36873.0,36721.0,37904.0,38096.0,37510.0,36834.0,36475.0,35427.0,35429.0,35333.0,35322.0,34090.0,33204.0,32781.0,31740.0,33034.0,30368.0,30706.0,30493.0,30430.0,29958.0,29540.0,29467.0,28976.0,28963.0,28580.0,28109.0,28196.0,27866.0,27957.0,27700.0,27256.0,27498.0,27575.0,27027.0,27011.0,26640.0,26448.0,26329.0,26187.0,25722.0,25397.0,25331.0,24656.0,24515.0,24013.0,23798.0,23551.0,23511.0,22936.0,22837.0,22705.0,22646.0,22227.0,22288.0,21765.0,21846.0,21567.0,21468.0,21038.0,21130.0,20847.0,20763.0,20378.0,20276.0,20313.0,20277.0,19980.0,19985.0,19572.0,19534.0,19369.0,19042.0,18732.0,18661.0,18489.0,18129.0,17891.0,17747.0,17557.0,17289.0,17228.0,17002.0,16747.0
M,34,40075.0,40587.0,41306.0,41144.0,40873.0,39969.0,39564.0,39644.0,39523.0,38626.0,37586.0,37875.0,37710.0,36005.0,35085.0,35705.0,36237.0,35991.0,36987.0,36838.0,38014.0,38195.0,37611.0,36909.0,36558.0,35518.0,35516.0,35410.0,35393.0,34161.0,33275.0,32848.0,31809.0,33089.0,30413.0,30744.0,30534.0,30461.0,30009.0,29575.0,29506.0,29000.0,29002.0,28616.0,28135.0,28222.0,27889.0,27979.0,27724.0,27282.0,27519.0,27600.0,27050.0,27037.0,26661.0,26461.0,26343.0,26200.0,25737.0,25408.0,25351.0,24668.0,24525.0,24024.0,23805.0,23563.0,23520.0,22944.0,22850.0,22710.0,22651.0,22233.0,22292.0,21773.0,21854.0,21573.0,21472.0,21040.0,21130.0,20857.0,20763.0,20384.0,20277.0,20315.0,20278.0,19984.0,19989.0,19577.0,19540.0,19374.0,19045.0,18735.0,18662.0,18490.0,18134.0,17893.0,17752.0,17558.0,17290.0,17230.0,17005.0
M,35,38393.0,40353.0,40869.0,41548.0,41385.0,41091.0,40152.0,39794.0,39822.0,39715.0,38799.0,37749.0,38037.0,37862.0,36149.0,35239.0,35832.0,36361.0,36107.0,37097.0,36964.0,38108.0,38297.0,37695.0,37001.0,36635.0,35596.0,35598.0,35480.0,35457.0,34227.0,33322.0,32898.0,31852.0,33135.0,30459.0,30789.0,30584.0,30505.0,30049.0,29612.0,29540.0,29030.0,29035.0,28644.0,28168.0,28247.0,27921.0,28007.0,27753.0,27296.0,27547.0,27622.0,27074.0,27050.0,26668.0,26482.0,26358.0,26208.0,25753.0,25417.0,25365.0,24682.0,24536.0,24036.0,23814.0,23571.0,23530.0,22959.0,22863.0,22717.0,22657.0,22242.0,22296.0,21778.0,21859.0,21585.0,21477.0,21046.0,21138.0,20863.0,20767.0,20387.0,20278.0,20317.0,20283.0,19988.0,19990.0,19580.0,19540.0,19374.0,19051.0,18739.0,18663.0,18494.0,18138.0,17896.0,17755.0,17559.0,17290.0,17232.0
M,36,38662.0,38674.0,40620.0,41108.0,41795.0,41593.0,41290.0,40330.0,39983.0,40020.0,39877.0,38975.0,37915.0,38176.0,37993.0,36288.0,35368.0,35957.0,36477.0,36238.0,37204.0,37058.0,38209.0,38374.0,37795.0,37091.0,36727.0,35675.0,35666.0,35537.0,35523.0,34288.0,33369.0,32948.0,31909.0,33181.0,30503.0,30840.0,30619.0,30558.0,30081.0,29639.0,29574.0,29052.0,29059.0,28674.0,28203.0,28269.0,27943.0,28029.0,27776.0,27319.0,27569.0,27633.0,27093.0,27072.0,26682.0,26505.0,26370.0,26227.0,25760.0,25433.0,25385.0,24697.0,24551.0,24043.0,23826.0,23581.0,23539.0,22963.0,22865.0,22727.0,22663.0,22246.0,22302.0,21784.0,21872.0,21588.0,21483.0,21053.0,21141.0,20871.0,20769.0,20390.0,20281.0,20320.0,20284.0,19992.0,19990.0,19581.0,19541.0,19377.0,19053.0,18744.0,18665.0,18496.0,18142.0,17900.0,17756.0,17561.0,17290.0
M,37,37985.0,38946.0,38935.0,40859.0,41327.0,41993.0,41808.0,41512.0,40495.0,40157.0,40197.0,40035.0,39130.0,38051.0,38320.0,38122.0,36422.0,35492.0,36078.0,36577.0,36335.0,37304.0,37145.0,38299.0,38448.0,37872.0,37170.0,36796.0,35751.0,35724.0,35605.0,35595.0,34329.0,33427.0,33002.0,31955.0,33219.0,30541.0,30886.0,30663.0,30599.0,30122.0,29683.0,29606.0,29084.0,29092.0,28699.0,28223.0,28302.0,27973.0,28054.0,27791.0,27344.0,27586.0,27651.0,27111.0,27087.0,26699.0,26512.0,26381.0,26237.0,25772.0,25452.0,25395.0,24708.0,24558.0,24047.0,23833.0,23588.0,23551.0,22970.0,22877.0,22737.0,22668.0,22252.0,22310.0,21792.0,21881.0,21591.0,21490.0,21054.0,21142.0,20876.0,20774.0,20393.0,20284.0,20322.0,20291.0,19996.0,19993.0,19583.0,19543.0,19379.0,19057.0,18747.0,18664.0,18498.0,18143.0,17902.0,17755.0,17565.0
M,38,37174.0,38286.0,39198.0,39177.0,41109.0,41558.0,42221.0,41973.0,41684.0,40666.0,40324.0,40369.0,40201.0,39290.0,38197.0,38440.0,38240.0,36547.0,35602.0,36191.0,36687.0,36439.0,37399.0,37234.0,38361.0,38527.0,37942.0,37249.0,36852.0,35818.0,35782.0,35674.0,35656.0,34374.0,33474.0,33047.0,31995.0,33262.0,30590.0,30925.0,30692.0,30642.0,30151.0,29710.0,29635.0,29108.0,29120.0,28726.0,28256.0,28325.0,28002.0,28075.0,27812.0,27358.0,27605.0,27664.0,27129.0,27102.0,26712.0,26526.0,26395.0,26250.0,25779.0,25462.0,25410.0,24714.0,24569.0,24055.0,23843.0,23598.0,23555.0,22984.0,22881.0,22745.0,22680.0,22258.0,22313.0,21796.0,21886.0,21595.0,21494.0,21055.0,21146.0,20879.0,20776.0,20397.0,20284.0,20324.0,20294.0,20003.0,19994.0,19584.0,19546.0,19384.0,19057.0,18753.0,18669.0,18499.0,18144.0,17903.0,17755.0
M,39,37362.0,37448.0,38541.0,39431.0,39424.0,41326.0,41754.0,42411.0,42184.0,41863.0,40865.0,40477.0,40520.0,40337.0,39445.0,38333.0,38571.0,38355.0,36677.0,35708.0,36311.0,36766.0,36545.0,37493.0,37329.0,38445.0,38603.0,38028.0,37326.0,36915.0,35882.0,35832.0,35730.0,35722.0,34419.0,33524.0,33092.0,32035.0,33303.0,30633.0,30964.0,30721.0,30671.0,30180.0,29743.0,29668.0,29139.0,29140.0,28752.0,28278.0,28346.0,28030.0,28095.0,27840.0,27374.0,27627.0,27679.0,27143.0,27119.0,26730.0,26541.0,26407.0,26262.0,25789.0,25477.0,25427.0,24718.0,24585.0,24060.0,23852.0,23608.0,23566.0,22992.0,22889.0,22749.0,22687.0,22262.0,22319.0,21800.0,21892.0,21604.0,21500.0,21058.0,21152.0,20880.0,20784.0,20397.0,20287.0,20329.0,20296.0,20007.0,19999.0,19585.0,19550.0,19387.0,19060.0,18755.0,18671.0,18500.0,18144.0,17904.0
M,40,37429.0,37619.0,37702.0,38771.0,39638.0,39615.0,41519.0,41960.0,42604.0,42347.0,42027.0,41014.0,40635.0,40667.0,40465.0,39575.0,38431.0,38700.0,38455.0,36794.0,35821.0,36410.0,36864.0,36623.0,37581.0,37408.0,38506.0,38673.0,38083.0,37394.0,36979.0,35932.0,35876.0,35780.0,35778.0,34456.0,33568.0,33127.0,32078.0,33348.0,30667.0,31000.0,30754.0,30700.0,30206.0,29767.0,29694.0,29156.0,29165.0,28779.0,28300.0,28369.0,28042.0,28112.0,27862.0,27393.0,27639.0,27697.0,27157.0,27127.0,26734.0,26557.0,26414.0,26273.0,25798.0,25486.0,25435.0,24735.0,24585.0,24065.0,23861.0,23614.0,23571.0,22996.0,22898.0,22754.0,22695.0,22267.0,22324.0,21803.0,21896.0,21606.0,21504.0,21057.0,21155.0,20883.0,20787.0,20399.0,20289.0,20334.0,20295.0,20010.0,20003.0,19588.0,19550.0,19386.0,19061.0,18759.0,18672.0,18501.0,18144.0
M,41,36190.0,37677.0,37857.0,37937.0,38980.0,39849.0,39820.0,41712.0,42128.0,42778.0,42522.0,42185.0,41162.0,40777.0,40789.0,40605.0,39684.0,38552.0,38814.0,38568.0,36897.0,35910.0,36493.0,36933.0,36684.0,37672.0,37496.0,38569.0,38741.0,38141.0,37440.0,37039.0,35982.0,35918.0,35822.0,35822.0,34495.0,33609.0,33167.0,32102.0,33382.0,30705.0,31035.0,30796.0,30727.0,30228.0,29797.0,29719.0,29180.0,29196.0,28798.0,28309.0,28387.0,28052.0,28123.0,27876.0,27408.0,27649.0,27714.0,27174.0,27136.0,26742.0,26568.0,26422.0,26283.0,25811.0,25499.0,25446.0,24740.0,24592.0,24071.0,23867.0,23619.0,23585.0,23002.0,22904.0,22762.0,22700.0,22272.0,22329.0,21807.0,21900.0,21611.0,21507.0,21058.0,21157.0,20884.0,20789.0,20404.0,20289.0,20334.0,20298.0,20013.0,20007.0,19591.0,19551.0,19387.0,19061.0,18760.0,18671.0,18502.0
M,42,36976.0,36445.0,37918.0,38118.0,38154.0,39224.0,40059.0,40036.0,41880.0,42291.0,42926.0,42703.0,42316.0,41291.0,40907.0,40905.0,40712.0,39794.0,38660.0,38918.0,38665.0,36972.0,35990.0,36561.0,37021.0,36762.0,37741.0,37564.0,38636.0,38795.0,38189.0,37488.0,37097.0,36034.0,35954.0,35859.0,35859.0,34541.0,33642.0,33203.0,32128.0,33409.0,30736.0,31065.0,30832.0,30749.0,30254.0,29817.0,29742.0,29196.0,29218.0,28817.0,28329.0,28403.0,28069.0,28138.0,27894.0,27423.0,27665.0,27732.0,27191.0,27149.0,26749.0,26577.0,26434.0,26289.0,25816.0,25506.0,25454.0,24745.0,24603.0,24076.0,23871.0,23624.0,23589.0,23006.0,22907.0,22769.0,22708.0,22277.0,22336.0,21813.0,21902.0,21616.0,21513.0,21059.0,21162.0,20886.0,20791.0,20407.0,20293.0,20336.0,20302.0,20016.0,20008.0,19594.0,19551.0,19388.0,19062.0,18762.0,18671.0
M,43,36250.0,37247.0,36720.0,38163.0,38343.0,38405.0,39459.0,40233.0,40208.0,42042.0,42450.0,43083.0,42855.0,42485.0,41417.0,41028.0,41015.0,40820.0,39900.0,38761.0,39018.0,38748.0,37047.0,36078.0,36642.0,37094.0,36830.0,37805.0,37630.0,38704.0,38840.0,38251.0,37536.0,37148.0,36069.0,36002.0,35899.0,35906.0,34585.0,33673.0,33238.0,32169.0,33439.0,30762.0,31083.0,30866.0,30767.0,30272.0,29842.0,29763.0,29221.0,29245.0,28834.0,28343.0,28417.0,28081.0,28155.0,27904.0,27435.0,27685.0,27743.0,27205.0,27156.0,26765.0,26590.0,26447.0,26304.0,25829.0,25514.0,25463.0,24748.0,24613.0,24085.0,23872.0,23630.0,23591.0,23013.0,22913.0,22772.0,22709.0,22281.0,22337.0,21817.0,21905.0,21618.0,21514.0,21061.0,21162.0,20887.0,20793.0,20408.0,20294.0,20336.0,20303.0,20017.0,20008.0,19593.0,19552.0,19389.0,19060.0,18766.0
M,44,36012.0,36506.0,37511.0,36967.0,38403.0,38542.0,38586.0,39659.0,40414.0,40384.0,42208.0,42626.0,43231.0,43010.0,42606.0,41532.0,41147.0,41116.0,40920.0,40015.0,38831.0,39136.0,38820.0,37118.0,36163.0,36725.0,37167.0,36885.0,37881.0,37687.0,38759.0,38899.0,38304.0,37579.0,37203.0,36115.0,36052.0,35955.0,35943.0,34628.0,33706.0,33281.0,32194.0,33471.0,30797.0,31114.0,30891.0,30796.0,30295.0,29871.0,29786.0,29244.0,29265.0,28852.0,28364.0,28432.0,28096.0,28170.0,27912.0,27446.0,27697.0,27749.0,27211.0,27162.0,26777.0,26598.0,26456.0,26310.0,25836.0,25517.0,25468.0,24757.0,24620.0,24088.0,23882.0,23636.0,23595.0,23022.0,22919.0,22772.0,22712.0,22281.0,22341.0,21819.0,21908.0,21621.0,21517.0,21060.0,21165.0,20891.0,20794.0,20408.0,20297.0,20336.0,20305.0,20018.0,20007.0,19593.0,19555.0,19388.0,19059.0
M,45,34884.0,36291.0,36804.0,37738.0,37176.0,38616.0,38755.0,38779.0,39824.0,40587.0,40545.0,42353.0,42761.0,43379.0,43125.0,42727.0,41663.0,41252.0,41201.0,41015.0,40113.0,38933.0,39224.0,38906.0,37201.0,36239.0,36800.0,37233.0,36944.0,37959.0,37757.0,38809.0,38953.0,38352.0,37635.0,37235.0,36161.0,36085.0,36001.0,35980.0,34664.0,33754.0,33310.0,32222.0,33495.0,30819.0,31137.0,30923.0,30822.0,30315.0,29897.0,29807.0,29262.0,29284.0,28867.0,28381.0,28443.0,28110.0,28190.0,27933.0,27460.0,27706.0,27758.0,27223.0,27172.0,26787.0,26609.0,26467.0,26314.0,25842.0,25525.0,25475.0,24761.0,24624.0,24094.0,23886.0,23640.0,23601.0,23028.0,22922.0,22778.0,22716.0,22283.0,22338.0,21820.0,21912.0,21627.0,21519.0,21063.0,21172.0,20891.0,20795.0,20410.0,20302.0,20337.0,20306.0,20022.0,20007.0,19597.0,19557.0,19390.0
M,46,35776.0,35155.0,36537.0,37024.0,37951.0,37379.0,38818.0,38953.0,38975.0,39987.0,40758.0,40672.0,42495.0,42893.0,43507.0,43266.0,42831.0,41765.0,41364.0,41308.0,41132.0,40185.0,39025.0,39300.0,38986.0,37280.0,36313.0,36863.0,37296.0,37009.0,38015.0,37810.0,38851.0,38997.0,38400.0,37675.0,37278.0,36196.0,36124.0,36035.0,36009.0,34698.0,33787.0,33336.0,32249.0,33522.0,30842.0,31160.0,30947.0,30845.0,30332.0,29916.0,29814.0,29286.0,29301.0,28885.0,28403.0,28456.0,28120.0,28202.0,27940.0,27470.0,27716.0,27776.0,27232.0,27177.0,26799.0,26625.0,26475.0,26316.0,25854.0,25531.0,25482.0,24767.0,24631.0,24099.0,23889.0,23645.0,23607.0,23030.0,22926.0,22782.0,22722.0,22288.0,22343.0,21823.0,21915.0,21631.0,21522.0,21065.0,21176.0,20897.0,20795.0,20414.0,20305.0,20338.0,20310.0,20023.0,20007.0,19597.0,19560.0
M,47,36463.0,36026.0,35409.0,36738.0,37259.0,38144.0,37582.0,38975.0,39131.0,39129.0,40144.0,40916.0,40800.0,42638.0,43014.0,43625.0,43382.0,42949.0,41891.0,41466.0,41411.0,41226.0,40267.0,39117.0,39376.0,39055.0,37354.0,36375.0,36916.0,37376.0,37063.0,38074.0,37872.0,38902.0,39044.0,38446.0,37714.0,37316.0,36226.0,36165.0,36068.0,36041.0,34728.0,33817.0,33362.0,32278.0,33544.0,30884.0,31177.0,30966.0,30860.0,30352.0,29931.0,29826.0,29303.0,29320.0,28897.0,28423.0,28471.0,28135.0,28215.0,27950.0,27479.0,27724.0,27787.0,27237.0,27187.0,26802.0,26636.0,26478.0,26322.0,25860.0,25539.0,25487.0,24772.0,24635.0,24103.0,23895.0,23648.0,23613.0,23035.0,22930.0,22789.0,22726.0,22290.0,22347.0,21823.0,21916.0,21633.0,21523.0,21068.0,21178.0,20895.0,20794.0,20418.0,20309.0,20338.0,20310.0,20026.0,20007.0,19598.0
M,48,37822.0,36724.0,36281.0,35657.0,37003.0,37483.0,38345.0,37757.0,39117.0,39294.0,39300.0,40302.0,41050.0,40944.0,42754.0,43120.0,43742.0,43508.0,43066.0,41985.0,41561.0,41522.0,41334.0,40350.0,39214.0,39457.0,39135.0,37420.0,36445.0,36972.0,37428.0,37112.0,38122.0,37925.0,38951.0,39089.0,38480.0,37745.0,37351.0,36259.0,36191.0,36117.0,36081.0,34765.0,33848.0,33389.0,32298.0,33573.0,30904.0,31207.0,30974.0,30881.0,30365.0,29952.0,29841.0,29314.0,29329.0,28915.0,28441.0,28483.0,28144.0,28227.0,27960.0,27489.0,27734.0,27793.0,27242.0,27197.0,26812.0,26645.0,26492.0,26327.0,25862.0,25545.0,25492.0,24782.0,24642.0,24109.0,23897.0,23653.0,23619.0,23039.0,22932.0,22793.0,22730.0,22291.0,22349.0,21824.0,21920.0,21634.0,21522.0,21071.0,21180.0,20897.0,20795.0,20418.0,20309.0,20337.0,20312.0,20026.0,20009.0
M,49,38079.0,38078.0,37013.0,36520.0,35872.0,37221.0,37676.0,38533.0,37943.0,39278.0,39457.0,39452.0,40455.0,41162.0,41055.0,42867.0,43239.0,43850.0,43615.0,43151.0,42083.0,41654.0,41629.0,41420.0,40409.0,39277.0,39514.0,39201.0,37482.0,36514.0,37039.0,37486.0,37166.0,38165.0,37964.0,38984.0,39130.0,38526.0,37778.0,37380.0,36283.0,36216.0,36144.0,36114.0,34789.0,33871.0,33416.0,32329.0,33593.0,30928.0,31230.0,30989.0,30896.0,30383.0,29961.0,29857.0,29322.0,29348.0,28925.0,28456.0,28495.0,28156.0,28237.0,27967.0,27500.0,27751.0,27800.0,27248.0,27203.0,26819.0,26649.0,26496.0,26332.0,25866.0,25551.0,25494.0,24784.0,24647.0,24115.0,23906.0,23656.0,23623.0,23044.0,22935.0,22796.0,22729.0,22294.0,22354.0,21825.0,21921.0,21635.0,21526.0,21073.0,21181.0,20899.0,20797.0,20419.0,20309.0,20339.0,20312.0,20025.0
M,50,39204.0,38323.0,38368.0,37263.0,36758.0,36100.0,37409.0,37857.0,38740.0,38148.0,39448.0,39606.0,39597.0,40586.0,41302.0,41178.0,43015.0,43354.0,43961.0,43729.0,43235.0,42175.0,41739.0,41726.0,41499.0,40481.0,39342.0,39579.0,39274.0,37547.0,36572.0,37093.0,37541.0,37232.0,38215.0,38006.0,39027.0,39163.0,38567.0,37801.0,37429.0,36316.0,36249.0,36166.0,36140.0,34818.0,33897.0,33445.0,32353.0,33608.0,30955.0,31245.0,30999.0,30904.0,30397.0,29979.0,29868.0,29339.0,29366.0,28940.0,28466.0,28505.0,28160.0,28246.0,27980.0,27509.0,27764.0,27806.0,27254.0,27209.0,26824.0,26660.0,26499.0,26343.0,25875.0,25554.0,25499.0,24787.0,24654.0,24124.0,23908.0,23661.0,23631.0,23046.0,22939.0,22800.0,22731.0,22296.0,22355.0,21824.0,21921.0,21638.0,21529.0,21074.0,21185.0,20900.0,20799.0,20416.0,20306.0,20342.0,20316.0
M,51,38960.0,39446.0,38598.0,38621.0,37499.0,36961.0,36331.0,37596.0,38071.0,38917.0,38305.0,39616.0,39775.0,39730.0,40726.0,41431.0,41298.0,43128.0,43467.0,44055.0,43823.0,43333.0,42261.0,41818.0,41802.0,41564.0,40545.0,39405.0,39630.0,39342.0,37605.0,36626.0,37137.0,37584.0,37282.0,38255.0,38052.0,39071.0,39207.0,38603.0,37833.0,37462.0,36347.0,36272.0,36206.0,36161.0,34848.0,33920.0,33466.0,32376.0,33632.0,30977.0,31271.0,31021.0,30923.0,30404.0,29996.0,29878.0,29352.0,29381.0,28949.0,28477.0,28522.0,28172.0,28258.0,27984.0,27519.0,27777.0,27816.0,27255.0,27219.0,26829.0,26663.0,26507.0,26352.0,25880.0,25557.0,25504.0,24791.0,24656.0,24126.0,23914.0,23664.0,23637.0,23050.0,22938.0,22803.0,22735.0,22295.0,22359.0,21825.0,21922.0,21642.0,21532.0,21074.0,21190.0,20899.0,20798.0,20417.0,20306.0,20346.0
M,52,38530.0,39220.0,39720.0,38872.0,38856.0,37740.0,37162.0,36527.0,37790.0,38236.0,39093.0,38474.0,39760.0,39914.0,39860.0,40850.0,41525.0,41424.0,43227.0,43562.0,44166.0,43931.0,43438.0,42348.0,41891.0,41879.0,41628.0,40606.0,39476.0,39696.0,39400.0,37655.0,36680.0,37193.0,37630.0,37327.0,38299.0,38088.0,39112.0,39250.0,38639.0,37860.0,37502.0,36369.0,36311.0,36221.0,36182.0,34866.0,33937.0,33486.0,32399.0,33649.0,30993.0,31285.0,31042.0,30943.0,30423.0,30017.0,29884.0,29359.0,29399.0,28957.0,28484.0,28526.0,28182.0,28268.0,27987.0,27527.0,27783.0,27821.0,27263.0,27228.0,26834.0,26668.0,26516.0,26350.0,25880.0,25562.0,25510.0,24791.0,24657.0,24131.0,23913.0,23665.0,23638.0,23050.0,22943.0,22805.0,22735.0,22296.0,22361.0,21824.0,21923.0,21643.0,21532.0,21078.0,21191.0,20899.0,20800.0,20417.0,20307.0
M,53,39127.0,38803.0,39510.0,39972.0,39119.0,39096.0,37994.0,37353.0,36703.0,37959.0,38404.0,39267.0,38625.0,39899.0,40062.0,39982.0,40982.0,41655.0,41529.0,43313.0,43674.0,44271.0,44033.0,43518.0,42437.0,41981.0,41956.0,41707.0,40662.0,39543.0,39749.0,39453.0,37715.0,36720.0,37232.0,37673.0,37380.0,38335.0,38132.0,39151.0,39289.0,38667.0,37883.0,37531.0,36391.0,36334.0,36247.0,36209.0,34892.0,33961.0,33516.0,32411.0,33667.0,31017.0,31306.0,31061.0,30959.0,30433.0,30028.0,29898.0,29372.0,29412.0,28968.0,28487.0,28538.0,28186.0,28279.0,27996.0,27533.0,27792.0,27829.0,27270.0,27241.0,26838.0,26672.0,26523.0,26353.0,25881.0,25564.0,25512.0,24793.0,24659.0,24132.0,23918.0,23666.0,23644.0,23052.0,22944.0,22803.0,22732.0,22296.0,22365.0,21826.0,21924.0,21647.0,21534.0,21081.0,21191.0,20900.0,20801.0,20415.0
M,54,38711.0,39421.0,39096.0,39755.0,40217.0,39339.0,39322.0,38206.0,37510.0,36873.0,38141.0,38579.0,39445.0,38765.0,40024.0,40204.0,40115.0,41080.0,41759.0,41630.0,43426.0,43762.0,44365.0,44102.0,43592.0,42511.0,42070.0,42013.0,41778.0,40722.0,39588.0,39796.0,39503.0,37766.0,36761.0,37274.0,37725.0,37425.0,38375.0,38167.0,39181.0,39329.0,38702.0,37907.0,37557.0,36425.0,36359.0,36259.0,36227.0,34923.0,33986.0,33544.0,32430.0,33679.0,31028.0,31318.0,31075.0,30966.0,30449.0,30041.0,29912.0,29383.0,29417.0,28981.0,28491.0,28547.0,28196.0,28287.0,28008.0,27537.0,27798.0,27834.0,27276.0,27248.0,26843.0,26678.0,26526.0,26361.0,25886.0,25569.0,25512.0,24797.0,24663.0,24134.0,23921.0,23670.0,23644.0,23057.0,22947.0,22803.0,22733.0,22298.0,22367.0,21825.0,21927.0,21647.0,21535.0,21078.0,21192.0,20903.0,20801.0
M,55,37445.0,38971.0,39677.0,39353.0,39982.0,40464.0,39528.0,39513.0,38394.0,37687.0,37025.0,38290.0,38725.0,39592.0,38891.0,40148.0,40310.0,40231.0,41190.0,41879.0,41717.0,43520.0,43828.0,44449.0,44188.0,43667.0,42589.0,42140.0,42075.0,41828.0,40766.0,39643.0,39848.0,39539.0,37812.0,36804.0,37315.0,37764.0,37462.0,38407.0,38204.0,39213.0,39355.0,38725.0,37933.0,37574.0,36447.0,36379.0,36282.0,36242.0,34947.0,33995.0,33560.0,32446.0,33682.0,31037.0,31329.0,31086.0,30979.0,30465.0,30058.0,29919.0,29397.0,29427.0,28985.0,28499.0,28556.0,28201.0,28289.0,28013.0,27541.0,27808.0,27836.0,27282.0,27249.0,26853.0,26682.0,26532.0,26367.0,25890.0,25571.0,25518.0,24801.0,24669.0,24135.0,23924.0,23671.0,23644.0,23058.0,22952.0,22804.0,22736.0,22302.0,22370.0,21827.0,21931.0,21646.0,21538.0,21079.0,21192.0,20903.0
M,56,37508.0,37700.0,39257.0,39899.0,39555.0,40188.0,40651.0,39741.0,39684.0,38596.0,37872.0,37191.0,38465.0,38854.0,39723.0,39003.0,40265.0,40421.0,40318.0,41290.0,41995.0,41791.0,43593.0,43922.0,44517.0,44258.0,43715.0,42630.0,42198.0,42125.0,41881.0,40804.0,39693.0,39899.0,39587.0,37856.0,36847.0,37348.0,37800.0,37500.0,38443.0,38235.0,39255.0,39382.0,38751.0,37946.0,37605.0,36467.0,36400.0,36304.0,36259.0,34961.0,34015.0,33570.0,32460.0,33694.0,31057.0,31341.0,31096.0,30993.0,30479.0,30067.0,29929.0,29410.0,29435.0,28995.0,28499.0,28567.0,28207.0,28297.0,28019.0,27550.0,27814.0,27834.0,27289.0,27250.0,26859.0,26684.0,26539.0,26367.0,25893.0,25571.0,25519.0,24806.0,24670.0,24141.0,23919.0,23675.0,23649.0,23059.0,22954.0,22808.0,22736.0,22301.0,22370.0,21829.0,21934.0,21647.0,21539.0,21081.0,21192.0
M,57,36634.0,37757.0,37958.0,39472.0,40104.0,39763.0,40370.0,40817.0,39920.0,39825.0,38744.0,38012.0,37348.0,38594.0,39010.0,39839.0,39135.0,40391.0,40528.0,40401.0,41411.0,42082.0,41878.0,43661.0,43989.0,44592.0,44327.0,43781.0,42680.0,42272.0,42173.0,41932.0,40859.0,39753.0,39953.0,39625.0,37898.0,36888.0,37389.0,37837.0,37547.0,38472.0,38255.0,39295.0,39409.0,38781.0,37974.0,37630.0,36491.0,36420.0,36320.0,36284.0,34979.0,34029.0,33579.0,32470.0,33708.0,31063.0,31354.0,31106.0,31007.0,30487.0,30075.0,29941.0,29421.0,29443.0,29004.0,28507.0,28588.0,28215.0,28310.0,28023.0,27554.0,27820.0,27837.0,27296.0,27254.0,26866.0,26688.0,26545.0,26370.0,25892.0,25573.0,25519.0,24806.0,24674.0,24142.0,23921.0,23676.0,23655.0,23061.0,22955.0,22814.0,22738.0,22303.0,22370.0,21830.0,21933.0,21647.0,21539.0,21081.0
M,58,35796.0,36895.0,38018.0,38202.0,39689.0,40318.0,39994.0,40519.0,41007.0,40098.0,40006.0,38908.0,38161.0,37506.0,38735.0,39147.0,39955.0,39241.0,40497.0,40620.0,40475.0,41507.0,42156.0,41965.0,43718.0,44074.0,44657.0,44389.0,43847.0,42750.0,42333.0,42228.0,41999.0,40920.0,39805.0,40023.0,39665.0,37937.0,36916.0,37419.0,37872.0,37576.0,38495.0,38289.0,39320.0,39431.0,38803.0,37997.0,37643.0,36504.0,36436.0,36337.0,36303.0,34991.0,34043.0,33593.0,32487.0,33716.0,31078.0,31364.0,31119.0,31011.0,30499.0,30091.0,29948.0,29429.0,29449.0,29010.0,28517.0,28596.0,28221.0,28315.0,28028.0,27557.0,27824.0,27840.0,27303.0,27257.0,26871.0,26690.0,26546.0,26373.0,25892.0,25579.0,25518.0,24811.0,24673.0,24145.0,23921.0,23676.0,23659.0,23062.0,22957.0,22813.0,22742.0,22302.0,22369.0,21830.0,21935.0,21650.0,21540.0
M,59,33856.0,36065.0,37168.0,38236.0,38408.0,39905.0,40502.0,40191.0,40686.0,41174.0,40237.0,40166.0,39051.0,38284.0,37618.0,38858.0,39265.0,40070.0,39352.0,40599.0,40713.0,40564.0,41597.0,42241.0,42019.0,43788.0,44137.0,44723.0,44448.0,43915.0,42801.0,42394.0,42280.0,42063.0,40965.0,39853.0,40068.0,39706.0,37971.0,36952.0,37451.0,37901.0,37593.0,38516.0,38310.0,39349.0,39455.0,38819.0,38017.0,37661.0,36526.0,36456.0,36354.0,36318.0,35013.0,34056.0,33616.0,32494.0,33727.0,31096.0,31379.0,31134.0,31023.0,30509.0,30099.0,29954.0,29432.0,29449.0,29013.0,28523.0,28599.0,28226.0,28328.0,28034.0,27563.0,27827.0,27846.0,27307.0,27260.0,26877.0,26692.0,26551.0,26376.0,25894.0,25579.0,25518.0,24813.0,24676.0,24147.0,23923.0,23675.0,23657.0,23063.0,22958.0,22813.0,22743.0,22305.0,22372.0,21828.0,21935.0,21648.0
M,60,33238.0,34082.0,36277.0,37331.0,38407.0,38595.0,40089.0,40653.0,40358.0,40831.0,41293.0,40371.0,40269.0,39178.0,38410.0,37719.0,38955.0,39348.0,40161.0,39437.0,40660.0,40786.0,40643.0,41654.0,42300.0,42066.0,43851.0,44188.0,44756.0,44500.0,43951.0,42836.0,42439.0,42317.0,42096.0,41003.0,39882.0,40098.0,39734.0,37999.0,36979.0,37461.0,37926.0,37608.0,38535.0,38329.0,39367.0,39463.0,38833.0,38025.0,37681.0,36539.0,36461.0,36379.0,36333.0,35031.0,34058.0,33625.0,32501.0,33722.0,31109.0,31388.0,31132.0,31028.0,30517.0,30111.0,29957.0,29434.0,29450.0,29018.0,28525.0,28602.0,28228.0,28333.0,28031.0,27570.0,27829.0,27849.0,27304.0,27259.0,26878.0,26692.0,26548.0,26378.0,25892.0,25577.0,25521.0,24813.0,24672.0,24144.0,23928.0,23675.0,23657.0,23063.0,22956.0,22812.0,22742.0,22303.0,22371.0,21827.0,21934.0
M,61,32420.0,33462.0,34314.0,36466.0,37534.0,38583.0,38744.0,40232.0,40802.0,40488.0,40959.0,41427.0,40483.0,40381.0,39283.0,38518.0,37812.0,39044.0,39420.0,40226.0,39510.0,40728.0,40824.0,40692.0,41709.0,42344.0,42130.0,43898.0,44221.0,44811.0,44536.0,43999.0,42880.0,42474.0,42349.0,42128.0,41027.0,39910.0,40123.0,39752.0,38022.0,36997.0,37482.0,37942.0,37627.0,38549.0,38344.0,39375.0,39476.0,38842.0,38043.0,37693.0,36558.0,36472.0,36381.0,36348.0,35036.0,34064.0,33637.0,32505.0,33730.0,31117.0,31395.0,31133.0,31034.0,30520.0,30117.0,29962.0,29432.0,29447.0,29020.0,28529.0,28600.0,28225.0,28334.0,28027.0,27567.0,27831.0,27854.0,27303.0,27267.0,26877.0,26691.0,26543.0,26375.0,25890.0,25582.0,25520.0,24810.0,24669.0,24145.0,23929.0,23675.0,23656.0,23062.0,22957.0,22810.0,22740.0,22305.0,22369.0,21823.0
M,62,31875.0,32639.0,33685.0,34493.0,36652.0,37712.0,38774.0,38924.0,40362.0,40954.0,40623.0,41079.0,41548.0,40593.0,40479.0,39370.0,38613.0,37910.0,39134.0,39499.0,40293.0,39590.0,40781.0,40893.0,40754.0,41779.0,42398.0,42181.0,43942.0,44259.0,44856.0,44580.0,44039.0,42919.0,42504.0,42381.0,42165.0,41036.0,39942.0,40147.0,39779.0,38050.0,37016.0,37504.0,37960.0,37644.0,38564.0,38360.0,39390.0,39483.0,38855.0,38061.0,37701.0,36578.0,36484.0,36393.0,36357.0,35044.0,34065.0,33640.0,32515.0,33726.0,31124.0,31403.0,31142.0,31035.0,30520.0,30118.0,29968.0,29436.0,29449.0,29024.0,28524.0,28601.0,28225.0,28330.0,28030.0,27569.0,27836.0,27851.0,27307.0,27264.0,26877.0,26690.0,26540.0,26373.0,25889.0,25585.0,25514.0,24806.0,24668.0,24144.0,23927.0,23673.0,23654.0,23063.0,22953.0,22807.0,22737.0,22307.0,22366.0
M,63,31627.0,32121.0,32850.0,33916.0,34682.0,36824.0,37857.0,38927.0,39086.0,40520.0,41070.0,40748.0,41216.0,41659.0,40708.0,40586.0,39464.0,38698.0,38013.0,39209.0,39579.0,40363.0,39662.0,40856.0,40963.0,40809.0,41853.0,42444.0,42212.0,43990.0,44292.0,44881.0,44620.0,44073.0,42950.0,42526.0,42413.0,42199.0,41065.0,39965.0,40180.0,39813.0,38079.0,37027.0,37523.0,37977.0,37672.0,38582.0,38375.0,39408.0,39500.0,38859.0,38079.0,37712.0,36586.0,36490.0,36398.0,36366.0,35056.0,34074.0,33649.0,32514.0,33733.0,31131.0,31408.0,31144.0,31045.0,30521.0,30118.0,29970.0,29441.0,29450.0,29024.0,28522.0,28601.0,28220.0,28336.0,28031.0,27571.0,27836.0,27850.0,27305.0,27261.0,26878.0,26693.0,26537.0,26374.0,25887.0,25582.0,25512.0,24802.0,24671.0,24140.0,23924.0,23668.0,23652.0,23064.0,22952.0,22805.0,22737.0,22302.0
M,64,30857.0,31829.0,32310.0,33044.0,34089.0,34854.0,36972.0,38002.0,39069.0,39229.0,40650.0,41191.0,40852.0,41314.0,41776.0,40807.0,40687.0,39558.0,38791.0,38109.0,39284.0,39652.0,40438.0,39737.0,40908.0,41021.0,40857.0,41903.0,42500.0,42260.0,44026.0,44326.0,44927.0,44666.0,44097.0,42983.0,42561.0,42447.0,42213.0,41099.0,39984.0,40203.0,39827.0,38100.0,37049.0,37549.0,38005.0,37699.0,38593.0,38396.0,39423.0,39506.0,38871.0,38088.0,37718.0,36595.0,36498.0,36409.0,36369.0,35063.0,34083.0,33652.0,32521.0,33737.0,31138.0,31410.0,31149.0,31045.0,30528.0,30120.0,29971.0,29441.0,29452.0,29024.0,28525.0,28603.0,28223.0,28337.0,28029.0,27569.0,27835.0,27852.0,27306.0,27262.0,26873.0,26692.0,26538.0,26372.0,25888.0,25585.0,25513.0,24800.0,24669.0,24140.0,23923.0,23666.0,23653.0,23062.0,22949.0,22803.0,22736.0
M,65,29861.0,30749.0,31739.0,32151.0,32861.0,33884.0,34699.0,36777.0,37782.0,38840.0,38994.0,40391.0,40925.0,40588.0,41093.0,41508.0,40598.0,40444.0,39291.0,38566.0,37865.0,39050.0,39389.0,40226.0,39494.0,40679.0,40811.0,40646.0,41698.0,42292.0,42055.0,43793.0,44104.0,44705.0,44444.0,43891.0,42797.0,42387.0,42239.0,42023.0,40878.0,39785.0,40012.0,39626.0,37927.0,36885.0,37401.0,37843.0,37510.0,38426.0,38210.0,39249.0,39347.0,38719.0,37931.0,37551.0,36463.0,36331.0,36243.0,36240.0,34918.0,33921.0,33512.0,32387.0,33610.0,31004.0,31280.0,31007.0,30908.0,30392.0,30002.0,29871.0,29327.0,29329.0,28893.0,28397.0,28463.0,28103.0,28217.0,27927.0,27462.0,27713.0,27742.0,27178.0,27143.0,26760.0,26584.0,26418.0,26269.0,25759.0,25457.0,25401.0,24694.0,24554.0,24022.0,23832.0,23557.0,23549.0,22962.0,22854.0,22697.0
M,66,29798.0,29719.0,30619.0,31597.0,32007.0,32714.0,33716.0,34532.0,36565.0,37520.0,38571.0,38795.0,40133.0,40674.0,40314.0,40832.0,41259.0,40334.0,40230.0,39077.0,38344.0,37607.0,38829.0,39184.0,40019.0,39285.0,40457.0,40581.0,40450.0,41476.0,42072.0,41836.0,43542.0,43898.0,44486.0,44208.0,43679.0,42613.0,42172.0,42039.0,41835.0,40695.0,39614.0,39832.0,39491.0,37735.0,36715.0,37206.0,37679.0,37352.0,38257.0,38028.0,39076.0,39185.0,38564.0,37765.0,37378.0,36329.0,36187.0,36089.0,36075.0,34773.0,33767.0,33376.0,32252.0,33464.0,30874.0,31131.0,30871.0,30795.0,30263.0,29909.0,29734.0,29205.0,29197.0,28760.0,28282.0,28339.0,27966.0,28087.0,27811.0,27352.0,27603.0,27620.0,27051.0,27017.0,26641.0,26477.0,26294.0,26137.0,25643.0,25353.0,25272.0,24584.0,24451.0,23896.0,23711.0,23460.0,23451.0,22868.0,22755.0
M,67,28764.0,29703.0,29650.0,30485.0,31481.0,31902.0,32579.0,33540.0,34338.0,36340.0,37302.0,38340.0,38601.0,39912.0,40432.0,40067.0,40589.0,40999.0,40069.0,39974.0,38858.0,38154.0,37406.0,38627.0,38978.0,39774.0,39077.0,40219.0,40355.0,40224.0,41277.0,41859.0,41654.0,43340.0,43699.0,44287.0,43977.0,43473.0,42436.0,41988.0,41840.0,41674.0,40513.0,39417.0,39643.0,39275.0,37564.0,36543.0,37049.0,37500.0,37216.0,38090.0,37850.0,38910.0,39032.0,38384.0,37617.0,37203.0,36170.0,36011.0,35942.0,35869.0,34594.0,33617.0,33237.0,32127.0,33341.0,30743.0,31004.0,30748.0,30661.0,30146.0,29772.0,29614.0,29071.0,29050.0,28648.0,28169.0,28224.0,27846.0,27964.0,27679.0,27247.0,27469.0,27523.0,26929.0,26906.0,26521.0,26350.0,26179.0,26021.0,25525.0,25225.0,25144.0,24471.0,24345.0,23798.0,23599.0,23340.0,23353.0,22766.0
M,68,27721.0,28740.0,29630.0,29537.0,30347.0,31333.0,31747.0,32418.0,33327.0,34176.0,36162.0,37088.0,38117.0,38360.0,39696.0,40195.0,39863.0,40360.0,40769.0,39840.0,39719.0,38648.0,37962.0,37196.0,38423.0,38754.0,39559.0,38894.0,40021.0,40129.0,40039.0,41079.0,41624.0,41453.0,43147.0,43502.0,44063.0,43778.0,43286.0,42210.0,41783.0,41622.0,41484.0,40307.0,39239.0,39469.0,39106.0,37387.0,36374.0,36896.0,37331.0,37063.0,37929.0,37694.0,38766.0,38882.0,38203.0,37451.0,37043.0,36011.0,35866.0,35772.0,35713.0,34437.0,33477.0,33079.0,31966.0,33201.0,30614.0,30882.0,30623.0,30529.0,30027.0,29649.0,29472.0,28960.0,28937.0,28518.0,28034.0,28100.0,27731.0,27861.0,27567.0,27148.0,27355.0,27388.0,26815.0,26778.0,26393.0,26220.0,26054.0,25894.0,25426.0,25123.0,25010.0,24375.0,24235.0,23701.0,23495.0,23237.0,23267.0
M,69,26980.0,27607.0,28659.0,29545.0,29393.0,30201.0,31164.0,31596.0,32247.0,33183.0,34015.0,35992.0,36886.0,37914.0,38101.0,39456.0,39953.0,39589.0,40131.0,40553.0,39595.0,39471.0,38451.0,37718.0,36971.0,38212.0,38539.0,39348.0,38711.0,39819.0,39919.0,39820.0,40861.0,41437.0,41235.0,42946.0,43301.0,43858.0,43562.0,43078.0,41999.0,41582.0,41427.0,41282.0,40099.0,39032.0,39269.0,38942.0,37234.0,36220.0,36729.0,37151.0,36903.0,37787.0,37517.0,38593.0,38712.0,38051.0,37270.0,36905.0,35852.0,35710.0,35617.0,35575.0,34284.0,33326.0,32959.0,31823.0,33059.0,30477.0,30734.0,30501.0,30388.0,29916.0,29523.0,29352.0,28846.0,28832.0,28397.0,27919.0,27956.0,27598.0,27734.0,27468.0,27025.0,27225.0,27257.0,26695.0,26662.0,26280.0,26107.0,25945.0,25784.0,25308.0,25018.0,24866.0,24267.0,24133.0,23580.0,23396.0,23137.0
M,70,26474.0,26564.0,27163.0,28192.0,29051.0,28975.0,29755.0,30723.0,31090.0,31786.0,32677.0,33488.0,35488.0,36351.0,37337.0,37560.0,38931.0,39410.0,39019.0,39536.0,40009.0,39052.0,38976.0,38001.0,37250.0,36567.0,37770.0,38081.0,38878.0,38263.0,39351.0,39492.0,39429.0,40442.0,40954.0,40765.0,42443.0,42876.0,43382.0,43087.0,42618.0,41559.0,41191.0,41020.0,40888.0,39734.0,38685.0,38917.0,38592.0,36886.0,35897.0,36393.0,36817.0,36589.0,37461.0,37226.0,38231.0,38338.0,37740.0,36925.0,36584.0,35539.0,35389.0,35301.0,35281.0,34001.0,33028.0,32665.0,31544.0,32791.0,30221.0,30489.0,30225.0,30140.0,29672.0,29270.0,29091.0,28588.0,28563.0,28142.0,27678.0,27692.0,27358.0,27497.0,27212.0,26775.0,26995.0,27036.0,26466.0,26439.0,26062.0,25908.0,25723.0,25535.0,25076.0,24814.0,24612.0,24078.0,23907.0,23397.0,23197.0
M,71,25160.0,26118.0,26226.0,26757.0,27742.0,28582.0,28521.0,29265.0,30265.0,30644.0,31319.0,32214.0,33017.0,34929.0,35785.0,36788.0,37000.0,38361.0,38900.0,38515.0,38946.0,39469.0,38517.0,38428.0,37544.0,36744.0,36155.0,37341.0,37635.0,38461.0,37812.0,38874.0,39073.0,38975.0,40017.0,40544.0,40318.0,42007.0,42419.0,42934.0,42644.0,42186.0,41155.0,40747.0,40629.0,40499.0,39387.0,38319.0,38555.0,38213.0,36539.0,35556.0,36085.0,36516.0,36281.0,37102.0,36905.0,37902.0,37992.0,37423.0,36577.0,36253.0,35229.0,35060.0,34984.0,34970.0,33676.0,32724.0,32366.0,31250.0,32502.0,29931.0,30217.0,29968.0,29875.0,29394.0,29022.0,28846.0,28355.0,28335.0,27903.0,27437.0,27436.0,27112.0,27246.0,26970.0,26499.0,26735.0,26776.0,26214.0,26183.0,25845.0,25668.0,25511.0,25305.0,24864.0,24577.0,24388.0,23873.0,23694.0,23174.0
M,72,25075.0,24812.0,25752.0,25808.0,26363.0,27317.0,28188.0,28056.0,28839.0,29786.0,30213.0,30827.0,31767.0,32594.0,34435.0,35231.0,36194.0,36517.0,37842.0,38358.0,38022.0,38446.0,38962.0,37966.0,37936.0,37094.0,36282.0,35735.0,36893.0,37199.0,37968.0,37401.0,38472.0,38660.0,38565.0,39614.0,40114.0,39932.0,41570.0,41962.0,42491.0,42206.0,41762.0,40764.0,40355.0,40250.0,40080.0,39021.0,37974.0,38220.0,37857.0,36190.0,35245.0,35760.0,36198.0,35968.0,36753.0,36592.0,37600.0,37660.0,37119.0,36268.0,35969.0,34933.0,34747.0,34664.0,34674.0,33367.0,32401.0,32080.0,30978.0,32206.0,29652.0,29960.0,29718.0,29624.0,29126.0,28795.0,28604.0,28133.0,28100.0,27656.0,27197.0,27185.0,26873.0,26982.0,26735.0,26258.0,26492.0,26544.0,25977.0,25950.0,25617.0,25427.0,25294.0,25062.0,24622.0,24365.0,24158.0,23659.0,23473.0
M,73,24671.0,24698.0,24474.0,25400.0,25421.0,25995.0,26909.0,27791.0,27642.0,28408.0,29359.0,29794.0,30336.0,31321.0,32104.0,33984.0,34705.0,35683.0,36023.0,37362.0,37843.0,37498.0,37900.0,38463.0,37486.0,37478.0,36641.0,35840.0,35323.0,36510.0,36769.0,37569.0,36987.0,38055.0,38278.0,38134.0,39148.0,39723.0,39514.0,41173.0,41540.0,42060.0,41802.0,41388.0,40379.0,39957.0,39881.0,39720.0,38666.0,37640.0,37871.0,37529.0,35849.0,34937.0,35457.0,35877.0,35633.0,36447.0,36272.0,37265.0,37344.0,36797.0,35952.0,35655.0,34635.0,34456.0,34312.0,34391.0,33093.0,32111.0,31814.0,30712.0,31944.0,29384.0,29708.0,29463.0,29371.0,28847.0,28542.0,28330.0,27907.0,27856.0,27407.0,26963.0,26929.0,26651.0,26736.0,26513.0,26017.0,26231.0,26316.0,25734.0,25703.0,25406.0,25202.0,25067.0,24835.0,24397.0,24146.0,23960.0,23474.0
M,74,24612.0,24327.0,24323.0,24091.0,25025.0,25018.0,25650.0,26512.0,27373.0,27300.0,27982.0,28940.0,29348.0,29885.0,30866.0,31651.0,33514.0,34226.0,35186.0,35538.0,36843.0,37338.0,37004.0,37392.0,37986.0,37040.0,37025.0,36171.0,35404.0,34938.0,36086.0,36381.0,37144.0,36548.0,37660.0,37880.0,37758.0,38743.0,39331.0,39124.0,40770.0,41107.0,41650.0,41386.0,41007.0,40001.0,39591.0,39521.0,39319.0,38286.0,37257.0,37542.0,37206.0,35544.0,34638.0,35146.0,35557.0,35331.0,36145.0,35943.0,36916.0,37002.0,36467.0,35584.0,35304.0,34340.0,34153.0,34033.0,34078.0,32814.0,31815.0,31521.0,30451.0,31672.0,29120.0,29462.0,29217.0,29122.0,28584.0,28280.0,28065.0,27675.0,27610.0,27184.0,26727.0,26676.0,26419.0,26492.0,26260.0,25789.0,25995.0,26096.0,25508.0,25473.0,25179.0,25005.0,24839.0,24603.0,24186.0,23940.0,23748.0
M,75,24288.0,23743.0,23431.0,23446.0,23267.0,24168.0,24137.0,24764.0,25613.0,26485.0,26403.0,27086.0,28006.0,28441.0,28983.0,29864.0,30684.0,32551.0,33233.0,34176.0,34554.0,35697.0,36317.0,36017.0,36357.0,36917.0,36114.0,36094.0,35354.0,34569.0,34148.0,35247.0,35561.0,36321.0,35751.0,36854.0,37042.0,36948.0,37940.0,38476.0,38327.0,39943.0,40265.0,40745.0,40551.0,40182.0,39251.0,38817.0,38801.0,38591.0,37599.0,36620.0,36822.0,36530.0,34913.0,34025.0,34506.0,34882.0,34703.0,35482.0,35282.0,36249.0,36344.0,35848.0,34958.0,34661.0,33679.0,33581.0,33413.0,33448.0,32248.0,31256.0,30974.0,29959.0,31103.0,28645.0,28955.0,28729.0,28583.0,28090.0,27813.0,27563.0,27182.0,27144.0,26693.0,26212.0,26195.0,25945.0,26001.0,25835.0,25320.0,25523.0,25638.0,25040.0,24999.0,24693.0,24593.0,24409.0,24156.0,23746.0,23491.0
M,76,24418.0,23395.0,22861.0,22600.0,22518.0,22426.0,23293.0,23312.0,23911.0,24787.0,25597.0,25575.0,26313.0,27081.0,27608.0,28044.0,28913.0,29741.0,31572.0,32279.0,33267.0,33556.0,34720.0,35311.0,35026.0,35371.0,35974.0,35174.0,35205.0,34443.0,33763.0,33386.0,34438.0,34800.0,35535.0,34937.0,36076.0,36206.0,36108.0,37153.0,37669.0,37564.0,39114.0,39426.0,39930.0,39741.0,39380.0,38446.0,38116.0,38048.0,37933.0,36941.0,35996.0,36157.0,35933.0,34243.0,33386.0,33931.0,34268.0,34085.0,34868.0,34672.0,35580.0,35718.0,35213.0,34306.0,34042.0,33090.0,33005.0,32869.0,32844.0,31682.0,30767.0,30489.0,29444.0,30547.0,28160.0,28479.0,28230.0,28092.0,27582.0,27335.0,27083.0,26686.0,26687.0,26208.0,25726.0,25706.0,25456.0,25557.0,25360.0,24893.0,25035.0,25184.0,24592.0,24541.0,24286.0,24148.0,23982.0,23695.0,23321.0
M,77,20835.0,23522.0,22530.0,22059.0,21878.0,21744.0,21634.0,22495.0,22524.0,23165.0,24009.0,24741.0,24763.0,25501.0,26209.0,26708.0,27203.0,28092.0,28830.0,30631.0,31367.0,32331.0,32635.0,33773.0,34384.0,34076.0,34513.0,35086.0,34325.0,34393.0,33636.0,33014.0,32648.0,33651.0,34067.0,34717.0,34185.0,35325.0,35382.0,35289.0,36382.0,36824.0,36766.0,38326.0,38631.0,39085.0,38979.0,38624.0,37753.0,37419.0,37353.0,37206.0,36224.0,35337.0,35519.0,35309.0,33632.0,32805.0,33366.0,33653.0,33522.0,34256.0,34051.0,34907.0,35128.0,34595.0,33701.0,33451.0,32504.0,32394.0,32321.0,32277.0,31117.0,30234.0,29996.0,28971.0,30009.0,27676.0,27972.0,27756.0,27625.0,27098.0,26826.0,26610.0,26195.0,26246.0,25744.0,25279.0,25276.0,24999.0,25082.0,24904.0,24470.0,24607.0,24741.0,24109.0,24103.0,23819.0,23702.0,23579.0,23279.0
M,78,19491.0,20105.0,22725.0,21714.0,21325.0,21145.0,21022.0,20885.0,21748.0,21831.0,22399.0,23235.0,23993.0,24029.0,24678.0,25383.0,25869.0,26401.0,27269.0,27965.0,29777.0,30486.0,31474.0,31783.0,32899.0,33493.0,33235.0,33657.0,34252.0,33495.0,33608.0,32844.0,32280.0,31910.0,32905.0,33321.0,33979.0,33453.0,34603.0,34664.0,34475.0,35635.0,36107.0,36060.0,37578.0,37875.0,38324.0,38228.0,37869.0,37011.0,36755.0,36636.0,36533.0,35525.0,34726.0,34894.0,34691.0,32997.0,32262.0,32765.0,33042.0,32922.0,33653.0,33474.0,34300.0,34474.0,33938.0,33113.0,32799.0,31943.0,31870.0,31786.0,31708.0,30556.0,29726.0,29492.0,28483.0,29502.0,27228.0,27463.0,27242.0,27116.0,26636.0,26358.0,26122.0,25726.0,25772.0,25268.0,24843.0,24826.0,24514.0,24661.0,24468.0,24004.0,24141.0,24306.0,23661.0,23636.0,23371.0,23267.0,23177.0
M,79,16617.0,18815.0,19467.0,21918.0,20954.0,20615.0,20445.0,20368.0,20196.0,21046.0,21137.0,21710.0,22522.0,23260.0,23296.0,23936.0,24629.0,25125.0,25666.0,26478.0,27183.0,28954.0,29679.0,30686.0,30962.0,32022.0,32644.0,32436.0,32844.0,33406.0,32714.0,32806.0,32099.0,31521.0,31208.0,32213.0,32599.0,33227.0,32736.0,33855.0,33952.0,33754.0,34884.0,35339.0,35383.0,36788.0,37103.0,37593.0,37487.0,37161.0,36326.0,36051.0,35930.0,35899.0,34893.0,34090.0,34284.0,34119.0,32376.0,31665.0,32190.0,32453.0,32345.0,33038.0,32928.0,33628.0,33885.0,33330.0,32535.0,32234.0,31364.0,31316.0,31239.0,31184.0,30023.0,29250.0,28962.0,27958.0,29008.0,26735.0,27005.0,26761.0,26613.0,26167.0,25897.0,25668.0,25282.0,25297.0,24824.0,24421.0,24386.0,24109.0,24206.0,24012.0,23551.0,23717.0,23826.0,23247.0,23213.0,22902.0,22815.0
M,80,14484.0,15335.0,17342.0,17878.0,20218.0,19329.0,19073.0,18887.0,18874.0,18775.0,19574.0,19693.0,20257.0,21010.0,21753.0,21824.0,22422.0,23069.0,23572.0,24062.0,24895.0,25566.0,27359.0,28031.0,29040.0,29338.0,30375.0,31032.0,30832.0,31265.0,31792.0,31183.0,31275.0,30652.0,30124.0,29803.0,30776.0,31204.0,31750.0,31410.0,32431.0,32507.0,32335.0,33444.0,33945.0,33955.0,35333.0,35670.0,36013.0,36054.0,35833.0,34972.0,34772.0,34653.0,34598.0,33672.0,32876.0,33117.0,32899.0,31205.0,30585.0,31045.0,31324.0,31203.0,31862.0,31689.0,32470.0,32626.0,32181.0,31368.0,31107.0,30300.0,30233.0,30195.0,30125.0,29010.0,28227.0,27997.0,26970.0,27999.0,25829.0,26072.0,25822.0,25726.0,25262.0,24960.0,24738.0,24340.0,24391.0,23897.0,23532.0,23532.0,23256.0,23327.0,23161.0,22714.0,22859.0,23028.0,22458.0,22409.0,22113.0
M,81,11843.0,13383.0,14149.0,16008.0,16602.0,18754.0,17919.0,17677.0,17555.0,17549.0,17538.0,18251.0,18355.0,18914.0,19630.0,20382.0,20396.0,20970.0,21705.0,22160.0,22618.0,23506.0,24162.0,25915.0,26518.0,27482.0,27867.0,28758.0,29601.0,29334.0,29771.0,30339.0,29766.0,29898.0,29222.0,28815.0,28444.0,29415.0,29877.0,30394.0,30070.0,31137.0,31201.0,31016.0,32027.0,32628.0,32609.0,33965.0,34342.0,34623.0,34712.0,34574.0,33736.0,33420.0,33403.0,33399.0,32458.0,31681.0,32031.0,31730.0,30038.0,29520.0,29986.0,30174.0,30130.0,30716.0,30501.0,31332.0,31534.0,31001.0,30307.0,30037.0,29274.0,29205.0,29177.0,29080.0,27999.0,27258.0,27045.0,26018.0,26943.0,24942.0,25174.0,24941.0,24853.0,24373.0,24058.0,23886.0,23540.0,23499.0,23043.0,22694.0,22652.0,22414.0,22489.0,22365.0,21912.0,22078.0,22207.0,21671.0,21608.0
M,82,11475.0,10992.0,12345.0,13140.0,14818.0,15341.0,17304.0,16661.0,16370.0,16317.0,16300.0,16377.0,16998.0,17145.0,17712.0,18390.0,19042.0,19087.0,19697.0,20423.0,20793.0,21363.0,22161.0,22885.0,24510.0,25187.0,26037.0,26470.0,27306.0,28074.0,27927.0,28401.0,28968.0,28355.0,28591.0,27890.0,27558.0,27133.0,28142.0,28552.0,29156.0,28807.0,29874.0,29930.0,29760.0,30734.0,31288.0,31345.0,32649.0,32978.0,33415.0,33432.0,33286.0,32487.0,32255.0,32217.0,32225.0,31297.0,30560.0,30895.0,30617.0,29026.0,28391.0,28943.0,29149.0,29041.0,29576.0,29430.0,30248.0,30412.0,29923.0,29225.0,29003.0,28222.0,28150.0,28167.0,28084.0,27038.0,26326.0,26105.0,25089.0,26041.0,24057.0,24235.0,23997.0,23946.0,23505.0,23146.0,23006.0,22699.0,22675.0,22156.0,21920.0,21847.0,21620.0,21708.0,21556.0,21113.0,21287.0,21418.0,20884.0
M,83,10253.0,10594.0,10163.0,11427.0,12111.0,13724.0,14190.0,16070.0,15458.0,15267.0,15233.0,15273.0,15306.0,15853.0,16071.0,16594.0,17269.0,17857.0,17940.0,18554.0,19213.0,19604.0,20183.0,21006.0,21659.0,23256.0,23905.0,24744.0,25141.0,26045.0,26734.0,26666.0,27059.0,27673.0,27111.0,27350.0,26649.0,26329.0,25973.0,26910.0,27278.0,27922.0,27632.0,28634.0,28753.0,28584.0,29494.0,30109.0,30176.0,31426.0,31793.0,32212.0,32202.0,32063.0,31370.0,31135.0,31075.0,31087.0,30108.0,29464.0,29723.0,29562.0,27960.0,27391.0,27867.0,28100.0,27987.0,28527.0,28444.0,29190.0,29342.0,28908.0,28228.0,27970.0,27235.0,27214.0,27173.0,27103.0,26128.0,25349.0,25190.0,24236.0,25170.0,23231.0,23362.0,23161.0,23053.0,22632.0,22281.0,22223.0,21902.0,21855.0,21372.0,21136.0,21054.0,20836.0,20923.0,20746.0,20348.0,20551.0,20696.0
M,84,9065.0,9515.0,9830.0,9399.0,10589.0,11244.0,12712.0,13195.0,14907.0,14433.0,14255.0,14161.0,14276.0,14307.0,14832.0,15026.0,15553.0,16193.0,16725.0,16940.0,17480.0,18104.0,18447.0,19065.0,19858.0,20504.0,22015.0,22699.0,23536.0,23976.0,24817.0,25534.0,25436.0,25838.0,26378.0,25984.0,26154.0,25486.0,25265.0,24872.0,25762.0,26138.0,26748.0,26408.0,27526.0,27605.0,27502.0,28330.0,28987.0,29032.0,30295.0,30594.0,30985.0,31021.0,30902.0,30277.0,30029.0,29941.0,29955.0,29067.0,28428.0,28670.0,28496.0,26962.0,26390.0,26900.0,27038.0,26986.0,27489.0,27440.0,28153.0,28298.0,27905.0,27310.0,26998.0,26320.0,26263.0,26207.0,26161.0,25189.0,24463.0,24300.0,23398.0,24342.0,22429.0,22515.0,22341.0,22230.0,21834.0,21487.0,21444.0,21069.0,21061.0,20659.0,20386.0,20304.0,20130.0,20181.0,20009.0,19665.0,19837.0
M,85,7812.0,7697.0,8079.0,8410.0,7999.0,9040.0,9578.0,10900.0,11365.0,12796.0,12460.0,12356.0,12263.0,12401.0,12489.0,12964.0,13216.0,13676.0,14229.0,14726.0,14957.0,15449.0,16175.0,16430.0,17080.0,17808.0,18444.0,19862.0,20484.0,21362.0,21730.0,22443.0,23206.0,23166.0,23554.0,24059.0,23697.0,23970.0,23386.0,23239.0,22823.0,23646.0,23952.0,24601.0,24294.0,25336.0,25477.0,25375.0,26265.0,26833.0,26914.0,28053.0,28361.0,28731.0,28836.0,28747.0,28186.0,27963.0,27805.0,27830.0,27026.0,26503.0,26675.0,26484.0,25083.0,24569.0,24917.0,25183.0,25109.0,25586.0,25564.0,26261.0,26350.0,25990.0,25496.0,25170.0,24607.0,24501.0,24473.0,24308.0,23472.0,22792.0,22592.0,21689.0,22534.0,20897.0,20890.0,20794.0,20649.0,20268.0,19968.0,19896.0,19605.0,19612.0,19242.0,18962.0,18844.0,18774.0,18780.0,18658.0,18293.0
M,86,6657.0,6632.0,6511.0,6919.0,7150.0,6901.0,7765.0,8221.0,9419.0,9783.0,11052.0,10842.0,10759.0,10652.0,10781.0,10905.0,11308.0,11623.0,12031.0,12550.0,13111.0,13275.0,13706.0,14410.0,14692.0,15331.0,15943.0,16644.0,17925.0,18533.0,19384.0,19723.0,20386.0,21192.0,21183.0,21450.0,22114.0,21692.0,21953.0,21429.0,21367.0,20938.0,21680.0,22033.0,22645.0,22430.0,23390.0,23529.0,23493.0,24342.0,24797.0,24987.0,26053.0,26388.0,26736.0,26873.0,26795.0,26226.0,25991.0,25878.0,25860.0,25057.0,24635.0,24739.0,24594.0,23306.0,22885.0,23127.0,23437.0,23317.0,23830.0,23842.0,24534.0,24606.0,24197.0,23769.0,23435.0,22940.0,22830.0,22801.0,22645.0,21921.0,21229.0,20995.0,20207.0,20988.0,19456.0,19504.0,19401.0,19234.0,18925.0,18554.0,18508.0,18236.0,18231.0,17918.0,17611.0,17552.0,17521.0,17428.0,17314.0
M,87,5523.0,5713.0,5656.0,5589.0,5906.0,6102.0,5941.0,6686.0,7064.0,8152.0,8444.0,9583.0,9446.0,9383.0,9313.0,9425.0,9634.0,9937.0,10269.0,10749.0,11034.0,11601.0,11771.0,12255.0,12895.0,13187.0,13771.0,14436.0,15025.0,16239.0,16825.0,17701.0,17971.0,18555.0,19316.0,19405.0,19638.0,20257.0,19827.0,20132.0,19641.0,19629.0,19258.0,19929.0,20295.0,20916.0,20725.0,21682.0,21755.0,21788.0,22581.0,22950.0,23205.0,24259.0,24546.0,24885.0,24990.0,24972.0,24411.0,24122.0,24105.0,24058.0,23316.0,22944.0,22958.0,22903.0,21699.0,21268.0,21571.0,21820.0,21672.0,22198.0,22299.0,22896.0,22961.0,22580.0,22177.0,21834.0,21362.0,21211.0,21234.0,21085.0,20365.0,19746.0,19598.0,18779.0,19557.0,18055.0,18172.0,18037.0,17881.0,17537.0,17242.0,17196.0,16936.0,16945.0,16666.0,16366.0,16378.0,16269.0,16220.0
M,88,4721.0,4663.0,4864.0,4810.0,4744.0,5067.0,5191.0,5076.0,5788.0,6087.0,7043.0,7370.0,8316.0,8184.0,8163.0,8202.0,8210.0,8496.0,8795.0,9104.0,9548.0,9801.0,10296.0,10454.0,10916.0,11611.0,11898.0,12439.0,13025.0,13619.0,14719.0,15290.0,16095.0,16360.0,16931.0,17653.0,17682.0,17983.0,18571.0,18221.0,18408.0,18012.0,17988.0,17739.0,18315.0,18712.0,19276.0,19110.0,20013.0,20222.0,20172.0,21032.0,21248.0,21554.0,22545.0,22808.0,23213.0,23261.0,23234.0,22660.0,22508.0,22356.0,22340.0,21625.0,21303.0,21420.0,21348.0,20258.0,19808.0,20079.0,20307.0,20158.0,20594.0,20825.0,21390.0,21419.0,21042.0,20637.0,20310.0,19930.0,19764.0,19702.0,19593.0,18942.0,18368.0,18223.0,17473.0,18171.0,16804.0,16863.0,16719.0,16619.0,16386.0,16084.0,16051.0,15772.0,15784.0,15538.0,15186.0,15272.0,15090.0
M,89,4033.0,3942.0,3997.0,4120.0,4104.0,4038.0,4309.0,4487.0,4364.0,4980.0,5305.0,6112.0,6429.0,7178.0,7166.0,7117.0,7171.0,7222.0,7453.0,7722.0,8015.0,8512.0,8698.0,9108.0,9365.0,9766.0,10456.0,10738.0,11237.0,11785.0,12376.0,13411.0,13914.0,14621.0,14983.0,15437.0,16174.0,16184.0,16487.0,17016.0,16674.0,16895.0,16564.0,16540.0,16274.0,16935.0,17292.0,17836.0,17676.0,18535.0,18722.0,18717.0,19542.0,19642.0,20001.0,20934.0,21186.0,21621.0,21696.0,21535.0,21069.0,20909.0,20759.0,20850.0,20069.0,19795.0,19898.0,19849.0,18870.0,18456.0,18733.0,18926.0,18745.0,19210.0,19412.0,19918.0,19969.0,19651.0,19215.0,18920.0,18595.0,18391.0,18353.0,18206.0,17613.0,17115.0,16929.0,16226.0,16920.0,15591.0,15662.0,15533.0,15457.0,15265.0,14938.0,14906.0,14708.0,14662.0,14442.0,14090.0,14269.0
M,90,3616.0,4051.0,3973.0,4021.0,4141.0,4118.0,4056.0,4328.0,4496.0,4375.0,4995.0,5318.0,6127.0,6440.0,7188.0,7172.0,7129.0,7183.0,7233.0,7466.0,7727.0,8027.0,8520.0,8711.0,9115.0,9372.0,9773.0,10463.0,10741.0,11244.0,11788.0,12384.0,13415.0,13917.0,14626.0,14984.0,15442.0,16179.0,16187.0,16490.0,17023.0,16678.0,16900.0,16568.0,16542.0,16278.0,16936.0,17295.0,17839.0,17677.0,18538.0,18724.0,18717.0,19543.0,19642.0,20005.0,20935.0,21188.0,21623.0,21699.0,21536.0,21071.0,20912.0,20761.0,20850.0,20069.0,19799.0,19898.0,19849.0,18870.0,18456.0,18733.0,18930.0,18745.0,19210.0,19414.0,19919.0,19970.0,19651.0,19216.0,18920.0,18596.0,18392.0,18353.0,18206.0,17613.0,17115.0,16931.0,16228.0,16920.0,15591.0,15663.0,15534.0,15457.0,15266.0,14938.0,14906.0,14708.0,14662.0,14442.0,14090.0
M,91,2747.0,2698.0,3019.0,2954.0,2976.0,3077.0,3062.0,3025.0,3239.0,3367.0,3279.0,3732.0,3953.0,4552.0,4791.0,5356.0,5361.0,5332.0,5333.0,5403.0,5576.0,5776.0,5991.0,6356.0,6531.0,6891.0,7080.0,7393.0,7882.0,8025.0,8447.0,8857.0,9321.0,10066.0,10445.0,11008.0,11254.0,11566.0,12119.0,12133.0,12339.0,12718.0,12469.0,12659.0,12400.0,12381.0,12187.0,12698.0,12915.0,13313.0,13260.0,13927.0,14062.0,14083.0,14697.0,14774.0,15028.0,15794.0,15916.0,16332.0,16428.0,16270.0,15924.0,15781.0,15681.0,15731.0,15199.0,14944.0,14989.0,14909.0,14256.0,13887.0,14133.0,14251.0,14096.0,14437.0,14572.0,14991.0,15035.0,14797.0,14476.0,14255.0,13986.0,13797.0,13795.0,13695.0,13245.0,12856.0,12694.0,12187.0,12657.0,11726.0,11828.0,11669.0,11619.0,11541.0,11259.0,11140.0,11107.0,11037.0,10847.0
M,92,2294.0,2090.0,2058.0,2294.0,2245.0,2266.0,2357.0,2358.0,2322.0,2485.0,2593.0,2482.0,2831.0,2961.0,3434.0,3643.0,4053.0,4015.0,4045.0,4051.0,4069.0,4193.0,4354.0,4555.0,4816.0,4951.0,5211.0,5373.0,5548.0,5900.0,6033.0,6335.0,6684.0,6981.0,7534.0,7831.0,8257.0,8461.0,8584.0,8998.0,9035.0,9230.0,9461.0,9282.0,9453.0,9223.0,9241.0,9074.0,9405.0,9614.0,9926.0,9900.0,10381.0,10462.0,10541.0,10947.0,11020.0,11301.0,11892.0,11988.0,12312.0,12363.0,12268.0,12046.0,11897.0,11870.0,11806.0,11404.0,11171.0,11269.0,11101.0,10677.0,10299.0,10510.0,10588.0,10522.0,10778.0,10894.0,11264.0,11225.0,11052.0,10739.0,10596.0,10409.0,10234.0,10231.0,10162.0,9825.0,9588.0,9488.0,9091.0,9455.0,8751.0,8889.0,8751.0,8677.0,8627.0,8468.0,8366.0,8374.0,8348.0
M,93,1703.0,1731.0,1588.0,1563.0,1706.0,1711.0,1746.0,1864.0,1849.0,1809.0,1920.0,1981.0,1851.0,2140.0,2228.0,2596.0,2771.0,3079.0,3040.0,3066.0,3073.0,3071.0,3177.0,3260.0,3397.0,3537.0,3697.0,3867.0,3993.0,4064.0,4419.0,4524.0,4736.0,5009.0,5245.0,5748.0,5852.0,6218.0,6311.0,6362.0,6712.0,6734.0,6865.0,7077.0,6936.0,7107.0,6879.0,6924.0,6782.0,7118.0,7212.0,7461.0,7432.0,7817.0,7925.0,7970.0,8262.0,8300.0,8516.0,8918.0,8936.0,9181.0,9252.0,9142.0,8950.0,8844.0,8880.0,8828.0,8468.0,8414.0,8450.0,8336.0,7983.0,7736.0,7921.0,7926.0,7875.0,8116.0,8114.0,8399.0,8449.0,8291.0,7995.0,7981.0,7831.0,7597.0,7686.0,7644.0,7399.0,7193.0,7154.0,6846.0,7166.0,6509.0,6674.0,6602.0,6496.0,6473.0,6361.0,6284.0,6219.0
M,94,1256.0,1279.0,1338.0,1220.0,1177.0,1323.0,1307.0,1343.0,1417.0,1404.0,1351.0,1470.0,1523.0,1442.0,1656.0,1652.0,1898.0,2059.0,2310.0,2271.0,2268.0,2323.0,2311.0,2394.0,2478.0,2537.0,2652.0,2769.0,2896.0,3042.0,3033.0,3371.0,3415.0,3563.0,3779.0,3935.0,4332.0,4397.0,4721.0,4736.0,4739.0,5081.0,5014.0,5168.0,5268.0,5154.0,5323.0,5142.0,5169.0,5070.0,5350.0,5408.0,5616.0,5569.0,5896.0,5974.0,6028.0,6284.0,6230.0,6383.0,6765.0,6749.0,6907.0,6949.0,6945.0,6738.0,6688.0,6740.0,6648.0,6374.0,6250.0,6336.0,6205.0,5996.0,5837.0,5929.0,5986.0,5887.0,6083.0,6103.0,6334.0,6335.0,6208.0,6034.0,6006.0,5894.0,5645.0,5775.0,5752.0,5548.0,5405.0,5353.0,5119.0,5365.0,4845.0,4978.0,4892.0,4878.0,4822.0,4733.0,4681.0
M,95,887.0,927.0,960.0,1024.0,923.0,893.0,998.0,963.0,1023.0,1062.0,1054.0,1006.0,1122.0,1144.0,1098.0,1241.0,1246.0,1476.0,1561.0,1775.0,1722.0,1693.0,1736.0,1726.0,1827.0,1871.0,1897.0,2009.0,2067.0,2194.0,2276.0,2280.0,2539.0,2540.0,2636.0,2812.0,2920.0,3238.0,3298.0,3517.0,3520.0,3560.0,3842.0,3767.0,3873.0,3969.0,3895.0,4009.0,3904.0,3906.0,3847.0,4050.0,4109.0,4248.0,4212.0,4388.0,4474.0,4483.0,4709.0,4697.0,4758.0,5068.0,5003.0,5185.0,5224.0,5165.0,5080.0,5054.0,5080.0,4993.0,4769.0,4654.0,4736.0,4626.0,4436.0,4336.0,4449.0,4500.0,4394.0,4520.0,4561.0,4730.0,4752.0,4633.0,4508.0,4557.0,4405.0,4214.0,4297.0,4305.0,4117.0,4052.0,4038.0,3813.0,3975.0,3613.0,3723.0,3649.0,3643.0,3661.0,3571.0
M,96,692.0,668.0,700.0,748.0,782.0,688.0,667.0,740.0,725.0,760.0,806.0,801.0,740.0,836.0,864.0,837.0,949.0,940.0,1097.0,1156.0,1351.0,1313.0,1280.0,1306.0,1297.0,1396.0,1414.0,1430.0,1510.0,1541.0,1657.0,1680.0,1685.0,1875.0,1864.0,1969.0,2116.0,2175.0,2452.0,2462.0,2670.0,2640.0,2697.0,2858.0,2862.0,2902.0,2985.0,2921.0,2979.0,2889.0,2942.0,2912.0,3021.0,3103.0,3196.0,3123.0,3261.0,3345.0,3379.0,3508.0,3494.0,3512.0,3747.0,3672.0,3820.0,3896.0,3846.0,3751.0,3731.0,3752.0,3706.0,3539.0,3513.0,3525.0,3508.0,3343.0,3230.0,3384.0,3415.0,3338.0,3411.0,3399.0,3576.0,3565.0,3449.0,3365.0,3399.0,3268.0,3178.0,3262.0,3264.0,3116.0,3055.0,2998.0,2881.0,2992.0,2669.0,2832.0,2763.0,2732.0,2780.0
M,97,469.0,525.0,520.0,552.0,569.0,590.0,515.0,490.0,552.0,550.0,575.0,608.0,611.0,546.0,638.0,639.0,641.0,726.0,729.0,812.0,862.0,1009.0,982.0,974.0,996.0,971.0,1026.0,1060.0,1093.0,1149.0,1172.0,1223.0,1241.0,1279.0,1424.0,1395.0,1495.0,1591.0,1613.0,1845.0,1897.0,2003.0,2018.0,2023.0,2153.0,2149.0,2154.0,2244.0,2149.0,2232.0,2131.0,2179.0,2178.0,2283.0,2303.0,2404.0,2385.0,2413.0,2503.0,2520.0,2616.0,2583.0,2628.0,2804.0,2757.0,2876.0,2958.0,2878.0,2793.0,2811.0,2843.0,2801.0,2642.0,2639.0,2631.0,2609.0,2548.0,2403.0,2575.0,2592.0,2544.0,2576.0,2542.0,2739.0,2697.0,2607.0,2544.0,2533.0,2466.0,2403.0,2468.0,2442.0,2302.0,2271.0,2259.0,2145.0,2231.0,1986.0,2076.0,2037.0,2065.0
M,98,286.0,363.0,393.0,399.0,423.0,441.0,437.0,399.0,385.0,414.0,417.0,447.0,453.0,470.0,419.0,483.0,472.0,460.0,531.0,557.0,595.0,640.0,750.0,722.0,709.0,748.0,738.0,779.0,806.0,837.0,864.0,887.0,925.0,945.0,961.0,1110.0,1073.0,1134.0,1203.0,1233.0,1425.0,1411.0,1558.0,1556.0,1567.0,1647.0,1621.0,1606.0,1714.0,1615.0,1665.0,1596.0,1634.0,1641.0,1694.0,1709.0,1824.0,1779.0,1796.0,1874.0,1871.0,1965.0,1928.0,1952.0,2086.0,2055.0,2147.0,2196.0,2146.0,2093.0,2110.0,2126.0,2081.0,1981.0,2001.0,1995.0,1957.0,1901.0,1802.0,1914.0,1923.0,1904.0,1942.0,1895.0,2029.0,2015.0,1946.0,1921.0,1873.0,1807.0,1808.0,1851.0,1841.0,1718.0,1698.0,1675.0,1628.0,1696.0,1477.0,1545.0,1541.0
M,99,174.0,225.0,281.0,297.0,306.0,323.0,345.0,346.0,319.0,309.0,320.0,327.0,337.0,357.0,365.0,310.0,365.0,350.0,334.0,395.0,448.0,469.0,487.0,568.0,542.0,516.0,549.0,553.0,571.0,626.0,626.0,665.0,678.0,681.0,712.0,724.0,847.0,799.0,842.0,909.0,919.0,1077.0,1094.0,1196.0,1169.0,1189.0,1250.0,1235.0,1235.0,1297.0,1219.0,1269.0,1178.0,1204.0,1214.0,1252.0,1301.0,1385.0,1317.0,1335.0,1405.0,1393.0,1453.0,1444.0,1474.0,1585.0,1563.0,1626.0,1645.0,1581.0,1572.0,1610.0,1597.0,1564.0,1493.0,1503.0,1525.0,1463.0,1406.0,1356.0,1433.0,1446.0,1429.0,1484.0,1428.0,1537.0,1500.0,1468.0,1441.0,1372.0,1363.0,1372.0,1367.0,1414.0,1253.0,1289.0,1263.0,1216.0,1281.0,1081.0,1179.0
M,100,95.0,128.0,163.0,210.0,224.0,225.0,247.0,261.0,248.0,230.0,209.0,235.0,232.0,248.0,273.0,263.0,233.0,276.0,261.0,262.0,278.0,313.0,346.0,374.0,410.0,405.0,367.0,424.0,392.0,416.0,463.0,455.0,495.0,503.0,501.0,528.0,546.0,621.0,594.0,619.0,674.0,689.0,805.0,832.0,903.0,865.0,895.0,922.0,919.0,921.0,970.0,921.0,985.0,901.0,890.0,916.0,922.0,993.0,1044.0,994.0,1000.0,1071.0,1056.0,1078.0,1067.0,1107.0,1186.0,1163.0,1230.0,1231.0,1216.0,1194.0,1243.0,1207.0,1180.0,1124.0,1127.0,1148.0,1088.0,1086.0,1012.0,1093.0,1100.0,1039.0,1113.0,1087.0,1162.0,1146.0,1091.0,1104.0,1015.0,1043.0,1036.0,1027.0,1076.0,931.0,979.0,931.0,895.0,964.0,808.0
M,101,54.0,32.0,40.0,55.0,77.0,89.0,83.0,90.0,94.0,90.0,78.0,73.0,86.0,72.0,90.0,91.0,87.0,79.0,94.0,89.0,89.0,106.0,126.0,128.0,143.0,158.0,152.0,136.0,159.0,148.0,151.0,167.0,172.0,183.0,180.0,196.0,194.0,211.0,234.0,212.0,227.0,244.0,245.0,283.0,296.0,325.0,314.0,325.0,326.0,334.0,336.0,341.0,327.0,360.0,332.0,324.0,324.0,323.0,355.0,367.0,352.0,355.0,401.0,388.0,384.0,405.0,414.0,452.0,430.0,472.0,477.0,434.0,446.0,468.0,447.0,423.0,399.0,399.0,431.0,409.0,393.0,378.0,390.0,407.0,382.0,401.0,397.0,435.0,414.0,396.0,409.0,381.0,391.0,379.0,381.0,392.0,324.0,350.0,332.0,336.0,355.0
M,102,32.0,21.0,16.0,9.0,13.0,25.0,34.0,21.0,31.0,28.0,41.0,27.0,33.0,30.0,29.0,39.0,43.0,42.0,32.0,43.0,42.0,34.0,37.0,45.0,45.0,51.0,55.0,49.0,46.0,65.0,59.0,57.0,61.0,62.0,66.0,73.0,78.0,73.0,87.0,89.0,72.0,81.0,106.0,100.0,116.0,124.0,131.0,123.0,123.0,114.0,129.0,131.0,136.0,128.0,140.0,125.0,130.0,118.0,119.0,141.0,133.0,143.0,128.0,145.0,145.0,146.0,139.0,150.0,165.0,165.0,185.0,164.0,152.0,172.0,174.0,160.0,144.0,152.0,140.0,152.0,146.0,147.0,130.0,140.0,152.0,140.0,144.0,151.0,172.0,151.0,142.0,151.0,136.0,138.0,138.0,141.0,147.0,120.0,139.0,122.0,136.0
M,103,21.0,14.0,10.0,5.0,10.0,15.0,10.0,21.0,11.0,13.0,9.0,15.0,9.0,16.0,15.0,13.0,15.0,19.0,14.0,10.0,19.0,15.0,13.0,9.0,15.0,20.0,21.0,25.0,18.0,20.0,24.0,24.0,20.0,26.0,23.0,26.0,29.0,28.0,35.0,36.0,33.0,29.0,25.0,38.0,33.0,41.0,35.0,43.0,58.0,48.0,42.0,48.0,49.0,47.0,45.0,56.0,50.0,45.0,37.0,35.0,55.0,57.0,58.0,48.0,65.0,48.0,59.0,50.0,52.0,61.0,70.0,80.0,69.0,65.0,71.0,68.0,72.0,63.0,56.0,48.0,47.0,55.0,56.0,54.0,58.0,52.0,46.0,60.0,57.0,76.0,57.0,58.0,71.0,53.0,42.0,48.0,55.0,58.0,49.0,51.0,44.0
M,104,5.0,11.0,7.0,5.0,3.0,3.0,7.0,6.0,12.0,3.0,8.0,6.0,8.0,4.0,7.0,6.0,3.0,8.0,10.0,10.0,3.0,12.0,9.0,6.0,2.0,6.0,6.0,15.0,16.0,13.0,10.0,12.0,8.0,9.0,15.0,9.0,13.0,12.0,14.0,15.0,18.0,12.0,11.0,8.0,17.0,17.0,20.0,19.0,16.0,24.0,20.0,11.0,21.0,17.0,18.0,19.0,19.0,17.0,21.0,13.0,11.0,17.0,22.0,24.0,15.0,22.0,22.0,25.0,17.0,22.0,23.0,24.0,32.0,21.0,28.0,33.0,28.0,30.0,24.0,22.0,22.0,17.0,27.0,21.0,27.0,26.0,21.0,17.0,14.0,25.0,30.0,28.0,19.0,23.0,16.0,19.0,17.0,22.0,21.0,16.0,16.0
M,105,28.0,,5.0,2.0,1.0,1.0,2.0,1.0,4.0,4.0,2.0,4.0,,4.0,1.0,3.0,4.0,1.0,3.0,5.0,4.0,1.0,5.0,2.0,1.0,1.0,2.0,2.0,3.0,5.0,6.0,6.0,4.0,2.0,5.0,7.0,4.0,4.0,6.0,5.0,7.0,7.0,7.0,1.0,1.0,8.0,6.0,6.0,7.0,5.0,10.0,7.0,4.0,7.0,4.0,7.0,9.0,7.0,5.0,8.0,7.0,2.0,8.0,13.0,7.0,8.0,7.0,6.0,8.0,8.0,9.0,15.0,10.0,13.0,11.0,10.0,11.0,15.0,10.0,10.0,7.0,8.0,7.0,11.0,9.0,10.0,9.0,5.0,9.0,8.0,9.0,14.0,9.0,6.0,8.0,4.0,6.0,8.0,8.0,4.0,7.0
M,106,,10.0,,2.0,,,1.0,1.0,,1.0,1.0,1.0,2.0,,,,2.0,,1.0,,1.0,2.0,1.0,1.0,,1.0,,,1.0,1.0,3.0,2.0,5.0,1.0,,2.0,3.0,2.0,,3.0,1.0,5.0,3.0,4.0,1.0,1.0,3.0,3.0,3.0,1.0,3.0,4.0,4.0,2.0,3.0,1.0,4.0,3.0,2.0,3.0,4.0,1.0,1.0,3.0,3.0,2.0,2.0,3.0,3.0,4.0,3.0,4.0,2.0,2.0,3.0,2.0,5.0,4.0,8.0,2.0,4.0,1.0,3.0,4.0,5.0,3.0,1.0,4.0,4.0,5.0,4.0,4.0,5.0,4.0,4.0,3.0,1.0,2.0,2.0,6.0,
M,107,,,3.0,,1.0,,,1.0,,,1.0,1.0,,1.0,,,,1.0,,,,,2.0,,1.0,,,,,,,1.0,1.0,2.0,,,1.0,1.0,2.0,,1.0,,2.0,1.0,,,1.0,1.0,2.0,1.0,1.0,1.0,1.0,2.0,,1.0,1.0,2.0,2.0,1.0,1.0,2.0,,1.0,2.0,2.0,1.0,,2.0,1.0,3.0,1.0,1.0,1.0,1.0,2.0,1.0,2.0,2.0,4.0,1.0,2.0,1.0,1.0,3.0,3.0,1.0,1.0,4.0,1.0,2.0,2.0,2.0,3.0,3.0,3.0,,,,1.0,4.0
M,108,,,,3.0,,,,,,,,1.0,,,,,,,,,,,,,,,,,,,,,,,1.0,,,,1.0,,,,,1.0,,,,,1.0,1.0,,,,,1.0,,1.0,1.0,,1.0,,,1.0,,,,,,,1.0,,1.0,,,,,1.0,,,1.0,3.0,,1.0,1.0,1.0,,1.0,,,2.0,,,1.0,,1.0,2.0,2.0,,,,
M,109,,,,,3.0,,,,,,,,1.0,,,,,,,,,,,,,,,,,,,,,,,,,,,1.0,,,,,,,,,,1.0,,,,,,,,1.0,1.0,,,,,,,,,,,,,,,,,,,1.0,,,,,,,,,,,,,1.0,,,,,1.0,1.0,1.0,,,
