sex,alder,pop_2023,pop_2024,pop_2025,pop_2026,pop_2027,pop_2028,pop_2029,pop_2030,pop_2031,pop_2032,pop_2033,pop_2034,pop_2035,pop_2036,pop_2037,pop_2038,pop_2039,pop_2040,pop_2041,pop_2042,pop_2043,pop_2044,pop_2045,pop_2046,pop_2047,pop_2048,pop_2049,pop_2050,pop_2051,pop_2052,pop_2053,pop_2054,pop_2055,pop_2056,pop_2057,pop_2058,pop_2059,pop_2060,pop_2061,pop_2062,pop_2063,pop_2064,pop_2065,pop_2066,pop_2067,pop_2068,pop_2069,pop_2070,pop_2071,pop_2072,pop_2073,pop_2074,pop_2075,pop_2076,pop_2077,pop_2078,pop_2079,pop_2080,pop_2081,pop_2082,pop_2083,pop_2084,pop_2085,pop_2086,pop_2087,pop_2088,pop_2089,pop_2090,pop_2091,pop_2092,pop_2093,pop_2094,pop_2095,pop_2096,pop_2097,pop_2098,pop_2099,pop_2100,pop_2101,pop_2102,pop_2103,pop_2104,pop_2105,pop_2106,pop_2107,pop_2108,pop_2109,pop_2110,pop_2111,pop_2112,pop_2113,pop_2114,pop_2115,pop_2116,pop_2117,pop_2118,pop_2119,pop_2120,pop_2121,pop_2122,pop_2123
K,0,25310.0,27070.0,26720.0,26421.0,26192.0,25822.0,25718.0,24993.0,25125.0,24712.0,24656.0,24379.0,24097.0,23853.0,23878.0,23472.0,23721.0,23579.0,23186.0,23230.0,23243.0,22977.0,22369.0,22310.0,21944.0,21685.0,21470.0,21088.0,21009.0,20508.0,20237.0,20133.0,19799.0,19508.0,19433.0,19157.0,19133.0,18929.0,18853.0,18494.0,18397.0,18347.0,18302.0,17911.0,17917.0,17609.0,17567.0,17435.0,17390.0,17283.0,17067.0,16905.0,16657.0,16776.0,16372.0,16246.0,16152.0,15988.0,15728.0,15527.0,15477.0,15166.0,15026.0,14923.0,14523.0,14534.0,14234.0,14295.0,14148.0,14053.0,13833.0,13669.0,13616.0,13364.0,13466.0,13412.0,13026.0,12996.0,12983.0,12679.0,12847.0,12540.0,12550.0,12500.0,12375.0,12071.0,12163.0,12139.0,11816.0,11628.0,11604.0,11443.0,11262.0,11241.0,11058.0,10904.0,10908.0,10731.0,10700.0,10472.0,10408.0
K,1,28037.0,25303.0,27058.0,26709.0,26407.0,26181.0,25815.0,25711.0,24983.0,25112.0,24707.0,24645.0,24373.0,24090.0,23849.0,23868.0,23468.0,23719.0,23575.0,23180.0,23229.0,23240.0,22974.0,22366.0,22309.0,21943.0,21685.0,21468.0,21088.0,21009.0,20507.0,20236.0,20130.0,19798.0,19507.0,19432.0,19155.0,19131.0,18929.0,18853.0,18493.0,18397.0,18347.0,18302.0,17911.0,17916.0,17608.0,17567.0,17435.0,17390.0,17282.0,17067.0,16904.0,16656.0,16776.0,16372.0,16246.0,16150.0,15988.0,15728.0,15526.0,15475.0,15163.0,15026.0,14922.0,14522.0,14534.0,14234.0,14293.0,14148.0,14053.0,13832.0,13669.0,13616.0,13364.0,13466.0,13411.0,13026.0,12996.0,12983.0,12679.0,12847.0,12538.0,12550.0,12500.0,12375.0,12071.0,12163.0,12139.0,11814.0,11628.0,11604.0,11441.0,11261.0,11240.0,11058.0,10904.0,10908.0,10731.0,10700.0,10472.0
K,2,26820.0,28026.0,25289.0,27043.0,26690.0,26397.0,26172.0,25808.0,25702.0,24973.0,25107.0,24701.0,24637.0,24365.0,24077.0,23847.0,23865.0,23461.0,23712.0,23572.0,23178.0,23225.0,23239.0,22971.0,22364.0,22308.0,21942.0,21684.0,21467.0,21087.0,21008.0,20507.0,20234.0,20128.0,19797.0,19506.0,19431.0,19155.0,19130.0,18929.0,18851.0,18493.0,18396.0,18347.0,18301.0,17911.0,17916.0,17607.0,17566.0,17434.0,17390.0,17282.0,17066.0,16904.0,16655.0,16775.0,16372.0,16245.0,16149.0,15988.0,15728.0,15526.0,15474.0,15161.0,15026.0,14922.0,14522.0,14533.0,14234.0,14292.0,14148.0,14051.0,13832.0,13669.0,13616.0,13364.0,13466.0,13411.0,13025.0,12996.0,12982.0,12679.0,12847.0,12538.0,12549.0,12498.0,12374.0,12070.0,12163.0,12139.0,11813.0,11628.0,11603.0,11441.0,11261.0,11240.0,11058.0,10904.0,10906.0,10730.0,10700.0
K,3,27466.0,26811.0,28017.0,25276.0,27026.0,26677.0,26390.0,26162.0,25795.0,25696.0,24966.0,25096.0,24692.0,24633.0,24355.0,24071.0,23842.0,23862.0,23458.0,23708.0,23570.0,23175.0,23221.0,23234.0,22970.0,22363.0,22305.0,21942.0,21682.0,21466.0,21085.0,21006.0,20504.0,20232.0,20127.0,19797.0,19506.0,19431.0,19154.0,19128.0,18929.0,18851.0,18492.0,18396.0,18347.0,18301.0,17911.0,17916.0,17607.0,17565.0,17434.0,17388.0,17281.0,17066.0,16904.0,16655.0,16775.0,16370.0,16245.0,16149.0,15988.0,15728.0,15526.0,15474.0,15160.0,15025.0,14921.0,14520.0,14532.0,14234.0,14291.0,14148.0,14051.0,13832.0,13669.0,13616.0,13363.0,13465.0,13410.0,13024.0,12995.0,12982.0,12678.0,12847.0,12538.0,12549.0,12498.0,12373.0,12070.0,12163.0,12139.0,11813.0,11626.0,11603.0,11441.0,11261.0,11239.0,11058.0,10904.0,10906.0,10730.0
K,4,27692.0,27460.0,26793.0,28006.0,25268.0,27018.0,26668.0,26375.0,26155.0,25777.0,25689.0,24956.0,25091.0,24687.0,24627.0,24347.0,24065.0,23840.0,23856.0,23456.0,23702.0,23565.0,23175.0,23216.0,23233.0,22965.0,22361.0,22304.0,21942.0,21682.0,21466.0,21083.0,21005.0,20502.0,20232.0,20127.0,19796.0,19505.0,19429.0,19154.0,19125.0,18927.0,18850.0,18492.0,18395.0,18346.0,18301.0,17911.0,17916.0,17606.0,17564.0,17433.0,17386.0,17279.0,17066.0,16904.0,16655.0,16774.0,16370.0,16242.0,16149.0,15987.0,15727.0,15526.0,15474.0,15160.0,15025.0,14921.0,14519.0,14531.0,14234.0,14290.0,14147.0,14050.0,13832.0,13669.0,13616.0,13361.0,13465.0,13410.0,13024.0,12995.0,12982.0,12678.0,12847.0,12538.0,12549.0,12498.0,12372.0,12070.0,12163.0,12138.0,11813.0,11626.0,11603.0,11441.0,11261.0,11239.0,11058.0,10904.0,10906.0
K,5,28546.0,27692.0,27458.0,26792.0,28006.0,25266.0,27014.0,26668.0,26373.0,26155.0,25777.0,25689.0,24956.0,25089.0,24686.0,24627.0,24346.0,24064.0,23840.0,23856.0,23456.0,23702.0,23565.0,23175.0,23216.0,23233.0,22965.0,22360.0,22304.0,21942.0,21681.0,21464.0,21082.0,21005.0,20502.0,20232.0,20126.0,19796.0,19505.0,19429.0,19154.0,19125.0,18927.0,18850.0,18492.0,18395.0,18346.0,18301.0,17911.0,17916.0,17606.0,17564.0,17433.0,17386.0,17279.0,17065.0,16904.0,16655.0,16774.0,16370.0,16241.0,16149.0,15987.0,15727.0,15526.0,15474.0,15160.0,15025.0,14921.0,14519.0,14531.0,14234.0,14290.0,14147.0,14050.0,13832.0,13669.0,13616.0,13360.0,13465.0,13410.0,13024.0,12995.0,12982.0,12678.0,12847.0,12538.0,12549.0,12498.0,12372.0,12070.0,12163.0,12138.0,11813.0,11626.0,11603.0,11441.0,11261.0,11239.0,11058.0,10904.0
K,6,29714.0,28543.0,27690.0,27457.0,26792.0,28005.0,25266.0,27014.0,26665.0,26373.0,26155.0,25776.0,25689.0,24954.0,25088.0,24684.0,24627.0,24346.0,24063.0,23839.0,23856.0,23454.0,23702.0,23565.0,23174.0,23216.0,23233.0,22965.0,22360.0,22304.0,21942.0,21681.0,21464.0,21081.0,21005.0,20502.0,20232.0,20126.0,19796.0,19505.0,19429.0,19154.0,19125.0,18927.0,18850.0,18492.0,18395.0,18346.0,18301.0,17911.0,17915.0,17606.0,17564.0,17433.0,17386.0,17279.0,17065.0,16904.0,16655.0,16774.0,16370.0,16241.0,16149.0,15987.0,15727.0,15526.0,15474.0,15160.0,15025.0,14921.0,14519.0,14531.0,14234.0,14290.0,14147.0,14050.0,13832.0,13669.0,13616.0,13360.0,13465.0,13410.0,13023.0,12995.0,12982.0,12678.0,12847.0,12538.0,12549.0,12498.0,12372.0,12070.0,12162.0,12138.0,11813.0,11626.0,11603.0,11441.0,11261.0,11239.0,11058.0
K,7,29958.0,29713.0,28540.0,27688.0,27455.0,26790.0,28003.0,25266.0,27014.0,26664.0,26373.0,26155.0,25776.0,25688.0,24954.0,25088.0,24684.0,24626.0,24346.0,24063.0,23838.0,23856.0,23454.0,23702.0,23565.0,23173.0,23216.0,23233.0,22965.0,22360.0,22304.0,21941.0,21681.0,21464.0,21081.0,21005.0,20502.0,20232.0,20126.0,19796.0,19505.0,19429.0,19154.0,19125.0,18926.0,18850.0,18492.0,18395.0,18346.0,18301.0,17911.0,17915.0,17606.0,17564.0,17433.0,17386.0,17279.0,17065.0,16904.0,16655.0,16774.0,16370.0,16241.0,16149.0,15987.0,15727.0,15526.0,15474.0,15160.0,15025.0,14921.0,14519.0,14531.0,14233.0,14289.0,14147.0,14050.0,13832.0,13669.0,13616.0,13360.0,13465.0,13410.0,13023.0,12995.0,12982.0,12678.0,12847.0,12538.0,12549.0,12498.0,12372.0,12070.0,12162.0,12138.0,11813.0,11626.0,11603.0,11441.0,11261.0,11239.0
K,8,30221.0,29958.0,29712.0,28539.0,27688.0,27454.0,26790.0,28003.0,25266.0,27014.0,26662.0,26373.0,26154.0,25776.0,25687.0,24953.0,25088.0,24683.0,24625.0,24346.0,24063.0,23838.0,23855.0,23454.0,23702.0,23564.0,23173.0,23215.0,23233.0,22965.0,22360.0,22304.0,21941.0,21681.0,21464.0,21081.0,21005.0,20502.0,20232.0,20126.0,19796.0,19505.0,19429.0,19153.0,19125.0,18925.0,18850.0,18492.0,18395.0,18345.0,18301.0,17911.0,17915.0,17606.0,17564.0,17433.0,17386.0,17279.0,17065.0,16904.0,16655.0,16774.0,16370.0,16241.0,16149.0,15987.0,15727.0,15526.0,15474.0,15160.0,15025.0,14921.0,14519.0,14531.0,14233.0,14289.0,14147.0,14050.0,13832.0,13669.0,13616.0,13360.0,13465.0,13410.0,13023.0,12995.0,12982.0,12678.0,12847.0,12538.0,12549.0,12498.0,12372.0,12070.0,12162.0,12138.0,11813.0,11626.0,11603.0,11441.0,11261.0
K,9,30613.0,30221.0,29957.0,29711.0,28538.0,27686.0,27452.0,26787.0,28001.0,25266.0,27013.0,26661.0,26371.0,26152.0,25776.0,25687.0,24953.0,25088.0,24683.0,24625.0,24346.0,24063.0,23838.0,23855.0,23454.0,23702.0,23563.0,23173.0,23215.0,23233.0,22965.0,22360.0,22304.0,21941.0,21681.0,21463.0,21080.0,21005.0,20502.0,20232.0,20126.0,19796.0,19505.0,19429.0,19153.0,19125.0,18925.0,18850.0,18492.0,18395.0,18345.0,18301.0,17911.0,17915.0,17606.0,17564.0,17433.0,17386.0,17279.0,17065.0,16904.0,16655.0,16774.0,16370.0,16241.0,16149.0,15987.0,15727.0,15526.0,15474.0,15160.0,15025.0,14921.0,14519.0,14531.0,14233.0,14289.0,14147.0,14050.0,13832.0,13669.0,13616.0,13360.0,13465.0,13410.0,13023.0,12995.0,12981.0,12678.0,12847.0,12538.0,12549.0,12498.0,12372.0,12070.0,12162.0,12138.0,11813.0,11626.0,11603.0,11441.0
K,10,31377.0,30612.0,30221.0,29957.0,29710.0,28537.0,27685.0,27451.0,26785.0,28000.0,25266.0,27011.0,26661.0,26368.0,26152.0,25775.0,25687.0,24952.0,25087.0,24683.0,24624.0,24346.0,24061.0,23838.0,23855.0,23454.0,23702.0,23563.0,23173.0,23213.0,23233.0,22965.0,22360.0,22304.0,21941.0,21681.0,21463.0,21080.0,21005.0,20502.0,20232.0,20126.0,19796.0,19505.0,19429.0,19153.0,19125.0,18925.0,18850.0,18492.0,18395.0,18345.0,18301.0,17911.0,17915.0,17605.0,17564.0,17433.0,17386.0,17279.0,17065.0,16904.0,16654.0,16774.0,16370.0,16241.0,16149.0,15987.0,15727.0,15526.0,15474.0,15160.0,15025.0,14921.0,14519.0,14531.0,14233.0,14289.0,14147.0,14050.0,13832.0,13669.0,13616.0,13360.0,13465.0,13410.0,13023.0,12995.0,12981.0,12678.0,12847.0,12538.0,12549.0,12498.0,12372.0,12070.0,12162.0,12138.0,11813.0,11626.0,11603.0
K,11,31526.0,31376.0,30610.0,30216.0,29954.0,29706.0,28536.0,27685.0,27451.0,26784.0,27997.0,25265.0,27010.0,26660.0,26366.0,26151.0,25774.0,25687.0,24952.0,25086.0,24683.0,24624.0,24346.0,24061.0,23838.0,23855.0,23454.0,23702.0,23563.0,23173.0,23213.0,23233.0,22965.0,22360.0,22303.0,21941.0,21681.0,21463.0,21080.0,21004.0,20502.0,20232.0,20126.0,19796.0,19505.0,19429.0,19153.0,19125.0,18925.0,18850.0,18492.0,18395.0,18345.0,18301.0,17911.0,17915.0,17605.0,17563.0,17433.0,17386.0,17279.0,17065.0,16904.0,16654.0,16774.0,16370.0,16241.0,16149.0,15986.0,15727.0,15526.0,15474.0,15160.0,15025.0,14921.0,14519.0,14531.0,14233.0,14289.0,14147.0,14050.0,13832.0,13669.0,13616.0,13360.0,13465.0,13410.0,13023.0,12995.0,12981.0,12678.0,12847.0,12538.0,12549.0,12498.0,12372.0,12070.0,12162.0,12138.0,11813.0,11626.0
K,12,32628.0,31523.0,31372.0,30610.0,30214.0,29949.0,29702.0,28533.0,27684.0,27451.0,26783.0,27997.0,25265.0,27009.0,26659.0,26365.0,26149.0,25774.0,25687.0,24951.0,25086.0,24681.0,24623.0,24346.0,24061.0,23836.0,23855.0,23453.0,23702.0,23562.0,23173.0,23213.0,23233.0,22965.0,22360.0,22303.0,21941.0,21680.0,21463.0,21080.0,21004.0,20502.0,20232.0,20126.0,19796.0,19505.0,19429.0,19153.0,19125.0,18925.0,18850.0,18492.0,18393.0,18345.0,18301.0,17911.0,17915.0,17604.0,17563.0,17433.0,17386.0,17279.0,17065.0,16904.0,16654.0,16774.0,16370.0,16241.0,16149.0,15986.0,15727.0,15526.0,15474.0,15160.0,15025.0,14921.0,14519.0,14531.0,14233.0,14289.0,14147.0,14050.0,13832.0,13669.0,13616.0,13360.0,13464.0,13410.0,13023.0,12995.0,12981.0,12678.0,12847.0,12538.0,12549.0,12498.0,12372.0,12070.0,12162.0,12138.0,11813.0
K,13,33044.0,32627.0,31520.0,31370.0,30609.0,30210.0,29949.0,29699.0,28530.0,27684.0,27451.0,26782.0,27996.0,25265.0,27008.0,26657.0,26362.0,26147.0,25773.0,25686.0,24951.0,25086.0,24681.0,24623.0,24346.0,24060.0,23835.0,23853.0,23452.0,23702.0,23562.0,23173.0,23213.0,23233.0,22965.0,22360.0,22303.0,21941.0,21680.0,21463.0,21079.0,21004.0,20502.0,20232.0,20126.0,19796.0,19505.0,19429.0,19153.0,19125.0,18925.0,18850.0,18492.0,18393.0,18345.0,18301.0,17910.0,17915.0,17604.0,17563.0,17433.0,17386.0,17279.0,17065.0,16904.0,16654.0,16774.0,16369.0,16241.0,16149.0,15986.0,15727.0,15526.0,15474.0,15159.0,15024.0,14921.0,14519.0,14531.0,14233.0,14289.0,14146.0,14050.0,13832.0,13669.0,13616.0,13360.0,13463.0,13410.0,13023.0,12995.0,12981.0,12678.0,12846.0,12538.0,12548.0,12498.0,12372.0,12070.0,12162.0,12138.0
K,14,32594.0,33043.0,32624.0,31516.0,31369.0,30607.0,30209.0,29949.0,29695.0,28530.0,27683.0,27446.0,26781.0,27995.0,25265.0,27007.0,26655.0,26361.0,26147.0,25773.0,25684.0,24950.0,25086.0,24681.0,24623.0,24346.0,24060.0,23835.0,23853.0,23451.0,23702.0,23562.0,23173.0,23213.0,23233.0,22965.0,22360.0,22303.0,21941.0,21679.0,21463.0,21077.0,21004.0,20502.0,20232.0,20126.0,19796.0,19505.0,19429.0,19153.0,19125.0,18925.0,18850.0,18492.0,18393.0,18345.0,18301.0,17909.0,17915.0,17604.0,17563.0,17433.0,17386.0,17279.0,17065.0,16904.0,16654.0,16774.0,16369.0,16241.0,16149.0,15986.0,15727.0,15526.0,15474.0,15159.0,15024.0,14921.0,14519.0,14531.0,14233.0,14289.0,14146.0,14050.0,13832.0,13669.0,13616.0,13360.0,13463.0,13410.0,13023.0,12995.0,12981.0,12678.0,12846.0,12538.0,12548.0,12498.0,12372.0,12070.0,12162.0
K,15,31915.0,32591.0,33033.0,32617.0,31507.0,31358.0,30601.0,30208.0,29945.0,29691.0,28527.0,27678.0,27440.0,26777.0,27989.0,25261.0,27004.0,26651.0,26360.0,26146.0,25771.0,25684.0,24950.0,25082.0,24681.0,24623.0,24345.0,24058.0,23834.0,23853.0,23451.0,23701.0,23562.0,23171.0,23213.0,23230.0,22964.0,22360.0,22303.0,21941.0,21679.0,21463.0,21076.0,21003.0,20502.0,20231.0,20125.0,19795.0,19505.0,19429.0,19153.0,19125.0,18925.0,18850.0,18492.0,18391.0,18345.0,18301.0,17909.0,17915.0,17604.0,17563.0,17433.0,17386.0,17279.0,17065.0,16904.0,16654.0,16774.0,16368.0,16241.0,16148.0,15986.0,15727.0,15525.0,15474.0,15159.0,15024.0,14921.0,14519.0,14531.0,14233.0,14289.0,14146.0,14050.0,13832.0,13669.0,13616.0,13359.0,13463.0,13410.0,13022.0,12994.0,12981.0,12677.0,12843.0,12538.0,12548.0,12498.0,12372.0,12070.0
K,16,32102.0,31907.0,32580.0,33024.0,32608.0,31502.0,31353.0,30593.0,30203.0,29940.0,29685.0,28525.0,27675.0,27437.0,26772.0,27984.0,25261.0,27002.0,26648.0,26359.0,26144.0,25770.0,25681.0,24950.0,25082.0,24679.0,24623.0,24344.0,24057.0,23833.0,23852.0,23450.0,23701.0,23561.0,23170.0,23213.0,23230.0,22964.0,22360.0,22303.0,21941.0,21679.0,21462.0,21076.0,21002.0,20501.0,20230.0,20124.0,19794.0,19504.0,19429.0,19152.0,19125.0,18925.0,18848.0,18491.0,18391.0,18345.0,18301.0,17908.0,17913.0,17604.0,17562.0,17432.0,17386.0,17279.0,17065.0,16904.0,16654.0,16773.0,16368.0,16241.0,16148.0,15985.0,15727.0,15525.0,15474.0,15159.0,15024.0,14921.0,14519.0,14531.0,14233.0,14288.0,14146.0,14050.0,13832.0,13669.0,13615.0,13358.0,13463.0,13410.0,13022.0,12994.0,12980.0,12676.0,12843.0,12538.0,12548.0,12498.0,12371.0
K,17,31505.0,32098.0,31905.0,32575.0,33017.0,32606.0,31495.0,31346.0,30584.0,30200.0,29935.0,29682.0,28519.0,27673.0,27434.0,26769.0,27980.0,25259.0,26996.0,26645.0,26357.0,26143.0,25769.0,25680.0,24949.0,25081.0,24678.0,24623.0,24344.0,24056.0,23833.0,23849.0,23450.0,23700.0,23559.0,23170.0,23211.0,23230.0,22963.0,22360.0,22303.0,21939.0,21679.0,21462.0,21075.0,21000.0,20501.0,20229.0,20124.0,19794.0,19502.0,19429.0,19152.0,19125.0,18924.0,18848.0,18491.0,18391.0,18345.0,18301.0,17908.0,17913.0,17604.0,17562.0,17431.0,17385.0,17278.0,17063.0,16904.0,16654.0,16773.0,16367.0,16240.0,16147.0,15985.0,15727.0,15525.0,15474.0,15159.0,15024.0,14920.0,14519.0,14531.0,14233.0,14288.0,14145.0,14050.0,13832.0,13669.0,13614.0,13358.0,13463.0,13410.0,13022.0,12993.0,12980.0,12676.0,12843.0,12538.0,12548.0,12498.0
K,18,31573.0,31501.0,32086.0,31895.0,32564.0,33012.0,32599.0,31486.0,31338.0,30576.0,30194.0,29934.0,29673.0,28513.0,27673.0,27433.0,26764.0,27978.0,25258.0,26995.0,26642.0,26355.0,26143.0,25768.0,25680.0,24946.0,25080.0,24677.0,24623.0,24344.0,24055.0,23833.0,23848.0,23450.0,23700.0,23558.0,23169.0,23211.0,23230.0,22963.0,22360.0,22303.0,21939.0,21679.0,21462.0,21074.0,21000.0,20500.0,20229.0,20123.0,19794.0,19502.0,19429.0,19152.0,19124.0,18924.0,18848.0,18491.0,18390.0,18345.0,18301.0,17908.0,17913.0,17603.0,17561.0,17431.0,17385.0,17278.0,17063.0,16904.0,16654.0,16773.0,16367.0,16240.0,16147.0,15984.0,15726.0,15525.0,15474.0,15159.0,15023.0,14920.0,14519.0,14531.0,14233.0,14287.0,14145.0,14049.0,13832.0,13669.0,13614.0,13357.0,13462.0,13410.0,13022.0,12993.0,12979.0,12675.0,12843.0,12538.0,12548.0
K,19,31441.0,31565.0,31498.0,32074.0,31890.0,32557.0,33007.0,32592.0,31479.0,31334.0,30570.0,30187.0,29932.0,29669.0,28510.0,27670.0,27427.0,26762.0,27977.0,25255.0,26995.0,26641.0,26351.0,26143.0,25767.0,25677.0,24944.0,25080.0,24676.0,24623.0,24343.0,24054.0,23833.0,23847.0,23450.0,23699.0,23558.0,23169.0,23211.0,23230.0,22961.0,22360.0,22303.0,21939.0,21678.0,21459.0,21073.0,20998.0,20500.0,20229.0,20123.0,19793.0,19501.0,19428.0,19152.0,19123.0,18923.0,18848.0,18491.0,18390.0,18345.0,18301.0,17908.0,17913.0,17601.0,17561.0,17430.0,17384.0,17278.0,17063.0,16904.0,16654.0,16772.0,16366.0,16240.0,16147.0,15983.0,15726.0,15525.0,15474.0,15159.0,15022.0,14920.0,14519.0,14531.0,14233.0,14287.0,14145.0,14048.0,13831.0,13669.0,13614.0,13357.0,13462.0,13410.0,13021.0,12993.0,12978.0,12674.0,12843.0,12538.0
K,20,31111.0,31429.0,31561.0,31494.0,32065.0,31880.0,32551.0,33002.0,32585.0,31477.0,31330.0,30566.0,30183.0,29925.0,29666.0,28507.0,27666.0,27425.0,26758.0,27973.0,25250.0,26992.0,26640.0,26350.0,26142.0,25766.0,25676.0,24943.0,25079.0,24676.0,24621.0,24342.0,24052.0,23832.0,23846.0,23447.0,23699.0,23558.0,23169.0,23211.0,23229.0,22960.0,22360.0,22302.0,21939.0,21678.0,21458.0,21071.0,20998.0,20500.0,20229.0,20123.0,19793.0,19501.0,19427.0,19152.0,19123.0,18923.0,18848.0,18491.0,18389.0,18345.0,18301.0,17908.0,17913.0,17601.0,17561.0,17430.0,17384.0,17278.0,17063.0,16904.0,16654.0,16772.0,16365.0,16240.0,16147.0,15981.0,15726.0,15525.0,15473.0,15159.0,15021.0,14920.0,14519.0,14530.0,14232.0,14287.0,14145.0,14048.0,13831.0,13668.0,13614.0,13357.0,13462.0,13410.0,13021.0,12993.0,12978.0,12674.0,12843.0
K,21,31588.0,31104.0,31421.0,31558.0,31485.0,32056.0,31869.0,32547.0,32994.0,32578.0,31472.0,31323.0,30559.0,30176.0,29920.0,29664.0,28503.0,27665.0,27421.0,26753.0,27970.0,25247.0,26989.0,26640.0,26348.0,26142.0,25765.0,25674.0,24942.0,25079.0,24676.0,24620.0,24340.0,24050.0,23832.0,23846.0,23447.0,23699.0,23556.0,23169.0,23210.0,23227.0,22959.0,22359.0,22302.0,21939.0,21678.0,21458.0,21071.0,20997.0,20499.0,20229.0,20123.0,19793.0,19501.0,19426.0,19152.0,19123.0,18923.0,18848.0,18491.0,18389.0,18345.0,18301.0,17907.0,17911.0,17601.0,17560.0,17429.0,17384.0,17278.0,17063.0,16904.0,16654.0,16772.0,16365.0,16239.0,16147.0,15980.0,15726.0,15525.0,15473.0,15159.0,15021.0,14920.0,14519.0,14529.0,14232.0,14287.0,14145.0,14047.0,13831.0,13668.0,13614.0,13357.0,13462.0,13410.0,13021.0,12993.0,12977.0,12674.0
K,22,32878.0,31575.0,31098.0,31411.0,31546.0,31470.0,32051.0,31864.0,32535.0,32988.0,32565.0,31463.0,31320.0,30557.0,30175.0,29916.0,29660.0,28498.0,27663.0,27416.0,26752.0,27966.0,25247.0,26989.0,26639.0,26346.0,26141.0,25765.0,25673.0,24941.0,25078.0,24675.0,24619.0,24339.0,24049.0,23832.0,23845.0,23447.0,23698.0,23556.0,23169.0,23209.0,23227.0,22959.0,22359.0,22301.0,21939.0,21676.0,21457.0,21071.0,20997.0,20499.0,20228.0,20122.0,19793.0,19501.0,19426.0,19152.0,19122.0,18923.0,18848.0,18491.0,18388.0,18345.0,18301.0,17907.0,17911.0,17601.0,17560.0,17429.0,17383.0,17278.0,17063.0,16904.0,16654.0,16770.0,16365.0,16237.0,16147.0,15979.0,15726.0,15523.0,15473.0,15158.0,15021.0,14920.0,14518.0,14529.0,14232.0,14287.0,14145.0,14045.0,13831.0,13668.0,13614.0,13357.0,13462.0,13410.0,13021.0,12993.0,12977.0
K,23,33088.0,32870.0,31569.0,31086.0,31400.0,31536.0,31456.0,32043.0,31856.0,32533.0,32981.0,32557.0,31455.0,31316.0,30555.0,30172.0,29914.0,29657.0,28493.0,27662.0,27411.0,26752.0,27965.0,25247.0,26989.0,26637.0,26346.0,26141.0,25764.0,25673.0,24939.0,25078.0,24673.0,24617.0,24337.0,24047.0,23831.0,23845.0,23447.0,23698.0,23556.0,23169.0,23208.0,23225.0,22959.0,22358.0,22299.0,21938.0,21674.0,21456.0,21071.0,20996.0,20498.0,20227.0,20122.0,19793.0,19498.0,19426.0,19152.0,19120.0,18923.0,18848.0,18491.0,18386.0,18345.0,18301.0,17907.0,17911.0,17601.0,17560.0,17428.0,17383.0,17278.0,17063.0,16904.0,16654.0,16770.0,16364.0,16237.0,16147.0,15978.0,15726.0,15523.0,15473.0,15158.0,15021.0,14920.0,14518.0,14529.0,14232.0,14287.0,14144.0,14043.0,13830.0,13668.0,13613.0,13356.0,13462.0,13410.0,13021.0,12993.0
K,24,33364.0,33082.0,32864.0,31561.0,31076.0,31394.0,31527.0,31448.0,32042.0,31851.0,32527.0,32976.0,32546.0,31448.0,31311.0,30548.0,30169.0,29910.0,29656.0,28488.0,27661.0,27408.0,26750.0,27964.0,25242.0,26989.0,26636.0,26345.0,26141.0,25764.0,25673.0,24939.0,25077.0,24673.0,24617.0,24337.0,24047.0,23830.0,23845.0,23445.0,23697.0,23555.0,23167.0,23208.0,23223.0,22959.0,22357.0,22299.0,21937.0,21673.0,21455.0,21070.0,20996.0,20497.0,20225.0,20122.0,19793.0,19498.0,19426.0,19151.0,19120.0,18923.0,18848.0,18491.0,18385.0,18344.0,18301.0,17907.0,17910.0,17601.0,17559.0,17428.0,17382.0,17277.0,17063.0,16903.0,16651.0,16770.0,16363.0,16237.0,16147.0,15978.0,15725.0,15523.0,15473.0,15158.0,15021.0,14920.0,14518.0,14529.0,14231.0,14287.0,14144.0,14043.0,13830.0,13668.0,13613.0,13356.0,13462.0,13410.0,13021.0
K,25,34378.0,33351.0,33068.0,32856.0,31552.0,31064.0,31387.0,31510.0,31441.0,32035.0,31843.0,32520.0,32966.0,32538.0,31443.0,31303.0,30545.0,30166.0,29905.0,29654.0,28484.0,27659.0,27408.0,26748.0,27960.0,25240.0,26987.0,26633.0,26345.0,26140.0,25762.0,25673.0,24937.0,25074.0,24673.0,24615.0,24336.0,24047.0,23829.0,23845.0,23444.0,23697.0,23554.0,23167.0,23208.0,23221.0,22958.0,22355.0,22299.0,21937.0,21673.0,21452.0,21069.0,20995.0,20496.0,20224.0,20121.0,19792.0,19498.0,19425.0,19151.0,19119.0,18921.0,18848.0,18490.0,18384.0,18344.0,18300.0,17906.0,17910.0,17601.0,17559.0,17428.0,17382.0,17276.0,17063.0,16901.0,16651.0,16770.0,16361.0,16237.0,16146.0,15978.0,15725.0,15522.0,15473.0,15157.0,15021.0,14919.0,14517.0,14529.0,14231.0,14287.0,14143.0,14043.0,13830.0,13667.0,13612.0,13355.0,13462.0,13409.0
K,26,35747.0,34362.0,33336.0,33055.0,32845.0,31538.0,31055.0,31372.0,31504.0,31432.0,32024.0,31839.0,32508.0,32952.0,32530.0,31435.0,31297.0,30538.0,30160.0,29901.0,29653.0,28482.0,27656.0,27405.0,26746.0,27958.0,25239.0,26983.0,26631.0,26342.0,26138.0,25760.0,25672.0,24935.0,25072.0,24673.0,24615.0,24336.0,24046.0,23829.0,23845.0,23444.0,23694.0,23551.0,23167.0,23208.0,23221.0,22958.0,22355.0,22299.0,21936.0,21672.0,21452.0,21069.0,20995.0,20496.0,20224.0,20120.0,19792.0,19498.0,19425.0,19150.0,19118.0,18921.0,18848.0,18489.0,18383.0,18344.0,18300.0,17905.0,17909.0,17601.0,17559.0,17427.0,17381.0,17276.0,17063.0,16901.0,16651.0,16770.0,16360.0,16236.0,16144.0,15977.0,15725.0,15521.0,15473.0,15156.0,15019.0,14919.0,14517.0,14529.0,14230.0,14286.0,14142.0,14043.0,13828.0,13666.0,13610.0,13355.0,13462.0
K,27,35920.0,35735.0,34349.0,33320.0,33041.0,32835.0,31527.0,31048.0,31358.0,31498.0,31420.0,32013.0,31829.0,32501.0,32941.0,32521.0,31428.0,31292.0,30532.0,30159.0,29900.0,29652.0,28478.0,27652.0,27398.0,26745.0,27955.0,25239.0,26983.0,26627.0,26342.0,26137.0,25758.0,25671.0,24935.0,25072.0,24672.0,24614.0,24335.0,24045.0,23828.0,23844.0,23442.0,23694.0,23550.0,23167.0,23207.0,23220.0,22957.0,22355.0,22297.0,21936.0,21672.0,21452.0,21069.0,20995.0,20496.0,20223.0,20119.0,19792.0,19495.0,19424.0,19150.0,19118.0,18921.0,18848.0,18489.0,18383.0,18344.0,18300.0,17904.0,17909.0,17599.0,17559.0,17427.0,17381.0,17276.0,17063.0,16901.0,16651.0,16770.0,16360.0,16235.0,16142.0,15977.0,15725.0,15521.0,15473.0,15156.0,15019.0,14919.0,14517.0,14528.0,14230.0,14285.0,14141.0,14043.0,13827.0,13665.0,13607.0,13355.0
K,28,36385.0,35910.0,35717.0,34328.0,33305.0,33031.0,32826.0,31512.0,31038.0,31350.0,31491.0,31411.0,32007.0,31821.0,32498.0,32938.0,32518.0,31427.0,31285.0,30526.0,30154.0,29897.0,29645.0,28476.0,27649.0,27393.0,26744.0,27954.0,25238.0,26981.0,26627.0,26342.0,26135.0,25758.0,25670.0,24935.0,25072.0,24672.0,24613.0,24334.0,24045.0,23828.0,23844.0,23442.0,23693.0,23548.0,23167.0,23206.0,23217.0,22957.0,22355.0,22297.0,21936.0,21670.0,21452.0,21069.0,20994.0,20494.0,20223.0,20119.0,19792.0,19494.0,19424.0,19149.0,19117.0,18919.0,18847.0,18489.0,18383.0,18344.0,18299.0,17904.0,17909.0,17599.0,17559.0,17425.0,17381.0,17276.0,17063.0,16900.0,16651.0,16770.0,16359.0,16235.0,16142.0,15977.0,15724.0,15521.0,15471.0,15156.0,15019.0,14919.0,14517.0,14527.0,14230.0,14285.0,14141.0,14043.0,13827.0,13664.0,13607.0
K,29,36994.0,36373.0,35902.0,35703.0,34312.0,33293.0,33023.0,32811.0,31503.0,31030.0,31339.0,31482.0,31404.0,32002.0,31814.0,32496.0,32931.0,32514.0,31422.0,31282.0,30521.0,30149.0,29895.0,29643.0,28476.0,27647.0,27393.0,26742.0,27952.0,25238.0,26977.0,26626.0,26341.0,26133.0,25758.0,25670.0,24932.0,25071.0,24671.0,24613.0,24334.0,24044.0,23827.0,23844.0,23441.0,23693.0,23547.0,23166.0,23206.0,23217.0,22955.0,22354.0,22296.0,21936.0,21669.0,21450.0,21067.0,20993.0,20494.0,20221.0,20119.0,19790.0,19492.0,19424.0,19149.0,19115.0,18918.0,18847.0,18489.0,18383.0,18344.0,18299.0,17903.0,17909.0,17599.0,17559.0,17424.0,17381.0,17275.0,17063.0,16900.0,16651.0,16770.0,16359.0,16235.0,16141.0,15976.0,15724.0,15519.0,15471.0,15156.0,15018.0,14918.0,14517.0,14526.0,14230.0,14285.0,14141.0,14042.0,13827.0,13664.0
K,30,37694.0,36980.0,36362.0,35886.0,35688.0,34301.0,33287.0,33014.0,32802.0,31493.0,31015.0,31332.0,31475.0,31396.0,31995.0,31810.0,32490.0,32924.0,32508.0,31417.0,31281.0,30517.0,30148.0,29892.0,29640.0,28475.0,27647.0,27391.0,26740.0,27952.0,25238.0,26977.0,26625.0,26339.0,26132.0,25758.0,25669.0,24932.0,25069.0,24669.0,24611.0,24333.0,24044.0,23826.0,23843.0,23441.0,23692.0,23546.0,23165.0,23205.0,23216.0,22955.0,22353.0,22295.0,21935.0,21669.0,21449.0,21065.0,20993.0,20493.0,20221.0,20118.0,19789.0,19492.0,19424.0,19149.0,19115.0,18918.0,18846.0,18489.0,18383.0,18344.0,18299.0,17902.0,17908.0,17599.0,17559.0,17423.0,17380.0,17274.0,17063.0,16899.0,16651.0,16769.0,16359.0,16234.0,16141.0,15976.0,15724.0,15519.0,15471.0,15156.0,15018.0,14918.0,14517.0,14526.0,14230.0,14285.0,14141.0,14041.0,13826.0
K,31,38587.0,37679.0,36966.0,36349.0,35875.0,35675.0,34289.0,33278.0,33002.0,32795.0,31485.0,31003.0,31323.0,31469.0,31388.0,31989.0,31805.0,32489.0,32919.0,32500.0,31416.0,31276.0,30514.0,30148.0,29890.0,29636.0,28471.0,27645.0,27390.0,26737.0,27949.0,25238.0,26974.0,26624.0,26338.0,26131.0,25757.0,25667.0,24932.0,25069.0,24669.0,24610.0,24332.0,24042.0,23824.0,23841.0,23440.0,23692.0,23546.0,23164.0,23204.0,23216.0,22955.0,22353.0,22295.0,21935.0,21669.0,21449.0,21065.0,20992.0,20493.0,20221.0,20117.0,19789.0,19492.0,19423.0,19149.0,19113.0,18918.0,18846.0,18488.0,18382.0,18343.0,18299.0,17902.0,17908.0,17599.0,17559.0,17422.0,17379.0,17274.0,17063.0,16899.0,16651.0,16769.0,16359.0,16233.0,16140.0,15976.0,15724.0,15518.0,15471.0,15156.0,15018.0,14917.0,14517.0,14524.0,14230.0,14283.0,14139.0,14041.0
K,32,39395.0,38576.0,37666.0,36946.0,36341.0,35866.0,35663.0,34273.0,33274.0,32994.0,32789.0,31476.0,30998.0,31318.0,31462.0,31385.0,31984.0,31803.0,32485.0,32912.0,32492.0,31412.0,31270.0,30509.0,30145.0,29886.0,29634.0,28471.0,27644.0,27390.0,26737.0,27948.0,25235.0,26973.0,26623.0,26337.0,26128.0,25755.0,25667.0,24932.0,25068.0,24668.0,24610.0,24331.0,24042.0,23823.0,23839.0,23439.0,23691.0,23545.0,23163.0,23203.0,23215.0,22955.0,22353.0,22295.0,21934.0,21668.0,21449.0,21064.0,20991.0,20492.0,20221.0,20117.0,19788.0,19491.0,19422.0,19148.0,19112.0,18918.0,18845.0,18487.0,18379.0,18343.0,18299.0,17902.0,17906.0,17598.0,17559.0,17420.0,17377.0,17273.0,17063.0,16899.0,16651.0,16768.0,16359.0,16233.0,16140.0,15976.0,15724.0,15517.0,15469.0,15155.0,15018.0,14917.0,14517.0,14523.0,14230.0,14283.0,14139.0
K,33,38889.0,39386.0,38561.0,37655.0,36931.0,36323.0,35854.0,35657.0,34265.0,33264.0,32984.0,32783.0,31466.0,30990.0,31310.0,31455.0,31372.0,31978.0,31799.0,32477.0,32906.0,32490.0,31410.0,31265.0,30505.0,30143.0,29883.0,29631.0,28468.0,27641.0,27388.0,26737.0,27948.0,25233.0,26972.0,26622.0,26334.0,26128.0,25755.0,25663.0,24930.0,25068.0,24667.0,24610.0,24331.0,24041.0,23822.0,23838.0,23438.0,23691.0,23544.0,23162.0,23203.0,23215.0,22953.0,22352.0,22295.0,21933.0,21668.0,21448.0,21064.0,20990.0,20490.0,20220.0,20116.0,19788.0,19491.0,19422.0,19148.0,19112.0,18918.0,18845.0,18486.0,18378.0,18343.0,18299.0,17902.0,17906.0,17598.0,17559.0,17419.0,17377.0,17271.0,17061.0,16899.0,16649.0,16768.0,16359.0,16232.0,16140.0,15974.0,15724.0,15517.0,15469.0,15155.0,15018.0,14916.0,14517.0,14523.0,14230.0,14283.0
K,34,38601.0,38873.0,39370.0,38550.0,37639.0,36914.0,36306.0,35843.0,35643.0,34255.0,33253.0,32975.0,32776.0,31461.0,30983.0,31300.0,31448.0,31369.0,31974.0,31794.0,32470.0,32905.0,32487.0,31405.0,31262.0,30503.0,30142.0,29881.0,29628.0,28468.0,27640.0,27388.0,26737.0,27945.0,25233.0,26969.0,26621.0,26331.0,26128.0,25753.0,25661.0,24927.0,25068.0,24665.0,24606.0,24330.0,24040.0,23821.0,23837.0,23437.0,23688.0,23541.0,23161.0,23203.0,23215.0,22953.0,22351.0,22294.0,21932.0,21668.0,21448.0,21063.0,20990.0,20489.0,20220.0,20115.0,19788.0,19491.0,19422.0,19148.0,19111.0,18918.0,18845.0,18484.0,18378.0,18342.0,18298.0,17901.0,17906.0,17597.0,17559.0,17419.0,17377.0,17271.0,17061.0,16898.0,16649.0,16768.0,16359.0,16232.0,16140.0,15972.0,15724.0,15517.0,15467.0,15155.0,15018.0,14916.0,14517.0,14523.0,14229.0
K,35,37403.0,38583.0,38855.0,39355.0,38537.0,37615.0,36901.0,36293.0,35821.0,35622.0,34242.0,33232.0,32963.0,32771.0,31457.0,30980.0,31294.0,31445.0,31357.0,31966.0,31788.0,32462.0,32901.0,32479.0,31401.0,31260.0,30499.0,30139.0,29877.0,29626.0,28467.0,27637.0,27387.0,26734.0,27944.0,25232.0,26969.0,26617.0,26330.0,26128.0,25751.0,25661.0,24927.0,25068.0,24664.0,24606.0,24330.0,24038.0,23819.0,23837.0,23437.0,23687.0,23539.0,23161.0,23203.0,23214.0,22951.0,22351.0,22294.0,21928.0,21667.0,21447.0,21063.0,20988.0,20487.0,20219.0,20115.0,19784.0,19491.0,19422.0,19148.0,19111.0,18917.0,18845.0,18483.0,18378.0,18340.0,18298.0,17901.0,17906.0,17597.0,17558.0,17419.0,17377.0,17271.0,17061.0,16898.0,16649.0,16766.0,16359.0,16232.0,16140.0,15970.0,15723.0,15517.0,15466.0,15155.0,15017.0,14915.0,14517.0,14521.0
K,36,36743.0,37389.0,38572.0,38831.0,39332.0,38525.0,37595.0,36891.0,36268.0,35811.0,35615.0,34231.0,33224.0,32954.0,32761.0,31446.0,30970.0,31283.0,31444.0,31351.0,31964.0,31780.0,32458.0,32893.0,32475.0,31397.0,31258.0,30496.0,30138.0,29876.0,29623.0,28465.0,27636.0,27385.0,26731.0,27940.0,25230.0,26968.0,26616.0,26327.0,26126.0,25750.0,25660.0,24927.0,25066.0,24664.0,24605.0,24329.0,24037.0,23818.0,23837.0,23437.0,23687.0,23539.0,23160.0,23201.0,23211.0,22951.0,22351.0,22294.0,21927.0,21667.0,21445.0,21063.0,20988.0,20487.0,20217.0,20113.0,19784.0,19491.0,19422.0,19147.0,19110.0,18916.0,18844.0,18482.0,18378.0,18340.0,18298.0,17901.0,17905.0,17597.0,17557.0,17418.0,17376.0,17271.0,17058.0,16896.0,16649.0,16765.0,16358.0,16232.0,16140.0,15969.0,15722.0,15516.0,15466.0,15155.0,15017.0,14915.0,14516.0
K,37,36160.0,36732.0,37376.0,38548.0,38804.0,39310.0,38502.0,37579.0,36879.0,36251.0,35796.0,35599.0,34214.0,33214.0,32942.0,32751.0,31443.0,30960.0,31277.0,31434.0,31345.0,31960.0,31776.0,32454.0,32889.0,32470.0,31395.0,31257.0,30491.0,30136.0,29875.0,29619.0,28465.0,27636.0,27385.0,26730.0,27938.0,25230.0,26968.0,26613.0,26327.0,26125.0,25748.0,25659.0,24926.0,25061.0,24664.0,24603.0,24327.0,24036.0,23817.0,23836.0,23434.0,23685.0,23537.0,23160.0,23200.0,23210.0,22950.0,22350.0,22294.0,21926.0,21666.0,21443.0,21062.0,20987.0,20486.0,20216.0,20112.0,19783.0,19491.0,19420.0,19146.0,19109.0,18915.0,18844.0,18481.0,18378.0,18338.0,18296.0,17900.0,17905.0,17596.0,17557.0,17418.0,17374.0,17271.0,17057.0,16895.0,16649.0,16765.0,16358.0,16232.0,16140.0,15969.0,15722.0,15516.0,15466.0,15153.0,15015.0,14914.0
K,38,35848.0,36147.0,36711.0,37359.0,38528.0,38794.0,39297.0,38491.0,37564.0,36865.0,36244.0,35777.0,35583.0,34205.0,33207.0,32935.0,32744.0,31439.0,30957.0,31273.0,31419.0,31338.0,31957.0,31772.0,32449.0,32888.0,32466.0,31393.0,31253.0,30490.0,30134.0,29874.0,29617.0,28461.0,27632.0,27384.0,26730.0,27935.0,25229.0,26967.0,26612.0,26326.0,26124.0,25748.0,25659.0,24924.0,25060.0,24664.0,24600.0,24327.0,24035.0,23817.0,23836.0,23431.0,23685.0,23534.0,23160.0,23197.0,23210.0,22949.0,22348.0,22294.0,21924.0,21666.0,21440.0,21062.0,20986.0,20486.0,20214.0,20111.0,19782.0,19489.0,19420.0,19145.0,19108.0,18914.0,18843.0,18480.0,18377.0,18338.0,18296.0,17900.0,17905.0,17596.0,17556.0,17418.0,17374.0,17270.0,17057.0,16894.0,16649.0,16763.0,16358.0,16232.0,16139.0,15967.0,15721.0,15516.0,15465.0,15151.0,15014.0
K,39,35243.0,35832.0,36135.0,36693.0,37342.0,38503.0,38774.0,39279.0,38481.0,37552.0,36840.0,36236.0,35762.0,35564.0,34198.0,33197.0,32922.0,32738.0,31435.0,30949.0,31268.0,31410.0,31336.0,31957.0,31767.0,32447.0,32880.0,32465.0,31392.0,31251.0,30488.0,30133.0,29873.0,29615.0,28459.0,27631.0,27384.0,26729.0,27935.0,25226.0,26964.0,26612.0,26323.0,26123.0,25747.0,25658.0,24923.0,25058.0,24662.0,24600.0,24326.0,24035.0,23817.0,23835.0,23431.0,23685.0,23533.0,23160.0,23197.0,23210.0,22949.0,22348.0,22293.0,21923.0,21665.0,21440.0,21062.0,20985.0,20485.0,20214.0,20111.0,19782.0,19487.0,19420.0,19145.0,19107.0,18913.0,18842.0,18479.0,18377.0,18337.0,18294.0,17899.0,17903.0,17594.0,17555.0,17417.0,17374.0,17269.0,17056.0,16893.0,16649.0,16760.0,16357.0,16232.0,16138.0,15966.0,15720.0,15515.0,15462.0,15150.0
K,40,35525.0,35226.0,35805.0,36105.0,36669.0,37307.0,38474.0,38748.0,39255.0,38457.0,37535.0,36820.0,36216.0,35748.0,35551.0,34187.0,33180.0,32910.0,32731.0,31426.0,30938.0,31259.0,31403.0,31329.0,31954.0,31764.0,32444.0,32878.0,32461.0,31390.0,31248.0,30484.0,30128.0,29872.0,29613.0,28459.0,27631.0,27384.0,26726.0,27933.0,25224.0,26960.0,26610.0,26322.0,26119.0,25746.0,25658.0,24922.0,25055.0,24660.0,24599.0,24325.0,24034.0,23816.0,23834.0,23430.0,23685.0,23532.0,23158.0,23197.0,23210.0,22946.0,22346.0,22292.0,21923.0,21664.0,21440.0,21062.0,20985.0,20484.0,20213.0,20109.0,19781.0,19484.0,19419.0,19143.0,19107.0,18913.0,18840.0,18477.0,18376.0,18336.0,18293.0,17898.0,17903.0,17594.0,17555.0,17417.0,17373.0,17269.0,17056.0,16891.0,16649.0,16760.0,16357.0,16232.0,16138.0,15966.0,15719.0,15515.0,15460.0
K,41,34990.0,35505.0,35202.0,35784.0,36082.0,36653.0,37277.0,38450.0,38735.0,39237.0,38444.0,37519.0,36800.0,36208.0,35733.0,35539.0,34170.0,33172.0,32895.0,32715.0,31418.0,30931.0,31253.0,31394.0,31320.0,31949.0,31759.0,32442.0,32877.0,32457.0,31387.0,31245.0,30480.0,30127.0,29870.0,29611.0,28458.0,27629.0,27382.0,26724.0,27933.0,25223.0,26956.0,26606.0,26320.0,26119.0,25744.0,25657.0,24921.0,25054.0,24658.0,24597.0,24323.0,24034.0,23816.0,23833.0,23426.0,23684.0,23531.0,23157.0,23197.0,23209.0,22944.0,22346.0,22290.0,21923.0,21662.0,21440.0,21062.0,20984.0,20481.0,20211.0,20107.0,19780.0,19483.0,19418.0,19143.0,19103.0,18910.0,18839.0,18477.0,18374.0,18333.0,18292.0,17897.0,17902.0,17594.0,17555.0,17415.0,17372.0,17269.0,17054.0,16890.0,16649.0,16760.0,16357.0,16230.0,16138.0,15964.0,15718.0,15515.0
K,42,35089.0,34970.0,35484.0,35164.0,35767.0,36058.0,36624.0,37253.0,38431.0,38710.0,39215.0,38422.0,37497.0,36787.0,36197.0,35718.0,35525.0,34160.0,33158.0,32882.0,32700.0,31411.0,30922.0,31247.0,31390.0,31318.0,31943.0,31752.0,32439.0,32874.0,32452.0,31381.0,31243.0,30475.0,30123.0,29865.0,29611.0,28457.0,27628.0,27380.0,26724.0,27932.0,25223.0,26953.0,26604.0,26316.0,26119.0,25744.0,25657.0,24921.0,25053.0,24658.0,24596.0,24322.0,24031.0,23816.0,23833.0,23426.0,23683.0,23527.0,23157.0,23194.0,23208.0,22943.0,22345.0,22289.0,21921.0,21660.0,21439.0,21060.0,20981.0,20478.0,20210.0,20107.0,19777.0,19482.0,19415.0,19141.0,19103.0,18907.0,18837.0,18477.0,18374.0,18332.0,18291.0,17896.0,17901.0,17592.0,17554.0,17413.0,17371.0,17268.0,17054.0,16889.0,16648.0,16759.0,16354.0,16230.0,16137.0,15961.0,15718.0
K,43,34563.0,35066.0,34946.0,35466.0,35145.0,35740.0,36027.0,36600.0,37233.0,38401.0,38684.0,39194.0,38406.0,37482.0,36771.0,36188.0,35709.0,35519.0,34153.0,33148.0,32870.0,32696.0,31406.0,30920.0,31240.0,31387.0,31315.0,31940.0,31750.0,32434.0,32872.0,32450.0,31376.0,31242.0,30473.0,30122.0,29863.0,29610.0,28454.0,27625.0,27377.0,26722.0,27931.0,25221.0,26951.0,26601.0,26315.0,26118.0,25743.0,25655.0,24920.0,25051.0,24657.0,24595.0,24321.0,24031.0,23812.0,23831.0,23426.0,23683.0,23525.0,23155.0,23193.0,23205.0,22941.0,22345.0,22289.0,21919.0,21659.0,21437.0,21060.0,20979.0,20477.0,20209.0,20106.0,19777.0,19480.0,19415.0,19141.0,19100.0,18905.0,18837.0,18477.0,18372.0,18332.0,18287.0,17895.0,17901.0,17592.0,17554.0,17412.0,17371.0,17267.0,17052.0,16888.0,16648.0,16759.0,16352.0,16230.0,16137.0,15958.0
K,44,34236.0,34544.0,35049.0,34926.0,35433.0,35121.0,35709.0,36009.0,36578.0,37208.0,38383.0,38661.0,39175.0,38393.0,37462.0,36757.0,36180.0,35697.0,35507.0,34144.0,33140.0,32864.0,32690.0,31400.0,30913.0,31238.0,31383.0,31306.0,31938.0,31747.0,32431.0,32872.0,32448.0,31372.0,31242.0,30470.0,30116.0,29860.0,29609.0,28452.0,27624.0,27376.0,26720.0,27929.0,25220.0,26948.0,26599.0,26313.0,26116.0,25742.0,25654.0,24920.0,25048.0,24655.0,24595.0,24321.0,24029.0,23812.0,23831.0,23426.0,23683.0,23525.0,23155.0,23190.0,23203.0,22941.0,22342.0,22287.0,21918.0,21659.0,21435.0,21059.0,20979.0,20477.0,20208.0,20104.0,19773.0,19480.0,19415.0,19140.0,19100.0,18904.0,18837.0,18476.0,18372.0,18331.0,18287.0,17892.0,17900.0,17591.0,17553.0,17411.0,17370.0,17267.0,17050.0,16887.0,16647.0,16758.0,16350.0,16227.0,16137.0
K,45,33520.0,34207.0,34495.0,35013.0,34896.0,35395.0,35091.0,35685.0,35989.0,36556.0,37171.0,38349.0,38628.0,39150.0,38362.0,37438.0,36744.0,36161.0,35680.0,35488.0,34136.0,33127.0,32853.0,32681.0,31388.0,30907.0,31232.0,31378.0,31303.0,31933.0,31740.0,32426.0,32871.0,32445.0,31369.0,31239.0,30466.0,30115.0,29857.0,29608.0,28450.0,27622.0,27372.0,26719.0,27925.0,25219.0,26944.0,26598.0,26312.0,26115.0,25742.0,25653.0,24918.0,25045.0,24655.0,24592.0,24314.0,24028.0,23811.0,23828.0,23423.0,23681.0,23524.0,23153.0,23190.0,23202.0,22938.0,22338.0,22284.0,21918.0,21658.0,21433.0,21058.0,20977.0,20474.0,20207.0,20099.0,19771.0,19478.0,19415.0,19140.0,19098.0,18903.0,18836.0,18472.0,18370.0,18331.0,18285.0,17891.0,17900.0,17587.0,17550.0,17411.0,17370.0,17266.0,17050.0,16886.0,16646.0,16756.0,16346.0,16225.0
K,46,34033.0,33497.0,34185.0,34463.0,34988.0,34859.0,35353.0,35057.0,35646.0,35955.0,36522.0,37141.0,38320.0,38599.0,39131.0,38340.0,37413.0,36733.0,36143.0,35669.0,35469.0,34121.0,33115.0,32842.0,32674.0,31385.0,30899.0,31227.0,31377.0,31299.0,31931.0,31739.0,32423.0,32867.0,32444.0,31365.0,31237.0,30463.0,30115.0,29853.0,29603.0,28447.0,27617.0,27369.0,26718.0,27921.0,25216.0,26940.0,26596.0,26311.0,26114.0,25739.0,25651.0,24915.0,25044.0,24654.0,24590.0,24313.0,24027.0,23810.0,23827.0,23416.0,23680.0,23523.0,23152.0,23189.0,23201.0,22935.0,22337.0,22283.0,21917.0,21655.0,21431.0,21055.0,20977.0,20473.0,20206.0,20097.0,19771.0,19478.0,19414.0,19138.0,19098.0,18902.0,18836.0,18471.0,18369.0,18331.0,18284.0,17887.0,17899.0,17587.0,17549.0,17409.0,17370.0,17266.0,17049.0,16884.0,16642.0,16754.0,16345.0
K,47,35177.0,34009.0,33457.0,34149.0,34430.0,34954.0,34831.0,35308.0,35027.0,35618.0,35923.0,36494.0,37109.0,38292.0,38576.0,39101.0,38319.0,37395.0,36716.0,36124.0,35661.0,35452.0,34111.0,33110.0,32832.0,32665.0,31382.0,30896.0,31224.0,31372.0,31294.0,31925.0,31736.0,32416.0,32863.0,32439.0,31361.0,31233.0,30461.0,30112.0,29852.0,29600.0,28442.0,27615.0,27368.0,26718.0,27918.0,25214.0,26936.0,26595.0,26308.0,26112.0,25735.0,25650.0,24911.0,25043.0,24650.0,24589.0,24311.0,24027.0,23809.0,23827.0,23414.0,23677.0,23523.0,23150.0,23189.0,23201.0,22935.0,22336.0,22282.0,21915.0,21654.0,21426.0,21054.0,20977.0,20472.0,20205.0,20096.0,19768.0,19476.0,19410.0,19135.0,19097.0,18901.0,18835.0,18470.0,18367.0,18330.0,18284.0,17884.0,17898.0,17587.0,17543.0,17409.0,17368.0,17265.0,17048.0,16884.0,16640.0,16754.0
K,48,36600.0,35146.0,33982.0,33420.0,34103.0,34397.0,34924.0,34807.0,35276.0,35006.0,35597.0,35895.0,36473.0,37085.0,38262.0,38558.0,39086.0,38303.0,37377.0,36699.0,36106.0,35651.0,35437.0,34104.0,33101.0,32827.0,32656.0,31378.0,30891.0,31219.0,31368.0,31292.0,31923.0,31736.0,32409.0,32863.0,32437.0,31358.0,31230.0,30459.0,30109.0,29848.0,29595.0,28438.0,27615.0,27364.0,26718.0,27917.0,25211.0,26934.0,26590.0,26306.0,26110.0,25724.0,25650.0,24909.0,25042.0,24649.0,24586.0,24307.0,24024.0,23808.0,23822.0,23412.0,23674.0,23523.0,23147.0,23187.0,23200.0,22933.0,22336.0,22281.0,21912.0,21652.0,21425.0,21053.0,20974.0,20470.0,20204.0,20095.0,19766.0,19473.0,19408.0,19135.0,19097.0,18896.0,18833.0,18469.0,18366.0,18327.0,18284.0,17883.0,17897.0,17587.0,17543.0,17407.0,17368.0,17265.0,17048.0,16883.0,16639.0
K,49,36215.0,36558.0,35109.0,33947.0,33393.0,34072.0,34369.0,34890.0,34771.0,35254.0,34976.0,35569.0,35872.0,36442.0,37069.0,38238.0,38541.0,39067.0,38290.0,37365.0,36684.0,36087.0,35639.0,35431.0,34097.0,33095.0,32825.0,32649.0,31371.0,30888.0,31217.0,31361.0,31288.0,31920.0,31728.0,32405.0,32861.0,32436.0,31355.0,31229.0,30456.0,30107.0,29844.0,29590.0,28434.0,27612.0,27361.0,26718.0,27916.0,25208.0,26932.0,26590.0,26306.0,26108.0,25722.0,25649.0,24908.0,25041.0,24647.0,24584.0,24305.0,24023.0,23808.0,23821.0,23408.0,23673.0,23522.0,23145.0,23184.0,23199.0,22933.0,22336.0,22277.0,21912.0,21650.0,21423.0,21050.0,20972.0,20467.0,20202.0,20094.0,19763.0,19472.0,19407.0,19134.0,19093.0,18896.0,18833.0,18469.0,18364.0,18325.0,18283.0,17881.0,17897.0,17582.0,17539.0,17404.0,17368.0,17264.0,17045.0,16882.0
K,50,37446.0,36168.0,36501.0,35053.0,33892.0,33347.0,34022.0,34317.0,34844.0,34733.0,35208.0,34930.0,35534.0,35836.0,36402.0,37035.0,38209.0,38513.0,39044.0,38267.0,37340.0,36660.0,36070.0,35627.0,35413.0,34085.0,33085.0,32818.0,32638.0,31366.0,30885.0,31208.0,31350.0,31286.0,31915.0,31721.0,32395.0,32854.0,32430.0,31349.0,31225.0,30447.0,30101.0,29839.0,29585.0,28433.0,27607.0,27355.0,26717.0,27914.0,25205.0,26929.0,26587.0,26298.0,26106.0,25721.0,25643.0,24903.0,25036.0,24644.0,24582.0,24298.0,24022.0,23804.0,23818.0,23400.0,23671.0,23519.0,23143.0,23179.0,23197.0,22924.0,22335.0,22273.0,21910.0,21648.0,21419.0,21045.0,20970.0,20465.0,20200.0,20092.0,19760.0,19469.0,19402.0,19132.0,19091.0,18893.0,18832.0,18465.0,18363.0,18319.0,18280.0,17877.0,17893.0,17580.0,17536.0,17401.0,17363.0,17260.0,17044.0
K,51,37536.0,37389.0,36124.0,36443.0,35000.0,33832.0,33272.0,33962.0,34271.0,34802.0,34697.0,35153.0,34888.0,35498.0,35790.0,36364.0,37005.0,38173.0,38489.0,39015.0,38236.0,37317.0,36640.0,36053.0,35618.0,35403.0,34075.0,33078.0,32810.0,32632.0,31364.0,30878.0,31202.0,31345.0,31281.0,31908.0,31713.0,32389.0,32847.0,32425.0,31344.0,31219.0,30442.0,30096.0,29836.0,29585.0,28431.0,27603.0,27349.0,26715.0,27910.0,25203.0,26925.0,26580.0,26295.0,26105.0,25719.0,25639.0,24899.0,25034.0,24639.0,24579.0,24297.0,24019.0,23802.0,23811.0,23395.0,23670.0,23519.0,23141.0,23176.0,23192.0,22923.0,22333.0,22271.0,21907.0,21644.0,21416.0,21043.0,20968.0,20462.0,20198.0,20090.0,19757.0,19465.0,19402.0,19130.0,19086.0,18892.0,18828.0,18460.0,18360.0,18318.0,18277.0,17874.0,17893.0,17579.0,17534.0,17398.0,17360.0,17256.0
K,52,37024.0,37496.0,37329.0,36073.0,36383.0,34952.0,33783.0,33225.0,33903.0,34221.0,34758.0,34650.0,35121.0,34852.0,35461.0,35746.0,36332.0,36982.0,38147.0,38466.0,38991.0,38212.0,37294.0,36624.0,36037.0,35611.0,35392.0,34066.0,33069.0,32802.0,32620.0,31357.0,30872.0,31197.0,31343.0,31280.0,31901.0,31709.0,32382.0,32839.0,32420.0,31336.0,31213.0,30441.0,30090.0,29832.0,29577.0,28426.0,27602.0,27343.0,26714.0,27905.0,25198.0,26920.0,26578.0,26290.0,26103.0,25714.0,25637.0,24893.0,25031.0,24639.0,24576.0,24296.0,24015.0,23800.0,23810.0,23391.0,23667.0,23517.0,23137.0,23173.0,23190.0,22919.0,22331.0,22270.0,21903.0,21640.0,21411.0,21036.0,20965.0,20459.0,20196.0,20087.0,19756.0,19465.0,19397.0,19128.0,19083.0,18889.0,18824.0,18455.0,18359.0,18317.0,18275.0,17872.0,17893.0,17576.0,17532.0,17396.0,17359.0
K,53,37660.0,36969.0,37442.0,37276.0,36017.0,36338.0,34908.0,33721.0,33178.0,33858.0,34174.0,34713.0,34621.0,35095.0,34822.0,35420.0,35718.0,36306.0,36959.0,38119.0,38447.0,38968.0,38194.0,37280.0,36612.0,36025.0,35597.0,35379.0,34060.0,33063.0,32798.0,32614.0,31350.0,30866.0,31192.0,31338.0,31273.0,31894.0,31706.0,32372.0,32832.0,32420.0,31332.0,31210.0,30433.0,30086.0,29825.0,29573.0,28422.0,27599.0,27337.0,26709.0,27901.0,25195.0,26917.0,26574.0,26289.0,26100.0,25708.0,25628.0,24888.0,25028.0,24634.0,24572.0,24292.0,24011.0,23796.0,23806.0,23385.0,23663.0,23514.0,23133.0,23172.0,23188.0,22917.0,22327.0,22267.0,21897.0,21637.0,21408.0,21033.0,20963.0,20456.0,20193.0,20085.0,19755.0,19463.0,19394.0,19127.0,19083.0,18887.0,18823.0,18452.0,18357.0,18317.0,18273.0,17872.0,17891.0,17575.0,17528.0,17394.0
K,54,37209.0,37611.0,36922.0,37380.0,37216.0,35973.0,36275.0,34858.0,33668.0,33140.0,33815.0,34129.0,34668.0,34577.0,35063.0,34797.0,35393.0,35683.0,36284.0,36936.0,38090.0,38426.0,38943.0,38175.0,37269.0,36597.0,36013.0,35591.0,35372.0,34053.0,33060.0,32789.0,32603.0,31343.0,30860.0,31184.0,31334.0,31268.0,31890.0,31700.0,32366.0,32823.0,32415.0,31327.0,31207.0,30431.0,30085.0,29822.0,29567.0,28419.0,27595.0,27335.0,26704.0,27899.0,25191.0,26910.0,26572.0,26282.0,26095.0,25708.0,25625.0,24884.0,25024.0,24627.0,24569.0,24292.0,24007.0,23794.0,23805.0,23381.0,23660.0,23509.0,23132.0,23167.0,23186.0,22912.0,22324.0,22265.0,21896.0,21636.0,21405.0,21032.0,20958.0,20452.0,20190.0,20081.0,19753.0,19460.0,19392.0,19123.0,19079.0,18885.0,18818.0,18452.0,18354.0,18312.0,18271.0,17868.0,17890.0,17572.0,17526.0
K,55,36217.0,37113.0,37521.0,36818.0,37294.0,37111.0,35891.0,36201.0,34782.0,33596.0,33073.0,33744.0,34054.0,34606.0,34519.0,34997.0,34758.0,35353.0,35643.0,36254.0,36891.0,38064.0,38403.0,38914.0,38147.0,37253.0,36578.0,35999.0,35580.0,35367.0,34044.0,33050.0,32774.0,32590.0,31335.0,30848.0,31177.0,31327.0,31263.0,31882.0,31696.0,32359.0,32815.0,32411.0,31311.0,31200.0,30423.0,30076.0,29813.0,29556.0,28414.0,27586.0,27327.0,26698.0,27889.0,25183.0,26903.0,26564.0,26278.0,26088.0,25706.0,25616.0,24879.0,25020.0,24624.0,24565.0,24284.0,24004.0,23786.0,23800.0,23373.0,23652.0,23503.0,23126.0,23165.0,23184.0,22906.0,22320.0,22260.0,21887.0,21630.0,21403.0,21028.0,20956.0,20449.0,20187.0,20078.0,19750.0,19457.0,19389.0,19119.0,19077.0,18882.0,18812.0,18447.0,18349.0,18306.0,18268.0,17865.0,17885.0,17566.0
K,56,35480.0,36140.0,37003.0,37428.0,36744.0,37212.0,37030.0,35815.0,36108.0,34708.0,33536.0,33013.0,33669.0,33980.0,34555.0,34473.0,34951.0,34719.0,35308.0,35613.0,36212.0,36868.0,38033.0,38370.0,38888.0,38123.0,37241.0,36563.0,35985.0,35570.0,35355.0,34029.0,33043.0,32762.0,32582.0,31331.0,30841.0,31163.0,31323.0,31248.0,31875.0,31689.0,32355.0,32808.0,32398.0,31302.0,31194.0,30408.0,30074.0,29808.0,29554.0,28408.0,27578.0,27322.0,26693.0,27886.0,25175.0,26901.0,26563.0,26272.0,26082.0,25702.0,25610.0,24877.0,25016.0,24620.0,24562.0,24282.0,24001.0,23780.0,23798.0,23372.0,23643.0,23499.0,23123.0,23155.0,23179.0,22903.0,22313.0,22257.0,21885.0,21628.0,21401.0,21026.0,20949.0,20444.0,20182.0,20073.0,19744.0,19456.0,19384.0,19115.0,19073.0,18879.0,18808.0,18440.0,18347.0,18302.0,18265.0,17859.0,17881.0
K,57,34879.0,35405.0,36057.0,36909.0,37320.0,36651.0,37117.0,36934.0,35737.0,36024.0,34641.0,33464.0,32958.0,33608.0,33914.0,34511.0,34441.0,34913.0,34675.0,35276.0,35582.0,36183.0,36834.0,38006.0,38344.0,38874.0,38109.0,37219.0,36555.0,35967.0,35558.0,35345.0,34022.0,33035.0,32752.0,32572.0,31324.0,30827.0,31154.0,31317.0,31236.0,31864.0,31684.0,32350.0,32795.0,32389.0,31292.0,31188.0,30402.0,30068.0,29800.0,29552.0,28401.0,27575.0,27317.0,26686.0,27879.0,25170.0,26896.0,26560.0,26265.0,26077.0,25698.0,25606.0,24869.0,25005.0,24612.0,24558.0,24278.0,23996.0,23778.0,23795.0,23366.0,23638.0,23494.0,23121.0,23146.0,23177.0,22898.0,22309.0,22252.0,21880.0,21625.0,21392.0,21023.0,20947.0,20441.0,20177.0,20064.0,19739.0,19452.0,19382.0,19111.0,19071.0,18874.0,18803.0,18439.0,18342.0,18294.0,18261.0,17858.0
K,58,34275.0,34806.0,35292.0,35959.0,36838.0,37229.0,36578.0,37014.0,36852.0,35672.0,35945.0,34566.0,33395.0,32895.0,33552.0,33870.0,34473.0,34409.0,34863.0,34647.0,35244.0,35559.0,36161.0,36811.0,37978.0,38321.0,38860.0,38096.0,37208.0,36548.0,35955.0,35544.0,35341.0,34013.0,33028.0,32747.0,32562.0,31314.0,30821.0,31147.0,31307.0,31223.0,31857.0,31677.0,32341.0,32785.0,32376.0,31287.0,31185.0,30392.0,30061.0,29792.0,29544.0,28395.0,27565.0,27314.0,26679.0,27870.0,25167.0,26890.0,26552.0,26262.0,26072.0,25696.0,25602.0,24864.0,25000.0,24605.0,24551.0,24271.0,23991.0,23775.0,23793.0,23361.0,23634.0,23490.0,23119.0,23142.0,23170.0,22890.0,22300.0,22249.0,21874.0,21621.0,21387.0,21018.0,20943.0,20436.0,20173.0,20060.0,19728.0,19446.0,19377.0,19105.0,19069.0,18868.0,18801.0,18436.0,18338.0,18289.0,18255.0
K,59,33194.0,34201.0,34717.0,35205.0,35860.0,36749.0,37146.0,36489.0,36938.0,36765.0,35599.0,35877.0,34509.0,33333.0,32845.0,33503.0,33818.0,34424.0,34356.0,34823.0,34619.0,35196.0,35531.0,36139.0,36788.0,37957.0,38310.0,38846.0,38084.0,37195.0,36535.0,35947.0,35538.0,35332.0,34004.0,33014.0,32738.0,32552.0,31308.0,30810.0,31135.0,31298.0,31216.0,31850.0,31667.0,32334.0,32777.0,32368.0,31281.0,31175.0,30389.0,30056.0,29785.0,29535.0,28388.0,27559.0,27312.0,26676.0,27866.0,25162.0,26888.0,26545.0,26257.0,26067.0,25692.0,25600.0,24860.0,24996.0,24600.0,24548.0,24264.0,23987.0,23771.0,23788.0,23359.0,23627.0,23487.0,23117.0,23140.0,23168.0,22883.0,22299.0,22246.0,21869.0,21615.0,21380.0,21011.0,20939.0,20433.0,20167.0,20055.0,19724.0,19439.0,19373.0,19101.0,19065.0,18865.0,18799.0,18434.0,18334.0,18286.0
K,60,32018.0,33063.0,34037.0,34553.0,35057.0,35712.0,36589.0,36992.0,36316.0,36823.0,36631.0,35475.0,35755.0,34398.0,33246.0,32779.0,33443.0,33756.0,34360.0,34293.0,34762.0,34558.0,35153.0,35484.0,36100.0,36752.0,37933.0,38288.0,38828.0,38058.0,37179.0,36514.0,35922.0,35520.0,35318.0,33988.0,32999.0,32723.0,32536.0,31293.0,30800.0,31120.0,31286.0,31209.0,31841.0,31652.0,32316.0,32770.0,32355.0,31273.0,31168.0,30378.0,30043.0,29774.0,29523.0,28378.0,27548.0,27296.0,26667.0,27861.0,25148.0,26879.0,26534.0,26249.0,26060.0,25680.0,25592.0,24855.0,24987.0,24595.0,24541.0,24259.0,23977.0,23762.0,23776.0,23355.0,23619.0,23476.0,23110.0,23131.0,23161.0,22877.0,22293.0,22241.0,21861.0,21610.0,21373.0,21003.0,20932.0,20427.0,20160.0,20044.0,19714.0,19432.0,19367.0,19096.0,19054.0,18862.0,18794.0,18429.0,18330.0
K,61,31506.0,31905.0,32936.0,33878.0,34413.0,34923.0,35557.0,36442.0,36874.0,36188.0,36707.0,36516.0,35357.0,35647.0,34304.0,33172.0,32717.0,33383.0,33701.0,34298.0,34241.0,34707.0,34525.0,35117.0,35453.0,36075.0,36733.0,37910.0,38258.0,38804.0,38044.0,37162.0,36496.0,35910.0,35501.0,35298.0,33975.0,32982.0,32709.0,32530.0,31280.0,30786.0,31112.0,31269.0,31189.0,31833.0,31634.0,32302.0,32757.0,32339.0,31263.0,31152.0,30362.0,30034.0,29763.0,29512.0,28374.0,27538.0,27285.0,26656.0,27854.0,25139.0,26869.0,26527.0,26241.0,26053.0,25666.0,25581.0,24846.0,24981.0,24586.0,24530.0,24251.0,23971.0,23757.0,23767.0,23348.0,23613.0,23470.0,23104.0,23124.0,23155.0,22869.0,22282.0,22236.0,21853.0,21604.0,21366.0,20997.0,20925.0,20417.0,20156.0,20034.0,19708.0,19429.0,19360.0,19088.0,19047.0,18853.0,18787.0,18422.0
K,62,31028.0,31366.0,31756.0,32776.0,33740.0,34264.0,34778.0,35406.0,36306.0,36746.0,36061.0,36598.0,36404.0,35272.0,35567.0,34223.0,33079.0,32662.0,33336.0,33636.0,34247.0,34190.0,34662.0,34481.0,35096.0,35415.0,36050.0,36708.0,37887.0,38234.0,38783.0,38018.0,37146.0,36482.0,35897.0,35485.0,35282.0,33964.0,32974.0,32696.0,32515.0,31267.0,30776.0,31097.0,31257.0,31175.0,31823.0,31620.0,32293.0,32738.0,32326.0,31251.0,31136.0,30353.0,30026.0,29755.0,29503.0,28365.0,27535.0,27275.0,26646.0,27848.0,25124.0,26861.0,26520.0,26233.0,26042.0,25660.0,25570.0,24837.0,24967.0,24579.0,24519.0,24243.0,23965.0,23744.0,23756.0,23345.0,23603.0,23461.0,23098.0,23119.0,23146.0,22866.0,22279.0,22228.0,21848.0,21596.0,21358.0,20986.0,20922.0,20409.0,20147.0,20030.0,19696.0,19425.0,19353.0,19084.0,19036.0,18849.0,18781.0
K,63,30842.0,30916.0,31232.0,31631.0,32632.0,33589.0,34116.0,34629.0,35268.0,36164.0,36624.0,35940.0,36492.0,36311.0,35205.0,35508.0,34150.0,33009.0,32616.0,33265.0,33582.0,34198.0,34146.0,34620.0,34455.0,35056.0,35386.0,36017.0,36690.0,37863.0,38214.0,38764.0,37991.0,37127.0,36460.0,35883.0,35470.0,35270.0,33948.0,32959.0,32682.0,32498.0,31262.0,30765.0,31092.0,31245.0,31161.0,31815.0,31604.0,32282.0,32730.0,32318.0,31240.0,31128.0,30339.0,30016.0,29746.0,29495.0,28354.0,27524.0,27268.0,26638.0,27838.0,25117.0,26853.0,26513.0,26226.0,26037.0,25653.0,25559.0,24829.0,24959.0,24567.0,24508.0,24230.0,23959.0,23734.0,23749.0,23341.0,23599.0,23444.0,23093.0,23113.0,23138.0,22859.0,22274.0,22219.0,21843.0,21590.0,21350.0,20982.0,20917.0,20406.0,20142.0,20022.0,19690.0,19418.0,19342.0,19078.0,19031.0,18844.0
K,64,30683.0,30730.0,30797.0,31089.0,31488.0,32494.0,33463.0,33981.0,34491.0,35141.0,36046.0,36505.0,35807.0,36376.0,36216.0,35136.0,35437.0,34085.0,32949.0,32545.0,33210.0,33538.0,34151.0,34111.0,34585.0,34425.0,35031.0,35365.0,35999.0,36674.0,37841.0,38192.0,38737.0,37978.0,37118.0,36449.0,35871.0,35452.0,35251.0,33929.0,32951.0,32676.0,32483.0,31244.0,30747.0,31078.0,31235.0,31155.0,31799.0,31588.0,32267.0,32714.0,32308.0,31229.0,31118.0,30332.0,30003.0,29734.0,29488.0,28348.0,27515.0,27259.0,26631.0,27830.0,25107.0,26840.0,26502.0,26223.0,26031.0,25643.0,25552.0,24822.0,24950.0,24561.0,24501.0,24226.0,23954.0,23727.0,23745.0,23333.0,23591.0,23435.0,23084.0,23108.0,23131.0,22849.0,22266.0,22214.0,21835.0,21582.0,21338.0,20974.0,20904.0,20398.0,20138.0,20016.0,19683.0,19410.0,19338.0,19071.0,19027.0
K,65,29874.0,30484.0,30502.0,30559.0,30873.0,31262.0,32264.0,33240.0,33772.0,34265.0,34904.0,35810.0,36270.0,35662.0,36232.0,36069.0,35003.0,35299.0,33980.0,32851.0,32472.0,33107.0,33457.0,34103.0,34042.0,34533.0,34381.0,34990.0,35322.0,35961.0,36643.0,37806.0,38164.0,38701.0,37948.0,37084.0,36428.0,35853.0,35421.0,35218.0,33909.0,32923.0,32651.0,32453.0,31224.0,30720.0,31059.0,31212.0,31134.0,31773.0,31568.0,32248.0,32697.0,32283.0,31208.0,31101.0,30312.0,29982.0,29716.0,29469.0,28337.0,27506.0,27246.0,26605.0,27816.0,25097.0,26821.0,26490.0,26205.0,26018.0,25627.0,25539.0,24809.0,24934.0,24546.0,24485.0,24217.0,23940.0,23716.0,23730.0,23327.0,23586.0,23421.0,23068.0,23091.0,23115.0,22833.0,22255.0,22197.0,21822.0,21573.0,21320.0,20960.0,20891.0,20386.0,20127.0,20009.0,19671.0,19400.0,19328.0,19066.0
K,66,30085.0,29658.0,30257.0,30279.0,30323.0,30642.0,31010.0,32035.0,33032.0,33551.0,34076.0,34722.0,35599.0,36092.0,35501.0,36092.0,35943.0,34892.0,35200.0,33879.0,32776.0,32381.0,33031.0,33389.0,34034.0,33993.0,34494.0,34351.0,34965.0,35284.0,35924.0,36616.0,37774.0,38133.0,38675.0,37916.0,37054.0,36392.0,35828.0,35393.0,35193.0,33888.0,32900.0,32627.0,32432.0,31199.0,30696.0,31035.0,31188.0,31116.0,31748.0,31547.0,32227.0,32676.0,32261.0,31184.0,31084.0,30293.0,29958.0,29699.0,29455.0,28321.0,27489.0,27227.0,26586.0,27793.0,25074.0,26805.0,26467.0,26194.0,25998.0,25610.0,25524.0,24795.0,24919.0,24530.0,24465.0,24197.0,23925.0,23699.0,23711.0,23314.0,23575.0,23410.0,23053.0,23077.0,23102.0,22819.0,22240.0,22183.0,21801.0,21559.0,21308.0,20946.0,20880.0,20379.0,20112.0,19999.0,19651.0,19387.0,19320.0
K,67,29117.0,29880.0,29443.0,30034.0,30038.0,30092.0,30424.0,30763.0,31825.0,32810.0,33343.0,33878.0,34544.0,35409.0,35924.0,35345.0,35944.0,35807.0,34777.0,35096.0,33796.0,32698.0,32315.0,32968.0,33321.0,33972.0,33941.0,34466.0,34321.0,34938.0,35255.0,35896.0,36586.0,37746.0,38098.0,38650.0,37890.0,37036.0,36368.0,35803.0,35370.0,35166.0,33866.0,32876.0,32607.0,32410.0,31176.0,30673.0,31009.0,31169.0,31095.0,31722.0,31528.0,32200.0,32653.0,32243.0,31167.0,31067.0,30279.0,29939.0,29684.0,29442.0,28307.0,27474.0,27206.0,26569.0,27778.0,25058.0,26791.0,26456.0,26175.0,25977.0,25597.0,25509.0,24779.0,24908.0,24521.0,24452.0,24181.0,23910.0,23688.0,23702.0,23302.0,23563.0,23400.0,23046.0,23061.0,23085.0,22803.0,22227.0,22169.0,21784.0,21545.0,21296.0,20930.0,20871.0,20366.0,20098.0,19988.0,19639.0,19375.0
K,68,28485.0,28940.0,29656.0,29228.0,29810.0,29792.0,29853.0,30204.0,30587.0,31612.0,32602.0,33160.0,33698.0,34391.0,35269.0,35776.0,35221.0,35789.0,35708.0,34685.0,34993.0,33721.0,32627.0,32235.0,32922.0,33250.0,33921.0,33905.0,34435.0,34294.0,34896.0,35233.0,35857.0,36552.0,37715.0,38060.0,38623.0,37866.0,37014.0,36347.0,35780.0,35344.0,35139.0,33843.0,32854.0,32585.0,32393.0,31157.0,30651.0,30991.0,31148.0,31073.0,31697.0,31518.0,32173.0,32628.0,32221.0,31145.0,31050.0,30261.0,29923.0,29662.0,29434.0,28278.0,27460.0,27196.0,26550.0,27763.0,25044.0,26782.0,26445.0,26163.0,25959.0,25581.0,25499.0,24765.0,24885.0,24511.0,24430.0,24167.0,23896.0,23677.0,23682.0,23286.0,23552.0,23387.0,23033.0,23046.0,23066.0,22793.0,22216.0,22150.0,21775.0,21538.0,21277.0,20915.0,20859.0,20360.0,20087.0,19981.0,19622.0
K,69,27981.0,28296.0,28715.0,29437.0,28998.0,29594.0,29574.0,29656.0,30000.0,30419.0,31423.0,32412.0,32993.0,33550.0,34231.0,35122.0,35652.0,35099.0,35679.0,35604.0,34594.0,34915.0,33633.0,32555.0,32192.0,32862.0,33207.0,33881.0,33872.0,34410.0,34269.0,34861.0,35208.0,35822.0,36516.0,37686.0,38027.0,38603.0,37833.0,36993.0,36324.0,35752.0,35318.0,35114.0,33817.0,32835.0,32558.0,32375.0,31134.0,30624.0,30963.0,31132.0,31052.0,31673.0,31491.0,32159.0,32608.0,32197.0,31127.0,31029.0,30239.0,29902.0,29647.0,29421.0,28263.0,27435.0,27175.0,26537.0,27749.0,25027.0,26765.0,26428.0,26137.0,25947.0,25561.0,25486.0,24751.0,24868.0,24494.0,24415.0,24149.0,23882.0,23664.0,23666.0,23283.0,23539.0,23375.0,23019.0,23036.0,23054.0,22786.0,22208.0,22138.0,21759.0,21515.0,21265.0,20905.0,20849.0,20348.0,20078.0,19973.0
K,70,27198.0,27655.0,27969.0,28363.0,29074.0,28580.0,29242.0,29207.0,29357.0,29671.0,30094.0,31128.0,32116.0,32735.0,33310.0,33992.0,34925.0,35449.0,34899.0,35490.0,35451.0,34453.0,34800.0,33516.0,32455.0,32087.0,32783.0,33143.0,33819.0,33829.0,34351.0,34223.0,34818.0,35165.0,35781.0,36472.0,37643.0,37975.0,38569.0,37789.0,36954.0,36285.0,35701.0,35268.0,35068.0,33783.0,32800.0,32509.0,32333.0,31109.0,30604.0,30934.0,31110.0,31020.0,31640.0,31459.0,32132.0,32581.0,32166.0,31092.0,30991.0,30212.0,29867.0,29612.0,29385.0,28237.0,27409.0,27146.0,26508.0,27711.0,25004.0,26730.0,26410.0,26099.0,25921.0,25534.0,25461.0,24733.0,24846.0,24464.0,24396.0,24125.0,23863.0,23643.0,23641.0,23258.0,23519.0,23352.0,22996.0,23014.0,23028.0,22766.0,22189.0,22110.0,21728.0,21490.0,21239.0,20888.0,20833.0,20323.0,20056.0
K,71,25526.0,26901.0,27324.0,27607.0,28014.0,28692.0,28237.0,28916.0,28877.0,29020.0,29372.0,29825.0,30884.0,31877.0,32482.0,33101.0,33797.0,34711.0,35251.0,34715.0,35332.0,35314.0,34335.0,34688.0,33410.0,32366.0,32001.0,32716.0,33080.0,33765.0,33781.0,34315.0,34175.0,34778.0,35126.0,35722.0,36432.0,37591.0,37924.0,38525.0,37754.0,36910.0,36247.0,35654.0,35232.0,35033.0,33740.0,32764.0,32467.0,32284.0,31071.0,30570.0,30911.0,31081.0,30979.0,31606.0,31427.0,32094.0,32544.0,32128.0,31061.0,30958.0,30186.0,29834.0,29584.0,29357.0,28205.0,27384.0,27117.0,26480.0,27686.0,24978.0,26704.0,26392.0,26066.0,25893.0,25514.0,25435.0,24715.0,24825.0,24442.0,24372.0,24097.0,23838.0,23622.0,23619.0,23237.0,23499.0,23331.0,22980.0,22988.0,22998.0,22740.0,22165.0,22085.0,21713.0,21465.0,21216.0,20865.0,20812.0,20304.0
K,72,25882.0,25231.0,26583.0,26977.0,27261.0,27663.0,28342.0,27938.0,28628.0,28570.0,28723.0,29122.0,29572.0,30639.0,31637.0,32250.0,32903.0,33608.0,34536.0,35066.0,34542.0,35183.0,35173.0,34232.0,34590.0,33307.0,32301.0,31944.0,32664.0,33037.0,33706.0,33727.0,34265.0,34118.0,34737.0,35086.0,35670.0,36391.0,37531.0,37875.0,38464.0,37720.0,36864.0,36218.0,35613.0,35190.0,34996.0,33702.0,32730.0,32434.0,32247.0,31039.0,30534.0,30883.0,31040.0,30951.0,31570.0,31389.0,32062.0,32515.0,32093.0,31026.0,30917.0,30162.0,29809.0,29553.0,29329.0,28186.0,27354.0,27096.0,26467.0,27660.0,24962.0,26677.0,26367.0,26037.0,25862.0,25497.0,25412.0,24698.0,24799.0,24416.0,24343.0,24075.0,23820.0,23605.0,23595.0,23211.0,23471.0,23306.0,22963.0,22973.0,22985.0,22718.0,22150.0,22069.0,21687.0,21439.0,21192.0,20840.0,20798.0
K,73,25567.0,25588.0,24921.0,26242.0,26624.0,26933.0,27315.0,28020.0,27625.0,28315.0,28262.0,28469.0,28873.0,29309.0,30410.0,31422.0,32041.0,32702.0,33457.0,34372.0,34885.0,34379.0,35044.0,35053.0,34128.0,34501.0,33240.0,32246.0,31890.0,32607.0,32966.0,33649.0,33682.0,34219.0,34077.0,34684.0,35053.0,35627.0,36347.0,37485.0,37835.0,38424.0,37680.0,36823.0,36177.0,35572.0,35155.0,34961.0,33664.0,32688.0,32392.0,32199.0,31009.0,30506.0,30853.0,31007.0,30923.0,31546.0,31342.0,32034.0,32489.0,32064.0,30992.0,30888.0,30126.0,29780.0,29520.0,29292.0,28158.0,27325.0,27074.0,26445.0,27637.0,24937.0,26653.0,26345.0,26010.0,25838.0,25472.0,25386.0,24673.0,24773.0,24393.0,24324.0,24050.0,23799.0,23589.0,23570.0,23197.0,23444.0,23283.0,22938.0,22944.0,22968.0,22697.0,22127.0,22044.0,21660.0,21414.0,21179.0,20821.0
K,74,25427.0,25299.0,25293.0,24623.0,25883.0,26316.0,26606.0,27025.0,27713.0,27353.0,28016.0,28015.0,28234.0,28634.0,29124.0,30213.0,31213.0,31853.0,32523.0,33298.0,34205.0,34731.0,34280.0,34908.0,34952.0,34028.0,34424.0,33187.0,32195.0,31834.0,32566.0,32906.0,33593.0,33638.0,34169.0,34033.0,34625.0,35017.0,35588.0,36302.0,37434.0,37791.0,38369.0,37637.0,36776.0,36128.0,35524.0,35116.0,34928.0,33611.0,32651.0,32357.0,32169.0,30965.0,30484.0,30816.0,30976.0,30899.0,31514.0,31303.0,32010.0,32458.0,32035.0,30962.0,30862.0,30100.0,29742.0,29492.0,29273.0,28132.0,27293.0,27055.0,26423.0,27606.0,24906.0,26624.0,26321.0,25984.0,25814.0,25446.0,25352.0,24639.0,24753.0,24378.0,24301.0,24023.0,23776.0,23561.0,23543.0,23172.0,23420.0,23255.0,22910.0,22909.0,22943.0,22671.0,22103.0,22025.0,21646.0,21392.0,21159.0
K,75,25805.0,24907.0,24764.0,24730.0,24068.0,25311.0,25728.0,26034.0,26463.0,27192.0,26855.0,27520.0,27579.0,27849.0,28259.0,28792.0,29898.0,30896.0,31545.0,32216.0,33029.0,33969.0,34480.0,34076.0,34722.0,34779.0,33892.0,34319.0,33069.0,32115.0,31726.0,32480.0,32807.0,33513.0,33558.0,34098.0,33956.0,34549.0,34937.0,35486.0,36230.0,37362.0,37687.0,38296.0,37561.0,36687.0,36066.0,35458.0,35054.0,34856.0,33546.0,32578.0,32288.0,32117.0,30913.0,30425.0,30739.0,30935.0,30844.0,31457.0,31235.0,31955.0,32396.0,31975.0,30908.0,30812.0,30050.0,29679.0,29438.0,29221.0,28081.0,27248.0,27010.0,26373.0,27570.0,24870.0,26584.0,26284.0,25947.0,25773.0,25389.0,25304.0,24600.0,24714.0,24322.0,24251.0,23983.0,23720.0,23527.0,23505.0,23132.0,23371.0,23222.0,22880.0,22865.0,22903.0,22633.0,22058.0,21976.0,21613.0,21345.0
K,76,26208.0,25301.0,24334.0,24207.0,24149.0,23539.0,24749.0,25220.0,25518.0,25980.0,26733.0,26404.0,27075.0,27160.0,27454.0,27922.0,28448.0,29606.0,30613.0,31250.0,31946.0,32748.0,33715.0,34240.0,33910.0,34561.0,34651.0,33790.0,34219.0,32963.0,32041.0,31647.0,32388.0,32707.0,33441.0,33478.0,34029.0,33875.0,34465.0,34860.0,35403.0,36156.0,37279.0,37610.0,38218.0,37484.0,36611.0,35992.0,35398.0,34981.0,34774.0,33480.0,32523.0,32220.0,32069.0,30854.0,30379.0,30686.0,30875.0,30792.0,31411.0,31182.0,31894.0,32346.0,31913.0,30850.0,30767.0,30013.0,29619.0,29385.0,29164.0,28027.0,27200.0,26958.0,26325.0,27514.0,24829.0,26530.0,26243.0,25897.0,25718.0,25336.0,25253.0,24554.0,24673.0,24277.0,24216.0,23940.0,23668.0,23487.0,23451.0,23086.0,23328.0,23187.0,22837.0,22825.0,22859.0,22587.0,22015.0,21936.0,21579.0
K,77,23006.0,25723.0,24769.0,23772.0,23662.0,23593.0,23012.0,24220.0,24702.0,25068.0,25556.0,26294.0,26015.0,26651.0,26786.0,27145.0,27624.0,28145.0,29317.0,30315.0,30979.0,31693.0,32521.0,33498.0,34073.0,33761.0,34437.0,34557.0,33696.0,34105.0,32880.0,31951.0,31571.0,32308.0,32610.0,33377.0,33406.0,33950.0,33803.0,34384.0,34781.0,35328.0,36081.0,37197.0,37533.0,38151.0,37394.0,36533.0,35914.0,35332.0,34903.0,34704.0,33419.0,32449.0,32157.0,32006.0,30791.0,30325.0,30644.0,30807.0,30719.0,31365.0,31132.0,31833.0,32291.0,31847.0,30809.0,30715.0,29956.0,29550.0,29340.0,29105.0,27984.0,27156.0,26918.0,26295.0,27463.0,24786.0,26474.0,26188.0,25852.0,25670.0,25294.0,25208.0,24519.0,24633.0,24235.0,24174.0,23906.0,23628.0,23446.0,23413.0,23055.0,23281.0,23144.0,22780.0,22794.0,22813.0,22552.0,21963.0,21898.0
K,78,21550.0,22599.0,25141.0,24224.0,23247.0,23154.0,23110.0,22565.0,23725.0,24210.0,24602.0,25098.0,25910.0,25638.0,26253.0,26470.0,26814.0,27348.0,27861.0,29063.0,30067.0,30762.0,31478.0,32314.0,33306.0,33902.0,33624.0,34330.0,34458.0,33602.0,34010.0,32794.0,31865.0,31474.0,32221.0,32532.0,33308.0,33323.0,33881.0,33727.0,34313.0,34713.0,35253.0,36009.0,37118.0,37472.0,38069.0,37305.0,36456.0,35842.0,35274.0,34847.0,34632.0,33365.0,32378.0,32094.0,31952.0,30735.0,30274.0,30587.0,30747.0,30674.0,31292.0,31074.0,31778.0,32235.0,31781.0,30759.0,30668.0,29909.0,29484.0,29287.0,29063.0,27920.0,27105.0,26865.0,26253.0,27410.0,24746.0,26414.0,26139.0,25817.0,25610.0,25239.0,25172.0,24470.0,24592.0,24186.0,24128.0,23851.0,23587.0,23406.0,23376.0,23007.0,23245.0,23106.0,22743.0,22760.0,22770.0,22523.0,21930.0
K,79,18625.0,21166.0,22140.0,24577.0,23716.0,22738.0,22650.0,22618.0,22087.0,23295.0,23764.0,24199.0,24721.0,25535.0,25262.0,25953.0,26191.0,26552.0,27104.0,27606.0,28820.0,29843.0,30546.0,31293.0,32128.0,33156.0,33762.0,33509.0,34240.0,34349.0,33518.0,33929.0,32716.0,31785.0,31411.0,32146.0,32458.0,33252.0,33265.0,33794.0,33665.0,34245.0,34635.0,35180.0,35926.0,37028.0,37395.0,37988.0,37218.0,36376.0,35771.0,35192.0,34784.0,34568.0,33305.0,32328.0,32034.0,31896.0,30683.0,30211.0,30532.0,30689.0,30609.0,31248.0,31018.0,31716.0,32181.0,31723.0,30716.0,30603.0,29847.0,29426.0,29232.0,29009.0,27868.0,27053.0,26807.0,26209.0,27356.0,24703.0,26375.0,26106.0,25773.0,25563.0,25190.0,25127.0,24425.0,24549.0,24138.0,24086.0,23806.0,23558.0,23357.0,23335.0,22966.0,23208.0,23052.0,22710.0,22711.0,22722.0,22476.0
K,80,16927.0,17936.0,20348.0,21258.0,23591.0,22792.0,21879.0,21862.0,21816.0,21326.0,22568.0,23130.0,23532.0,24136.0,24906.0,24746.0,25458.0,25708.0,26106.0,26655.0,27238.0,28446.0,29470.0,30222.0,30986.0,31873.0,32933.0,33589.0,33317.0,34060.0,34173.0,33343.0,33752.0,32557.0,31644.0,31269.0,32039.0,32328.0,33108.0,33133.0,33658.0,33515.0,34116.0,34504.0,35041.0,35797.0,36889.0,37257.0,37851.0,37101.0,36233.0,35654.0,35066.0,34677.0,34429.0,33181.0,32220.0,31925.0,31793.0,30575.0,30114.0,30449.0,30580.0,30515.0,31166.0,30929.0,31602.0,32067.0,31631.0,30616.0,30506.0,29750.0,29342.0,29143.0,28917.0,27782.0,26979.0,26733.0,26125.0,27288.0,24620.0,26296.0,26043.0,25701.0,25462.0,25104.0,25035.0,24372.0,24467.0,24070.0,24015.0,23716.0,23491.0,23277.0,23267.0,22882.0,23137.0,22992.0,22645.0,22630.0,22651.0
K,81,14386.0,16358.0,17200.0,19531.0,20396.0,22676.0,21868.0,21079.0,21099.0,21108.0,20668.0,21894.0,22497.0,22946.0,23597.0,24413.0,24265.0,25000.0,25268.0,25729.0,26267.0,26866.0,28094.0,29168.0,29930.0,30729.0,31663.0,32743.0,33397.0,33164.0,33906.0,34007.0,33162.0,33629.0,32405.0,31505.0,31132.0,31906.0,32220.0,32980.0,33018.0,33535.0,33415.0,33975.0,34382.0,34892.0,35657.0,36756.0,37102.0,37711.0,36986.0,36091.0,35529.0,34932.0,34552.0,34315.0,33055.0,32118.0,31821.0,31686.0,30476.0,30027.0,30359.0,30472.0,30429.0,31069.0,30826.0,31506.0,31956.0,31543.0,30524.0,30417.0,29648.0,29243.0,29059.0,28834.0,27695.0,26892.0,26643.0,26054.0,27205.0,24553.0,26212.0,25989.0,25620.0,25374.0,25026.0,24975.0,24287.0,24393.0,23997.0,23949.0,23642.0,23433.0,23215.0,23205.0,22822.0,23049.0,22914.0,22562.0,22548.0
K,82,14292.0,13853.0,15761.0,16535.0,18706.0,19593.0,21759.0,21081.0,20299.0,20380.0,20458.0,20070.0,21266.0,21896.0,22432.0,23099.0,23954.0,23830.0,24590.0,24899.0,25358.0,25903.0,26548.0,27782.0,28882.0,29686.0,30517.0,31463.0,32572.0,33255.0,33007.0,33724.0,33846.0,33023.0,33481.0,32272.0,31368.0,30984.0,31788.0,32086.0,32849.0,32900.0,33419.0,33272.0,33823.0,34248.0,34769.0,35516.0,36618.0,36994.0,37575.0,36839.0,35956.0,35394.0,34820.0,34423.0,34187.0,32929.0,32007.0,31720.0,31582.0,30380.0,29938.0,30266.0,30364.0,30325.0,30964.0,30717.0,31391.0,31844.0,31435.0,30435.0,30319.0,29566.0,29140.0,28985.0,28752.0,27618.0,26816.0,26567.0,25967.0,27133.0,24476.0,26137.0,25899.0,25526.0,25293.0,24956.0,24896.0,24208.0,24338.0,23913.0,23885.0,23585.0,23353.0,23136.0,23138.0,22756.0,22981.0,22829.0,22499.0
K,83,13203.0,13818.0,13323.0,15151.0,15869.0,17972.0,18810.0,20963.0,20316.0,19603.0,19746.0,19923.0,19528.0,20722.0,21392.0,21932.0,22608.0,23527.0,23447.0,24216.0,24507.0,25046.0,25596.0,26240.0,27484.0,28626.0,29491.0,30327.0,31298.0,32415.0,33085.0,32839.0,33579.0,33687.0,32898.0,33353.0,32161.0,31250.0,30854.0,31692.0,31950.0,32708.0,32779.0,33271.0,33147.0,33688.0,34130.0,34631.0,35372.0,36506.0,36870.0,37436.0,36713.0,35831.0,35271.0,34709.0,34301.0,34070.0,32811.0,31903.0,31609.0,31490.0,30290.0,29852.0,30176.0,30264.0,30231.0,30854.0,30612.0,31287.0,31733.0,31327.0,30345.0,30221.0,29459.0,29039.0,28878.0,28652.0,27538.0,26736.0,26482.0,25886.0,27051.0,24395.0,26051.0,25829.0,25456.0,25205.0,24875.0,24810.0,24130.0,24265.0,23842.0,23812.0,23508.0,23275.0,23070.0,23057.0,22678.0,22910.0,22753.0
K,84,12100.0,12715.0,13294.0,12801.0,14529.0,15283.0,17301.0,18107.0,20269.0,19641.0,18997.0,19148.0,19380.0,19049.0,20212.0,20936.0,21503.0,22212.0,23151.0,23074.0,23884.0,24172.0,24759.0,25326.0,25987.0,27222.0,28440.0,29315.0,30158.0,31147.0,32271.0,32947.0,32690.0,33455.0,33544.0,32732.0,33215.0,32023.0,31099.0,30721.0,31566.0,31843.0,32583.0,32656.0,33136.0,33027.0,33550.0,34002.0,34504.0,35246.0,36382.0,36755.0,37315.0,36582.0,35718.0,35146.0,34602.0,34193.0,33964.0,32709.0,31779.0,31490.0,31407.0,30187.0,29769.0,30057.0,30164.0,30141.0,30744.0,30511.0,31200.0,31617.0,31216.0,30257.0,30121.0,29377.0,28944.0,28793.0,28574.0,27445.0,26668.0,26400.0,25806.0,26963.0,24326.0,25961.0,25744.0,25388.0,25146.0,24785.0,24732.0,24066.0,24198.0,23768.0,23742.0,23439.0,23213.0,22994.0,22990.0,22612.0,22838.0
K,85,10731.0,11348.0,11802.0,12293.0,11853.0,13437.0,14197.0,16107.0,16890.0,18930.0,18410.0,17846.0,18138.0,18441.0,18177.0,19377.0,20141.0,20763.0,21446.0,22475.0,22461.0,23274.0,23640.0,24257.0,24865.0,25614.0,26839.0,28103.0,29033.0,29833.0,30820.0,31989.0,32664.0,32412.0,33172.0,33261.0,32467.0,32944.0,31757.0,30833.0,30476.0,31339.0,31603.0,32347.0,32453.0,32908.0,32784.0,33314.0,33728.0,34256.0,35011.0,36118.0,36519.0,37048.0,36339.0,35494.0,34925.0,34391.0,33986.0,33743.0,32501.0,31586.0,31302.0,31196.0,29991.0,29581.0,29871.0,29998.0,29946.0,30547.0,30318.0,31013.0,31413.0,31032.0,30093.0,29907.0,29185.0,28762.0,28608.0,28401.0,27272.0,26485.0,26230.0,25642.0,26783.0,24199.0,25785.0,25569.0,25220.0,24992.0,24604.0,24564.0,23923.0,24040.0,23592.0,23606.0,23278.0,23064.0,22835.0,22861.0,22469.0
K,86,9731.0,9997.0,10489.0,10938.0,11356.0,10967.0,12440.0,13177.0,15010.0,15820.0,17792.0,17459.0,16907.0,17256.0,17580.0,17418.0,18619.0,19457.0,20056.0,20825.0,21864.0,21899.0,22708.0,23146.0,23797.0,24449.0,25303.0,26547.0,27808.0,28751.0,29536.0,30525.0,31693.0,32381.0,32131.0,32894.0,32984.0,32187.0,32675.0,31480.0,30614.0,30239.0,31089.0,31356.0,32118.0,32206.0,32670.0,32565.0,33080.0,33498.0,33992.0,34780.0,35861.0,36267.0,36768.0,36095.0,35244.0,34707.0,34183.0,33793.0,33552.0,32290.0,31397.0,31106.0,31011.0,29807.0,29414.0,29685.0,29821.0,29761.0,30370.0,30109.0,30815.0,31219.0,30838.0,29922.0,29740.0,29016.0,28562.0,28418.0,28217.0,27093.0,26310.0,26064.0,25493.0,26631.0,24062.0,25608.0,25398.0,25067.0,24831.0,24459.0,24391.0,23768.0,23883.0,23443.0,23453.0,23134.0,22914.0,22677.0,22717.0
K,87,8566.0,9070.0,9288.0,9692.0,10126.0,10464.0,10183.0,11546.0,12269.0,13993.0,14879.0,16730.0,16575.0,16069.0,16410.0,16827.0,16773.0,17939.0,18866.0,19458.0,20228.0,21309.0,21387.0,22228.0,22735.0,23430.0,24112.0,25012.0,26287.0,27553.0,28472.0,29268.0,30246.0,31402.0,32076.0,31840.0,32629.0,32724.0,31929.0,32406.0,31273.0,30381.0,30018.0,30893.0,31149.0,31873.0,31974.0,32464.0,32323.0,32841.0,33259.0,33750.0,34541.0,35622.0,36022.0,36518.0,35869.0,35018.0,34491.0,33983.0,33599.0,33347.0,32059.0,31206.0,30914.0,30833.0,29619.0,29212.0,29506.0,29643.0,29583.0,30168.0,29945.0,30629.0,31040.0,30623.0,29739.0,29551.0,28828.0,28381.0,28241.0,28037.0,26941.0,26154.0,25891.0,25339.0,26449.0,23907.0,25460.0,25251.0,24927.0,24656.0,24292.0,24254.0,23617.0,23720.0,23279.0,23302.0,23007.0,22768.0,22531.0
K,88,7676.0,7946.0,8376.0,8547.0,8963.0,9414.0,9700.0,9470.0,10750.0,11474.0,13162.0,13985.0,15826.0,15716.0,15316.0,15754.0,16205.0,16196.0,17316.0,18230.0,18873.0,19693.0,20837.0,20935.0,21826.0,22355.0,23093.0,23853.0,24743.0,26019.0,27308.0,28182.0,28999.0,29988.0,31133.0,31817.0,31584.0,32357.0,32478.0,31708.0,32155.0,31038.0,30181.0,29819.0,30678.0,30928.0,31644.0,31739.0,32241.0,32069.0,32592.0,33033.0,33521.0,34318.0,35396.0,35797.0,36253.0,35605.0,34818.0,34270.0,33766.0,33378.0,33148.0,31864.0,31013.0,30726.0,30635.0,29431.0,29045.0,29316.0,29451.0,29394.0,29977.0,29754.0,30418.0,30843.0,30419.0,29550.0,29389.0,28661.0,28202.0,28072.0,27857.0,26788.0,25991.0,25745.0,25185.0,26276.0,23751.0,25318.0,25073.0,24762.0,24503.0,24152.0,24086.0,23470.0,23579.0,23117.0,23161.0,22861.0,22626.0
K,89,6899.0,7154.0,7334.0,7726.0,7879.0,8287.0,8746.0,8964.0,8832.0,10042.0,10737.0,12394.0,13220.0,15036.0,14963.0,14616.0,15134.0,15651.0,15663.0,16819.0,17743.0,18402.0,19262.0,20410.0,20529.0,21479.0,22069.0,22834.0,23612.0,24510.0,25781.0,27058.0,27922.0,28745.0,29704.0,30860.0,31538.0,31325.0,32074.0,32231.0,31473.0,31915.0,30785.0,29956.0,29601.0,30466.0,30710.0,31425.0,31522.0,32014.0,31849.0,32372.0,32813.0,33303.0,34117.0,35151.0,35575.0,36046.0,35359.0,34593.0,34075.0,33554.0,33180.0,32951.0,31656.0,30827.0,30543.0,30465.0,29258.0,28865.0,29137.0,29277.0,29223.0,29773.0,29578.0,30227.0,30653.0,30235.0,29383.0,29207.0,28484.0,28039.0,27891.0,27687.0,26625.0,25838.0,25564.0,25035.0,26128.0,23592.0,25162.0,24922.0,24613.0,24351.0,23991.0,23942.0,23312.0,23437.0,22973.0,23015.0,22730.0
K,90,6430.0,5906.0,5964.0,6146.0,6448.0,6566.0,6922.0,7351.0,7622.0,7565.0,8694.0,9361.0,10895.0,11771.0,13475.0,13550.0,13349.0,13903.0,14515.0,14619.0,15720.0,16723.0,17461.0,18308.0,19553.0,19787.0,20799.0,21487.0,22262.0,23047.0,23970.0,25262.0,26517.0,27353.0,28160.0,29097.0,30248.0,30946.0,30748.0,31504.0,31648.0,30909.0,31379.0,30282.0,29405.0,29113.0,29978.0,30212.0,30919.0,31006.0,31540.0,31349.0,31883.0,32313.0,32790.0,33580.0,34648.0,35048.0,35483.0,34860.0,34065.0,33559.0,33040.0,32710.0,32480.0,31199.0,30401.0,30128.0,29993.0,28841.0,28452.0,28709.0,28845.0,28801.0,29312.0,29157.0,29770.0,30223.0,29741.0,28957.0,28806.0,28090.0,27668.0,27501.0,27328.0,26274.0,25498.0,25218.0,24707.0,25759.0,23267.0,24802.0,24548.0,24216.0,24000.0,23647.0,23601.0,22989.0,23100.0,22651.0,22705.0
K,91,5648.0,4151.0,3696.0,3652.0,3863.0,4049.0,4073.0,4380.0,4623.0,4905.0,4896.0,5642.0,6241.0,7292.0,7971.0,9189.0,9302.0,9264.0,9708.0,10170.0,10312.0,11102.0,11921.0,12510.0,13168.0,14117.0,14397.0,15119.0,15606.0,16169.0,16855.0,17606.0,18497.0,19336.0,20127.0,20718.0,21455.0,22253.0,22867.0,22747.0,23299.0,23408.0,22903.0,23222.0,22400.0,21694.0,21505.0,22169.0,22413.0,22930.0,22964.0,23383.0,23235.0,23615.0,23934.0,24227.0,24827.0,25610.0,25870.0,26178.0,25793.0,25185.0,24820.0,24436.0,24192.0,23999.0,23058.0,22484.0,22292.0,22228.0,21387.0,21064.0,21249.0,21391.0,21303.0,21729.0,21590.0,22071.0,22418.0,22053.0,21488.0,21328.0,20796.0,20448.0,20333.0,20196.0,19331.0,18784.0,18547.0,18187.0,18992.0,17045.0,18331.0,18031.0,17796.0,17740.0,17448.0,17444.0,16957.0,16959.0,16805.0
K,92,4751.0,3624.0,2560.0,2270.0,2229.0,2381.0,2554.0,2595.0,2875.0,2965.0,3173.0,3207.0,3696.0,4088.0,4872.0,5417.0,6284.0,6360.0,6426.0,6791.0,7117.0,7291.0,7831.0,8461.0,9024.0,9401.0,10107.0,10562.0,11077.0,11461.0,11873.0,12286.0,12928.0,13637.0,14226.0,14770.0,15257.0,15783.0,16375.0,16723.0,16641.0,17078.0,17252.0,16872.0,17153.0,16428.0,15930.0,15784.0,16376.0,16487.0,16886.0,16906.0,17194.0,17186.0,17401.0,17614.0,17835.0,18293.0,18833.0,19065.0,19264.0,18998.0,18629.0,18397.0,18064.0,17835.0,17761.0,17042.0,16581.0,16478.0,16469.0,15910.0,15593.0,15662.0,15759.0,15700.0,15969.0,15961.0,16333.0,16611.0,16280.0,15906.0,15771.0,15371.0,15062.0,15003.0,14914.0,14308.0,13839.0,13699.0,13432.0,14008.0,12576.0,13504.0,13323.0,13077.0,13083.0,12916.0,12905.0,12659.0,12551.0
K,93,3747.0,2973.0,2271.0,1587.0,1406.0,1390.0,1490.0,1628.0,1641.0,1821.0,1911.0,2068.0,2113.0,2492.0,2757.0,3333.0,3713.0,4293.0,4364.0,4481.0,4749.0,5037.0,5148.0,5544.0,6043.0,6564.0,6852.0,7410.0,7810.0,8055.0,8358.0,8693.0,9042.0,9508.0,10073.0,10528.0,10933.0,11383.0,11631.0,12124.0,12283.0,12334.0,12602.0,12768.0,12493.0,12657.0,12128.0,11814.0,11668.0,12055.0,12155.0,12565.0,12556.0,12710.0,12732.0,12846.0,13119.0,13272.0,13546.0,13939.0,14163.0,14284.0,14082.0,13822.0,13660.0,13409.0,13206.0,13157.0,12640.0,12340.0,12220.0,12186.0,11766.0,11521.0,11604.0,11714.0,11655.0,11787.0,11905.0,12066.0,12309.0,12139.0,11691.0,11677.0,11353.0,11084.0,11085.0,11015.0,10505.0,10250.0,10147.0,9970.0,10447.0,9331.0,9962.0,9865.0,9641.0,9707.0,9552.0,9461.0,9309.0
K,94,3013.0,2414.0,1892.0,1452.0,955.0,880.0,855.0,910.0,1032.0,1053.0,1182.0,1250.0,1382.0,1413.0,1696.0,1841.0,2244.0,2532.0,3017.0,3092.0,3137.0,3311.0,3593.0,3682.0,4010.0,4395.0,4730.0,5077.0,5453.0,5736.0,5875.0,6115.0,6307.0,6599.0,6955.0,7374.0,7711.0,8081.0,8427.0,8537.0,8962.0,8990.0,9032.0,9307.0,9391.0,9172.0,9298.0,8918.0,8719.0,8600.0,8896.0,8945.0,9241.0,9217.0,9299.0,9387.0,9461.0,9668.0,9841.0,10021.0,10318.0,10420.0,10486.0,10361.0,10181.0,10094.0,9878.0,9681.0,9697.0,9317.0,9133.0,8967.0,9072.0,8709.0,8464.0,8569.0,8640.0,8724.0,8676.0,8818.0,8911.0,9085.0,8983.0,8675.0,8640.0,8428.0,8207.0,8186.0,8168.0,7750.0,7570.0,7504.0,7367.0,7754.0,6948.0,7391.0,7311.0,7081.0,7186.0,7063.0,6974.0
K,95,2297.0,1630.0,1265.0,978.0,706.0,480.0,486.0,443.0,445.0,557.0,596.0,659.0,701.0,820.0,820.0,1002.0,1127.0,1426.0,1621.0,1926.0,2021.0,2050.0,2203.0,2443.0,2506.0,2779.0,3116.0,3350.0,3651.0,3878.0,4078.0,4197.0,4306.0,4527.0,4739.0,4921.0,5246.0,5450.0,5794.0,6086.0,6082.0,6358.0,6459.0,6511.0,6709.0,6755.0,6580.0,6700.0,6377.0,6338.0,6222.0,6445.0,6389.0,6631.0,6661.0,6748.0,6791.0,6826.0,6998.0,7139.0,7190.0,7510.0,7599.0,7566.0,7510.0,7380.0,7254.0,7209.0,7073.0,7039.0,6789.0,6643.0,6539.0,6545.0,6244.0,6069.0,6183.0,6290.0,6338.0,6242.0,6374.0,6441.0,6571.0,6480.0,6304.0,6235.0,6061.0,5924.0,5952.0,5879.0,5581.0,5476.0,5450.0,5393.0,5576.0,5073.0,5327.0,5302.0,5100.0,5208.0,5102.0
K,96,1797.0,1219.0,860.0,644.0,496.0,355.0,240.0,285.0,240.0,253.0,297.0,323.0,389.0,391.0,496.0,471.0,619.0,704.0,880.0,1045.0,1297.0,1336.0,1365.0,1492.0,1693.0,1767.0,1943.0,2198.0,2321.0,2612.0,2792.0,2913.0,2970.0,3068.0,3227.0,3385.0,3524.0,3684.0,3936.0,4154.0,4358.0,4316.0,4532.0,4660.0,4686.0,4798.0,4879.0,4738.0,4845.0,4546.0,4518.0,4471.0,4632.0,4620.0,4770.0,4776.0,4872.0,4911.0,4954.0,5036.0,5179.0,5179.0,5402.0,5550.0,5515.0,5427.0,5334.0,5290.0,5264.0,5110.0,5086.0,4965.0,4788.0,4753.0,4744.0,4490.0,4407.0,4432.0,4563.0,4565.0,4505.0,4565.0,4615.0,4754.0,4678.0,4559.0,4454.0,4365.0,4293.0,4285.0,4222.0,4052.0,3995.0,3977.0,3894.0,4075.0,3720.0,3905.0,3859.0,3668.0,3757.0
K,97,1313.0,963.0,649.0,435.0,316.0,248.0,160.0,127.0,145.0,131.0,146.0,188.0,175.0,226.0,241.0,295.0,298.0,396.0,460.0,576.0,671.0,894.0,899.0,930.0,1020.0,1178.0,1233.0,1389.0,1518.0,1652.0,1857.0,1960.0,2050.0,2109.0,2180.0,2364.0,2425.0,2574.0,2674.0,2858.0,3068.0,3180.0,3133.0,3239.0,3402.0,3424.0,3469.0,3516.0,3437.0,3497.0,3282.0,3272.0,3202.0,3302.0,3401.0,3449.0,3455.0,3514.0,3514.0,3600.0,3699.0,3772.0,3748.0,3912.0,4039.0,3978.0,3937.0,3864.0,3799.0,3830.0,3703.0,3681.0,3551.0,3394.0,3395.0,3385.0,3196.0,3151.0,3239.0,3343.0,3305.0,3252.0,3312.0,3352.0,3432.0,3391.0,3311.0,3216.0,3150.0,3090.0,3092.0,3073.0,2945.0,2899.0,2911.0,2770.0,2974.0,2726.0,2891.0,2819.0,2706.0
K,98,991.0,714.0,485.0,317.0,218.0,164.0,122.0,84.0,68.0,70.0,69.0,80.0,105.0,95.0,144.0,159.0,180.0,195.0,251.0,288.0,385.0,454.0,594.0,607.0,641.0,725.0,817.0,871.0,984.0,1097.0,1181.0,1330.0,1421.0,1476.0,1512.0,1581.0,1723.0,1760.0,1869.0,1949.0,2085.0,2219.0,2311.0,2276.0,2366.0,2470.0,2477.0,2497.0,2549.0,2488.0,2519.0,2352.0,2368.0,2309.0,2402.0,2504.0,2500.0,2508.0,2559.0,2525.0,2580.0,2683.0,2768.0,2711.0,2804.0,2942.0,2906.0,2840.0,2786.0,2770.0,2743.0,2665.0,2660.0,2593.0,2500.0,2518.0,2472.0,2317.0,2288.0,2318.0,2455.0,2418.0,2402.0,2386.0,2466.0,2485.0,2470.0,2396.0,2379.0,2294.0,2251.0,2238.0,2240.0,2145.0,2120.0,2131.0,2025.0,2196.0,2002.0,2091.0,2031.0
K,99,597.0,549.0,338.0,261.0,154.0,114.0,97.0,71.0,43.0,38.0,43.0,40.0,44.0,72.0,43.0,91.0,107.0,122.0,128.0,166.0,163.0,245.0,291.0,402.0,416.0,445.0,524.0,574.0,616.0,702.0,759.0,858.0,951.0,1005.0,1063.0,1077.0,1130.0,1239.0,1240.0,1289.0,1374.0,1500.0,1584.0,1671.0,1645.0,1699.0,1768.0,1759.0,1806.0,1840.0,1787.0,1842.0,1684.0,1705.0,1676.0,1742.0,1796.0,1822.0,1826.0,1838.0,1830.0,1876.0,1969.0,2001.0,1979.0,2018.0,2172.0,2123.0,2092.0,2063.0,2020.0,2024.0,1942.0,1930.0,1903.0,1789.0,1800.0,1771.0,1704.0,1663.0,1701.0,1756.0,1746.0,1750.0,1716.0,1794.0,1807.0,1802.0,1728.0,1707.0,1665.0,1619.0,1632.0,1613.0,1597.0,1534.0,1550.0,1496.0,1595.0,1466.0,1541.0
K,100,423.0,234.0,218.0,112.0,98.0,60.0,51.0,38.0,26.0,16.0,19.0,18.0,17.0,25.0,32.0,20.0,48.0,55.0,55.0,77.0,92.0,95.0,157.0,193.0,261.0,286.0,295.0,354.0,400.0,417.0,496.0,536.0,624.0,678.0,720.0,754.0,781.0,801.0,888.0,880.0,903.0,959.0,1054.0,1111.0,1160.0,1128.0,1203.0,1255.0,1255.0,1249.0,1304.0,1254.0,1274.0,1195.0,1208.0,1195.0,1242.0,1263.0,1255.0,1283.0,1287.0,1275.0,1342.0,1393.0,1392.0,1369.0,1445.0,1541.0,1498.0,1487.0,1476.0,1425.0,1442.0,1396.0,1378.0,1337.0,1258.0,1278.0,1237.0,1208.0,1188.0,1211.0,1249.0,1240.0,1227.0,1231.0,1280.0,1304.0,1268.0,1231.0,1194.0,1169.0,1127.0,1168.0,1102.0,1143.0,1058.0,1128.0,1092.0,1150.0,1051.0
K,101,256.0,88.0,50.0,32.0,21.0,18.0,10.0,9.0,6.0,5.0,2.0,6.0,5.0,2.0,8.0,10.0,6.0,9.0,13.0,18.0,22.0,24.0,27.0,49.0,60.0,98.0,102.0,97.0,128.0,136.0,127.0,160.0,184.0,216.0,241.0,264.0,276.0,280.0,290.0,324.0,327.0,335.0,338.0,370.0,376.0,404.0,390.0,418.0,449.0,451.0,439.0,471.0,440.0,447.0,430.0,424.0,428.0,442.0,451.0,450.0,450.0,460.0,451.0,476.0,504.0,480.0,482.0,508.0,532.0,512.0,515.0,517.0,515.0,520.0,489.0,502.0,486.0,465.0,463.0,428.0,445.0,424.0,414.0,453.0,434.0,437.0,440.0,453.0,467.0,454.0,439.0,416.0,426.0,411.0,405.0,388.0,411.0,369.0,397.0,390.0,419.0
K,102,164.0,47.0,23.0,13.0,6.0,6.0,5.0,2.0,2.0,,1.0,,2.0,2.0,,2.0,6.0,3.0,5.0,6.0,7.0,9.0,11.0,9.0,17.0,18.0,34.0,38.0,29.0,54.0,54.0,47.0,56.0,58.0,75.0,90.0,92.0,106.0,95.0,111.0,119.0,120.0,114.0,109.0,141.0,132.0,146.0,146.0,149.0,162.0,163.0,157.0,180.0,153.0,163.0,165.0,148.0,162.0,174.0,167.0,168.0,172.0,181.0,171.0,180.0,188.0,177.0,188.0,182.0,203.0,199.0,203.0,186.0,192.0,189.0,184.0,183.0,186.0,186.0,174.0,173.0,157.0,157.0,150.0,165.0,152.0,158.0,175.0,176.0,175.0,172.0,161.0,164.0,150.0,141.0,145.0,139.0,152.0,134.0,151.0,147.0
K,103,82.0,38.0,13.0,9.0,3.0,3.0,1.0,1.0,,1.0,,1.0,,,,,,1.0,1.0,1.0,,4.0,1.0,2.0,4.0,5.0,6.0,12.0,12.0,14.0,19.0,16.0,15.0,15.0,18.0,25.0,29.0,25.0,29.0,29.0,37.0,44.0,48.0,42.0,41.0,53.0,57.0,48.0,55.0,53.0,63.0,59.0,55.0,62.0,64.0,54.0,64.0,54.0,62.0,58.0,63.0,55.0,65.0,66.0,62.0,66.0,69.0,67.0,70.0,70.0,70.0,63.0,66.0,72.0,58.0,68.0,66.0,62.0,56.0,70.0,57.0,71.0,54.0,56.0,61.0,65.0,63.0,56.0,61.0,58.0,55.0,59.0,51.0,52.0,56.0,49.0,50.0,54.0,53.0,55.0,54.0
K,104,39.0,18.0,5.0,3.0,2.0,,1.0,,1.0,,,,1.0,,,,,,,,1.0,,,,1.0,2.0,1.0,2.0,4.0,4.0,2.0,9.0,6.0,4.0,2.0,6.0,9.0,12.0,9.0,8.0,8.0,12.0,16.0,16.0,12.0,11.0,17.0,16.0,19.0,19.0,18.0,22.0,23.0,19.0,24.0,24.0,18.0,24.0,18.0,24.0,22.0,27.0,24.0,25.0,29.0,25.0,23.0,36.0,31.0,30.0,33.0,33.0,31.0,29.0,25.0,20.0,27.0,32.0,21.0,27.0,25.0,19.0,23.0,20.0,19.0,23.0,24.0,25.0,21.0,22.0,24.0,25.0,23.0,20.0,23.0,22.0,19.0,20.0,20.0,17.0,23.0
K,105,76.0,15.0,4.0,2.0,1.0,1.0,,,,1.0,,,,1.0,,,,,,,,,,,,1.0,1.0,,1.0,,1.0,1.0,,3.0,2.0,,,2.0,,3.0,2.0,2.0,2.0,5.0,6.0,2.0,1.0,5.0,6.0,5.0,3.0,7.0,7.0,13.0,8.0,10.0,8.0,4.0,7.0,8.0,14.0,8.0,11.0,14.0,11.0,14.0,12.0,8.0,14.0,12.0,13.0,16.0,12.0,14.0,9.0,14.0,8.0,12.0,13.0,6.0,9.0,11.0,9.0,9.0,10.0,6.0,8.0,12.0,11.0,8.0,8.0,10.0,10.0,6.0,9.0,7.0,9.0,8.0,8.0,8.0,8.0
K,106,,20.0,,,,,,,,,1.0,,,,,,,,,,,,,,,,,,,1.0,,,,,1.0,1.0,,,2.0,,2.0,1.0,1.0,1.0,2.0,2.0,,,,,,,1.0,1.0,3.0,4.0,3.0,,1.0,1.0,1.0,4.0,3.0,3.0,6.0,2.0,3.0,5.0,3.0,4.0,5.0,3.0,6.0,7.0,3.0,4.0,3.0,2.0,3.0,3.0,3.0,4.0,3.0,2.0,1.0,2.0,1.0,1.0,4.0,2.0,1.0,1.0,2.0,3.0,2.0,4.0,,,3.0,2.0,1.0
K,107,,,5.0,,,,,,,,,,,,,,,,,,,,,,,,,,,,1.0,,,,,,,,,1.0,,1.0,1.0,,,,,,,,,,,,,,,,,,,,1.0,,,2.0,1.0,,2.0,2.0,1.0,1.0,1.0,2.0,2.0,2.0,1.0,1.0,,1.0,,,,,,,,,,1.0,,,,,,,,,,,
K,108,,,,2.0,,,,,,,,,,,,,,,,,,,,,,,,,,,,,,,,,,,,,,,,,,,,,,,,,,,,,,,,,,,,,,,,1.0,,1.0,1.0,,,,1.0,,1.0,,1.0,,,,,,,,,,,,,,,,,,,,,,
K,109,,,,,,,,,,,,,,,,,,,,,,,,,,,,,,,,,,,,,,,,,,,,,,,,,,,,,,,,,,,,,,,,,,,,,,,,1.0,,,,1.0,,,,,,,,,,,,,,,,,,,,,,,,,
M,0,26681.0,26737.0,26795.0,26280.0,26033.0,25783.0,25470.0,25527.0,24918.0,24785.0,24440.0,24177.0,24238.0,24183.0,23780.0,23831.0,23363.0,23293.0,23421.0,23103.0,22803.0,22629.0,22567.0,22161.0,22017.0,21637.0,21254.0,21160.0,20754.0,20572.0,20370.0,20155.0,20065.0,19899.0,19549.0,19499.0,19183.0,19036.0,18753.0,18686.0,18644.0,18264.0,18057.0,18109.0,17926.0,17803.0,17609.0,17556.0,17340.0,17229.0,17022.0,16896.0,16828.0,16512.0,16552.0,16368.0,15989.0,15850.0,15736.0,15612.0,15229.0,15260.0,15037.0,14745.0,14782.0,14424.0,14432.0,14251.0,14098.0,13830.0,13808.0,13819.0,13552.0,13594.0,13335.0,13176.0,13294.0,13075.0,12996.0,13038.0,12652.0,12674.0,12441.0,12386.0,12228.0,12243.0,12008.0,11761.0,11848.0,11725.0,11588.0,11386.0,11315.0,11176.0,11021.0,10980.0,10743.0,10743.0,10534.0,10492.0,10400.0
M,1,29378.0,26673.0,26718.0,26787.0,26261.0,26024.0,25779.0,25460.0,25518.0,24910.0,24779.0,24428.0,24169.0,24235.0,24175.0,23777.0,23826.0,23356.0,23290.0,23417.0,23102.0,22802.0,22626.0,22567.0,22157.0,22015.0,21634.0,21254.0,21160.0,20753.0,20572.0,20370.0,20155.0,20064.0,19897.0,19546.0,19499.0,19183.0,19035.0,18752.0,18686.0,18644.0,18264.0,18057.0,18108.0,17924.0,17803.0,17609.0,17556.0,17339.0,17229.0,17021.0,16896.0,16827.0,16509.0,16552.0,16368.0,15988.0,15850.0,15735.0,15612.0,15229.0,15260.0,15037.0,14745.0,14782.0,14424.0,14432.0,14250.0,14098.0,13830.0,13808.0,13816.0,13552.0,13594.0,13335.0,13176.0,13293.0,13074.0,12996.0,13037.0,12652.0,12674.0,12441.0,12386.0,12228.0,12243.0,12008.0,11760.0,11848.0,11725.0,11588.0,11386.0,11315.0,11176.0,11021.0,10979.0,10743.0,10742.0,10533.0,10492.0
M,2,27958.0,29359.0,26661.0,26707.0,26778.0,26249.0,26017.0,25764.0,25453.0,25511.0,24899.0,24772.0,24415.0,24165.0,24230.0,24171.0,23775.0,23822.0,23353.0,23286.0,23413.0,23100.0,22799.0,22626.0,22564.0,22154.0,22014.0,21631.0,21252.0,21159.0,20752.0,20572.0,20369.0,20154.0,20063.0,19896.0,19546.0,19499.0,19182.0,19033.0,18751.0,18686.0,18644.0,18264.0,18057.0,18108.0,17922.0,17801.0,17609.0,17556.0,17339.0,17228.0,17019.0,16896.0,16827.0,16509.0,16552.0,16368.0,15988.0,15849.0,15735.0,15611.0,15229.0,15259.0,15037.0,14743.0,14782.0,14424.0,14432.0,14249.0,14097.0,13829.0,13808.0,13815.0,13552.0,13594.0,13335.0,13176.0,13292.0,13073.0,12996.0,13037.0,12651.0,12674.0,12441.0,12385.0,12228.0,12241.0,12008.0,11760.0,11848.0,11724.0,11588.0,11386.0,11314.0,11176.0,11020.0,10979.0,10743.0,10742.0,10532.0
M,3,28989.0,27950.0,29346.0,26647.0,26691.0,26770.0,26241.0,26006.0,25750.0,25440.0,25504.0,24894.0,24762.0,24410.0,24162.0,24226.0,24170.0,23770.0,23816.0,23351.0,23284.0,23410.0,23097.0,22796.0,22620.0,22564.0,22152.0,22012.0,21630.0,21252.0,21159.0,20751.0,20568.0,20369.0,20154.0,20063.0,19895.0,19546.0,19496.0,19181.0,19032.0,18748.0,18685.0,18642.0,18263.0,18057.0,18107.0,17921.0,17801.0,17608.0,17556.0,17339.0,17228.0,17017.0,16894.0,16826.0,16508.0,16552.0,16366.0,15987.0,15847.0,15735.0,15611.0,15229.0,15258.0,15037.0,14742.0,14780.0,14423.0,14432.0,14249.0,14096.0,13827.0,13808.0,13815.0,13552.0,13594.0,13334.0,13176.0,13291.0,13073.0,12993.0,13037.0,12650.0,12673.0,12441.0,12385.0,12227.0,12241.0,12008.0,11760.0,11847.0,11724.0,11586.0,11385.0,11314.0,11176.0,11020.0,10979.0,10743.0,10742.0
M,4,29454.0,28975.0,27943.0,29337.0,26640.0,26684.0,26762.0,26234.0,25995.0,25742.0,25438.0,25495.0,24889.0,24755.0,24400.0,24151.0,24219.0,24166.0,23767.0,23816.0,23346.0,23278.0,23410.0,23097.0,22795.0,22620.0,22563.0,22151.0,22011.0,21628.0,21248.0,21159.0,20751.0,20567.0,20368.0,20153.0,20062.0,19895.0,19545.0,19495.0,19178.0,19031.0,18747.0,18683.0,18640.0,18263.0,18056.0,18107.0,17921.0,17800.0,17608.0,17555.0,17338.0,17228.0,17016.0,16894.0,16826.0,16508.0,16551.0,16365.0,15987.0,15846.0,15735.0,15609.0,15229.0,15257.0,15036.0,14742.0,14780.0,14423.0,14432.0,14249.0,14096.0,13827.0,13808.0,13814.0,13552.0,13594.0,13333.0,13176.0,13291.0,13072.0,12993.0,13036.0,12648.0,12672.0,12441.0,12385.0,12226.0,12241.0,12007.0,11760.0,11847.0,11723.0,11586.0,11385.0,11314.0,11176.0,11020.0,10979.0,10743.0
M,5,30339.0,29452.0,28974.0,27940.0,29336.0,26638.0,26683.0,26762.0,26234.0,25994.0,25741.0,25436.0,25494.0,24887.0,24754.0,24400.0,24150.0,24219.0,24166.0,23767.0,23816.0,23346.0,23278.0,23409.0,23097.0,22795.0,22620.0,22563.0,22151.0,22011.0,21628.0,21248.0,21159.0,20751.0,20567.0,20368.0,20153.0,20062.0,19895.0,19544.0,19495.0,19178.0,19031.0,18747.0,18683.0,18640.0,18262.0,18056.0,18107.0,17921.0,17800.0,17608.0,17555.0,17338.0,17228.0,17016.0,16894.0,16826.0,16508.0,16551.0,16365.0,15987.0,15846.0,15735.0,15609.0,15229.0,15257.0,15036.0,14742.0,14780.0,14423.0,14432.0,14249.0,14096.0,13827.0,13808.0,13814.0,13552.0,13594.0,13333.0,13176.0,13291.0,13072.0,12993.0,13036.0,12648.0,12672.0,12441.0,12385.0,12226.0,12241.0,12007.0,11760.0,11847.0,11723.0,11586.0,11385.0,11314.0,11176.0,11019.0,10979.0
M,6,31761.0,30338.0,29451.0,28973.0,27940.0,29333.0,26637.0,26681.0,26759.0,26233.0,25991.0,25740.0,25434.0,25492.0,24887.0,24753.0,24400.0,24149.0,24219.0,24166.0,23767.0,23816.0,23346.0,23278.0,23407.0,23097.0,22795.0,22620.0,22563.0,22151.0,22010.0,21628.0,21248.0,21159.0,20751.0,20567.0,20368.0,20153.0,20062.0,19895.0,19544.0,19495.0,19178.0,19031.0,18747.0,18683.0,18640.0,18261.0,18056.0,18107.0,17921.0,17800.0,17607.0,17555.0,17338.0,17228.0,17015.0,16894.0,16826.0,16508.0,16551.0,16365.0,15987.0,15846.0,15735.0,15609.0,15229.0,15257.0,15035.0,14742.0,14780.0,14423.0,14432.0,14249.0,14096.0,13827.0,13808.0,13813.0,13552.0,13594.0,13333.0,13176.0,13291.0,13072.0,12993.0,13036.0,12648.0,12672.0,12441.0,12385.0,12226.0,12241.0,12007.0,11760.0,11847.0,11723.0,11586.0,11385.0,11314.0,11176.0,11019.0
M,7,31747.0,31760.0,30337.0,29450.0,28973.0,27939.0,29331.0,26637.0,26681.0,26759.0,26232.0,25990.0,25740.0,25433.0,25492.0,24885.0,24752.0,24399.0,24149.0,24218.0,24166.0,23767.0,23815.0,23346.0,23278.0,23406.0,23097.0,22795.0,22620.0,22563.0,22151.0,22010.0,21628.0,21248.0,21158.0,20751.0,20567.0,20368.0,20153.0,20062.0,19895.0,19544.0,19495.0,19178.0,19031.0,18747.0,18683.0,18640.0,18261.0,18056.0,18107.0,17921.0,17800.0,17606.0,17555.0,17338.0,17228.0,17015.0,16894.0,16826.0,16508.0,16551.0,16365.0,15987.0,15846.0,15735.0,15609.0,15229.0,15257.0,15035.0,14742.0,14780.0,14423.0,14432.0,14249.0,14095.0,13827.0,13808.0,13813.0,13552.0,13594.0,13333.0,13176.0,13290.0,13072.0,12993.0,13036.0,12648.0,12672.0,12441.0,12385.0,12226.0,12241.0,12007.0,11760.0,11847.0,11723.0,11586.0,11385.0,11314.0,11176.0
M,8,31877.0,31746.0,31759.0,30335.0,29447.0,28972.0,27938.0,29329.0,26637.0,26681.0,26757.0,26232.0,25988.0,25739.0,25433.0,25492.0,24885.0,24752.0,24399.0,24149.0,24218.0,24166.0,23766.0,23813.0,23346.0,23278.0,23406.0,23097.0,22795.0,22620.0,22563.0,22151.0,22010.0,21628.0,21248.0,21158.0,20751.0,20567.0,20368.0,20153.0,20062.0,19895.0,19544.0,19495.0,19178.0,19031.0,18747.0,18683.0,18640.0,18261.0,18056.0,18107.0,17921.0,17800.0,17606.0,17555.0,17338.0,17228.0,17015.0,16894.0,16826.0,16508.0,16550.0,16365.0,15987.0,15846.0,15735.0,15609.0,15228.0,15257.0,15035.0,14742.0,14780.0,14423.0,14432.0,14249.0,14095.0,13827.0,13808.0,13813.0,13552.0,13594.0,13333.0,13176.0,13290.0,13072.0,12993.0,13036.0,12648.0,12672.0,12441.0,12385.0,12226.0,12241.0,12007.0,11760.0,11847.0,11723.0,11586.0,11385.0,11314.0
M,9,31832.0,31874.0,31745.0,31757.0,30333.0,29447.0,28971.0,27936.0,29328.0,26637.0,26681.0,26755.0,26231.0,25988.0,25739.0,25432.0,25492.0,24885.0,24751.0,24397.0,24149.0,24218.0,24165.0,23766.0,23812.0,23346.0,23278.0,23406.0,23096.0,22795.0,22620.0,22563.0,22151.0,22010.0,21628.0,21248.0,21158.0,20751.0,20567.0,20368.0,20153.0,20062.0,19895.0,19544.0,19495.0,19178.0,19030.0,18747.0,18683.0,18640.0,18261.0,18056.0,18107.0,17921.0,17800.0,17606.0,17555.0,17338.0,17228.0,17015.0,16894.0,16826.0,16508.0,16550.0,16365.0,15986.0,15846.0,15735.0,15609.0,15228.0,15257.0,15035.0,14742.0,14780.0,14423.0,14431.0,14249.0,14095.0,13827.0,13808.0,13813.0,13552.0,13594.0,13333.0,13175.0,13290.0,13072.0,12993.0,13036.0,12648.0,12672.0,12441.0,12385.0,12226.0,12241.0,12007.0,11760.0,11847.0,11723.0,11586.0,11385.0
M,10,33040.0,31831.0,31872.0,31742.0,31755.0,30331.0,29447.0,28971.0,27933.0,29325.0,26636.0,26681.0,26752.0,26229.0,25988.0,25736.0,25429.0,25492.0,24885.0,24751.0,24396.0,24149.0,24218.0,24164.0,23766.0,23812.0,23346.0,23277.0,23406.0,23096.0,22795.0,22620.0,22563.0,22151.0,22010.0,21628.0,21248.0,21158.0,20751.0,20567.0,20367.0,20152.0,20062.0,19894.0,19544.0,19495.0,19178.0,19030.0,18747.0,18683.0,18640.0,18261.0,18056.0,18107.0,17921.0,17800.0,17606.0,17555.0,17337.0,17228.0,17015.0,16894.0,16826.0,16508.0,16550.0,16365.0,15986.0,15846.0,15735.0,15609.0,15228.0,15257.0,15035.0,14742.0,14780.0,14422.0,14431.0,14249.0,14095.0,13827.0,13808.0,13813.0,13552.0,13594.0,13333.0,13175.0,13290.0,13072.0,12993.0,13036.0,12648.0,12672.0,12441.0,12385.0,12226.0,12241.0,12007.0,11760.0,11847.0,11722.0,11586.0
M,11,33476.0,33039.0,31830.0,31869.0,31741.0,31754.0,30329.0,29446.0,28968.0,27928.0,29325.0,26632.0,26680.0,26752.0,26228.0,25988.0,25735.0,25428.0,25490.0,24885.0,24750.0,24396.0,24148.0,24218.0,24164.0,23766.0,23812.0,23345.0,23277.0,23405.0,23096.0,22795.0,22620.0,22563.0,22151.0,22010.0,21628.0,21248.0,21158.0,20751.0,20567.0,20367.0,20152.0,20062.0,19894.0,19544.0,19495.0,19178.0,19030.0,18747.0,18683.0,18640.0,18261.0,18056.0,18107.0,17921.0,17800.0,17606.0,17555.0,17337.0,17228.0,17015.0,16894.0,16826.0,16508.0,16550.0,16365.0,15986.0,15846.0,15735.0,15609.0,15228.0,15257.0,15035.0,14742.0,14780.0,14422.0,14431.0,14249.0,14095.0,13827.0,13808.0,13813.0,13552.0,13594.0,13333.0,13175.0,13290.0,13072.0,12993.0,13036.0,12648.0,12672.0,12441.0,12385.0,12226.0,12240.0,12007.0,11760.0,11847.0,11722.0
M,12,34255.0,33472.0,33037.0,31829.0,31869.0,31737.0,31753.0,30325.0,29444.0,28965.0,27926.0,29324.0,26632.0,26680.0,26752.0,26228.0,25987.0,25731.0,25427.0,25490.0,24884.0,24750.0,24396.0,24147.0,24218.0,24164.0,23765.0,23812.0,23345.0,23277.0,23405.0,23096.0,22794.0,22620.0,22563.0,22151.0,22010.0,21628.0,21248.0,21158.0,20751.0,20567.0,20367.0,20152.0,20062.0,19894.0,19544.0,19495.0,19178.0,19030.0,18747.0,18683.0,18640.0,18261.0,18055.0,18107.0,17921.0,17799.0,17606.0,17555.0,17337.0,17228.0,17015.0,16893.0,16826.0,16508.0,16550.0,16365.0,15986.0,15846.0,15735.0,15609.0,15228.0,15257.0,15035.0,14741.0,14780.0,14422.0,14431.0,14249.0,14095.0,13827.0,13808.0,13813.0,13552.0,13594.0,13333.0,13175.0,13290.0,13072.0,12993.0,13036.0,12648.0,12672.0,12441.0,12385.0,12226.0,12240.0,12007.0,11760.0,11847.0
M,13,34985.0,34254.0,33471.0,33036.0,31826.0,31869.0,31732.0,31751.0,30323.0,29441.0,28963.0,27922.0,29321.0,26632.0,26678.0,26752.0,26225.0,25985.0,25731.0,25425.0,25490.0,24884.0,24750.0,24395.0,24146.0,24217.0,24163.0,23765.0,23812.0,23345.0,23277.0,23404.0,23096.0,22794.0,22620.0,22563.0,22151.0,22010.0,21628.0,21248.0,21158.0,20751.0,20567.0,20367.0,20152.0,20062.0,19894.0,19544.0,19495.0,19178.0,19030.0,18747.0,18683.0,18640.0,18261.0,18055.0,18107.0,17921.0,17799.0,17606.0,17554.0,17336.0,17228.0,17015.0,16893.0,16826.0,16508.0,16550.0,16365.0,15986.0,15846.0,15735.0,15609.0,15228.0,15257.0,15035.0,14741.0,14780.0,14422.0,14431.0,14249.0,14095.0,13827.0,13808.0,13813.0,13552.0,13594.0,13333.0,13175.0,13289.0,13072.0,12993.0,13035.0,12648.0,12672.0,12440.0,12385.0,12226.0,12240.0,12007.0,11760.0
M,14,34749.0,34984.0,34252.0,33469.0,33035.0,31825.0,31865.0,31731.0,31749.0,30319.0,29439.0,28961.0,27922.0,29321.0,26632.0,26677.0,26752.0,26225.0,25983.0,25729.0,25425.0,25490.0,24884.0,24749.0,24395.0,24146.0,24217.0,24162.0,23765.0,23812.0,23345.0,23277.0,23404.0,23096.0,22794.0,22620.0,22563.0,22151.0,22010.0,21628.0,21248.0,21157.0,20751.0,20566.0,20367.0,20152.0,20062.0,19894.0,19544.0,19495.0,19178.0,19030.0,18746.0,18682.0,18640.0,18261.0,18055.0,18107.0,17921.0,17799.0,17606.0,17554.0,17336.0,17228.0,17015.0,16893.0,16826.0,16508.0,16550.0,16365.0,15986.0,15846.0,15735.0,15609.0,15228.0,15257.0,15035.0,14741.0,14780.0,14422.0,14431.0,14249.0,14095.0,13827.0,13808.0,13813.0,13552.0,13594.0,13333.0,13175.0,13289.0,13072.0,12993.0,13035.0,12648.0,12672.0,12440.0,12385.0,12226.0,12240.0,12007.0
M,15,33731.0,34744.0,34976.0,34243.0,33460.0,33024.0,31819.0,31855.0,31730.0,31744.0,30315.0,29432.0,28958.0,27921.0,29317.0,26629.0,26675.0,26747.0,26225.0,25980.0,25726.0,25423.0,25489.0,24884.0,24744.0,24395.0,24143.0,24217.0,24161.0,23765.0,23812.0,23345.0,23277.0,23400.0,23096.0,22794.0,22620.0,22562.0,22150.0,22010.0,21628.0,21247.0,21156.0,20750.0,20565.0,20367.0,20151.0,20061.0,19894.0,19542.0,19495.0,19177.0,19030.0,18745.0,18682.0,18639.0,18261.0,18055.0,18106.0,17921.0,17799.0,17606.0,17554.0,17336.0,17227.0,17015.0,16893.0,16825.0,16507.0,16550.0,16365.0,15985.0,15846.0,15735.0,15609.0,15228.0,15257.0,15035.0,14740.0,14780.0,14422.0,14431.0,14249.0,14095.0,13827.0,13808.0,13813.0,13552.0,13594.0,13333.0,13175.0,13289.0,13072.0,12992.0,13035.0,12648.0,12671.0,12440.0,12384.0,12226.0,12240.0
M,16,33891.0,33728.0,34737.0,34966.0,34235.0,33456.0,33018.0,31812.0,31846.0,31719.0,31737.0,30312.0,29424.0,28948.0,27918.0,29313.0,26625.0,26673.0,26742.0,26223.0,25979.0,25724.0,25422.0,25487.0,24884.0,24744.0,24394.0,24142.0,24216.0,24161.0,23764.0,23811.0,23345.0,23277.0,23400.0,23096.0,22794.0,22620.0,22562.0,22149.0,22008.0,21628.0,21247.0,21156.0,20750.0,20564.0,20367.0,20150.0,20061.0,19894.0,19542.0,19494.0,19177.0,19029.0,18745.0,18681.0,18639.0,18261.0,18055.0,18106.0,17921.0,17799.0,17606.0,17554.0,17336.0,17226.0,17015.0,16891.0,16824.0,16506.0,16550.0,16365.0,15985.0,15846.0,15735.0,15608.0,15228.0,15257.0,15035.0,14740.0,14780.0,14422.0,14431.0,14249.0,14095.0,13826.0,13808.0,13813.0,13552.0,13594.0,13332.0,13175.0,13288.0,13072.0,12992.0,13035.0,12648.0,12671.0,12440.0,12384.0,12225.0
M,17,32980.0,33885.0,33722.0,34726.0,34959.0,34227.0,33448.0,33008.0,31807.0,31842.0,31717.0,31733.0,30304.0,29420.0,28943.0,27915.0,29308.0,26623.0,26670.0,26740.0,26220.0,25978.0,25723.0,25420.0,25486.0,24883.0,24743.0,24393.0,24141.0,24216.0,24160.0,23762.0,23810.0,23345.0,23277.0,23400.0,23096.0,22794.0,22620.0,22562.0,22148.0,22008.0,21628.0,21247.0,21155.0,20750.0,20564.0,20366.0,20149.0,20059.0,19893.0,19542.0,19494.0,19177.0,19029.0,18745.0,18681.0,18639.0,18260.0,18055.0,18106.0,17921.0,17799.0,17606.0,17553.0,17336.0,17226.0,17014.0,16891.0,16823.0,16506.0,16550.0,16365.0,15985.0,15846.0,15735.0,15608.0,15228.0,15257.0,15035.0,14740.0,14780.0,14422.0,14431.0,14249.0,14095.0,13825.0,13808.0,13813.0,13552.0,13594.0,13331.0,13175.0,13287.0,13072.0,12991.0,13035.0,12648.0,12671.0,12439.0,12384.0
M,18,33334.0,32974.0,33876.0,33719.0,34718.0,34956.0,34220.0,33437.0,33000.0,31799.0,31837.0,31709.0,31726.0,30300.0,29419.0,28939.0,27911.0,29304.0,26620.0,26666.0,26739.0,26218.0,25975.0,25723.0,25419.0,25485.0,24879.0,24742.0,24392.0,24139.0,24216.0,24160.0,23761.0,23810.0,23345.0,23277.0,23400.0,23094.0,22794.0,22620.0,22561.0,22148.0,22007.0,21627.0,21247.0,21155.0,20749.0,20563.0,20366.0,20149.0,20059.0,19893.0,19542.0,19494.0,19177.0,19029.0,18745.0,18680.0,18639.0,18260.0,18054.0,18106.0,17921.0,17798.0,17606.0,17553.0,17335.0,17226.0,17014.0,16891.0,16823.0,16506.0,16549.0,16365.0,15985.0,15846.0,15735.0,15608.0,15228.0,15257.0,15035.0,14740.0,14780.0,14422.0,14430.0,14247.0,14093.0,13825.0,13808.0,13812.0,13552.0,13593.0,13331.0,13175.0,13287.0,13072.0,12991.0,13035.0,12647.0,12671.0,12439.0
M,19,32888.0,33328.0,32968.0,33864.0,33713.0,34709.0,34947.0,34212.0,33431.0,32995.0,31796.0,31826.0,31702.0,31723.0,30296.0,29413.0,28936.0,27906.0,29301.0,26619.0,26665.0,26737.0,26217.0,25975.0,25722.0,25419.0,25485.0,24878.0,24741.0,24390.0,24138.0,24215.0,24157.0,23757.0,23809.0,23344.0,23277.0,23399.0,23091.0,22794.0,22620.0,22561.0,22146.0,22007.0,21627.0,21247.0,21155.0,20749.0,20563.0,20366.0,20149.0,20059.0,19892.0,19542.0,19494.0,19177.0,19028.0,18745.0,18679.0,18639.0,18260.0,18054.0,18106.0,17920.0,17797.0,17606.0,17553.0,17335.0,17225.0,17013.0,16891.0,16822.0,16506.0,16549.0,16364.0,15985.0,15846.0,15735.0,15608.0,15228.0,15257.0,15035.0,14740.0,14780.0,14422.0,14430.0,14246.0,14093.0,13825.0,13807.0,13812.0,13552.0,13593.0,13331.0,13175.0,13287.0,13072.0,12991.0,13035.0,12647.0,12671.0
M,20,32354.0,32882.0,33321.0,32961.0,33856.0,33704.0,34704.0,34943.0,34204.0,33423.0,32991.0,31794.0,31823.0,31699.0,31719.0,30295.0,29410.0,28930.0,27904.0,29298.0,26612.0,26664.0,26733.0,26217.0,25974.0,25721.0,25417.0,25485.0,24878.0,24741.0,24389.0,24138.0,24214.0,24156.0,23757.0,23809.0,23343.0,23277.0,23398.0,23089.0,22794.0,22619.0,22561.0,22146.0,22007.0,21627.0,21246.0,21155.0,20748.0,20563.0,20366.0,20148.0,20058.0,19891.0,19542.0,19494.0,19177.0,19028.0,18745.0,18679.0,18638.0,18260.0,18054.0,18105.0,17919.0,17796.0,17606.0,17553.0,17335.0,17225.0,17013.0,16891.0,16822.0,16506.0,16549.0,16364.0,15985.0,15845.0,15735.0,15608.0,15228.0,15257.0,15035.0,14740.0,14779.0,14422.0,14430.0,14246.0,14093.0,13825.0,13806.0,13812.0,13551.0,13593.0,13331.0,13175.0,13287.0,13072.0,12991.0,13034.0,12645.0
M,21,33404.0,32345.0,32874.0,33312.0,32951.0,33847.0,33697.0,34692.0,34939.0,34193.0,33420.0,32984.0,31786.0,31819.0,31695.0,31713.0,30289.0,29406.0,28930.0,27899.0,29296.0,26611.0,26662.0,26731.0,26217.0,25971.0,25719.0,25416.0,25485.0,24878.0,24738.0,24388.0,24137.0,24214.0,24156.0,23757.0,23809.0,23342.0,23277.0,23398.0,23089.0,22793.0,22619.0,22561.0,22145.0,22007.0,21627.0,21246.0,21155.0,20747.0,20563.0,20366.0,20148.0,20056.0,19891.0,19542.0,19494.0,19177.0,19028.0,18744.0,18679.0,18638.0,18259.0,18054.0,18105.0,17918.0,17794.0,17605.0,17553.0,17334.0,17225.0,17013.0,16890.0,16822.0,16506.0,16549.0,16364.0,15985.0,15844.0,15735.0,15606.0,15228.0,15257.0,15035.0,14738.0,14779.0,14422.0,14429.0,14246.0,14093.0,13825.0,13803.0,13812.0,13551.0,13593.0,13331.0,13175.0,13287.0,13072.0,12991.0,13034.0
M,22,35241.0,33389.0,32334.0,32863.0,33302.0,32936.0,33838.0,33689.0,34685.0,34931.0,34181.0,33415.0,32977.0,31778.0,31813.0,31688.0,31710.0,30286.0,29404.0,28929.0,27896.0,29295.0,26608.0,26657.0,26731.0,26217.0,25969.0,25719.0,25415.0,25484.0,24877.0,24736.0,24387.0,24136.0,24214.0,24155.0,23756.0,23809.0,23341.0,23275.0,23398.0,23089.0,22793.0,22618.0,22560.0,22144.0,22007.0,21626.0,21246.0,21155.0,20747.0,20562.0,20366.0,20148.0,20055.0,19891.0,19541.0,19492.0,19176.0,19028.0,18744.0,18678.0,18638.0,18259.0,18052.0,18105.0,17918.0,17794.0,17605.0,17553.0,17334.0,17224.0,17012.0,16890.0,16822.0,16505.0,16548.0,16363.0,15984.0,15844.0,15735.0,15606.0,15227.0,15257.0,15035.0,14737.0,14776.0,14422.0,14428.0,14246.0,14093.0,13825.0,13803.0,13811.0,13551.0,13593.0,13331.0,13174.0,13287.0,13072.0,12991.0
M,23,35569.0,35238.0,33379.0,32327.0,32852.0,33297.0,32928.0,33831.0,33681.0,34672.0,34922.0,34173.0,33412.0,32971.0,31770.0,31810.0,31685.0,31704.0,30286.0,29401.0,28927.0,27894.0,29293.0,26604.0,26655.0,26727.0,26215.0,25969.0,25718.0,25415.0,25482.0,24877.0,24735.0,24387.0,24135.0,24213.0,24155.0,23756.0,23808.0,23341.0,23275.0,23397.0,23089.0,22793.0,22616.0,22558.0,22144.0,22007.0,21626.0,21245.0,21155.0,20747.0,20561.0,20366.0,20148.0,20055.0,19891.0,19541.0,19492.0,19176.0,19028.0,18743.0,18678.0,18637.0,18258.0,18052.0,18104.0,17918.0,17794.0,17605.0,17553.0,17334.0,17224.0,17012.0,16890.0,16822.0,16504.0,16548.0,16362.0,15984.0,15844.0,15735.0,15605.0,15226.0,15256.0,15035.0,14737.0,14776.0,14422.0,14428.0,14246.0,14093.0,13825.0,13800.0,13811.0,13549.0,13593.0,13331.0,13174.0,13287.0,13072.0
M,24,35369.0,35560.0,35233.0,33367.0,32318.0,32840.0,33286.0,32920.0,33825.0,33672.0,34665.0,34910.0,34170.0,33404.0,32965.0,31765.0,31804.0,31682.0,31700.0,30282.0,29399.0,28926.0,27893.0,29293.0,26601.0,26654.0,26726.0,26214.0,25967.0,25716.0,25413.0,25482.0,24876.0,24734.0,24384.0,24135.0,24213.0,24155.0,23756.0,23808.0,23339.0,23275.0,23396.0,23087.0,22792.0,22616.0,22558.0,22144.0,22007.0,21624.0,21245.0,21155.0,20746.0,20561.0,20366.0,20147.0,20055.0,19890.0,19541.0,19491.0,19176.0,19028.0,18743.0,18678.0,18635.0,18258.0,18051.0,18104.0,17918.0,17794.0,17605.0,17553.0,17334.0,17224.0,17012.0,16890.0,16821.0,16503.0,16548.0,16362.0,15984.0,15844.0,15735.0,15604.0,15226.0,15255.0,15035.0,14737.0,14776.0,14421.0,14428.0,14246.0,14093.0,13825.0,13800.0,13811.0,13549.0,13593.0,13331.0,13174.0,13287.0
M,25,36562.0,35357.0,35545.0,35217.0,33359.0,32306.0,32833.0,33271.0,32914.0,33815.0,33658.0,34657.0,34901.0,34158.0,33393.0,32957.0,31757.0,31800.0,31676.0,31694.0,30274.0,29396.0,28925.0,27888.0,29291.0,26598.0,26651.0,26726.0,26213.0,25967.0,25714.0,25413.0,25480.0,24874.0,24733.0,24383.0,24135.0,24212.0,24155.0,23756.0,23808.0,23337.0,23274.0,23396.0,23087.0,22792.0,22615.0,22556.0,22143.0,22005.0,21624.0,21245.0,21154.0,20745.0,20560.0,20366.0,20145.0,20054.0,19889.0,19539.0,19490.0,19175.0,19028.0,18741.0,18677.0,18634.0,18258.0,18051.0,18104.0,17918.0,17792.0,17603.0,17552.0,17333.0,17224.0,17012.0,16890.0,16821.0,16503.0,16547.0,16362.0,15984.0,15844.0,15735.0,15603.0,15225.0,15255.0,15035.0,14737.0,14776.0,14421.0,14427.0,14246.0,14093.0,13825.0,13800.0,13811.0,13548.0,13592.0,13331.0,13174.0
M,26,37633.0,36550.0,35349.0,35527.0,35197.0,33345.0,32295.0,32825.0,33265.0,32906.0,33802.0,33645.0,34648.0,34891.0,34149.0,33383.0,32949.0,31750.0,31795.0,31671.0,31692.0,30270.0,29392.0,28919.0,27888.0,29290.0,26598.0,26650.0,26724.0,26211.0,25966.0,25711.0,25413.0,25478.0,24874.0,24733.0,24380.0,24133.0,24211.0,24155.0,23756.0,23808.0,23334.0,23274.0,23395.0,23086.0,22792.0,22615.0,22556.0,22143.0,22005.0,21624.0,21243.0,21154.0,20745.0,20560.0,20366.0,20143.0,20054.0,19889.0,19539.0,19489.0,19174.0,19028.0,18740.0,18676.0,18634.0,18257.0,18049.0,18104.0,17918.0,17792.0,17603.0,17551.0,17333.0,17224.0,17012.0,16890.0,16821.0,16503.0,16547.0,16362.0,15984.0,15843.0,15735.0,15600.0,15225.0,15254.0,15035.0,14737.0,14776.0,14420.0,14427.0,14245.0,14093.0,13825.0,13800.0,13811.0,13548.0,13592.0,13331.0
M,27,37911.0,37622.0,36544.0,35335.0,35510.0,35193.0,33330.0,32282.0,32815.0,33258.0,32897.0,33797.0,33639.0,34644.0,34885.0,34143.0,33375.0,32946.0,31747.0,31790.0,31667.0,31688.0,30266.0,29391.0,28918.0,27884.0,29286.0,26597.0,26649.0,26722.0,26209.0,25963.0,25711.0,25411.0,25478.0,24874.0,24733.0,24379.0,24133.0,24210.0,24154.0,23755.0,23808.0,23334.0,23274.0,23395.0,23085.0,22790.0,22614.0,22555.0,22142.0,22005.0,21624.0,21243.0,21154.0,20745.0,20560.0,20364.0,20143.0,20054.0,19889.0,19537.0,19487.0,19173.0,19028.0,18740.0,18676.0,18633.0,18255.0,18049.0,18103.0,17917.0,17791.0,17603.0,17551.0,17332.0,17224.0,17012.0,16889.0,16821.0,16503.0,16547.0,16362.0,15984.0,15843.0,15735.0,15600.0,15225.0,15254.0,15034.0,14737.0,14776.0,14420.0,14425.0,14244.0,14091.0,13824.0,13799.0,13811.0,13548.0,13591.0
M,28,38057.0,37897.0,37605.0,36534.0,35323.0,35501.0,35185.0,33320.0,32272.0,32805.0,33250.0,32889.0,33791.0,33633.0,34638.0,34881.0,34138.0,33372.0,32940.0,31742.0,31788.0,31662.0,31685.0,30263.0,29388.0,28912.0,27883.0,29286.0,26595.0,26647.0,26721.0,26205.0,25961.0,25709.0,25411.0,25478.0,24874.0,24733.0,24378.0,24129.0,24209.0,24153.0,23754.0,23808.0,23333.0,23273.0,23394.0,23085.0,22787.0,22614.0,22555.0,22142.0,22005.0,21624.0,21242.0,21153.0,20744.0,20558.0,20364.0,20143.0,20053.0,19888.0,19536.0,19486.0,19172.0,19028.0,18740.0,18676.0,18632.0,18253.0,18048.0,18103.0,17915.0,17791.0,17602.0,17551.0,17330.0,17222.0,17012.0,16888.0,16821.0,16503.0,16547.0,16362.0,15984.0,15841.0,15734.0,15600.0,15225.0,15253.0,15034.0,14737.0,14776.0,14420.0,14424.0,14244.0,14090.0,13824.0,13797.0,13811.0,13547.0
M,29,38611.0,38042.0,37887.0,37595.0,36525.0,35310.0,35483.0,35171.0,33306.0,32257.0,32801.0,33243.0,32884.0,33781.0,33627.0,34628.0,34873.0,34133.0,33365.0,32935.0,31737.0,31780.0,31657.0,31682.0,30261.0,29387.0,28911.0,27882.0,29285.0,26593.0,26647.0,26720.0,26203.0,25960.0,25708.0,25411.0,25476.0,24873.0,24733.0,24377.0,24128.0,24209.0,24152.0,23754.0,23806.0,23333.0,23273.0,23394.0,23085.0,22787.0,22613.0,22552.0,22141.0,22004.0,21623.0,21241.0,21152.0,20744.0,20557.0,20363.0,20143.0,20051.0,19888.0,19536.0,19486.0,19171.0,19027.0,18740.0,18676.0,18632.0,18253.0,18047.0,18101.0,17913.0,17790.0,17602.0,17551.0,17330.0,17221.0,17012.0,16888.0,16819.0,16503.0,16546.0,16361.0,15983.0,15841.0,15733.0,15600.0,15225.0,15250.0,15033.0,14737.0,14776.0,14420.0,14424.0,14244.0,14090.0,13824.0,13796.0,13811.0
M,30,39820.0,38599.0,38027.0,37872.0,37580.0,36511.0,35296.0,35466.0,35159.0,33294.0,32244.0,32796.0,33233.0,32874.0,33770.0,33618.0,34622.0,34861.0,34128.0,33362.0,32928.0,31733.0,31775.0,31650.0,31679.0,30257.0,29383.0,28910.0,27882.0,29284.0,26591.0,26646.0,26719.0,26201.0,25960.0,25708.0,25409.0,25475.0,24873.0,24730.0,24376.0,24126.0,24207.0,24151.0,23752.0,23804.0,23331.0,23273.0,23393.0,23085.0,22787.0,22613.0,22551.0,22141.0,22003.0,21622.0,21240.0,21152.0,20741.0,20557.0,20363.0,20142.0,20050.0,19888.0,19536.0,19485.0,19171.0,19027.0,18740.0,18675.0,18632.0,18253.0,18047.0,18101.0,17913.0,17788.0,17601.0,17549.0,17330.0,17220.0,17012.0,16887.0,16819.0,16503.0,16545.0,16361.0,15982.0,15841.0,15732.0,15600.0,15225.0,15250.0,15032.0,14737.0,14775.0,14419.0,14422.0,14243.0,14090.0,13824.0,13795.0
M,31,40282.0,39807.0,38588.0,38016.0,37857.0,37571.0,36497.0,35282.0,35449.0,35151.0,33287.0,32236.0,32782.0,33228.0,32865.0,33762.0,33612.0,34610.0,34857.0,34123.0,33357.0,32924.0,31729.0,31769.0,31648.0,31676.0,30253.0,29380.0,28910.0,27882.0,29284.0,26590.0,26642.0,26719.0,26199.0,25959.0,25707.0,25409.0,25474.0,24872.0,24730.0,24376.0,24126.0,24207.0,24150.0,23751.0,23803.0,23331.0,23273.0,23391.0,23085.0,22786.0,22611.0,22550.0,22138.0,22002.0,21622.0,21238.0,21151.0,20741.0,20557.0,20363.0,20142.0,20049.0,19887.0,19536.0,19483.0,19170.0,19027.0,18740.0,18675.0,18631.0,18252.0,18047.0,18100.0,17913.0,17788.0,17600.0,17549.0,17329.0,17220.0,17012.0,16885.0,16819.0,16503.0,16545.0,16358.0,15982.0,15841.0,15732.0,15599.0,15224.0,15250.0,15031.0,14737.0,14775.0,14418.0,14421.0,14242.0,14089.0,13824.0
M,32,40727.0,40270.0,39798.0,38577.0,38000.0,37838.0,37556.0,36488.0,35266.0,35434.0,35134.0,33275.0,32226.0,32773.0,33219.0,32858.0,33751.0,33611.0,34608.0,34855.0,34120.0,33353.0,32922.0,31728.0,31768.0,31646.0,31676.0,30252.0,29380.0,28907.0,27881.0,29284.0,26590.0,26642.0,26718.0,26199.0,25958.0,25706.0,25409.0,25474.0,24872.0,24729.0,24374.0,24126.0,24207.0,24150.0,23750.0,23801.0,23330.0,23271.0,23390.0,23085.0,22782.0,22611.0,22548.0,22137.0,22001.0,21619.0,21238.0,21149.0,20739.0,20555.0,20363.0,20141.0,20049.0,19886.0,19535.0,19483.0,19170.0,19026.0,18739.0,18674.0,18630.0,18251.0,18046.0,18099.0,17913.0,17788.0,17600.0,17549.0,17329.0,17219.0,17012.0,16885.0,16819.0,16503.0,16544.0,16358.0,15982.0,15841.0,15731.0,15599.0,15224.0,15250.0,15030.0,14736.0,14775.0,14417.0,14421.0,14240.0,14089.0
M,33,40275.0,40711.0,40255.0,39780.0,38565.0,37988.0,37830.0,37539.0,36477.0,35255.0,35419.0,35125.0,33261.0,32218.0,32768.0,33215.0,32852.0,33745.0,33610.0,34604.0,34852.0,34117.0,33348.0,32919.0,31727.0,31763.0,31646.0,31675.0,30250.0,29378.0,28903.0,27875.0,29283.0,26590.0,26642.0,26718.0,26199.0,25958.0,25706.0,25407.0,25472.0,24871.0,24729.0,24374.0,24126.0,24205.0,24148.0,23750.0,23801.0,23330.0,23269.0,23389.0,23085.0,22781.0,22611.0,22548.0,22137.0,22000.0,21619.0,21236.0,21149.0,20738.0,20553.0,20362.0,20140.0,20049.0,19886.0,19533.0,19482.0,19170.0,19024.0,18739.0,18671.0,18628.0,18251.0,18045.0,18099.0,17913.0,17787.0,17599.0,17547.0,17329.0,17219.0,17011.0,16885.0,16819.0,16503.0,16542.0,16358.0,15982.0,15841.0,15731.0,15599.0,15223.0,15250.0,15030.0,14735.0,14775.0,14416.0,14420.0,14240.0
M,34,40075.0,40265.0,40692.0,40237.0,39767.0,38550.0,37974.0,37821.0,37532.0,36469.0,35241.0,35416.0,35116.0,33252.0,32215.0,32764.0,33205.0,32849.0,33738.0,33604.0,34601.0,34847.0,34115.0,33345.0,32916.0,31726.0,31758.0,31643.0,31674.0,30250.0,29378.0,28900.0,27874.0,29283.0,26590.0,26642.0,26718.0,26199.0,25957.0,25704.0,25406.0,25470.0,24871.0,24728.0,24373.0,24126.0,24202.0,24148.0,23750.0,23801.0,23327.0,23268.0,23389.0,23083.0,22779.0,22611.0,22547.0,22136.0,22000.0,21619.0,21235.0,21149.0,20736.0,20553.0,20360.0,20140.0,20049.0,19885.0,19533.0,19481.0,19170.0,19024.0,18739.0,18671.0,18628.0,18251.0,18043.0,18099.0,17912.0,17787.0,17598.0,17547.0,17329.0,17219.0,17011.0,16884.0,16818.0,16503.0,16542.0,16358.0,15982.0,15841.0,15731.0,15598.0,15223.0,15250.0,15029.0,14734.0,14775.0,14416.0,14419.0
M,35,38393.0,40054.0,40249.0,40677.0,40221.0,39746.0,38535.0,37950.0,37804.0,37518.0,36453.0,35228.0,35402.0,35105.0,33243.0,32211.0,32758.0,33199.0,32841.0,33736.0,33597.0,34591.0,34843.0,34112.0,33342.0,32913.0,31724.0,31757.0,31643.0,31674.0,30248.0,29376.0,28899.0,27874.0,29282.0,26589.0,26642.0,26716.0,26199.0,25954.0,25704.0,25403.0,25469.0,24870.0,24727.0,24371.0,24124.0,24200.0,24147.0,23745.0,23800.0,23326.0,23265.0,23389.0,23083.0,22778.0,22609.0,22547.0,22135.0,21999.0,21616.0,21234.0,21149.0,20736.0,20549.0,20360.0,20140.0,20049.0,19885.0,19533.0,19481.0,19169.0,19023.0,18739.0,18669.0,18625.0,18250.0,18040.0,18099.0,17911.0,17787.0,17598.0,17544.0,17327.0,17217.0,17011.0,16883.0,16818.0,16503.0,16542.0,16357.0,15982.0,15840.0,15731.0,15598.0,15223.0,15249.0,15029.0,14732.0,14775.0,14415.0
M,36,38662.0,38379.0,40036.0,40233.0,40667.0,40203.0,39727.0,38519.0,37934.0,37783.0,37504.0,36435.0,35220.0,35390.0,35094.0,33238.0,32198.0,32751.0,33194.0,32832.0,33730.0,33589.0,34586.0,34837.0,34108.0,33341.0,32912.0,31724.0,31755.0,31641.0,31670.0,30247.0,29374.0,28897.0,27872.0,29281.0,26586.0,26641.0,26715.0,26198.0,25951.0,25704.0,25403.0,25467.0,24869.0,24727.0,24369.0,24124.0,24199.0,24145.0,23745.0,23799.0,23325.0,23264.0,23388.0,23082.0,22777.0,22609.0,22547.0,22134.0,21999.0,21616.0,21234.0,21146.0,20734.0,20548.0,20360.0,20139.0,20049.0,19883.0,19533.0,19480.0,19169.0,19023.0,18738.0,18666.0,18625.0,18249.0,18039.0,18098.0,17911.0,17786.0,17597.0,17544.0,17327.0,17217.0,17010.0,16882.0,16818.0,16502.0,16542.0,16357.0,15982.0,15840.0,15730.0,15597.0,15223.0,15249.0,15028.0,14732.0,14775.0
M,37,37985.0,38650.0,38367.0,40014.0,40213.0,40647.0,40183.0,39703.0,38509.0,37920.0,37768.0,37495.0,36426.0,35206.0,35377.0,35088.0,33228.0,32190.0,32742.0,33187.0,32822.0,33725.0,33587.0,34581.0,34832.0,34106.0,33336.0,32909.0,31723.0,31754.0,31637.0,31668.0,30247.0,29373.0,28895.0,27870.0,29281.0,26584.0,26640.0,26715.0,26198.0,25949.0,25704.0,25401.0,25464.0,24868.0,24725.0,24368.0,24122.0,24199.0,24142.0,23744.0,23798.0,23324.0,23264.0,23388.0,23081.0,22777.0,22608.0,22546.0,22134.0,21999.0,21615.0,21234.0,21144.0,20733.0,20547.0,20360.0,20137.0,20048.0,19883.0,19533.0,19480.0,19169.0,19022.0,18734.0,18665.0,18623.0,18248.0,18039.0,18097.0,17910.0,17786.0,17596.0,17543.0,17325.0,17217.0,17010.0,16882.0,16818.0,16502.0,16541.0,16357.0,15982.0,15839.0,15730.0,15596.0,15223.0,15248.0,15026.0,14732.0
M,38,37174.0,37972.0,38630.0,38352.0,39998.0,40192.0,40630.0,40162.0,39687.0,38498.0,37903.0,37756.0,37473.0,36413.0,35196.0,35367.0,35074.0,33222.0,32185.0,32737.0,33181.0,32816.0,33722.0,33580.0,34576.0,34827.0,34105.0,33334.0,32909.0,31719.0,31752.0,31637.0,31667.0,30245.0,29370.0,28895.0,27868.0,29280.0,26582.0,26638.0,26714.0,26196.0,25948.0,25702.0,25400.0,25463.0,24867.0,24724.0,24368.0,24119.0,24199.0,24142.0,23744.0,23797.0,23322.0,23263.0,23388.0,23081.0,22776.0,22608.0,22544.0,22134.0,21998.0,21613.0,21233.0,21141.0,20732.0,20546.0,20359.0,20137.0,20046.0,19881.0,19533.0,19478.0,19169.0,19022.0,18733.0,18665.0,18622.0,18248.0,18039.0,18097.0,17908.0,17786.0,17596.0,17540.0,17325.0,17216.0,17009.0,16881.0,16818.0,16502.0,16541.0,16357.0,15980.0,15839.0,15730.0,15596.0,15223.0,15248.0,15024.0
M,39,37362.0,37157.0,37953.0,38602.0,38333.0,39982.0,40164.0,40616.0,40141.0,39667.0,38474.0,37886.0,37743.0,37466.0,36403.0,35188.0,35358.0,35069.0,33216.0,32180.0,32729.0,33176.0,32811.0,33719.0,33576.0,34574.0,34823.0,34104.0,33333.0,32907.0,31719.0,31750.0,31635.0,31666.0,30241.0,29370.0,28894.0,27866.0,29277.0,26579.0,26637.0,26713.0,26195.0,25947.0,25701.0,25399.0,25462.0,24867.0,24722.0,24367.0,24118.0,24199.0,24141.0,23743.0,23796.0,23322.0,23263.0,23387.0,23077.0,22775.0,22607.0,22544.0,22134.0,21997.0,21612.0,21233.0,21141.0,20732.0,20545.0,20359.0,20137.0,20045.0,19881.0,19532.0,19475.0,19167.0,19022.0,18732.0,18665.0,18622.0,18248.0,18038.0,18095.0,17908.0,17785.0,17594.0,17540.0,17325.0,17216.0,17009.0,16879.0,16817.0,16500.0,16539.0,16357.0,15978.0,15838.0,15730.0,15595.0,15222.0,15247.0
M,40,37429.0,37343.0,37127.0,37921.0,38574.0,38311.0,39959.0,40132.0,40600.0,40113.0,39633.0,38465.0,37872.0,37734.0,37450.0,36395.0,35182.0,35351.0,35063.0,33205.0,32171.0,32715.0,33167.0,32802.0,33715.0,33569.0,34567.0,34820.0,34101.0,33329.0,32905.0,31713.0,31746.0,31633.0,31664.0,30239.0,29368.0,28892.0,27865.0,29273.0,26578.0,26635.0,26709.0,26193.0,25947.0,25699.0,25398.0,25461.0,24863.0,24722.0,24363.0,24115.0,24196.0,24139.0,23743.0,23795.0,23318.0,23261.0,23386.0,23074.0,22774.0,22607.0,22543.0,22134.0,21997.0,21612.0,21233.0,21140.0,20731.0,20544.0,20359.0,20134.0,20044.0,19881.0,19532.0,19473.0,19166.0,19022.0,18731.0,18663.0,18622.0,18246.0,18036.0,18095.0,17907.0,17783.0,17591.0,17538.0,17323.0,17216.0,17009.0,16878.0,16815.0,16497.0,16536.0,16357.0,15978.0,15836.0,15730.0,15595.0,15221.0
M,41,36190.0,37410.0,37320.0,37099.0,37898.0,38550.0,38284.0,39927.0,40103.0,40582.0,40096.0,39609.0,38445.0,37857.0,37716.0,37439.0,36373.0,35165.0,35341.0,35051.0,33201.0,32168.0,32710.0,33164.0,32799.0,33711.0,33564.0,34561.0,34816.0,34098.0,33326.0,32902.0,31713.0,31743.0,31630.0,31659.0,30237.0,29366.0,28889.0,27862.0,29272.0,26575.0,26634.0,26708.0,26193.0,25944.0,25698.0,25396.0,25456.0,24859.0,24721.0,24361.0,24114.0,24193.0,24138.0,23743.0,23793.0,23317.0,23261.0,23384.0,23072.0,22772.0,22605.0,22540.0,22133.0,21995.0,21610.0,21233.0,21140.0,20728.0,20543.0,20357.0,20134.0,20044.0,19881.0,19532.0,19473.0,19165.0,19022.0,18729.0,18663.0,18622.0,18245.0,18033.0,18095.0,17906.0,17783.0,17590.0,17534.0,17321.0,17215.0,17009.0,16877.0,16814.0,16497.0,16535.0,16357.0,15977.0,15834.0,15730.0,15593.0
M,42,36976.0,36168.0,37391.0,37298.0,37082.0,37862.0,38528.0,38270.0,39900.0,40063.0,40567.0,40079.0,39582.0,38424.0,37846.0,37708.0,37427.0,36359.0,35151.0,35331.0,35043.0,33189.0,32163.0,32698.0,33157.0,32795.0,33707.0,33562.0,34560.0,34812.0,34094.0,33322.0,32902.0,31712.0,31740.0,31629.0,31654.0,30234.0,29363.0,28888.0,27859.0,29270.0,26574.0,26630.0,26707.0,26193.0,25940.0,25698.0,25392.0,25456.0,24859.0,24719.0,24360.0,24114.0,24190.0,24137.0,23743.0,23793.0,23317.0,23259.0,23382.0,23072.0,22772.0,22604.0,22540.0,22132.0,21995.0,21610.0,21231.0,21138.0,20727.0,20543.0,20357.0,20134.0,20044.0,19881.0,19529.0,19473.0,19165.0,19021.0,18729.0,18663.0,18621.0,18245.0,18033.0,18093.0,17904.0,17781.0,17589.0,17532.0,17320.0,17215.0,17008.0,16877.0,16812.0,16496.0,16535.0,16357.0,15976.0,15833.0,15730.0
M,43,36250.0,36950.0,36144.0,37358.0,37268.0,37054.0,37835.0,38503.0,38256.0,39880.0,40051.0,40546.0,40063.0,39566.0,38407.0,37831.0,37689.0,37421.0,36350.0,35145.0,35325.0,35035.0,33178.0,32156.0,32691.0,33154.0,32791.0,33702.0,33560.0,34555.0,34808.0,34089.0,33318.0,32902.0,31708.0,31737.0,31629.0,31652.0,30232.0,29362.0,28888.0,27859.0,29268.0,26573.0,26630.0,26705.0,26193.0,25938.0,25697.0,25390.0,25456.0,24859.0,24716.0,24357.0,24113.0,24189.0,24136.0,23740.0,23790.0,23316.0,23257.0,23381.0,23071.0,22770.0,22602.0,22539.0,22130.0,21995.0,21609.0,21230.0,21138.0,20727.0,20543.0,20356.0,20133.0,20043.0,19881.0,19528.0,19473.0,19164.0,19019.0,18728.0,18662.0,18618.0,18243.0,18032.0,18093.0,17903.0,17780.0,17588.0,17531.0,17320.0,17213.0,17007.0,16876.0,16811.0,16496.0,16534.0,16356.0,15976.0,15830.0
M,44,36012.0,36231.0,36913.0,36123.0,37333.0,37238.0,37027.0,37811.0,38477.0,38234.0,39845.0,40029.0,40525.0,40049.0,39554.0,38397.0,37809.0,37674.0,37410.0,36337.0,35137.0,35317.0,35023.0,33173.0,32153.0,32687.0,33149.0,32790.0,33700.0,33558.0,34553.0,34806.0,34086.0,33315.0,32901.0,31705.0,31736.0,31627.0,31645.0,30229.0,29361.0,28888.0,27855.0,29267.0,26571.0,26627.0,26704.0,26191.0,25936.0,25697.0,25388.0,25455.0,24858.0,24716.0,24357.0,24112.0,24186.0,24134.0,23740.0,23789.0,23316.0,23257.0,23380.0,23070.0,22768.0,22602.0,22539.0,22129.0,21994.0,21608.0,21230.0,21136.0,20723.0,20542.0,20355.0,20131.0,20043.0,19878.0,19527.0,19472.0,19163.0,19016.0,18727.0,18662.0,18618.0,18242.0,18031.0,18092.0,17902.0,17778.0,17588.0,17531.0,17320.0,17212.0,17006.0,16876.0,16809.0,16495.0,16533.0,16354.0,15975.0
M,45,34884.0,35986.0,36198.0,36880.0,36080.0,37296.0,37198.0,37009.0,37788.0,38445.0,38196.0,39814.0,40003.0,40497.0,40019.0,39534.0,38373.0,37797.0,37662.0,37398.0,36325.0,35123.0,35307.0,35013.0,33165.0,32146.0,32678.0,33144.0,32785.0,33694.0,33555.0,34548.0,34805.0,34081.0,33308.0,32894.0,31702.0,31734.0,31623.0,31638.0,30228.0,29361.0,28883.0,27855.0,29264.0,26569.0,26623.0,26703.0,26190.0,25934.0,25695.0,25388.0,25453.0,24855.0,24714.0,24356.0,24111.0,24184.0,24133.0,23738.0,23785.0,23313.0,23256.0,23379.0,23070.0,22767.0,22602.0,22535.0,22128.0,21992.0,21606.0,21227.0,21132.0,20723.0,20542.0,20354.0,20130.0,20041.0,19878.0,19527.0,19468.0,19161.0,19015.0,18722.0,18660.0,18617.0,18240.0,18031.0,18090.0,17900.0,17777.0,17588.0,17529.0,17320.0,17212.0,17005.0,16875.0,16809.0,16494.0,16532.0,16354.0
M,46,35776.0,34857.0,35957.0,36181.0,36840.0,36057.0,37253.0,37163.0,36975.0,37747.0,38420.0,38161.0,39783.0,39977.0,40470.0,40005.0,39504.0,38355.0,37782.0,37652.0,37386.0,36318.0,35116.0,35298.0,35003.0,33159.0,32143.0,32675.0,33142.0,32783.0,33690.0,33546.0,34543.0,34800.0,34078.0,33304.0,32890.0,31700.0,31731.0,31621.0,31634.0,30222.0,29359.0,28877.0,27854.0,29264.0,26565.0,26620.0,26700.0,26187.0,25931.0,25692.0,25386.0,25450.0,24852.0,24711.0,24353.0,24111.0,24181.0,24130.0,23737.0,23784.0,23313.0,23254.0,23375.0,23068.0,22765.0,22600.0,22533.0,22126.0,21989.0,21605.0,21224.0,21129.0,20718.0,20541.0,20351.0,20129.0,20040.0,19875.0,19525.0,19467.0,19160.0,19014.0,18722.0,18660.0,18617.0,18239.0,18031.0,18087.0,17899.0,17776.0,17586.0,17527.0,17320.0,17210.0,17003.0,16873.0,16808.0,16494.0,16530.0
M,47,36463.0,35742.0,34829.0,35922.0,36142.0,36798.0,36029.0,37213.0,37134.0,36939.0,37715.0,38385.0,38136.0,39756.0,39949.0,40445.0,39986.0,39480.0,38339.0,37762.0,37643.0,37365.0,36302.0,35102.0,35292.0,34995.0,33150.0,32137.0,32669.0,33136.0,32777.0,33684.0,33545.0,34541.0,34798.0,34076.0,33298.0,32886.0,31696.0,31729.0,31619.0,31631.0,30220.0,29356.0,28876.0,27852.0,29262.0,26562.0,26614.0,26699.0,26184.0,25926.0,25690.0,25384.0,25447.0,24851.0,24706.0,24353.0,24109.0,24179.0,24129.0,23736.0,23783.0,23310.0,23251.0,23374.0,23066.0,22763.0,22595.0,22531.0,22126.0,21988.0,21603.0,21224.0,21126.0,20718.0,20539.0,20351.0,20129.0,20036.0,19873.0,19524.0,19467.0,19159.0,19014.0,18720.0,18659.0,18615.0,18238.0,18030.0,18085.0,17898.0,17771.0,17584.0,17526.0,17319.0,17209.0,17001.0,16872.0,16808.0,16492.0
M,48,37822.0,36423.0,35705.0,34791.0,35894.0,36096.0,36775.0,35995.0,37182.0,37114.0,36918.0,37682.0,38358.0,38117.0,39737.0,39931.0,40421.0,39965.0,39464.0,38327.0,37750.0,37636.0,37353.0,36297.0,35095.0,35289.0,34989.0,33145.0,32135.0,32665.0,33131.0,32770.0,33679.0,33537.0,34540.0,34794.0,34072.0,33293.0,32885.0,31689.0,31724.0,31615.0,31630.0,30219.0,29353.0,28873.0,27850.0,29258.0,26559.0,26608.0,26693.0,26179.0,25925.0,25690.0,25383.0,25446.0,24851.0,24705.0,24351.0,24109.0,24178.0,24126.0,23732.0,23780.0,23309.0,23249.0,23374.0,23065.0,22762.0,22595.0,22530.0,22126.0,21987.0,21599.0,21222.0,21125.0,20715.0,20538.0,20349.0,20128.0,20034.0,19872.0,19522.0,19467.0,19158.0,19013.0,18718.0,18659.0,18614.0,18237.0,18029.0,18081.0,17897.0,17771.0,17581.0,17526.0,17317.0,17209.0,17001.0,16871.0,16806.0
M,49,38079.0,37791.0,36382.0,35666.0,34760.0,35866.0,36051.0,36747.0,35962.0,37152.0,37087.0,36886.0,37654.0,38332.0,38098.0,39724.0,39910.0,40406.0,39934.0,39449.0,38300.0,37739.0,37625.0,37345.0,36286.0,35092.0,35285.0,34982.0,33140.0,32132.0,32662.0,33124.0,32764.0,33675.0,33533.0,34534.0,34789.0,34069.0,33291.0,32881.0,31680.0,31721.0,31614.0,31624.0,30219.0,29350.0,28871.0,27846.0,29256.0,26557.0,26606.0,26690.0,26176.0,25922.0,25687.0,25380.0,25446.0,24847.0,24704.0,24348.0,24107.0,24176.0,24125.0,23731.0,23780.0,23305.0,23247.0,23373.0,23061.0,22759.0,22592.0,22529.0,22125.0,21987.0,21598.0,21219.0,21123.0,20715.0,20534.0,20346.0,20126.0,20033.0,19871.0,19519.0,19467.0,19158.0,19012.0,18717.0,18658.0,18613.0,18233.0,18027.0,18078.0,17896.0,17769.0,17580.0,17526.0,17315.0,17207.0,17000.0,16868.0
M,50,39204.0,38026.0,37740.0,36331.0,35612.0,34709.0,35798.0,35989.0,36709.0,35921.0,37098.0,37039.0,36845.0,37607.0,38294.0,38071.0,39697.0,39882.0,40386.0,39907.0,39420.0,38281.0,37720.0,37610.0,37329.0,36270.0,35081.0,35278.0,34979.0,33137.0,32122.0,32653.0,33120.0,32762.0,33674.0,33527.0,34530.0,34781.0,34065.0,33284.0,32878.0,31675.0,31717.0,31602.0,31620.0,30218.0,29344.0,28868.0,27840.0,29252.0,26556.0,26598.0,26685.0,26170.0,25918.0,25683.0,25376.0,25443.0,24843.0,24696.0,24348.0,24104.0,24174.0,24123.0,23727.0,23775.0,23302.0,23245.0,23370.0,23060.0,22754.0,22590.0,22524.0,22123.0,21985.0,21596.0,21217.0,21121.0,20712.0,20530.0,20343.0,20124.0,20032.0,19869.0,19518.0,19465.0,19157.0,19008.0,18713.0,18658.0,18606.0,18233.0,18027.0,18077.0,17890.0,17768.0,17575.0,17523.0,17313.0,17204.0,16996.0
M,51,38960.0,39122.0,37976.0,37680.0,36275.0,35560.0,34658.0,35736.0,35935.0,36654.0,35872.0,37065.0,37002.0,36805.0,37580.0,38252.0,38044.0,39669.0,39858.0,40359.0,39885.0,39405.0,38264.0,37704.0,37593.0,37319.0,36261.0,35072.0,35271.0,34971.0,33135.0,32112.0,32637.0,33108.0,32760.0,33667.0,33521.0,34524.0,34776.0,34062.0,33282.0,32871.0,31670.0,31712.0,31598.0,31615.0,30215.0,29342.0,28867.0,27835.0,29244.0,26552.0,26594.0,26682.0,26167.0,25913.0,25680.0,25375.0,25441.0,24841.0,24694.0,24346.0,24099.0,24171.0,24120.0,23724.0,23770.0,23296.0,23241.0,23369.0,23059.0,22749.0,22589.0,22519.0,22122.0,21982.0,21591.0,21216.0,21117.0,20709.0,20527.0,20342.0,20124.0,20030.0,19867.0,19515.0,19463.0,19152.0,19006.0,18711.0,18657.0,18604.0,18231.0,18023.0,18072.0,17889.0,17766.0,17573.0,17521.0,17311.0,17200.0
M,52,38530.0,38914.0,39057.0,37919.0,37618.0,36210.0,35512.0,34614.0,35680.0,35884.0,36589.0,35827.0,37016.0,36954.0,36767.0,37550.0,38220.0,38023.0,39641.0,39835.0,40326.0,39859.0,39384.0,38244.0,37695.0,37578.0,37308.0,36255.0,35068.0,35263.0,34965.0,33127.0,32108.0,32630.0,33102.0,32756.0,33660.0,33512.0,34518.0,34768.0,34058.0,33275.0,32866.0,31657.0,31709.0,31594.0,31611.0,30208.0,29338.0,28865.0,27831.0,29242.0,26546.0,26592.0,26679.0,26164.0,25906.0,25678.0,25373.0,25438.0,24836.0,24690.0,24342.0,24096.0,24170.0,24117.0,23721.0,23766.0,23294.0,23240.0,23369.0,23054.0,22748.0,22586.0,22518.0,22121.0,21979.0,21589.0,21214.0,21112.0,20705.0,20524.0,20338.0,20118.0,20029.0,19863.0,19515.0,19461.0,19152.0,19006.0,18711.0,18656.0,18604.0,18228.0,18021.0,18069.0,17889.0,17766.0,17571.0,17520.0,17310.0
M,53,39127.0,38471.0,38871.0,39009.0,37837.0,37555.0,36158.0,35451.0,34564.0,35625.0,35829.0,36549.0,35784.0,36975.0,36920.0,36739.0,37524.0,38187.0,37992.0,39620.0,39807.0,40300.0,39833.0,39356.0,38229.0,37678.0,37573.0,37300.0,36248.0,35059.0,35258.0,34957.0,33125.0,32105.0,32623.0,33097.0,32751.0,33657.0,33507.0,34513.0,34759.0,34053.0,33268.0,32860.0,31654.0,31706.0,31587.0,31601.0,30204.0,29334.0,28862.0,27824.0,29240.0,26543.0,26589.0,26676.0,26157.0,25901.0,25675.0,25368.0,25436.0,24834.0,24688.0,24340.0,24090.0,24168.0,24114.0,23719.0,23765.0,23292.0,23238.0,23367.0,23051.0,22745.0,22581.0,22517.0,22121.0,21979.0,21584.0,21211.0,21108.0,20700.0,20523.0,20338.0,20118.0,20027.0,19861.0,19514.0,19458.0,19149.0,19003.0,18709.0,18653.0,18599.0,18224.0,18018.0,18067.0,17888.0,17764.0,17568.0,17518.0
M,54,38711.0,39057.0,38404.0,38811.0,38947.0,37782.0,37488.0,36105.0,35403.0,34519.0,35565.0,35770.0,36505.0,35741.0,36945.0,36892.0,36701.0,37494.0,38163.0,37968.0,39589.0,39785.0,40278.0,39814.0,39344.0,38211.0,37663.0,37562.0,37293.0,36237.0,35050.0,35252.0,34951.0,33120.0,32096.0,32620.0,33093.0,32744.0,33650.0,33504.0,34509.0,34753.0,34048.0,33263.0,32855.0,31648.0,31699.0,31580.0,31600.0,30200.0,29330.0,28862.0,27818.0,29232.0,26539.0,26584.0,26671.0,26154.0,25900.0,25671.0,25365.0,25433.0,24832.0,24687.0,24338.0,24087.0,24163.0,24111.0,23711.0,23763.0,23288.0,23235.0,23364.0,23049.0,22742.0,22575.0,22515.0,22119.0,21978.0,21582.0,21208.0,21103.0,20698.0,20519.0,20337.0,20110.0,20023.0,19859.0,19508.0,19455.0,19145.0,18999.0,18703.0,18651.0,18597.0,18221.0,18017.0,18064.0,17887.0,17760.0,17567.0
M,55,37445.0,38635.0,38953.0,38307.0,38714.0,38859.0,37683.0,37403.0,36005.0,35336.0,34451.0,35510.0,35702.0,36436.0,35679.0,36899.0,36840.0,36671.0,37447.0,38131.0,37933.0,39562.0,39757.0,40250.0,39785.0,39318.0,38198.0,37654.0,37552.0,37282.0,36228.0,35039.0,35237.0,34944.0,33109.0,32088.0,32613.0,33085.0,32741.0,33642.0,33494.0,34497.0,34747.0,34040.0,33255.0,32851.0,31642.0,31693.0,31573.0,31595.0,30191.0,29324.0,28854.0,27815.0,29228.0,26531.0,26575.0,26661.0,26150.0,25898.0,25660.0,25363.0,25424.0,24829.0,24683.0,24332.0,24085.0,24154.0,24107.0,23708.0,23758.0,23284.0,23229.0,23361.0,23045.0,22736.0,22572.0,22507.0,22111.0,21972.0,21576.0,21206.0,21098.0,20696.0,20517.0,20336.0,20105.0,20017.0,19854.0,19500.0,19452.0,19141.0,18997.0,18702.0,18649.0,18595.0,18218.0,18015.0,18059.0,17884.0,17756.0
M,56,37508.0,37344.0,38537.0,38856.0,38213.0,38620.0,38770.0,37579.0,37313.0,35939.0,35265.0,34377.0,35440.0,35634.0,36389.0,35634.0,36853.0,36797.0,36625.0,37419.0,38102.0,37911.0,39535.0,39729.0,40226.0,39763.0,39298.0,38187.0,37641.0,37541.0,37273.0,36217.0,35028.0,35229.0,34932.0,33098.0,32080.0,32606.0,33079.0,32734.0,33636.0,33485.0,34481.0,34728.0,34034.0,33245.0,32844.0,31637.0,31685.0,31569.0,31588.0,30180.0,29321.0,28845.0,27811.0,29220.0,26521.0,26569.0,26657.0,26146.0,25892.0,25658.0,25353.0,25419.0,24822.0,24680.0,24327.0,24080.0,24146.0,24103.0,23702.0,23751.0,23280.0,23225.0,23360.0,23036.0,22731.0,22564.0,22503.0,22108.0,21969.0,21572.0,21201.0,21090.0,20690.0,20516.0,20331.0,20102.0,20014.0,19850.0,19498.0,19448.0,19141.0,18995.0,18697.0,18645.0,18590.0,18217.0,18011.0,18053.0,17881.0
M,57,36634.0,37413.0,37255.0,38439.0,38755.0,38090.0,38529.0,38675.0,37483.0,37238.0,35868.0,35202.0,34322.0,35392.0,35582.0,36347.0,35584.0,36804.0,36755.0,36586.0,37382.0,38072.0,37888.0,39505.0,39704.0,40204.0,39741.0,39280.0,38178.0,37634.0,37527.0,37262.0,36207.0,35015.0,35216.0,34924.0,33091.0,32075.0,32599.0,33067.0,32725.0,33628.0,33479.0,34472.0,34716.0,34029.0,33242.0,32833.0,31629.0,31679.0,31566.0,31582.0,30174.0,29314.0,28841.0,27803.0,29213.0,26513.0,26564.0,26647.0,26140.0,25887.0,25654.0,25347.0,25412.0,24810.0,24676.0,24321.0,24077.0,24139.0,24100.0,23694.0,23749.0,23275.0,23222.0,23356.0,23030.0,22724.0,22560.0,22500.0,22100.0,21965.0,21567.0,21200.0,21087.0,20685.0,20511.0,20329.0,20098.0,20008.0,19847.0,19495.0,19445.0,19139.0,18993.0,18693.0,18642.0,18583.0,18215.0,18007.0,18050.0
M,58,35796.0,36552.0,37316.0,37153.0,38345.0,38640.0,37989.0,38448.0,38569.0,37406.0,37144.0,35799.0,35138.0,34248.0,35337.0,35539.0,36300.0,35537.0,36768.0,36706.0,36549.0,37355.0,38045.0,37859.0,39484.0,39685.0,40184.0,39725.0,39270.0,38165.0,37616.0,37514.0,37248.0,36200.0,35005.0,35208.0,34915.0,33078.0,32068.0,32589.0,33063.0,32718.0,33619.0,33471.0,34463.0,34707.0,34020.0,33236.0,32823.0,31621.0,31668.0,31561.0,31578.0,30166.0,29308.0,28836.0,27795.0,29208.0,26505.0,26557.0,26644.0,26138.0,25882.0,25647.0,25346.0,25407.0,24804.0,24673.0,24319.0,24073.0,24133.0,24092.0,23687.0,23746.0,23268.0,23221.0,23349.0,23026.0,22723.0,22558.0,22497.0,22097.0,21957.0,21562.0,21198.0,21083.0,20682.0,20510.0,20324.0,20093.0,20006.0,19840.0,19489.0,19440.0,19138.0,18989.0,18689.0,18639.0,18581.0,18212.0,18006.0
M,59,33856.0,35724.0,36457.0,37220.0,37048.0,38235.0,38556.0,37898.0,38359.0,38488.0,37310.0,37075.0,35739.0,35088.0,34195.0,35290.0,35502.0,36257.0,35501.0,36729.0,36670.0,36510.0,37330.0,38020.0,37837.0,39462.0,39666.0,40165.0,39709.0,39256.0,38152.0,37605.0,37505.0,37241.0,36187.0,34996.0,35198.0,34906.0,33068.0,32062.0,32585.0,33058.0,32714.0,33611.0,33460.0,34456.0,34698.0,34009.0,33234.0,32817.0,31610.0,31661.0,31555.0,31571.0,30163.0,29301.0,28833.0,27781.0,29204.0,26500.0,26550.0,26635.0,26135.0,25875.0,25643.0,25341.0,25402.0,24800.0,24667.0,24316.0,24069.0,24129.0,24089.0,23682.0,23739.0,23266.0,23208.0,23344.0,23020.0,22720.0,22553.0,22494.0,22091.0,21953.0,21558.0,21190.0,21077.0,20676.0,20506.0,20319.0,20089.0,20003.0,19839.0,19483.0,19434.0,19133.0,18988.0,18688.0,18637.0,18579.0,18210.0
M,60,33238.0,33728.0,35564.0,36295.0,37051.0,36891.0,38059.0,38428.0,37760.0,38226.0,38336.0,37208.0,36970.0,35651.0,34997.0,34101.0,35228.0,35444.0,36186.0,35439.0,36671.0,36623.0,36458.0,37284.0,37973.0,37804.0,39433.0,39646.0,40146.0,39691.0,39236.0,38130.0,37589.0,37487.0,37219.0,36171.0,34987.0,35183.0,34890.0,33054.0,32050.0,32577.0,33042.0,32699.0,33594.0,33447.0,34448.0,34683.0,33997.0,33219.0,32807.0,31601.0,31646.0,31541.0,31564.0,30154.0,29289.0,28814.0,27775.0,29195.0,26494.0,26540.0,26629.0,26129.0,25859.0,25631.0,25333.0,25394.0,24795.0,24657.0,24308.0,24059.0,24124.0,24084.0,23675.0,23729.0,23263.0,23205.0,23338.0,23014.0,22714.0,22546.0,22488.0,22083.0,21943.0,21549.0,21184.0,21072.0,20673.0,20502.0,20311.0,20083.0,19995.0,19834.0,19476.0,19429.0,19131.0,18979.0,18682.0,18630.0,18570.0
M,61,32420.0,33117.0,33579.0,35419.0,36149.0,36907.0,36759.0,37899.0,38302.0,37616.0,38084.0,38203.0,37083.0,36865.0,35568.0,34925.0,34034.0,35146.0,35380.0,36132.0,35377.0,36628.0,36564.0,36408.0,37242.0,37949.0,37777.0,39414.0,39617.0,40115.0,39667.0,39215.0,38119.0,37572.0,37464.0,37196.0,36148.0,34974.0,35171.0,34879.0,33040.0,32033.0,32562.0,33034.0,32694.0,33577.0,33433.0,34434.0,34671.0,33989.0,33203.0,32798.0,31598.0,31632.0,31533.0,31552.0,30143.0,29281.0,28804.0,27767.0,29184.0,26487.0,26531.0,26615.0,26121.0,25854.0,25622.0,25325.0,25389.0,24788.0,24643.0,24302.0,24050.0,24119.0,24076.0,23667.0,23712.0,23253.0,23197.0,23333.0,23008.0,22709.0,22538.0,22481.0,22075.0,21938.0,21540.0,21178.0,21071.0,20667.0,20495.0,20301.0,20072.0,19990.0,19823.0,19470.0,19422.0,19125.0,18970.0,18674.0,18619.0
M,62,31875.0,32295.0,32989.0,33431.0,35299.0,35991.0,36759.0,36624.0,37748.0,38179.0,37486.0,37957.0,38100.0,36978.0,36774.0,35499.0,34845.0,33974.0,35077.0,35307.0,36078.0,35344.0,36567.0,36528.0,36374.0,37203.0,37920.0,37754.0,39393.0,39596.0,40097.0,39644.0,39201.0,38096.0,37556.0,37446.0,37177.0,36127.0,34958.0,35156.0,34867.0,33025.0,32025.0,32551.0,33021.0,32681.0,33564.0,33425.0,34422.0,34665.0,33981.0,33197.0,32790.0,31586.0,31623.0,31526.0,31543.0,30135.0,29273.0,28791.0,27759.0,29174.0,26481.0,26523.0,26606.0,26110.0,25837.0,25609.0,25316.0,25379.0,24776.0,24638.0,24294.0,24036.0,24109.0,24071.0,23659.0,23701.0,23248.0,23189.0,23328.0,22997.0,22702.0,22530.0,22468.0,22067.0,21932.0,21535.0,21169.0,21071.0,20660.0,20490.0,20292.0,20064.0,19982.0,19819.0,19467.0,19415.0,19119.0,18967.0,18667.0
M,63,31627.0,31758.0,32168.0,32845.0,33306.0,35159.0,35845.0,36583.0,36485.0,37605.0,38059.0,37375.0,37835.0,38002.0,36893.0,36688.0,35430.0,34771.0,33910.0,35020.0,35244.0,36023.0,35295.0,36518.0,36486.0,36349.0,37169.0,37900.0,37736.0,39371.0,39575.0,40086.0,39625.0,39189.0,38078.0,37541.0,37437.0,37165.0,36109.0,34944.0,35139.0,34854.0,33014.0,32013.0,32538.0,33008.0,32669.0,33546.0,33416.0,34412.0,34651.0,33975.0,33188.0,32774.0,31572.0,31614.0,31516.0,31534.0,30127.0,29259.0,28783.0,27746.0,29167.0,26474.0,26512.0,26593.0,26099.0,25831.0,25600.0,25309.0,25374.0,24770.0,24630.0,24289.0,24029.0,24104.0,24063.0,23648.0,23695.0,23240.0,23182.0,23319.0,22987.0,22693.0,22521.0,22465.0,22061.0,21924.0,21530.0,21166.0,21062.0,20653.0,20481.0,20286.0,20054.0,19978.0,19813.0,19460.0,19405.0,19114.0,18960.0
M,64,30857.0,31498.0,31624.0,32050.0,32706.0,33171.0,35003.0,35705.0,36464.0,36352.0,37504.0,37949.0,37279.0,37750.0,37902.0,36823.0,36611.0,35358.0,34703.0,33855.0,34953.0,35207.0,35973.0,35261.0,36471.0,36449.0,36321.0,37142.0,37882.0,37717.0,39348.0,39554.0,40067.0,39602.0,39172.0,38057.0,37526.0,37418.0,37145.0,36095.0,34920.0,35127.0,34836.0,32998.0,31998.0,32526.0,32993.0,32656.0,33537.0,33396.0,34398.0,34642.0,33964.0,33176.0,32767.0,31563.0,31606.0,31509.0,31526.0,30115.0,29251.0,28777.0,27740.0,29157.0,26467.0,26508.0,26578.0,26092.0,25821.0,25592.0,25304.0,25366.0,24757.0,24625.0,24276.0,24022.0,24092.0,24060.0,23638.0,23690.0,23230.0,23171.0,23314.0,22978.0,22684.0,22513.0,22458.0,22054.0,21915.0,21526.0,21161.0,21056.0,20646.0,20477.0,20280.0,20050.0,19969.0,19805.0,19452.0,19400.0,19111.0
M,65,29861.0,30655.0,31258.0,31388.0,31778.0,32449.0,32940.0,34756.0,35462.0,36252.0,36148.0,37299.0,37737.0,37089.0,37586.0,37736.0,36691.0,36473.0,35240.0,34598.0,33747.0,34863.0,35105.0,35885.0,35185.0,36425.0,36396.0,36285.0,37090.0,37854.0,37686.0,39318.0,39509.0,40036.0,39574.0,39140.0,38034.0,37490.0,37389.0,37109.0,36067.0,34889.0,35103.0,34815.0,32983.0,31974.0,32496.0,32972.0,32629.0,33516.0,33371.0,34375.0,34617.0,33943.0,33148.0,32744.0,31536.0,31592.0,31489.0,31509.0,30096.0,29232.0,28758.0,27720.0,29139.0,26448.0,26496.0,26566.0,26076.0,25807.0,25575.0,25290.0,25349.0,24740.0,24611.0,24260.0,24003.0,24071.0,24048.0,23625.0,23675.0,23208.0,23158.0,23295.0,22968.0,22675.0,22495.0,22445.0,22039.0,21910.0,21506.0,21153.0,21042.0,20634.0,20462.0,20262.0,20034.0,19959.0,19795.0,19442.0,19390.0
M,66,29798.0,29665.0,30437.0,31012.0,31149.0,31531.0,32207.0,32702.0,34510.0,35244.0,36056.0,35950.0,37120.0,37552.0,36921.0,37430.0,37596.0,36577.0,36363.0,35130.0,34513.0,33670.0,34789.0,35026.0,35812.0,35124.0,36374.0,36357.0,36239.0,37057.0,37807.0,37646.0,39275.0,39475.0,40001.0,39555.0,39107.0,38011.0,37467.0,37361.0,37088.0,36035.0,34860.0,35071.0,34797.0,32962.0,31952.0,32472.0,32941.0,32613.0,33493.0,33348.0,34354.0,34594.0,33920.0,33127.0,32720.0,31511.0,31567.0,31473.0,31490.0,30075.0,29213.0,28738.0,27700.0,29121.0,26424.0,26474.0,26553.0,26054.0,25790.0,25559.0,25277.0,25339.0,24726.0,24593.0,24246.0,23993.0,24052.0,24031.0,23614.0,23664.0,23192.0,23140.0,23287.0,22947.0,22660.0,22478.0,22428.0,22024.0,21893.0,21496.0,21144.0,21031.0,20625.0,20447.0,20253.0,20023.0,19942.0,19781.0,19431.0
M,67,28764.0,29590.0,29434.0,30231.0,30784.0,30945.0,31309.0,31964.0,32491.0,34297.0,35031.0,35845.0,35751.0,36948.0,37385.0,36767.0,37277.0,37468.0,36443.0,36255.0,35048.0,34434.0,33589.0,34716.0,34965.0,35753.0,35080.0,36327.0,36324.0,36204.0,37021.0,37776.0,37608.0,39246.0,39447.0,39962.0,39521.0,39080.0,37983.0,37428.0,37340.0,37055.0,36011.0,34837.0,35044.0,34772.0,32943.0,31913.0,32454.0,32925.0,32594.0,33475.0,33323.0,34332.0,34571.0,33903.0,33105.0,32704.0,31490.0,31550.0,31453.0,31469.0,30059.0,29206.0,28723.0,27686.0,29098.0,26407.0,26460.0,26538.0,26043.0,25770.0,25551.0,25263.0,25318.0,24712.0,24576.0,24230.0,23977.0,24036.0,24014.0,23603.0,23651.0,23178.0,23131.0,23278.0,22932.0,22647.0,22468.0,22410.0,22009.0,21877.0,21484.0,21128.0,21019.0,20614.0,20435.0,20241.0,20014.0,19932.0,19772.0
M,68,27721.0,28579.0,29400.0,29206.0,30001.0,30538.0,30722.0,31069.0,31766.0,32291.0,34102.0,34848.0,35673.0,35564.0,36779.0,37238.0,36632.0,37148.0,37344.0,36312.0,36160.0,34972.0,34361.0,33526.0,34657.0,34907.0,35700.0,35047.0,36291.0,36290.0,36174.0,36986.0,37745.0,37573.0,39218.0,39412.0,39936.0,39495.0,39046.0,37957.0,37401.0,37311.0,37023.0,35987.0,34809.0,35020.0,34751.0,32925.0,31891.0,32436.0,32895.0,32564.0,33458.0,33294.0,34308.0,34554.0,33880.0,33089.0,32683.0,31466.0,31530.0,31436.0,31451.0,30045.0,29184.0,28709.0,27670.0,29083.0,26390.0,26440.0,26518.0,26030.0,25750.0,25539.0,25251.0,25308.0,24697.0,24559.0,24217.0,23971.0,24026.0,23999.0,23593.0,23641.0,23165.0,23118.0,23263.0,22914.0,22628.0,22456.0,22398.0,21998.0,21871.0,21462.0,21109.0,21009.0,20601.0,20418.0,20225.0,20001.0,19911.0
M,69,26980.0,27546.0,28376.0,29170.0,28960.0,29764.0,30313.0,30524.0,30856.0,31545.0,32078.0,33900.0,34634.0,35511.0,35428.0,36629.0,37080.0,36508.0,37012.0,37238.0,36211.0,36062.0,34882.0,34290.0,33481.0,34607.0,34869.0,35654.0,35015.0,36262.0,36256.0,36148.0,36948.0,37699.0,37541.0,39189.0,39383.0,39903.0,39463.0,39017.0,37925.0,37370.0,37279.0,37000.0,35971.0,34787.0,34994.0,34729.0,32907.0,31868.0,32416.0,32871.0,32543.0,33433.0,33266.0,34285.0,34526.0,33854.0,33075.0,32667.0,31451.0,31506.0,31419.0,31434.0,30023.0,29169.0,28700.0,27656.0,29056.0,26379.0,26424.0,26501.0,26018.0,25738.0,25520.0,25238.0,25296.0,24688.0,24538.0,24211.0,23958.0,24014.0,23980.0,23581.0,23622.0,23154.0,23102.0,23252.0,22895.0,22605.0,22443.0,22390.0,21991.0,21860.0,21447.0,21099.0,20994.0,20585.0,20402.0,20212.0,19993.0
M,70,26474.0,26694.0,27196.0,28018.0,28802.0,28570.0,29418.0,29939.0,30187.0,30556.0,31227.0,31809.0,33576.0,34369.0,35244.0,35187.0,36421.0,36877.0,36323.0,36835.0,37068.0,36058.0,35922.0,34779.0,34202.0,33403.0,34524.0,34815.0,35594.0,34958.0,36210.0,36206.0,36102.0,36896.0,37632.0,37498.0,39140.0,39337.0,39850.0,39416.0,38971.0,37873.0,37324.0,37229.0,36952.0,35924.0,34740.0,34955.0,34682.0,32873.0,31838.0,32388.0,32836.0,32511.0,33393.0,33239.0,34250.0,34493.0,33816.0,33044.0,32641.0,31419.0,31470.0,31384.0,31393.0,29990.0,29137.0,28668.0,27621.0,29030.0,26351.0,26401.0,26472.0,25992.0,25706.0,25500.0,25218.0,25272.0,24661.0,24512.0,24185.0,23926.0,23994.0,23967.0,23554.0,23594.0,23131.0,23078.0,23223.0,22871.0,22590.0,22425.0,22368.0,21974.0,21831.0,21423.0,21075.0,20971.0,20563.0,20391.0,20196.0
M,71,25160.0,26179.0,26341.0,26860.0,27694.0,28475.0,28255.0,29058.0,29612.0,29878.0,30246.0,30933.0,31533.0,33287.0,34147.0,34993.0,34972.0,36218.0,36663.0,36153.0,36642.0,36899.0,35938.0,35818.0,34671.0,34104.0,33318.0,34466.0,34772.0,35538.0,34904.0,36155.0,36162.0,36056.0,36849.0,37585.0,37441.0,39078.0,39288.0,39800.0,39363.0,38923.0,37829.0,37285.0,37182.0,36919.0,35878.0,34700.0,34916.0,34641.0,32845.0,31803.0,32347.0,32799.0,32476.0,33348.0,33209.0,34212.0,34467.0,33786.0,33013.0,32619.0,31380.0,31438.0,31353.0,31365.0,29943.0,29112.0,28635.0,27596.0,29003.0,26324.0,26375.0,26437.0,25963.0,25673.0,25479.0,25198.0,25255.0,24636.0,24488.0,24165.0,23897.0,23980.0,23940.0,23532.0,23567.0,23107.0,23050.0,23200.0,22843.0,22572.0,22398.0,22338.0,21952.0,21811.0,21401.0,21061.0,20952.0,20543.0,20370.0
M,72,25075.0,24877.0,25866.0,26036.0,26555.0,27384.0,28107.0,27918.0,28744.0,29322.0,29594.0,29974.0,30642.0,31272.0,33006.0,33893.0,34789.0,34791.0,36021.0,36480.0,36005.0,36490.0,36753.0,35826.0,35699.0,34594.0,34024.0,33244.0,34402.0,34724.0,35470.0,34854.0,36099.0,36115.0,36009.0,36806.0,37539.0,37386.0,39045.0,39251.0,39753.0,39321.0,38868.0,37780.0,37254.0,37140.0,36879.0,35839.0,34667.0,34872.0,34615.0,32813.0,31767.0,32315.0,32765.0,32440.0,33322.0,33174.0,34170.0,34441.0,33743.0,32983.0,32583.0,31343.0,31408.0,31321.0,31334.0,29900.0,29086.0,28606.0,27565.0,28980.0,26303.0,26345.0,26413.0,25939.0,25649.0,25455.0,25164.0,25226.0,24615.0,24467.0,24140.0,23867.0,23961.0,23921.0,23509.0,23543.0,23087.0,23020.0,23179.0,22821.0,22551.0,22375.0,22315.0,21926.0,21779.0,21382.0,21041.0,20936.0,20513.0
M,73,24671.0,24817.0,24592.0,25550.0,25696.0,26212.0,27043.0,27782.0,27578.0,28457.0,29031.0,29277.0,29723.0,30393.0,31048.0,32776.0,33669.0,34592.0,34603.0,35839.0,36319.0,35859.0,36344.0,36655.0,35716.0,35623.0,34528.0,33955.0,33195.0,34358.0,34671.0,35423.0,34802.0,36041.0,36067.0,35946.0,36762.0,37496.0,37345.0,38997.0,39198.0,39703.0,39279.0,38827.0,37731.0,37201.0,37093.0,36837.0,35802.0,34638.0,34836.0,34573.0,32778.0,31745.0,32274.0,32731.0,32409.0,33286.0,33139.0,34131.0,34403.0,33712.0,32958.0,32550.0,31317.0,31378.0,31292.0,31307.0,29877.0,29060.0,28575.0,27533.0,28954.0,26277.0,26322.0,26381.0,25913.0,25619.0,25423.0,25137.0,25202.0,24594.0,24442.0,24119.0,23843.0,23936.0,23904.0,23489.0,23526.0,23069.0,22996.0,23151.0,22801.0,22527.0,22356.0,22287.0,21901.0,21758.0,21355.0,21021.0,20917.0
M,74,24612.0,24391.0,24535.0,24278.0,25207.0,25381.0,25886.0,26738.0,27450.0,27291.0,28212.0,28736.0,29039.0,29447.0,30157.0,30855.0,32564.0,33482.0,34384.0,34430.0,35666.0,36146.0,35731.0,36227.0,36561.0,35609.0,35557.0,34462.0,33891.0,33150.0,34311.0,34614.0,35371.0,34757.0,36000.0,36023.0,35896.0,36716.0,37449.0,37297.0,38948.0,39161.0,39656.0,39234.0,38790.0,37697.0,37159.0,37058.0,36801.0,35768.0,34601.0,34791.0,34544.0,32747.0,31714.0,32237.0,32704.0,32371.0,33258.0,33113.0,34086.0,34378.0,33681.0,32931.0,32520.0,31286.0,31337.0,31273.0,31275.0,29847.0,29037.0,28541.0,27508.0,28935.0,26262.0,26301.0,26353.0,25877.0,25602.0,25397.0,25117.0,25179.0,24566.0,24422.0,24102.0,23821.0,23918.0,23887.0,23472.0,23505.0,23050.0,22969.0,23132.0,22784.0,22496.0,22341.0,22267.0,21879.0,21739.0,21336.0,21002.0
M,75,24288.0,24146.0,23892.0,24010.0,23732.0,24658.0,24807.0,25399.0,26191.0,26888.0,26795.0,27773.0,28305.0,28654.0,29059.0,29753.0,30512.0,32258.0,33131.0,34074.0,34135.0,35393.0,35882.0,35518.0,36027.0,36382.0,35457.0,35426.0,34356.0,33798.0,33063.0,34214.0,34525.0,35283.0,34679.0,35914.0,35939.0,35823.0,36635.0,37377.0,37211.0,38858.0,39079.0,39563.0,39155.0,38688.0,37609.0,37074.0,36981.0,36723.0,35685.0,34548.0,34726.0,34477.0,32684.0,31656.0,32168.0,32632.0,32311.0,33199.0,33045.0,34011.0,34328.0,33615.0,32862.0,32449.0,31228.0,31285.0,31215.0,31212.0,29790.0,28975.0,28491.0,27449.0,28893.0,26221.0,26258.0,26311.0,25845.0,25562.0,25352.0,25072.0,25137.0,24516.0,24368.0,24053.0,23783.0,23864.0,23852.0,23433.0,23469.0,23019.0,22928.0,23084.0,22750.0,22457.0,22302.0,22223.0,21848.0,21692.0,21312.0
M,76,24418.0,23825.0,23614.0,23366.0,23493.0,23223.0,24152.0,24294.0,24904.0,25679.0,26412.0,26367.0,27338.0,27899.0,28294.0,28732.0,29422.0,30205.0,31946.0,32847.0,33793.0,33883.0,35173.0,35676.0,35333.0,35850.0,36235.0,35342.0,35322.0,34265.0,33704.0,32973.0,34129.0,34448.0,35185.0,34579.0,35802.0,35849.0,35746.0,36563.0,37289.0,37140.0,38777.0,38972.0,39471.0,39086.0,38599.0,37548.0,36996.0,36911.0,36645.0,35621.0,34468.0,34657.0,34401.0,32626.0,31598.0,32111.0,32577.0,32247.0,33139.0,32979.0,33960.0,34273.0,33563.0,32810.0,32379.0,31178.0,31239.0,31159.0,31156.0,29732.0,28907.0,28450.0,27409.0,28849.0,26171.0,26204.0,26272.0,25797.0,25522.0,25309.0,25038.0,25081.0,24469.0,24331.0,24014.0,23751.0,23825.0,23806.0,23395.0,23431.0,22983.0,22887.0,23040.0,22712.0,22413.0,22257.0,22174.0,21805.0,21640.0
M,77,20835.0,23960.0,23348.0,23105.0,22820.0,22990.0,22714.0,23615.0,23817.0,24437.0,25223.0,25961.0,25948.0,26950.0,27541.0,27974.0,28436.0,29129.0,29893.0,31686.0,32577.0,33525.0,33664.0,34974.0,35498.0,35174.0,35706.0,36118.0,35237.0,35215.0,34168.0,33596.0,32888.0,34042.0,34365.0,35097.0,34498.0,35718.0,35773.0,35662.0,36477.0,37204.0,37040.0,38692.0,38881.0,39387.0,39013.0,38525.0,37486.0,36930.0,36836.0,36570.0,35538.0,34405.0,34603.0,34337.0,32567.0,31541.0,32047.0,32523.0,32192.0,33079.0,32934.0,33889.0,34203.0,33512.0,32753.0,32318.0,31119.0,31182.0,31112.0,31103.0,29676.0,28848.0,28418.0,27354.0,28805.0,26121.0,26160.0,26217.0,25750.0,25471.0,25267.0,24985.0,25046.0,24430.0,24280.0,23973.0,23707.0,23786.0,23763.0,23356.0,23391.0,22942.0,22855.0,23004.0,22669.0,22370.0,22210.0,22142.0,21762.0
M,78,19491.0,20423.0,23480.0,22811.0,22577.0,22282.0,22500.0,22270.0,23134.0,23349.0,24008.0,24744.0,25547.0,25560.0,26560.0,27211.0,27646.0,28109.0,28878.0,29625.0,31455.0,32362.0,33263.0,33451.0,34820.0,35329.0,35037.0,35589.0,36024.0,35122.0,35091.0,34068.0,33516.0,32812.0,33940.0,34285.0,35018.0,34418.0,35637.0,35688.0,35579.0,36379.0,37131.0,36970.0,38596.0,38790.0,39295.0,38930.0,38452.0,37410.0,36845.0,36773.0,36500.0,35473.0,34327.0,34541.0,34262.0,32503.0,31486.0,31994.0,32466.0,32142.0,33021.0,32879.0,33826.0,34141.0,33458.0,32707.0,32256.0,31075.0,31125.0,31049.0,31047.0,29624.0,28797.0,28358.0,27303.0,28751.0,26075.0,26103.0,26171.0,25706.0,25427.0,25222.0,24939.0,25011.0,24383.0,24238.0,23922.0,23669.0,23744.0,23718.0,23310.0,23352.0,22899.0,22819.0,22965.0,22627.0,22329.0,22174.0,22111.0
M,79,16617.0,19156.0,19997.0,22959.0,22268.0,22041.0,21797.0,22012.0,21830.0,22668.0,22927.0,23572.0,24335.0,25162.0,25220.0,26244.0,26919.0,27356.0,27846.0,28606.0,29396.0,31213.0,32122.0,33081.0,33267.0,34669.0,35184.0,34916.0,35482.0,35911.0,35021.0,35002.0,33986.0,33435.0,32721.0,33871.0,34209.0,34940.0,34340.0,35565.0,35623.0,35503.0,36301.0,37073.0,36885.0,38519.0,38715.0,39221.0,38838.0,38392.0,37330.0,36769.0,36719.0,36424.0,35415.0,34270.0,34477.0,34196.0,32454.0,31432.0,31942.0,32417.0,32079.0,32967.0,32822.0,33766.0,34072.0,33392.0,32660.0,32197.0,31014.0,31066.0,30985.0,30992.0,29578.0,28746.0,28315.0,27267.0,28698.0,26017.0,26059.0,26116.0,25665.0,25387.0,25185.0,24896.0,24965.0,24342.0,24193.0,23875.0,23629.0,23704.0,23666.0,23252.0,23323.0,22861.0,22773.0,22916.0,22592.0,22275.0,22134.0
M,80,14484.0,16038.0,18430.0,19187.0,22050.0,21416.0,21174.0,20964.0,21258.0,21163.0,21933.0,22246.0,22925.0,23659.0,24577.0,24739.0,25783.0,26441.0,26909.0,27413.0,28192.0,28999.0,30839.0,31783.0,32746.0,33000.0,34427.0,34982.0,34747.0,35308.0,35748.0,34833.0,34848.0,33819.0,33287.0,32588.0,33718.0,34061.0,34800.0,34209.0,35413.0,35489.0,35370.0,36175.0,36919.0,36749.0,38382.0,38576.0,39081.0,38710.0,38251.0,37187.0,36643.0,36588.0,36300.0,35296.0,34162.0,34366.0,34099.0,32341.0,31329.0,31843.0,32305.0,31973.0,32872.0,32729.0,33662.0,33984.0,33285.0,32561.0,32094.0,30915.0,30970.0,30896.0,30902.0,29484.0,28645.0,28235.0,27184.0,28608.0,25944.0,25971.0,26036.0,25583.0,25311.0,25097.0,24815.0,24866.0,24253.0,24119.0,23792.0,23553.0,23623.0,23595.0,23159.0,23255.0,22788.0,22696.0,22851.0,22521.0,22194.0
M,81,11843.0,14041.0,15437.0,17674.0,18359.0,21173.0,20660.0,20414.0,20271.0,20552.0,20464.0,21253.0,21602.0,22318.0,23072.0,24060.0,24255.0,25321.0,26006.0,26501.0,27022.0,27807.0,28627.0,30484.0,31451.0,32504.0,32788.0,34207.0,34799.0,34593.0,35115.0,35579.0,34661.0,34681.0,33685.0,33154.0,32457.0,33587.0,33934.0,34657.0,34074.0,35282.0,35345.0,35239.0,36049.0,36789.0,36593.0,38232.0,38447.0,38933.0,38594.0,38132.0,37049.0,36536.0,36452.0,36188.0,35173.0,34049.0,34258.0,34004.0,32235.0,31220.0,31736.0,32210.0,31868.0,32747.0,32625.0,33550.0,33877.0,33157.0,32464.0,31993.0,30828.0,30880.0,30802.0,30799.0,29405.0,28558.0,28158.0,27101.0,28507.0,25875.0,25902.0,25951.0,25505.0,25242.0,25027.0,24742.0,24798.0,24176.0,24053.0,23718.0,23470.0,23524.0,23523.0,23079.0,23183.0,22715.0,22621.0,22785.0,22447.0
M,82,11475.0,11463.0,13548.0,14828.0,17005.0,17665.0,20342.0,19900.0,19704.0,19540.0,19907.0,19831.0,20646.0,21071.0,21815.0,22565.0,23593.0,23837.0,24895.0,25609.0,26124.0,26637.0,27445.0,28357.0,30221.0,31208.0,32274.0,32597.0,34027.0,34606.0,34429.0,34970.0,35423.0,34520.0,34538.0,33552.0,33020.0,32306.0,33458.0,33793.0,34504.0,33939.0,35153.0,35188.0,35111.0,35898.0,36652.0,36457.0,38081.0,38316.0,38799.0,38441.0,38007.0,36936.0,36405.0,36337.0,36056.0,35077.0,33951.0,34158.0,33895.0,32120.0,31115.0,31645.0,32099.0,31781.0,32659.0,32533.0,33433.0,33774.0,33061.0,32348.0,31903.0,30730.0,30774.0,30705.0,30723.0,29314.0,28469.0,28085.0,27013.0,28424.0,25791.0,25817.0,25863.0,25434.0,25168.0,24956.0,24658.0,24729.0,24106.0,23985.0,23638.0,23404.0,23453.0,23455.0,22997.0,23102.0,22640.0,22551.0,22714.0
M,83,10253.0,11100.0,11063.0,13029.0,14210.0,16322.0,17013.0,19579.0,19210.0,19058.0,18909.0,19304.0,19273.0,20078.0,20593.0,21330.0,22136.0,23161.0,23427.0,24538.0,25222.0,25768.0,26307.0,27162.0,28082.0,29976.0,30969.0,32069.0,32428.0,33858.0,34450.0,34266.0,34819.0,35267.0,34349.0,34379.0,33410.0,32874.0,32175.0,33325.0,33665.0,34375.0,33813.0,35000.0,35047.0,34984.0,35770.0,36532.0,36315.0,37930.0,38173.0,38678.0,38320.0,37877.0,36804.0,36288.0,36221.0,35918.0,34960.0,33853.0,34058.0,33800.0,32035.0,31018.0,31560.0,31985.0,31689.0,32546.0,32432.0,33319.0,33675.0,32946.0,32248.0,31801.0,30637.0,30690.0,30607.0,30623.0,29231.0,28367.0,27990.0,26908.0,28350.0,25702.0,25740.0,25787.0,25362.0,25085.0,24869.0,24590.0,24659.0,24032.0,23904.0,23547.0,23335.0,23385.0,23391.0,22930.0,23029.0,22568.0,22477.0
M,84,9065.0,9900.0,10667.0,10611.0,12528.0,13708.0,15710.0,16394.0,18907.0,18546.0,18491.0,18348.0,18753.0,18737.0,19627.0,20154.0,20907.0,21717.0,22761.0,23084.0,24190.0,24918.0,25475.0,26012.0,26913.0,27853.0,29777.0,30778.0,31907.0,32275.0,33698.0,34278.0,34100.0,34649.0,35125.0,34183.0,34210.0,33263.0,32732.0,32057.0,33218.0,33545.0,34236.0,33700.0,34870.0,34908.0,34868.0,35638.0,36390.0,36195.0,37798.0,38045.0,38532.0,38176.0,37761.0,36669.0,36192.0,36113.0,35787.0,34836.0,33754.0,33940.0,33695.0,31934.0,30925.0,31452.0,31894.0,31588.0,32444.0,32321.0,33206.0,33571.0,32853.0,32150.0,31705.0,30527.0,30589.0,30514.0,30516.0,29148.0,28274.0,27915.0,26808.0,28259.0,25618.0,25657.0,25689.0,25274.0,25011.0,24798.0,24519.0,24586.0,23945.0,23829.0,23471.0,23245.0,23305.0,23309.0,22852.0,22955.0,22490.0
M,85,7812.0,8437.0,9155.0,9839.0,9795.0,11577.0,12698.0,14603.0,15299.0,17722.0,17373.0,17414.0,17370.0,17825.0,17905.0,18788.0,19437.0,20188.0,21012.0,22078.0,22461.0,23562.0,24372.0,24925.0,25511.0,26493.0,27463.0,29434.0,30466.0,31566.0,31968.0,33389.0,33963.0,33789.0,34350.0,34833.0,33892.0,33940.0,32995.0,32485.0,31806.0,32972.0,33277.0,33989.0,33478.0,34623.0,34659.0,34639.0,35388.0,36109.0,35936.0,37559.0,37761.0,38266.0,37913.0,37498.0,36451.0,35960.0,35882.0,35571.0,34624.0,33537.0,33728.0,33494.0,31733.0,30752.0,31246.0,31669.0,31393.0,32216.0,32104.0,33015.0,33357.0,32642.0,31938.0,31499.0,30356.0,30400.0,30362.0,30319.0,28976.0,28083.0,27751.0,26649.0,28093.0,25449.0,25495.0,25524.0,25127.0,24872.0,24638.0,24348.0,24452.0,23814.0,23676.0,23330.0,23108.0,23129.0,23145.0,22718.0,22814.0
M,86,6657.0,7245.0,7819.0,8452.0,9092.0,9034.0,10748.0,11790.0,13643.0,14323.0,16614.0,16357.0,16479.0,16580.0,17014.0,17134.0,18109.0,18743.0,19524.0,20397.0,21479.0,21868.0,22996.0,23864.0,24471.0,25122.0,26092.0,27136.0,29122.0,30166.0,31294.0,31683.0,33085.0,33663.0,33470.0,34045.0,34537.0,33625.0,33686.0,32726.0,32216.0,31567.0,32714.0,33035.0,33717.0,33223.0,34378.0,34399.0,34394.0,35140.0,35868.0,35664.0,37292.0,37544.0,38006.0,37641.0,37232.0,36211.0,35743.0,35633.0,35319.0,34391.0,33349.0,33526.0,33258.0,31519.0,30569.0,31053.0,31469.0,31183.0,32015.0,31922.0,32833.0,33173.0,32475.0,31740.0,31309.0,30180.0,30219.0,30167.0,30114.0,28787.0,27903.0,27568.0,26480.0,27918.0,25311.0,25326.0,25355.0,24968.0,24747.0,24485.0,24186.0,24302.0,23659.0,23512.0,23181.0,22949.0,22988.0,22990.0,22594.0
M,87,5523.0,6241.0,6719.0,7259.0,7843.0,8404.0,8374.0,9979.0,11033.0,12762.0,13466.0,15666.0,15481.0,15651.0,15838.0,16280.0,16468.0,17478.0,18125.0,18929.0,19822.0,20932.0,21347.0,22552.0,23431.0,24095.0,24783.0,25786.0,26846.0,28850.0,29859.0,31008.0,31362.0,32819.0,33390.0,33188.0,33756.0,34264.0,33369.0,33446.0,32479.0,31953.0,31333.0,32481.0,32760.0,33452.0,32971.0,34131.0,34155.0,34158.0,34914.0,35635.0,35432.0,37047.0,37320.0,37750.0,37392.0,36993.0,35973.0,35514.0,35400.0,35082.0,34171.0,33127.0,33320.0,33046.0,31306.0,30382.0,30843.0,31295.0,31002.0,31840.0,31720.0,32649.0,32958.0,32282.0,31558.0,31121.0,30004.0,30043.0,29984.0,29939.0,28583.0,27728.0,27387.0,26331.0,27736.0,25145.0,25170.0,25196.0,24807.0,24597.0,24344.0,24042.0,24136.0,23509.0,23363.0,23031.0,22820.0,22843.0,22824.0
M,88,4721.0,5133.0,5770.0,6187.0,6700.0,7252.0,7790.0,7776.0,9307.0,10355.0,11953.0,12742.0,14805.0,14721.0,14938.0,15127.0,15618.0,15874.0,16935.0,17538.0,18373.0,19336.0,20494.0,20899.0,22139.0,23030.0,23775.0,24499.0,25532.0,26561.0,28569.0,29587.0,30705.0,31086.0,32497.0,33093.0,32924.0,33485.0,33991.0,33089.0,33185.0,32219.0,31716.0,31080.0,32251.0,32527.0,33218.0,32710.0,33914.0,33923.0,33905.0,34670.0,35381.0,35208.0,36796.0,37080.0,37535.0,37150.0,36753.0,35759.0,35258.0,35213.0,34879.0,33964.0,32911.0,33124.0,32829.0,31111.0,30189.0,30649.0,31115.0,30803.0,31656.0,31503.0,32425.0,32772.0,32072.0,31342.0,30952.0,29834.0,29876.0,29790.0,29752.0,28404.0,27565.0,27233.0,26196.0,27561.0,24957.0,25013.0,25048.0,24676.0,24447.0,24196.0,23897.0,23987.0,23366.0,23223.0,22891.0,22691.0,22696.0
M,89,4033.0,4388.0,4800.0,5342.0,5750.0,6172.0,6738.0,7270.0,7243.0,8694.0,9724.0,11240.0,12029.0,14025.0,14062.0,14360.0,14549.0,15040.0,15332.0,16441.0,17013.0,17928.0,18886.0,20022.0,20503.0,21819.0,22734.0,23528.0,24245.0,25284.0,26303.0,28276.0,29358.0,30424.0,30805.0,32230.0,32822.0,32660.0,33223.0,33735.0,32813.0,32933.0,31967.0,31451.0,30847.0,31982.0,32278.0,32993.0,32466.0,33680.0,33695.0,33676.0,34431.0,35135.0,34980.0,36552.0,36835.0,37282.0,36916.0,36525.0,35546.0,35039.0,35007.0,34667.0,33728.0,32702.0,32931.0,32610.0,30907.0,29983.0,30435.0,30918.0,30609.0,31460.0,31300.0,32223.0,32582.0,31900.0,31155.0,30778.0,29654.0,29702.0,29616.0,29566.0,28239.0,27397.0,27082.0,26030.0,27373.0,24809.0,24853.0,24891.0,24494.0,24297.0,24052.0,23751.0,23826.0,23223.0,23082.0,22733.0,22521.0
M,90,3616.0,3437.0,3700.0,4048.0,4435.0,4794.0,5160.0,5730.0,6214.0,6192.0,7477.0,8479.0,9864.0,10733.0,12634.0,12843.0,13168.0,13440.0,13955.0,14303.0,15404.0,16048.0,16992.0,17914.0,19214.0,19772.0,21156.0,22174.0,22993.0,23683.0,24679.0,25734.0,27673.0,28796.0,29839.0,30241.0,31602.0,32225.0,32034.0,32650.0,33122.0,32207.0,32361.0,31410.0,30927.0,30335.0,31467.0,31718.0,32480.0,31933.0,33128.0,33138.0,33153.0,33931.0,34619.0,34461.0,35961.0,36310.0,36730.0,36347.0,36012.0,35034.0,34495.0,34495.0,34199.0,33267.0,32244.0,32500.0,32158.0,30491.0,29543.0,29990.0,30480.0,30172.0,31027.0,30845.0,31795.0,32113.0,31434.0,30741.0,30375.0,29233.0,29319.0,29208.0,29155.0,27835.0,27022.0,26723.0,25634.0,27023.0,24457.0,24492.0,24503.0,24112.0,23980.0,23699.0,23401.0,23476.0,22904.0,22774.0,22389.0
M,91,2747.0,2275.0,2129.0,2338.0,2541.0,2734.0,2973.0,3294.0,3648.0,4066.0,4001.0,4810.0,5544.0,6546.0,7216.0,8637.0,8880.0,9114.0,9375.0,9730.0,10064.0,10826.0,11435.0,12200.0,12838.0,13875.0,14281.0,15432.0,16246.0,16895.0,17423.0,18219.0,19056.0,20463.0,21294.0,21987.0,22350.0,23342.0,23724.0,23635.0,24111.0,24474.0,23751.0,23925.0,23188.0,22895.0,22500.0,23323.0,23447.0,24008.0,23613.0,24489.0,24526.0,24569.0,25156.0,25681.0,25527.0,26701.0,26965.0,27258.0,26950.0,26735.0,25986.0,25586.0,25568.0,25369.0,24684.0,23884.0,24143.0,23887.0,22649.0,21916.0,22254.0,22627.0,22424.0,23044.0,22908.0,23557.0,23816.0,23308.0,22823.0,22564.0,21726.0,21781.0,21688.0,21696.0,20726.0,20166.0,19880.0,19060.0,20059.0,18151.0,17975.0,18164.0,17775.0,17722.0,17470.0,17216.0,17268.0,16931.0,16713.0
M,92,2294.0,1745.0,1479.0,1288.0,1441.0,1543.0,1709.0,1853.0,2083.0,2369.0,2628.0,2616.0,3189.0,3750.0,4438.0,4894.0,5943.0,6153.0,6329.0,6491.0,6768.0,7046.0,7547.0,8120.0,8623.0,9281.0,10079.0,10463.0,11279.0,11954.0,12451.0,12778.0,13447.0,13978.0,14990.0,15672.0,16228.0,16487.0,17172.0,17523.0,17458.0,17760.0,18091.0,17517.0,17658.0,17142.0,16847.0,16680.0,17171.0,17333.0,17753.0,17448.0,18185.0,18140.0,18187.0,18659.0,19069.0,18954.0,19790.0,20064.0,20241.0,19917.0,19832.0,19323.0,19011.0,18940.0,18807.0,18286.0,17654.0,17888.0,17632.0,16787.0,16198.0,16477.0,16772.0,16635.0,17081.0,16961.0,17418.0,17709.0,17233.0,16855.0,16676.0,16076.0,16229.0,16045.0,16121.0,15275.0,14966.0,14790.0,14112.0,14924.0,13473.0,13317.0,13424.0,13208.0,13101.0,12963.0,12674.0,12726.0,12474.0
M,93,1703.0,1486.0,1146.0,937.0,792.0,932.0,982.0,1065.0,1188.0,1348.0,1542.0,1726.0,1789.0,2156.0,2531.0,3054.0,3334.0,4075.0,4289.0,4415.0,4559.0,4796.0,5071.0,5378.0,5812.0,6227.0,6775.0,7291.0,7707.0,8284.0,8795.0,9259.0,9475.0,9905.0,10353.0,11064.0,11553.0,11922.0,12172.0,12614.0,12932.0,12823.0,13054.0,13307.0,12809.0,12976.0,12595.0,12412.0,12276.0,12695.0,12764.0,13096.0,12902.0,13457.0,13354.0,13401.0,13803.0,14096.0,14048.0,14663.0,14814.0,15005.0,14708.0,14579.0,14227.0,14052.0,13971.0,13873.0,13507.0,13082.0,13221.0,12966.0,12277.0,11960.0,12130.0,12383.0,12259.0,12581.0,12473.0,12862.0,13110.0,12674.0,12411.0,12259.0,11845.0,11953.0,11819.0,11888.0,11356.0,11052.0,10965.0,10486.0,11015.0,10017.0,9892.0,9840.0,9787.0,9586.0,9530.0,9411.0,9441.0
M,94,1256.0,1071.0,923.0,730.0,579.0,465.0,591.0,642.0,692.0,754.0,886.0,1004.0,1130.0,1176.0,1450.0,1719.0,2105.0,2303.0,2817.0,3010.0,3075.0,3230.0,3369.0,3582.0,3856.0,4168.0,4549.0,4897.0,5311.0,5577.0,6090.0,6427.0,6762.0,6901.0,7186.0,7632.0,8087.0,8499.0,8790.0,9026.0,9267.0,9547.0,9493.0,9664.0,9821.0,9584.0,9691.0,9324.0,9156.0,9156.0,9424.0,9410.0,9746.0,9535.0,9876.0,9893.0,9925.0,10227.0,10337.0,10333.0,10760.0,10866.0,11100.0,10855.0,10768.0,10592.0,10434.0,10304.0,10296.0,9926.0,9740.0,9859.0,9676.0,9144.0,8937.0,8992.0,9227.0,9035.0,9315.0,9309.0,9526.0,9755.0,9424.0,9242.0,9126.0,8790.0,8977.0,8778.0,8873.0,8480.0,8211.0,8166.0,7679.0,8030.0,7469.0,7301.0,7237.0,7297.0,7164.0,7062.0,6967.0
M,95,887.0,664.0,543.0,465.0,374.0,292.0,237.0,333.0,332.0,385.0,404.0,519.0,589.0,650.0,708.0,887.0,1069.0,1301.0,1439.0,1814.0,1989.0,2055.0,2141.0,2294.0,2464.0,2687.0,2947.0,3256.0,3537.0,3812.0,4004.0,4336.0,4625.0,4842.0,4970.0,5149.0,5458.0,5775.0,6011.0,6226.0,6514.0,6759.0,6906.0,6759.0,6972.0,7118.0,6902.0,6995.0,6716.0,6522.0,6606.0,6766.0,6760.0,7031.0,6951.0,7190.0,7196.0,7190.0,7458.0,7479.0,7576.0,7807.0,7888.0,8068.0,7891.0,7837.0,7698.0,7586.0,7476.0,7387.0,7179.0,6955.0,7193.0,7019.0,6685.0,6477.0,6567.0,6677.0,6523.0,6697.0,6702.0,6846.0,7140.0,6962.0,6760.0,6723.0,6386.0,6539.0,6374.0,6433.0,6216.0,6023.0,5939.0,5604.0,5889.0,5462.0,5364.0,5298.0,5322.0,5192.0,5141.0
M,96,692.0,459.0,359.0,259.0,226.0,188.0,161.0,122.0,190.0,188.0,209.0,235.0,295.0,345.0,392.0,428.0,553.0,668.0,859.0,907.0,1175.0,1318.0,1373.0,1448.0,1546.0,1696.0,1866.0,2073.0,2348.0,2516.0,2726.0,2834.0,3118.0,3346.0,3476.0,3586.0,3658.0,3893.0,4129.0,4303.0,4490.0,4749.0,4879.0,4956.0,4872.0,5035.0,5107.0,4916.0,5005.0,4826.0,4703.0,4749.0,4879.0,4858.0,5085.0,5015.0,5186.0,5203.0,5196.0,5471.0,5464.0,5569.0,5633.0,5679.0,5819.0,5689.0,5647.0,5480.0,5419.0,5338.0,5252.0,5146.0,4956.0,5159.0,5021.0,4828.0,4658.0,4774.0,4827.0,4689.0,4814.0,4849.0,4972.0,5133.0,4968.0,4838.0,4836.0,4627.0,4680.0,4570.0,4656.0,4447.0,4455.0,4374.0,4085.0,4324.0,3995.0,3816.0,3835.0,3862.0,3776.0
M,97,469.0,350.0,233.0,172.0,139.0,106.0,104.0,71.0,67.0,100.0,105.0,123.0,129.0,174.0,212.0,248.0,259.0,347.0,425.0,550.0,592.0,746.0,910.0,955.0,995.0,1073.0,1203.0,1308.0,1469.0,1707.0,1792.0,1993.0,2025.0,2223.0,2401.0,2487.0,2533.0,2640.0,2799.0,3004.0,3117.0,3249.0,3413.0,3544.0,3565.0,3486.0,3655.0,3670.0,3563.0,3606.0,3502.0,3416.0,3405.0,3536.0,3522.0,3675.0,3614.0,3732.0,3750.0,3776.0,3982.0,3944.0,3993.0,4036.0,4135.0,4247.0,4159.0,4122.0,3998.0,3877.0,3814.0,3776.0,3710.0,3574.0,3745.0,3651.0,3500.0,3390.0,3398.0,3471.0,3415.0,3507.0,3542.0,3584.0,3710.0,3644.0,3478.0,3535.0,3365.0,3369.0,3291.0,3329.0,3225.0,3198.0,3200.0,2945.0,3164.0,2893.0,2796.0,2827.0,2866.0
M,98,286.0,258.0,194.0,120.0,87.0,68.0,64.0,59.0,33.0,31.0,45.0,61.0,71.0,80.0,109.0,127.0,156.0,172.0,212.0,273.0,384.0,386.0,516.0,637.0,693.0,696.0,761.0,826.0,950.0,1084.0,1231.0,1281.0,1437.0,1478.0,1611.0,1714.0,1778.0,1818.0,1905.0,2020.0,2163.0,2254.0,2342.0,2452.0,2554.0,2582.0,2536.0,2655.0,2656.0,2561.0,2605.0,2529.0,2456.0,2462.0,2557.0,2537.0,2660.0,2601.0,2721.0,2706.0,2706.0,2905.0,2818.0,2894.0,2952.0,3026.0,3082.0,2993.0,2996.0,2920.0,2808.0,2804.0,2757.0,2699.0,2602.0,2782.0,2664.0,2545.0,2470.0,2497.0,2564.0,2523.0,2550.0,2573.0,2620.0,2671.0,2640.0,2513.0,2530.0,2435.0,2440.0,2374.0,2427.0,2336.0,2366.0,2282.0,2196.0,2311.0,2079.0,2039.0,2075.0
M,99,174.0,152.0,131.0,103.0,73.0,35.0,37.0,32.0,24.0,15.0,18.0,28.0,42.0,41.0,47.0,73.0,85.0,97.0,113.0,137.0,182.0,236.0,239.0,342.0,454.0,479.0,503.0,559.0,589.0,680.0,769.0,876.0,890.0,1040.0,1059.0,1129.0,1219.0,1274.0,1288.0,1370.0,1420.0,1563.0,1633.0,1667.0,1758.0,1862.0,1918.0,1845.0,1927.0,1950.0,1852.0,1886.0,1859.0,1792.0,1797.0,1852.0,1860.0,1906.0,1888.0,1965.0,1977.0,1979.0,2125.0,2082.0,2131.0,2169.0,2192.0,2248.0,2195.0,2215.0,2111.0,2083.0,2023.0,2023.0,2003.0,1918.0,2070.0,1968.0,1897.0,1819.0,1839.0,1936.0,1867.0,1881.0,1889.0,1912.0,1946.0,1941.0,1842.0,1836.0,1758.0,1767.0,1757.0,1761.0,1693.0,1705.0,1684.0,1595.0,1714.0,1495.0,1521.0
M,100,95.0,72.0,56.0,63.0,36.0,32.0,13.0,13.0,14.0,8.0,6.0,8.0,9.0,21.0,22.0,25.0,31.0,51.0,57.0,71.0,91.0,114.0,147.0,144.0,222.0,291.0,299.0,355.0,387.0,405.0,478.0,539.0,615.0,623.0,721.0,747.0,785.0,859.0,896.0,916.0,978.0,1003.0,1086.0,1138.0,1145.0,1231.0,1298.0,1345.0,1280.0,1326.0,1376.0,1315.0,1331.0,1278.0,1259.0,1299.0,1284.0,1300.0,1345.0,1334.0,1389.0,1403.0,1398.0,1470.0,1446.0,1486.0,1547.0,1578.0,1583.0,1554.0,1546.0,1498.0,1465.0,1417.0,1421.0,1398.0,1348.0,1461.0,1372.0,1337.0,1274.0,1298.0,1373.0,1299.0,1313.0,1317.0,1357.0,1383.0,1406.0,1306.0,1297.0,1246.0,1249.0,1242.0,1261.0,1209.0,1192.0,1217.0,1139.0,1235.0,1034.0
M,101,54.0,20.0,13.0,6.0,14.0,8.0,6.0,2.0,3.0,,1.0,,3.0,3.0,5.0,5.0,4.0,11.0,13.0,13.0,24.0,25.0,32.0,49.0,45.0,73.0,86.0,102.0,127.0,126.0,136.0,157.0,179.0,204.0,202.0,244.0,260.0,266.0,286.0,315.0,309.0,333.0,351.0,381.0,412.0,402.0,434.0,466.0,469.0,448.0,477.0,480.0,471.0,477.0,445.0,442.0,448.0,450.0,462.0,466.0,472.0,484.0,493.0,501.0,517.0,515.0,523.0,564.0,572.0,557.0,551.0,542.0,507.0,510.0,491.0,489.0,499.0,468.0,505.0,490.0,463.0,433.0,461.0,483.0,459.0,455.0,456.0,494.0,497.0,480.0,447.0,458.0,421.0,449.0,449.0,458.0,429.0,431.0,433.0,400.0,436.0
M,102,32.0,10.0,6.0,2.0,2.0,1.0,5.0,2.0,,2.0,,1.0,,1.0,2.0,3.0,1.0,1.0,6.0,3.0,2.0,6.0,6.0,10.0,18.0,11.0,30.0,29.0,30.0,47.0,57.0,56.0,62.0,72.0,79.0,67.0,88.0,84.0,99.0,102.0,107.0,103.0,116.0,132.0,142.0,152.0,131.0,139.0,181.0,173.0,154.0,167.0,179.0,167.0,168.0,155.0,159.0,160.0,161.0,173.0,170.0,173.0,163.0,177.0,175.0,176.0,182.0,164.0,198.0,204.0,184.0,188.0,192.0,176.0,193.0,175.0,178.0,181.0,165.0,186.0,171.0,173.0,163.0,172.0,186.0,165.0,167.0,162.0,180.0,185.0,181.0,162.0,182.0,146.0,159.0,161.0,159.0,146.0,155.0,154.0,143.0
M,103,21.0,8.0,2.0,2.0,,,,1.0,,,,,,,,1.0,1.0,,,3.0,1.0,,2.0,2.0,2.0,6.0,1.0,8.0,12.0,9.0,15.0,21.0,23.0,24.0,31.0,32.0,18.0,30.0,34.0,33.0,40.0,40.0,30.0,37.0,42.0,50.0,53.0,44.0,45.0,58.0,61.0,49.0,57.0,64.0,56.0,62.0,59.0,55.0,53.0,58.0,58.0,56.0,59.0,60.0,56.0,65.0,60.0,69.0,55.0,69.0,75.0,72.0,70.0,71.0,74.0,70.0,60.0,62.0,64.0,52.0,60.0,66.0,62.0,59.0,56.0,56.0,55.0,52.0,53.0,66.0,62.0,59.0,60.0,65.0,51.0,57.0,54.0,51.0,49.0,54.0,46.0
M,104,5.0,4.0,3.0,,2.0,,,,,,,,,,,,1.0,1.0,,,,1.0,,1.0,,,1.0,,2.0,3.0,3.0,7.0,8.0,12.0,12.0,11.0,11.0,9.0,11.0,10.0,7.0,14.0,13.0,13.0,16.0,18.0,16.0,17.0,15.0,13.0,19.0,20.0,12.0,22.0,19.0,20.0,27.0,22.0,24.0,20.0,19.0,23.0,17.0,23.0,24.0,18.0,22.0,15.0,30.0,20.0,27.0,23.0,27.0,22.0,21.0,24.0,21.0,20.0,26.0,17.0,16.0,18.0,24.0,18.0,17.0,20.0,22.0,19.0,20.0,21.0,24.0,26.0,29.0,22.0,31.0,21.0,16.0,18.0,18.0,16.0,16.0
M,105,28.0,,1.0,2.0,,1.0,,,,,,,,,,,,,1.0,,,,,,,,,1.0,,1.0,1.0,,,2.0,3.0,3.0,3.0,2.0,5.0,5.0,4.0,4.0,5.0,4.0,3.0,5.0,7.0,6.0,6.0,5.0,6.0,6.0,4.0,5.0,10.0,6.0,8.0,8.0,9.0,9.0,6.0,7.0,13.0,6.0,6.0,10.0,5.0,7.0,7.0,9.0,4.0,8.0,7.0,8.0,6.0,5.0,10.0,6.0,4.0,7.0,6.0,7.0,6.0,11.0,5.0,7.0,5.0,9.0,6.0,9.0,9.0,8.0,6.0,13.0,5.0,10.0,9.0,7.0,10.0,8.0,6.0
M,106,,5.0,,,2.0,,,,,,,,,,,,,,,1.0,,,,,,,,,,,,,,,,2.0,2.0,1.0,,3.0,2.0,1.0,1.0,1.0,2.0,1.0,1.0,,1.0,2.0,1.0,1.0,1.0,1.0,1.0,2.0,,4.0,3.0,1.0,2.0,,2.0,5.0,2.0,1.0,4.0,1.0,2.0,2.0,4.0,3.0,4.0,2.0,5.0,,1.0,2.0,2.0,,2.0,,1.0,1.0,3.0,3.0,2.0,2.0,2.0,2.0,2.0,4.0,2.0,2.0,5.0,,2.0,3.0,2.0,1.0,3.0
M,107,,,2.0,,,1.0,,,,,,,,,,,,,,,,,,,,,,,,,,,,,,,1.0,1.0,,,,,,,,1.0,,,,,,,,,,,,,,1.0,1.0,,,1.0,3.0,2.0,,2.0,,,,1.0,1.0,1.0,1.0,1.0,,,,,,,,,,,,,,,,,,,,,,,,,
M,108,,,,2.0,,,,,,,,,,,,,,,,,,,,,,,,,,,,,,,,,,1.0,,,,,,,,,,,,,,,,,,,,,,,,,,,,,,,,,,,,,1.0,,,,,,,,,,,,,,,,,,,,,,,,,,
M,109,,,,,1.0,,,,,,,,,,,,,,,,,,,,,,,,,,,,,,,,,,1.0,,,,,,,,,,,,,,,,,,,,,,,,,,,,,,,,,,,,,,,,,,,,,,,,,,,,,,,,,,,,,,
