sex,alder,pop_2023,pop_2024,pop_2025,pop_2026,pop_2027,pop_2028,pop_2029,pop_2030,pop_2031,pop_2032,pop_2033,pop_2034,pop_2035,pop_2036,pop_2037,pop_2038,pop_2039,pop_2040,pop_2041,pop_2042,pop_2043,pop_2044,pop_2045,pop_2046,pop_2047,pop_2048,pop_2049,pop_2050,pop_2051,pop_2052,pop_2053,pop_2054,pop_2055,pop_2056,pop_2057,pop_2058,pop_2059,pop_2060,pop_2061,pop_2062,pop_2063,pop_2064,pop_2065,pop_2066,pop_2067,pop_2068,pop_2069,pop_2070,pop_2071,pop_2072,pop_2073,pop_2074,pop_2075,pop_2076,pop_2077,pop_2078,pop_2079,pop_2080,pop_2081,pop_2082,pop_2083,pop_2084,pop_2085,pop_2086,pop_2087,pop_2088,pop_2089,pop_2090,pop_2091,pop_2092,pop_2093,pop_2094,pop_2095,pop_2096,pop_2097,pop_2098,pop_2099,pop_2100,pop_2101,pop_2102,pop_2103,pop_2104,pop_2105,pop_2106,pop_2107,pop_2108,pop_2109,pop_2110,pop_2111,pop_2112,pop_2113,pop_2114,pop_2115,pop_2116,pop_2117,pop_2118,pop_2119,pop_2120,pop_2121,pop_2122,pop_2123
K,0,25310.0,23441.0,23411.0,23575.0,23169.0,22990.0,22752.0,22735.0,22353.0,22475.0,22333.0,22276.0,21997.0,22030.0,22000.0,21904.0,21876.0,21937.0,21748.0,21607.0,21687.0,21743.0,21313.0,21054.0,20944.0,20628.0,20306.0,19834.0,19627.0,19406.0,18947.0,18633.0,18186.0,17912.0,17678.0,17439.0,17183.0,16905.0,16701.0,16471.0,16263.0,16256.0,16299.0,16192.0,15955.0,16006.0,15849.0,15734.0,15696.0,15682.0,15331.0,15395.0,15363.0,15248.0,15085.0,14742.0,14618.0,14484.0,14246.0,14202.0,13856.0,13754.0,13569.0,13258.0,13174.0,12940.0,12820.0,12547.0,12352.0,12234.0,12035.0,12110.0,11877.0,11763.0,11716.0,11673.0,11600.0,11264.0,11420.0,11294.0,11072.0,11120.0,11018.0,10902.0,10695.0,10661,10552.0,10433.0,10224.0,10224.0,9919.0,9796.0,9756.0,9639.0,9662.0,9511.0,9267.0,9239.0,8921.0,8769.0,8792.0
K,1,28037.0,25520.0,23648.0,23507.0,23666.0,23242.0,23061.0,22840.0,22803.0,22442.0,22561.0,22405.0,22363.0,22064.0,22116.0,22082.0,21984.0,21949.0,22026.0,21833.0,21678.0,21759.0,21833.0,21398.0,21126.0,21023.0,20705.0,20388.0,19897.0,19692.0,19480.0,19007.0,18699.0,18255.0,17968.0,17753.0,17501.0,17251.0,16963.0,16776.0,16525.0,16332.0,16333.0,16363.0,16249.0,16006.0,16064.0,15917.0,15804.0,15760.0,15737.0,15391.0,15446.0,15412.0,15287.0,15140.0,14793.0,14676.0,14531.0,14287.0,14250.0,13897.0,13807.0,13611.0,13304.0,13230.0,12971.0,12860.0,12592.0,12404.0,12275.0,12075.0,12160.0,11912.0,11810.0,11758.0,11713.0,11631.0,11298.0,11468.0,11340.0,11108.0,11157.0,11046.0,10937.0,10725,10694.0,10588.0,10462.0,10255.0,10254.0,9948.0,9822.0,9780.0,9669.0,9692.0,9535.0,9294.0,9265.0,8941.0,8798.0
K,2,26820.0,28239.0,25727.0,23741.0,23605.0,23745.0,23340.0,23150.0,22930.0,22901.0,22526.0,22638.0,22472.0,22446.0,22133.0,22196.0,22154.0,22056.0,22031.0,22102.0,21916.0,21764.0,21849.0,21901.0,21490.0,21207.0,21095.0,20787.0,20442.0,19985.0,19766.0,19553.0,19089.0,18773.0,18321.0,18032.0,17808.0,17571.0,17305.0,17028.0,16838.0,16586.0,16389.0,16388.0,16422.0,16304.0,16065.0,16127.0,15973.0,15858.0,15812.0,15798.0,15439.0,15498.0,15468.0,15337.0,15193.0,14850.0,14724.0,14580.0,14334.0,14299.0,13951.0,13859.0,13656.0,13361.0,13280.0,13018.0,12906.0,12636.0,12437.0,12316.0,12119.0,12196.0,11953.0,11844.0,11804.0,11755.0,11659.0,11323.0,11494.0,11378.0,11154.0,11192.0,11080.0,10967,10760.0,10731.0,10615.0,10497.0,10286.0,10283.0,9970.0,9856.0,9801.0,9697.0,9724.0,9564.0,9321.0,9294.0,8962.0
K,3,27466.0,27004.0,28410.0,25812.0,23828.0,23687.0,23839.0,23411.0,23243.0,23017.0,22984.0,22608.0,22718.0,22555.0,22525.0,22218.0,22283.0,22232.0,22143.0,22104.0,22183.0,21990.0,21830.0,21911.0,21976.0,21560.0,21288.0,21178.0,20859.0,20515.0,20068.0,19832.0,19620.0,19160.0,18836.0,18385.0,18099.0,17868.0,17635.0,17380.0,17087.0,16912.0,16642.0,16433.0,16435.0,16476.0,16376.0,16123.0,16199.0,16020.0,15909.0,15872.0,15860.0,15494.0,15563.0,15523.0,15386.0,15236.0,14889.0,14771.0,14649.0,14375.0,14351.0,14003.0,13902.0,13695.0,13409.0,13328.0,13065.0,12951.0,12684.0,12462.0,12359.0,12153.0,12229.0,11990.0,11889.0,11840.0,11791.0,11699.0,11361.0,11528.0,11411.0,11186.0,11224.0,11107,10999.0,10790.0,10754.0,10640.0,10530.0,10317.0,10310.0,9988.0,9888.0,9820.0,9726.0,9746.0,9585.0,9353.0,9318.0
K,4,27692.0,27686.0,27205.0,28506.0,25908.0,23920.0,23775.0,23914.0,23502.0,23338.0,23093.0,23064.0,22699.0,22784.0,22643.0,22616.0,22290.0,22368.0,22296.0,22215.0,22178.0,22253.0,22072.0,21914.0,21988.0,22052.0,21633.0,21370.0,21259.0,20935.0,20595.0,20137.0,19886.0,19705.0,19222.0,18905.0,18449.0,18161.0,17942.0,17708.0,17431.0,17179.0,16967.0,16696.0,16486.0,16506.0,16547.0,16425.0,16170.0,16247.0,16081.0,15965.0,15925.0,15929.0,15548.0,15630.0,15572.0,15431.0,15281.0,14937.0,14819.0,14696.0,14414.0,14402.0,14048.0,13952.0,13730.0,13455.0,13376.0,13101.0,12992.0,12717.0,12510.0,12393.0,12196.0,12274.0,12028.0,11930.0,11881.0,11825.0,11735.0,11395.0,11567.0,11441.0,11213.0,11252,11134.0,11034.0,10814.0,10784.0,10665.0,10555.0,10344.0,10343.0,10015.0,9917.0,9844.0,9747.0,9762.0,9603.0,9377.0
K,5,28546.0,27879.0,27926.0,27321.0,28610.0,26011.0,24030.0,23871.0,24029.0,23600.0,23412.0,23179.0,23154.0,22789.0,22871.0,22741.0,22694.0,22388.0,22458.0,22384.0,22294.0,22274.0,22334.0,22143.0,22013.0,22060.0,22148.0,21722.0,21462.0,21344.0,21021.0,20667.0,20222.0,19944.0,19793.0,19298.0,18984.0,18522.0,18234.0,18007.0,17776.0,17487.0,17242.0,17042.0,16772.0,16556.0,16567.0,16616.0,16491.0,16233.0,16309.0,16138.0,16021.0,15989.0,16001.0,15614.0,15687.0,15632.0,15487.0,15335.0,14984.0,14878.0,14750.0,14465.0,14449.0,14102.0,14019.0,13771.0,13512.0,13418.0,13134.0,13036.0,12754.0,12556.0,12437.0,12245.0,12321.0,12077.0,11968.0,11910.0,11865.0,11774.0,11422.0,11598.0,11477.0,11252,11288.0,11167.0,11073.0,10847.0,10801.0,10695.0,10587.0,10368.0,10371.0,10032.0,9942.0,9862.0,9778.0,9787.0,9626.0
K,6,29714.0,28768.0,28079.0,28035.0,27403.0,28716.0,26100.0,24132.0,23968.0,24120.0,23681.0,23511.0,23287.0,23257.0,22883.0,22969.0,22832.0,22783.0,22482.0,22543.0,22455.0,22371.0,22360.0,22414.0,22225.0,22080.0,22137.0,22223.0,21825.0,21546.0,21408.0,21086.0,20755.0,20303.0,20015.0,19849.0,19372.0,19044.0,18594.0,18309.0,18078.0,17840.0,17553.0,17304.0,17118.0,16840.0,16617.0,16622.0,16675.0,16548.0,16289.0,16369.0,16200.0,16095.0,16058.0,16060.0,15663.0,15743.0,15686.0,15546.0,15394.0,15032.0,14934.0,14801.0,14521.0,14505.0,14142.0,14070.0,13823.0,13561.0,13462.0,13171.0,13077.0,12803.0,12608.0,12487.0,12294.0,12356.0,12113.0,11996.0,11949.0,11895.0,11809.0,11462.0,11637.0,11515,11291.0,11321.0,11197.0,11112.0,10892.0,10840.0,10733.0,10620.0,10401.0,10396.0,10060.0,9974.0,9885.0,9796.0,9815.0
K,7,29958.0,29929.0,28953.0,28162.0,28144.0,27503.0,28810.0,26192.0,24208.0,24052.0,24210.0,23768.0,23596.0,23403.0,23362.0,22977.0,23056.0,22920.0,22860.0,22557.0,22626.0,22544.0,22443.0,22440.0,22488.0,22326.0,22165.0,22218.0,22296.0,21908.0,21620.0,21502.0,21173.0,20824.0,20387.0,20101.0,19923.0,19451.0,19121.0,18660.0,18395.0,18153.0,17922.0,17621.0,17368.0,17177.0,16897.0,16675.0,16682.0,16731.0,16607.0,16350.0,16434.0,16253.0,16170.0,16120.0,16112.0,15719.0,15813.0,15736.0,15598.0,15446.0,15081.0,14987.0,14845.0,14570.0,14556.0,14188.0,14118.0,13859.0,13596.0,13508.0,13221.0,13111.0,12845.0,12658.0,12519.0,12341.0,12394.0,12141.0,12028.0,11985.0,11939.0,11834.0,11497.0,11683,11546.0,11319.0,11354.0,11231.0,11141.0,10924.0,10871.0,10755.0,10640.0,10434.0,10424.0,10094.0,10006.0,9906.0,9820.0
K,8,30221.0,30191.0,30130.0,29053.0,28258.0,28249.0,27615.0,28891.0,26284.0,24287.0,24143.0,24299.0,23844.0,23678.0,23498.0,23444.0,23068.0,23149.0,22992.0,22920.0,22634.0,22715.0,22636.0,22529.0,22526.0,22568.0,22400.0,22248.0,22291.0,22365.0,21987.0,21694.0,21578.0,21251.0,20888.0,20468.0,20164.0,20000.0,19526.0,19192.0,18739.0,18463.0,18227.0,17995.0,17683.0,17428.0,17249.0,16946.0,16733.0,16742.0,16785.0,16655.0,16414.0,16494.0,16323.0,16222.0,16167.0,16168.0,15779.0,15876.0,15802.0,15646.0,15507.0,15139.0,15048.0,14888.0,14631.0,14601.0,14238.0,14160.0,13917.0,13648.0,13552.0,13268.0,13147.0,12893.0,12702.0,12554.0,12375.0,12432.0,12189.0,12069.0,12030.0,11972.0,11872.0,11540,11714.0,11587.0,11347.0,11383.0,11257.0,11170.0,10948.0,10894.0,10780.0,10664.0,10464.0,10451.0,10122.0,10023.0,9933.0
K,9,30613.0,30436.0,30411.0,30238.0,29149.0,28353.0,28345.0,27711.0,28988.0,26379.0,24389.0,24250.0,24387.0,23940.0,23778.0,23582.0,23536.0,23157.0,23230.0,23080.0,23001.0,22719.0,22798.0,22733.0,22602.0,22626.0,22642.0,22476.0,22329.0,22356.0,22449.0,22066.0,21756.0,21664.0,21330.0,20960.0,20525.0,20216.0,20082.0,19599.0,19257.0,18813.0,18526.0,18304.0,18061.0,17751.0,17494.0,17331.0,17008.0,16807.0,16810.0,16844.0,16725.0,16474.0,16536.0,16396.0,16276.0,16233.0,16226.0,15836.0,15924.0,15872.0,15703.0,15561.0,15197.0,15108.0,14933.0,14680.0,14652.0,14280.0,14211.0,13971.0,13700.0,13605.0,13316.0,13195.0,12935.0,12742.0,12593.0,12413.0,12470.0,12229.0,12105.0,12072.0,12005.0,11909,11571.0,11742.0,11622.0,11386.0,11418.0,11293.0,11205.0,10974.0,10930.0,10808.0,10691.0,10486.0,10477.0,10140.0,10044.0
K,10,31377.0,30827.0,30687.0,30485.0,30324.0,29270.0,28466.0,28457.0,27826.0,29081.0,26475.0,24489.0,24362.0,24488.0,24039.0,23879.0,23688.0,23640.0,23257.0,23318.0,23167.0,23091.0,22822.0,22889.0,22839.0,22694.0,22722.0,22722.0,22567.0,22409.0,22420.0,22537.0,22149.0,21843.0,21734.0,21422.0,21048.0,20615.0,20300.0,20172.0,19680.0,19340.0,18885.0,18600.0,18364.0,18136.0,17826.0,17561.0,17417.0,17076.0,16859.0,16873.0,16905.0,16791.0,16541.0,16583.0,16459.0,16339.0,16274.0,16277.0,15884.0,15980.0,15934.0,15748.0,15616.0,15253.0,15162.0,14982.0,14734.0,14698.0,14328.0,14259.0,14026.0,13745.0,13655.0,13360.0,13249.0,12983.0,12783.0,12637.0,12459.0,12513.0,12275.0,12148.0,12113.0,12037,11949.0,11620.0,11775.0,11660.0,11416.0,11451.0,11324.0,11232.0,11010.0,10959.0,10827.0,10716.0,10515.0,10507.0,10163.0
K,11,31526.0,31609.0,31089.0,30796.0,30596.0,30421.0,29376.0,28557.0,28562.0,27935.0,29194.0,26575.0,24578.0,24472.0,24610.0,24135.0,23984.0,23771.0,23748.0,23350.0,23419.0,23253.0,23183.0,22916.0,22972.0,22925.0,22795.0,22807.0,22817.0,22648.0,22495.0,22499.0,22626.0,22228.0,21925.0,21809.0,21490.0,21127.0,20706.0,20367.0,20238.0,19752.0,19410.0,18948.0,18670.0,18445.0,18211.0,17905.0,17633.0,17476.0,17138.0,16939.0,16935.0,16968.0,16868.0,16613.0,16648.0,16532.0,16407.0,16331.0,16331.0,15946.0,16046.0,15979.0,15793.0,15662.0,15309.0,15211.0,15032.0,14793.0,14744.0,14386.0,14309.0,14081.0,13802.0,13710.0,13405.0,13293.0,13026.0,12826.0,12682.0,12496.0,12556.0,12316.0,12187.0,12149,12074.0,11994.0,11652.0,11811.0,11708.0,11454.0,11476.0,11363.0,11258.0,11035.0,10989.0,10850.0,10744.0,10545.0,10528.0
K,12,32628.0,31770.0,31838.0,31198.0,30907.0,30713.0,30530.0,29466.0,28650.0,28671.0,28027.0,29297.0,26663.0,24674.0,24559.0,24714.0,24225.0,24086.0,23875.0,23860.0,23431.0,23510.0,23343.0,23279.0,22989.0,23059.0,23004.0,22891.0,22916.0,22899.0,22738.0,22561.0,22576.0,22720.0,22313.0,21996.0,21882.0,21584.0,21193.0,20773.0,20429.0,20316.0,19825.0,19478.0,19027.0,18745.0,18507.0,18298.0,17983.0,17702.0,17544.0,17203.0,16996.0,16988.0,17035.0,16915.0,16685.0,16703.0,16596.0,16480.0,16401.0,16406.0,15999.0,16106.0,16032.0,15848.0,15711.0,15361.0,15263.0,15083.0,14846.0,14801.0,14442.0,14361.0,14148.0,13849.0,13767.0,13439.0,13343.0,13069.0,12856.0,12724.0,12537.0,12586.0,12365.0,12226,12197.0,12109.0,12027.0,11688.0,11850.0,11740.0,11480.0,11508.0,11392.0,11286.0,11064.0,11022.0,10876.0,10763.0,10563.0
K,13,33044.0,32854.0,32026.0,31965.0,31314.0,31011.0,30803.0,30631.0,29577.0,28738.0,28777.0,28121.0,29400.0,26764.0,24773.0,24668.0,24800.0,24311.0,24175.0,23967.0,23963.0,23520.0,23591.0,23445.0,23358.0,23071.0,23144.0,23076.0,22979.0,22985.0,22979.0,22818.0,22641.0,22648.0,22813.0,22386.0,22073.0,21967.0,21639.0,21267.0,20850.0,20506.0,20385.0,19905.0,19542.0,19106.0,18822.0,18561.0,18368.0,18050.0,17766.0,17642.0,17271.0,17060.0,17068.0,17095.0,16961.0,16751.0,16759.0,16661.0,16535.0,16469.0,16462.0,16066.0,16158.0,16080.0,15902.0,15758.0,15408.0,15322.0,15137.0,14896.0,14849.0,14492.0,14403.0,14188.0,13899.0,13807.0,13486.0,13371.0,13103.0,12912.0,12759.0,12587.0,12629.0,12400,12259.0,12235.0,12149.0,12055.0,11723.0,11881.0,11773.0,11505.0,11541.0,11416.0,11313.0,11090.0,11047.0,10896.0,10792.0
K,14,32594.0,33289.0,33095.0,32127.0,32061.0,31411.0,31115.0,30918.0,30742.0,29659.0,28856.0,28888.0,28228.0,29493.0,26857.0,24863.0,24796.0,24899.0,24391.0,24269.0,24067.0,24048.0,23599.0,23672.0,23534.0,23452.0,23169.0,23239.0,23153.0,23061.0,23071.0,23046.0,22898.0,22717.0,22727.0,22894.0,22478.0,22151.0,22040.0,21711.0,21340.0,20936.0,20578.0,20459.0,19983.0,19619.0,19175.0,18897.0,18640.0,18437.0,18105.0,17829.0,17716.0,17345.0,17114.0,17141.0,17172.0,17032.0,16814.0,16813.0,16709.0,16585.0,16538.0,16513.0,16127.0,16203.0,16139.0,15944.0,15810.0,15447.0,15362.0,15189.0,14943.0,14888.0,14527.0,14440.0,14225.0,13946.0,13851.0,13532.0,13416.0,13152.0,12962.0,12794.0,12616.0,12672,12442.0,12291.0,12271.0,12190.0,12089.0,11759.0,11920.0,11806.0,11531.0,11565.0,11449.0,11351.0,11120.0,11074.0,10917.0
K,15,31915.0,32850.0,33539.0,33213.0,32234.0,32178.0,31516.0,31220.0,31031.0,30836.0,29757.0,28939.0,28993.0,28330.0,29577.0,26938.0,24966.0,24875.0,24982.0,24483.0,24380.0,24155.0,24136.0,23684.0,23757.0,23647.0,23526.0,23262.0,23312.0,23227.0,23144.0,23160.0,23135.0,22986.0,22791.0,22804.0,22961.0,22557.0,22218.0,22116.0,21772.0,21411.0,21021.0,20663.0,20534.0,20060.0,19691.0,19253.0,18961.0,18712.0,18504.0,18181.0,17890.0,17799.0,17410.0,17176.0,17196.0,17249.0,17087.0,16872.0,16871.0,16775.0,16664.0,16603.0,16564.0,16202.0,16259.0,16192.0,15997.0,15855.0,15507.0,15414.0,15236.0,15005.0,14931.0,14586.0,14477.0,14282.0,13989.0,13888.0,13580.0,13450.0,13190.0,12996.0,12841.0,12652,12713.0,12486.0,12331.0,12299.0,12232.0,12132.0,11792.0,11946.0,11836.0,11560.0,11596.0,11477.0,11387.0,11152.0,11098.0
K,16,32102.0,32185.0,33085.0,33634.0,33312.0,32350.0,32292.0,31622.0,31321.0,31130.0,30917.0,29860.0,29052.0,29097.0,28432.0,29668.0,27014.0,25055.0,24950.0,25080.0,24565.0,24469.0,24238.0,24219.0,23779.0,23849.0,23735.0,23610.0,23354.0,23380.0,23311.0,23233.0,23253.0,23229.0,23078.0,22876.0,22883.0,23043.0,22639.0,22301.0,22185.0,21855.0,21488.0,21104.0,20724.0,20625.0,20135.0,19749.0,19321.0,19031.0,18788.0,18576.0,18234.0,17959.0,17857.0,17466.0,17252.0,17250.0,17310.0,17145.0,16926.0,16941.0,16822.0,16724.0,16658.0,16615.0,16259.0,16303.0,16254.0,16059.0,15914.0,15573.0,15454.0,15281.0,15056.0,14992.0,14643.0,14519.0,14319.0,14029.0,13924.0,13617.0,13491.0,13238.0,13032.0,12880,12703.0,12746.0,12521.0,12356.0,12333.0,12255.0,12158.0,11821.0,11976.0,11867.0,11585.0,11619.0,11512.0,11408.0,11179.0
K,17,31505.0,32334.0,32426.0,33200.0,33735.0,33427.0,32447.0,32397.0,31736.0,31441.0,31228.0,31027.0,29938.0,29165.0,29183.0,28512.0,29756.0,27112.0,25146.0,25053.0,25181.0,24647.0,24567.0,24331.0,24314.0,23885.0,23928.0,23825.0,23699.0,23439.0,23459.0,23395.0,23310.0,23333.0,23305.0,23161.0,22952.0,22957.0,23125.0,22723.0,22385.0,22266.0,21926.0,21543.0,21176.0,20807.0,20707.0,20216.0,19809.0,19376.0,19105.0,18867.0,18650.0,18305.0,18031.0,17932.0,17530.0,17318.0,17305.0,17380.0,17218.0,16977.0,16982.0,16889.0,16787.0,16714.0,16671.0,16316.0,16345.0,16309.0,16114.0,15965.0,15631.0,15506.0,15334.0,15103.0,15029.0,14688.0,14552.0,14368.0,14073.0,13980.0,13663.0,13524.0,13277.0,13073,12914.0,12742.0,12785.0,12561.0,12392.0,12364.0,12287.0,12190.0,11859.0,12006.0,11899.0,11615.0,11646.0,11542.0,11442.0
K,18,31573.0,31735.0,32605.0,32520.0,33300.0,33850.0,33545.0,32568.0,32503.0,31841.0,31537.0,31333.0,31141.0,30033.0,29252.0,29273.0,28600.0,29847.0,27198.0,25229.0,25154.0,25263.0,24747.0,24652.0,24427.0,24408.0,23963.0,24006.0,23907.0,23794.0,23521.0,23542.0,23487.0,23392.0,23426.0,23379.0,23257.0,23028.0,23042.0,23212.0,22803.0,22455.0,22354.0,21988.0,21615.0,21241.0,20890.0,20765.0,20294.0,19870.0,19440.0,19157.0,18950.0,18716.0,18369.0,18101.0,17987.0,17587.0,17371.0,17359.0,17451.0,17264.0,17042.0,17035.0,16946.0,16846.0,16777.0,16730.0,16361.0,16391.0,16362.0,16157.0,16014.0,15673.0,15549.0,15377.0,15151.0,15076.0,14731.0,14597.0,14411.0,14113.0,14014.0,13701.0,13562.0,13312,13116.0,12950.0,12769.0,12817.0,12583.0,12429.0,12397.0,12322.0,12226.0,11878.0,12036.0,11926.0,11637.0,11672.0,11575.0
K,19,31441.0,31839.0,31978.0,32711.0,32636.0,33416.0,33943.0,33649.0,32676.0,32604.0,31932.0,31627.0,31437.0,31222.0,30128.0,29355.0,29389.0,28686.0,29931.0,27281.0,25327.0,25248.0,25352.0,24841.0,24745.0,24522.0,24516.0,24043.0,24094.0,24000.0,23882.0,23607.0,23610.0,23557.0,23486.0,23506.0,23458.0,23336.0,23107.0,23129.0,23283.0,22895.0,22533.0,22440.0,22051.0,21703.0,21311.0,20954.0,20835.0,20368.0,19940.0,19507.0,19205.0,19015.0,18791.0,18429.0,18161.0,18035.0,17647.0,17433.0,17402.0,17511.0,17324.0,17095.0,17089.0,16997.0,16889.0,16828.0,16772.0,16396.0,16441.0,16419.0,16212.0,16066.0,15712.0,15591.0,15439.0,15191.0,15116.0,14769.0,14634.0,14468.0,14153.0,14056.0,13730.0,13600,13349.0,13156.0,12979.0,12798.0,12853.0,12618.0,12459.0,12422.0,12347.0,12262.0,11904.0,12065.0,11953.0,11658.0,11696.0
K,20,31111.0,31661.0,32061.0,32078.0,32815.0,32749.0,33535.0,34040.0,33756.0,32794.0,32707.0,32026.0,31719.0,31527.0,31332.0,30232.0,29445.0,29497.0,28788.0,30027.0,27405.0,25432.0,25336.0,25447.0,24959.0,24844.0,24602.0,24588.0,24127.0,24189.0,24070.0,23970.0,23689.0,23689.0,23616.0,23562.0,23605.0,23535.0,23423.0,23178.0,23198.0,23351.0,22961.0,22608.0,22517.0,22110.0,21772.0,21392.0,21036.0,20903.0,20446.0,19996.0,19580.0,19263.0,19080.0,18874.0,18479.0,18205.0,18090.0,17707.0,17497.0,17455.0,17571.0,17371.0,17153.0,17149.0,17049.0,16933.0,16879.0,16825.0,16446.0,16488.0,16461.0,16266.0,16115.0,15768.0,15640.0,15484.0,15238.0,15168.0,14806.0,14670.0,14503.0,14198.0,14097.0,13770,13636.0,13390.0,13195.0,13018.0,12834.0,12882.0,12653.0,12486.0,12455.0,12378.0,12287.0,11930.0,12099.0,11979.0,11676.0
K,21,31588.0,31361.0,31862.0,32160.0,32177.0,32914.0,32846.0,33639.0,34155.0,33856.0,32901.0,32811.0,32129.0,31825.0,31620.0,31423.0,30347.0,29536.0,29593.0,28882.0,30121.0,27495.0,25533.0,25422.0,25534.0,25045.0,24930.0,24687.0,24681.0,24200.0,24258.0,24162.0,24078.0,23759.0,23750.0,23689.0,23639.0,23687.0,23632.0,23499.0,23243.0,23275.0,23440.0,23050.0,22681.0,22581.0,22185.0,21849.0,21472.0,21103.0,20974.0,20524.0,20055.0,19638.0,19324.0,19133.0,18934.0,18533.0,18265.0,18159.0,17758.0,17552.0,17517.0,17624.0,17429.0,17208.0,17196.0,17092.0,16978.0,16933.0,16878.0,16484.0,16543.0,16499.0,16310.0,16157.0,15808.0,15692.0,15531.0,15282.0,15215.0,14844.0,14721.0,14546.0,14229.0,14133,13806.0,13672.0,13433.0,13226.0,13051.0,12861.0,12913.0,12683.0,12512.0,12480.0,12402.0,12316.0,11965.0,12124.0,12005.0
K,22,32878.0,31834.0,31589.0,31977.0,32267.0,32294.0,33013.0,32943.0,33736.0,34263.0,33958.0,32993.0,32903.0,32235.0,31941.0,31706.0,31515.0,30439.0,29617.0,29680.0,28984.0,30216.0,27590.0,25608.0,25518.0,25629.0,25128.0,25005.0,24778.0,24760.0,24280.0,24337.0,24248.0,24180.0,23843.0,23827.0,23769.0,23727.0,23772.0,23703.0,23577.0,23309.0,23369.0,23503.0,23116.0,22759.0,22653.0,22244.0,21917.0,21538.0,21170.0,21032.0,20592.0,20112.0,19699.0,19395.0,19184.0,19001.0,18592.0,18328.0,18211.0,17817.0,17611.0,17564.0,17688.0,17464.0,17261.0,17249.0,17138.0,17031.0,16978.0,16927.0,16546.0,16598.0,16543.0,16354.0,16198.0,15852.0,15735.0,15574.0,15323.0,15253.0,14891.0,14767.0,14593.0,14269,14173.0,13840.0,13706.0,13470.0,13274.0,13086.0,12894.0,12939.0,12716.0,12534.0,12512.0,12428.0,12342.0,11985.0,12147.0
K,23,33088.0,33121.0,32085.0,31687.0,32081.0,32372.0,32404.0,33114.0,33020.0,33849.0,34365.0,34072.0,33085.0,33014.0,32337.0,32035.0,31804.0,31611.0,30549.0,29700.0,29780.0,29058.0,30306.0,27695.0,25701.0,25596.0,25719.0,25214.0,25069.0,24871.0,24852.0,24345.0,24419.0,24343.0,24249.0,23922.0,23921.0,23850.0,23786.0,23846.0,23798.0,23645.0,23372.0,23443.0,23578.0,23186.0,22826.0,22730.0,22325.0,21991.0,21601.0,21250.0,21088.0,20655.0,20185.0,19766.0,19468.0,19247.0,19074.0,18644.0,18395.0,18253.0,17889.0,17672.0,17614.0,17735.0,17519.0,17324.0,17293.0,17195.0,17065.0,17040.0,16989.0,16591.0,16652.0,16588.0,16414.0,16245.0,15885.0,15776.0,15617.0,15359.0,15291.0,14926.0,14805.0,14626,14305.0,14214.0,13881.0,13735.0,13504.0,13299.0,13123.0,12932.0,12971.0,12750.0,12558.0,12542.0,12456.0,12363.0,12010.0
K,24,33364.0,33322.0,33345.0,32189.0,31777.0,32192.0,32474.0,32504.0,33241.0,33129.0,33957.0,34481.0,34166.0,33173.0,33117.0,32415.0,32137.0,31900.0,31708.0,30641.0,29807.0,29872.0,29131.0,30410.0,27808.0,25797.0,25691.0,25816.0,25310.0,25146.0,24967.0,24937.0,24423.0,24510.0,24428.0,24332.0,24000.0,23989.0,23932.0,23862.0,23930.0,23870.0,23721.0,23447.0,23509.0,23656.0,23256.0,22888.0,22813.0,22387.0,22062.0,21666.0,21315.0,21150.0,20719.0,20251.0,19831.0,19536.0,19298.0,19162.0,18694.0,18450.0,18316.0,17949.0,17730.0,17670.0,17797.0,17567.0,17382.0,17347.0,17247.0,17111.0,17093.0,17036.0,16635.0,16702.0,16640.0,16467.0,16289.0,15925.0,15811.0,15663.0,15394.0,15329.0,14967.0,14846,14661.0,14345.0,14242.0,13912.0,13770.0,13537.0,13320.0,13157.0,12960.0,12999.0,12786.0,12582.0,12565.0,12477.0,12386.0
K,25,34378.0,33646.0,33568.0,33485.0,32308.0,31883.0,32300.0,32587.0,32620.0,33362.0,33259.0,34061.0,34589.0,34291.0,33287.0,33216.0,32519.0,32261.0,32002.0,31804.0,30747.0,29922.0,29972.0,29225.0,30491.0,27916.0,25896.0,25809.0,25912.0,25416.0,25230.0,25044.0,25015.0,24525.0,24594.0,24532.0,24406.0,24085.0,24068.0,24035.0,23958.0,24020.0,23957.0,23810.0,23531.0,23590.0,23748.0,23339.0,22960.0,22898.0,22453.0,22142.0,21733.0,21380.0,21226.0,20778.0,20308.0,19900.0,19611.0,19361.0,19223.0,18758.0,18509.0,18386.0,18029.0,17790.0,17729.0,17839.0,17621.0,17440.0,17400.0,17305.0,17150.0,17143.0,17093.0,16685.0,16743.0,16698.0,16522.0,16328.0,15976.0,15867.0,15698.0,15437.0,15375.0,15004,14881.0,14695.0,14374.0,14285.0,13950.0,13794.0,13587.0,13358.0,13193.0,12990.0,13028.0,12824.0,12615.0,12594.0,12511.0
K,26,35747.0,34638.0,33915.0,33670.0,33603.0,32418.0,32021.0,32425.0,32705.0,32727.0,33482.0,33377.0,34176.0,34701.0,34401.0,33399.0,33337.0,32614.0,32374.0,32108.0,31899.0,30849.0,30041.0,30074.0,29329.0,30605.0,28003.0,25994.0,25904.0,26012.0,25501.0,25327.0,25130.0,25097.0,24611.0,24685.0,24628.0,24474.0,24167.0,24157.0,24133.0,24035.0,24116.0,24043.0,23896.0,23613.0,23673.0,23827.0,23418.0,23032.0,22987.0,22520.0,22235.0,21797.0,21460.0,21305.0,20841.0,20384.0,19974.0,19678.0,19427.0,19279.0,18838.0,18567.0,18451.0,18099.0,17841.0,17789.0,17901.0,17674.0,17487.0,17461.0,17367.0,17208.0,17190.0,17133.0,16740.0,16787.0,16746.0,16566.0,16377.0,16026.0,15906.0,15740.0,15474.0,15422,15037.0,14936.0,14729.0,14406.0,14321.0,13984.0,13836.0,13626.0,13398.0,13227.0,13027.0,13049.0,12852.0,12643.0,12620.0
K,27,35920.0,36007.0,34911.0,34022.0,33805.0,33705.0,32543.0,32133.0,32531.0,32828.0,32829.0,33591.0,33488.0,34294.0,34807.0,34503.0,33517.0,33447.0,32717.0,32477.0,32213.0,31999.0,30954.0,30139.0,30151.0,29420.0,30691.0,28126.0,26090.0,26003.0,26108.0,25606.0,25405.0,25208.0,25172.0,24689.0,24780.0,24709.0,24564.0,24234.0,24257.0,24214.0,24115.0,24185.0,24125.0,23979.0,23691.0,23755.0,23908.0,23488.0,23107.0,23059.0,22592.0,22294.0,21867.0,21542.0,21367.0,20904.0,20457.0,20039.0,19736.0,19486.0,19338.0,18910.0,18625.0,18517.0,18165.0,17890.0,17854.0,17965.0,17744.0,17540.0,17513.0,17417.0,17250.0,17232.0,17183.0,16791.0,16849.0,16795.0,16611.0,16416.0,16059.0,15944.0,15776.0,15511,15458.0,15081.0,14977.0,14766.0,14449.0,14353.0,14026.0,13868.0,13655.0,13422.0,13257.0,13056.0,13083.0,12885.0,12681.0
K,28,36385.0,36181.0,36276.0,35024.0,34150.0,33917.0,33828.0,32657.0,32243.0,32660.0,32931.0,32944.0,33711.0,33593.0,34416.0,34906.0,34621.0,33627.0,33546.0,32824.0,32574.0,32331.0,32120.0,31068.0,30249.0,30273.0,29523.0,30813.0,28218.0,26186.0,26109.0,26202.0,25698.0,25489.0,25306.0,25268.0,24780.0,24873.0,24797.0,24660.0,24317.0,24340.0,24305.0,24212.0,24286.0,24200.0,24079.0,23774.0,23836.0,23994.0,23564.0,23176.0,23140.0,22666.0,22367.0,21937.0,21614.0,21442.0,20962.0,20519.0,20109.0,19807.0,19550.0,19402.0,18960.0,18692.0,18586.0,18235.0,17948.0,17908.0,18009.0,17799.0,17599.0,17565.0,17455.0,17291.0,17296.0,17238.0,16841.0,16897.0,16838.0,16645.0,16461.0,16101.0,15975.0,15817,15551.0,15506.0,15109.0,15007.0,14805.0,14490.0,14401.0,14067.0,13904.0,13703.0,13447.0,13294.0,13081.0,13114.0,12919.0
K,29,36994.0,36647.0,36445.0,36370.0,35137.0,34269.0,34023.0,33948.0,32795.0,32342.0,32765.0,33064.0,33068.0,33839.0,33692.0,34533.0,35008.0,34720.0,33726.0,33650.0,32927.0,32688.0,32425.0,32228.0,31170.0,30332.0,30366.0,29636.0,30893.0,28312.0,26277.0,26212.0,26313.0,25801.0,25579.0,25393.0,25359.0,24858.0,24953.0,24894.0,24743.0,24379.0,24422.0,24391.0,24294.0,24374.0,24277.0,24162.0,23844.0,23900.0,24072.0,23647.0,23242.0,23226.0,22738.0,22439.0,22011.0,21677.0,21518.0,21030.0,20595.0,20166.0,19863.0,19601.0,19467.0,19024.0,18748.0,18643.0,18294.0,18003.0,17961.0,18067.0,17855.0,17668.0,17621.0,17516.0,17337.0,17354.0,17288.0,16903.0,16963.0,16882.0,16690.0,16507.0,16149.0,16018,15861.0,15604.0,15549.0,15149.0,15036.0,14836.0,14530.0,14434.0,14098.0,13935.0,13739.0,13482.0,13322.0,13111.0,13143.0
K,30,37694.0,37256.0,36948.0,36581.0,36470.0,35262.0,34392.0,34159.0,34070.0,32928.0,32455.0,32902.0,33178.0,33180.0,33954.0,33801.0,34640.0,35116.0,34827.0,33834.0,33755.0,33044.0,32797.0,32512.0,32338.0,31264.0,30421.0,30468.0,29746.0,30979.0,28418.0,26372.0,26298.0,26411.0,25884.0,25699.0,25506.0,25445.0,24948.0,25052.0,24976.0,24818.0,24456.0,24494.0,24493.0,24390.0,24453.0,24363.0,24237.0,23951.0,23987.0,24148.0,23731.0,23320.0,23297.0,22804.0,22510.0,22088.0,21760.0,21585.0,21099.0,20659.0,20235.0,19937.0,19668.0,19527.0,19102.0,18807.0,18698.0,18369.0,18078.0,18020.0,18112.0,17908.0,17709.0,17671.0,17579.0,17383.0,17408.0,17348.0,16941.0,17007.0,16920.0,16729.0,16557.0,16195,16053.0,15904.0,15647.0,15584.0,15184.0,15084.0,14885.0,14566.0,14463.0,14116.0,13965.0,13766.0,13510.0,13353.0,13133.0
K,31,38587.0,37985.0,37564.0,37066.0,36698.0,36589.0,35388.0,34510.0,34280.0,34188.0,33049.0,32585.0,33027.0,33289.0,33286.0,34080.0,33910.0,34762.0,35231.0,34949.0,33957.0,33845.0,33158.0,32903.0,32613.0,32458.0,31369.0,30529.0,30561.0,29839.0,31082.0,28533.0,26462.0,26387.0,26499.0,25979.0,25800.0,25604.0,25548.0,25046.0,25148.0,25055.0,24920.0,24531.0,24581.0,24588.0,24480.0,24532.0,24432.0,24323.0,24049.0,24066.0,24230.0,23809.0,23398.0,23385.0,22874.0,22588.0,22164.0,21834.0,21659.0,21178.0,20727.0,20301.0,20006.0,19730.0,19606.0,19154.0,18880.0,18749.0,18437.0,18140.0,18089.0,18174.0,17969.0,17768.0,17731.0,17628.0,17425.0,17456.0,17384.0,16988.0,17072.0,16961.0,16772.0,16606,16229.0,16091.0,15942.0,15684.0,15627.0,15223.0,15118.0,14923.0,14609.0,14506.0,14151.0,13996.0,13806.0,13536.0,13377.0
K,32,39395.0,38866.0,38285.0,37685.0,37204.0,36847.0,36702.0,35527.0,34635.0,34381.0,34314.0,33160.0,32690.0,33147.0,33411.0,33413.0,34201.0,34040.0,34857.0,35347.0,35084.0,34059.0,33978.0,33254.0,33013.0,32735.0,32558.0,31478.0,30643.0,30659.0,29942.0,31196.0,28641.0,26561.0,26475.0,26597.0,26064.0,25896.0,25695.0,25646.0,25137.0,25235.0,25152.0,24999.0,24612.0,24668.0,24662.0,24583.0,24613.0,24526.0,24396.0,24135.0,24155.0,24311.0,23880.0,23472.0,23443.0,22945.0,22669.0,22238.0,21889.0,21736.0,21239.0,20793.0,20370.0,20070.0,19803.0,19667.0,19227.0,18941.0,18812.0,18487.0,18213.0,18143.0,18239.0,18038.0,17813.0,17780.0,17663.0,17478.0,17509.0,17442.0,17038.0,17124.0,17007.0,16819,16651.0,16270.0,16136.0,15978.0,15725.0,15665.0,15267.0,15155.0,14950.0,14637.0,14539.0,14188.0,14029.0,13839.0,13572.0
K,33,38889.0,39694.0,39137.0,38421.0,37819.0,37332.0,36962.0,36828.0,35640.0,34764.0,34483.0,34445.0,33292.0,32809.0,33267.0,33525.0,33531.0,34314.0,34149.0,34963.0,35471.0,35184.0,34177.0,34077.0,33369.0,33102.0,32861.0,32666.0,31589.0,30751.0,30766.0,30054.0,31291.0,28740.0,26660.0,26573.0,26675.0,26159.0,25978.0,25795.0,25737.0,25223.0,25315.0,25237.0,25083.0,24681.0,24766.0,24735.0,24659.0,24693.0,24602.0,24465.0,24198.0,24232.0,24396.0,23955.0,23549.0,23523.0,23009.0,22744.0,22317.0,21957.0,21808.0,21297.0,20862.0,20423.0,20127.0,19870.0,19732.0,19290.0,19010.0,18874.0,18547.0,18268.0,18205.0,18308.0,18095.0,17869.0,17826.0,17700.0,17525.0,17561.0,17486.0,17081.0,17168.0,17044,16859.0,16686.0,16318.0,16178.0,16011.0,15765.0,15692.0,15308.0,15188.0,14986.0,14670.0,14579.0,14221.0,14063.0,13867.0
K,34,38601.0,39161.0,39970.0,39287.0,38547.0,37946.0,37458.0,37108.0,36945.0,35741.0,34901.0,34605.0,34562.0,33415.0,32934.0,33395.0,33637.0,33652.0,34409.0,34243.0,35078.0,35573.0,35302.0,34288.0,34182.0,33475.0,33214.0,32941.0,32760.0,31698.0,30857.0,30870.0,30168.0,31372.0,28832.0,26734.0,26661.0,26769.0,26254.0,26055.0,25883.0,25835.0,25295.0,25411.0,25320.0,25164.0,24755.0,24843.0,24809.0,24722.0,24779.0,24687.0,24561.0,24283.0,24307.0,24469.0,24025.0,23629.0,23605.0,23081.0,22813.0,22385.0,22037.0,21874.0,21382.0,20926.0,20500.0,20194.0,19934.0,19794.0,19345.0,19078.0,18938.0,18604.0,18318.0,18259.0,18370.0,18146.0,17913.0,17881.0,17753.0,17567.0,17601.0,17524.0,17126.0,17216,17080.0,16911.0,16717.0,16364.0,16212.0,16052.0,15810.0,15726.0,15349.0,15226.0,15014.0,14696.0,14613.0,14257.0,14099.0
K,35,37403.0,38888.0,39439.0,40077.0,39422.0,38673.0,38056.0,37599.0,37249.0,37059.0,35859.0,35017.0,34716.0,34674.0,33512.0,33049.0,33497.0,33742.0,33742.0,34513.0,34343.0,35186.0,35669.0,35407.0,34385.0,34300.0,33572.0,33329.0,33032.0,32869.0,31802.0,30946.0,30967.0,30260.0,31457.0,28920.0,26829.0,26740.0,26846.0,26342.0,26140.0,25981.0,25914.0,25364.0,25495.0,25395.0,25247.0,24825.0,24929.0,24891.0,24807.0,24867.0,24764.0,24634.0,24361.0,24376.0,24538.0,24101.0,23697.0,23689.0,23144.0,22865.0,22459.0,22104.0,21940.0,21429.0,20988.0,20559.0,20256.0,20011.0,19851.0,19410.0,19134.0,18987.0,18654.0,18367.0,18297.0,18425.0,18191.0,17968.0,17925.0,17796.0,17613.0,17656.0,17569.0,17164,17261.0,17122.0,16947.0,16759.0,16399.0,16249.0,16071.0,15853.0,15760.0,15367.0,15258.0,15043.0,14719.0,14638.0,14276.0
K,36,36743.0,37697.0,39162.0,39566.0,40191.0,39541.0,38780.0,38161.0,37700.0,37372.0,37151.0,35971.0,35132.0,34828.0,34798.0,33632.0,33154.0,33611.0,33845.0,33857.0,34617.0,34455.0,35299.0,35756.0,35505.0,34489.0,34395.0,33685.0,33428.0,33151.0,32956.0,31903.0,31053.0,31080.0,30349.0,31553.0,29011.0,26926.0,26832.0,26937.0,26426.0,26235.0,26071.0,26008.0,25449.0,25586.0,25479.0,25325.0,24907.0,25015.0,24991.0,24874.0,24960.0,24836.0,24702.0,24431.0,24434.0,24605.0,24173.0,23775.0,23761.0,23212.0,22937.0,22539.0,22170.0,22015.0,21504.0,21051.0,20617.0,20313.0,20068.0,19893.0,19474.0,19195.0,19029.0,18712.0,18418.0,18355.0,18467.0,18252.0,18029.0,17976.0,17841.0,17656.0,17702.0,17612,17213.0,17300.0,17164.0,16989.0,16802.0,16433.0,16280.0,16101.0,15898.0,15792.0,15404.0,15286.0,15081.0,14745.0,14658.0
K,37,36160.0,37022.0,37966.0,39280.0,39701.0,40335.0,39651.0,38902.0,38289.0,37831.0,37489.0,37270.0,36074.0,35246.0,34948.0,34899.0,33741.0,33250.0,33704.0,33945.0,33962.0,34722.0,34552.0,35406.0,35884.0,35599.0,34598.0,34484.0,33782.0,33529.0,33247.0,33051.0,31979.0,31150.0,31171.0,30433.0,31658.0,29118.0,27021.0,26920.0,27025.0,26512.0,26316.0,26160.0,26084.0,25518.0,25668.0,25555.0,25407.0,24985.0,25094.0,25060.0,24931.0,25040.0,24904.0,24770.0,24499.0,24505.0,24706.0,24239.0,23842.0,23828.0,23267.0,23005.0,22600.0,22219.0,22078.0,21568.0,21112.0,20680.0,20365.0,20128.0,19948.0,19526.0,19267.0,19087.0,18789.0,18474.0,18413.0,18516.0,18306.0,18084.0,18030.0,17881.0,17697.0,17743,17659.0,17251.0,17340.0,17199.0,17014.0,16842.0,16475.0,16316.0,16145.0,15932.0,15818.0,15428.0,15316.0,15114.0,14774.0
K,38,35848.0,36419.0,37335.0,38088.0,39391.0,39795.0,40455.0,39791.0,39026.0,38391.0,37937.0,37591.0,37391.0,36176.0,35365.0,35058.0,35021.0,33835.0,33362.0,33800.0,34038.0,34062.0,34821.0,34651.0,35511.0,35972.0,35702.0,34685.0,34566.0,33893.0,33634.0,33348.0,33128.0,32064.0,31243.0,31261.0,30540.0,31758.0,29214.0,27109.0,27004.0,27111.0,26598.0,26401.0,26246.0,26181.0,25590.0,25758.0,25617.0,25485.0,25059.0,25173.0,25125.0,24996.0,25114.0,24977.0,24844.0,24580.0,24580.0,24769.0,24321.0,23908.0,23894.0,23324.0,23061.0,22667.0,22283.0,22132.0,21631.0,21177.0,20733.0,20416.0,20196.0,20000.0,19591.0,19322.0,19151.0,18848.0,18527.0,18470.0,18568.0,18360.0,18133.0,18067.0,17922.0,17746,17794.0,17705.0,17300.0,17374.0,17236.0,17050.0,16875.0,16514.0,16348.0,16179.0,15961.0,15852.0,15459.0,15340.0,15139.0
K,39,35243.0,36104.0,36675.0,37478.0,38188.0,39518.0,39914.0,40579.0,39901.0,39136.0,38502.0,38042.0,37687.0,37515.0,36278.0,35477.0,35151.0,35129.0,33956.0,33481.0,33901.0,34141.0,34163.0,34919.0,34756.0,35609.0,36077.0,35810.0,34791.0,34659.0,33990.0,33739.0,33450.0,33218.0,32164.0,31321.0,31359.0,30629.0,31846.0,29313.0,27192.0,27092.0,27205.0,26694.0,26494.0,26336.0,26259.0,25652.0,25834.0,25710.0,25572.0,25140.0,25240.0,25205.0,25067.0,25200.0,25053.0,24925.0,24656.0,24651.0,24846.0,24378.0,23972.0,23962.0,23386.0,23125.0,22730.0,22343.0,22176.0,21709.0,21238.0,20797.0,20472.0,20246.0,20053.0,19647.0,19369.0,19204.0,18898.0,18580.0,18518.0,18629.0,18409.0,18179.0,18107.0,17974,17780.0,17836.0,17755.0,17334.0,17415.0,17278.0,17093.0,16911.0,16549.0,16378.0,16208.0,15994.0,15876.0,15502.0,15362.0
K,40,35525.0,35501.0,36371.0,36804.0,37599.0,38318.0,39621.0,40018.0,40670.0,40020.0,39248.0,38609.0,38148.0,37794.0,37618.0,36398.0,35586.0,35245.0,35218.0,34058.0,33602.0,34012.0,34232.0,34280.0,35007.0,34862.0,35714.0,36169.0,35896.0,34893.0,34745.0,34060.0,33822.0,33517.0,33290.0,32249.0,31399.0,31455.0,30721.0,31934.0,29405.0,27267.0,27170.0,27285.0,26778.0,26571.0,26416.0,26334.0,25742.0,25905.0,25786.0,25644.0,25221.0,25311.0,25277.0,25126.0,25257.0,25117.0,24992.0,24716.0,24710.0,24915.0,24449.0,24039.0,24034.0,23453.0,23176.0,22781.0,22405.0,22241.0,21769.0,21290.0,20844.0,20525.0,20307.0,20112.0,19686.0,19428.0,19250.0,18943.0,18625.0,18553.0,18667.0,18467.0,18222.0,18145,18013.0,17825.0,17873.0,17800.0,17366.0,17448.0,17315.0,17138.0,16948.0,16586.0,16413.0,16243.0,16026.0,15900.0,15530.0
K,41,34990.0,35798.0,35771.0,36489.0,36921.0,37700.0,38431.0,39736.0,40122.0,40774.0,40131.0,39334.0,38722.0,38241.0,37904.0,37723.0,36509.0,35694.0,35359.0,35329.0,34162.0,33690.0,34125.0,34337.0,34390.0,35096.0,34962.0,35812.0,36267.0,35986.0,34990.0,34853.0,34150.0,33934.0,33612.0,33360.0,32337.0,31468.0,31536.0,30804.0,32019.0,29491.0,27347.0,27255.0,27365.0,26864.0,26657.0,26507.0,26407.0,25811.0,25978.0,25848.0,25717.0,25295.0,25387.0,25346.0,25182.0,25326.0,25198.0,25055.0,24786.0,24775.0,24968.0,24505.0,24102.0,24085.0,23514.0,23228.0,22834.0,22464.0,22293.0,21826.0,21343.0,20898.0,20569.0,20366.0,20158.0,19749.0,19482.0,19310.0,19000.0,18672.0,18605.0,18717.0,18519.0,18259,18188.0,18056.0,17852.0,17905.0,17828.0,17404.0,17479.0,17346.0,17169.0,16982.0,16617.0,16439.0,16277.0,16061.0,15930.0
K,42,35089.0,35239.0,36061.0,35883.0,36596.0,37028.0,37811.0,38524.0,39853.0,40248.0,40876.0,40249.0,39448.0,38816.0,38348.0,38026.0,37817.0,36614.0,35796.0,35457.0,35431.0,34261.0,33791.0,34220.0,34421.0,34497.0,35194.0,35077.0,35905.0,36374.0,36075.0,35079.0,34941.0,34226.0,34030.0,33713.0,33459.0,32428.0,31560.0,31617.0,30875.0,32114.0,29580.0,27406.0,27329.0,27439.0,26940.0,26736.0,26584.0,26483.0,25897.0,26043.0,25927.0,25787.0,25361.0,25446.0,25408.0,25261.0,25396.0,25269.0,25117.0,24845.0,24844.0,25028.0,24561.0,24172.0,24154.0,23578.0,23283.0,22886.0,22526.0,22358.0,21884.0,21405.0,20944.0,20627.0,20413.0,20211.0,19795.0,19538.0,19354.0,19044.0,18712.0,18648.0,18761.0,18572,18304.0,18233.0,18085.0,17893.0,17945.0,17864.0,17448.0,17521.0,17379.0,17206.0,17010.0,16650.0,16466.0,16308.0,16083.0
K,43,34563.0,35359.0,35512.0,36172.0,35986.0,36715.0,37157.0,37938.0,38622.0,39952.0,40351.0,40976.0,40352.0,39559.0,38916.0,38456.0,38139.0,37923.0,36743.0,35888.0,35547.0,35518.0,34362.0,33869.0,34302.0,34520.0,34589.0,35287.0,35184.0,35993.0,36472.0,36181.0,35189.0,35026.0,34307.0,34117.0,33794.0,33547.0,32517.0,31648.0,31714.0,30951.0,32190.0,29660.0,27503.0,27411.0,27512.0,27025.0,26804.0,26655.0,26553.0,25967.0,26095.0,25997.0,25853.0,25430.0,25509.0,25479.0,25315.0,25451.0,25336.0,25185.0,24904.0,24892.0,25085.0,24618.0,24249.0,24209.0,23630.0,23348.0,22949.0,22589.0,22397.0,21944.0,21453.0,20990.0,20679.0,20470.0,20260.0,19839.0,19586.0,19403.0,19076.0,18762.0,18684.0,18794,18604.0,18349.0,18264.0,18126.0,17923.0,17996.0,17901.0,17487.0,17546.0,17414.0,17226.0,17047.0,16678.0,16490.0,16342.0
K,44,34236.0,34817.0,35657.0,35610.0,36263.0,36100.0,36834.0,37270.0,38038.0,38743.0,40064.0,40458.0,41081.0,40470.0,39659.0,39026.0,38553.0,38249.0,38025.0,36837.0,35993.0,35641.0,35593.0,34438.0,33962.0,34405.0,34609.0,34673.0,35393.0,35279.0,36096.0,36557.0,36272.0,35301.0,35116.0,34386.0,34195.0,33869.0,33632.0,32588.0,31730.0,31779.0,31032.0,32264.0,29741.0,27592.0,27500.0,27600.0,27096.0,26881.0,26720.0,26621.0,26022.0,26163.0,26063.0,25908.0,25502.0,25588.0,25538.0,25381.0,25523.0,25404.0,25256.0,24982.0,24947.0,25144.0,24678.0,24311.0,24272.0,23685.0,23412.0,23009.0,22638.0,22459.0,22001.0,21495.0,21037.0,20718.0,20513.0,20313.0,19878.0,19627.0,19441.0,19115.0,18804.0,18719,18833.0,18647.0,18385.0,18301.0,18175.0,17962.0,18041.0,17928.0,17521.0,17580.0,17441.0,17259.0,17076.0,16698.0,16511.0
K,45,33520.0,34492.0,35087.0,35766.0,35732.0,36373.0,36207.0,36938.0,37363.0,38138.0,38848.0,40170.0,40568.0,41196.0,40568.0,39775.0,39124.0,38680.0,38348.0,38121.0,36931.0,36104.0,35733.0,35688.0,34531.0,34055.0,34502.0,34708.0,34773.0,35490.0,35381.0,36197.0,36648.0,36353.0,35396.0,35204.0,34483.0,34280.0,33938.0,33713.0,32672.0,31814.0,31854.0,31094.0,32334.0,29810.0,27689.0,27583.0,27674.0,27157.0,26959.0,26779.0,26690.0,26104.0,26236.0,26119.0,25982.0,25569.0,25649.0,25589.0,25440.0,25581.0,25470.0,25322.0,25043.0,25018.0,25207.0,24747.0,24376.0,24323.0,23746.0,23467.0,23073.0,22683.0,22506.0,22048.0,21536.0,21087.0,20779.0,20559.0,20347.0,19921.0,19658.0,19487.0,19154.0,18850,18768.0,18867.0,18683.0,18424.0,18341.0,18210.0,18005.0,18073.0,17967.0,17551.0,17617.0,17469.0,17294.0,17093.0,16719.0
K,46,34033.0,33754.0,34765.0,35190.0,35876.0,35834.0,36492.0,36321.0,37046.0,37457.0,38227.0,38960.0,40275.0,40668.0,41311.0,40679.0,39874.0,39214.0,38776.0,38447.0,38215.0,37029.0,36188.0,35836.0,35810.0,34608.0,34154.0,34581.0,34795.0,34860.0,35600.0,35468.0,36282.0,36741.0,36446.0,35479.0,35285.0,34572.0,34358.0,34005.0,33800.0,32742.0,31911.0,31934.0,31167.0,32421.0,29903.0,27762.0,27662.0,27745.0,27227.0,27032.0,26860.0,26759.0,26172.0,26293.0,26189.0,26050.0,25637.0,25718.0,25648.0,25509.0,25637.0,25541.0,25372.0,25114.0,25072.0,25269.0,24801.0,24432.0,24362.0,23798.0,23511.0,23121.0,22731.0,22569.0,22088.0,21579.0,21128.0,20814.0,20604.0,20393.0,19961.0,19714.0,19527.0,19199,18892.0,18803.0,18904.0,18724.0,18453.0,18374.0,18236.0,18032.0,18101.0,18003.0,17582.0,17648.0,17501.0,17318.0,17111.0
K,47,35177.0,34268.0,34000.0,34881.0,35311.0,36026.0,35949.0,36613.0,36427.0,37158.0,37565.0,38334.0,39059.0,40363.0,40769.0,41409.0,40779.0,39980.0,39309.0,38883.0,38553.0,38310.0,37115.0,36287.0,35916.0,35892.0,34707.0,34246.0,34678.0,34898.0,34956.0,35686.0,35547.0,36365.0,36836.0,36528.0,35556.0,35370.0,34645.0,34443.0,34093.0,33882.0,32808.0,31994.0,32020.0,31241.0,32495.0,29970.0,27843.0,27725.0,27807.0,27302.0,27101.0,26935.0,26819.0,26233.0,26356.0,26257.0,26119.0,25701.0,25790.0,25703.0,25581.0,25696.0,25606.0,25448.0,25165.0,25120.0,25315.0,24860.0,24488.0,24413.0,23847.0,23568.0,23170.0,22774.0,22619.0,22129.0,21633.0,21181.0,20852.0,20640.0,20435.0,19996.0,19767.0,19583,19236.0,18940.0,18845.0,18949.0,18769.0,18477.0,18408.0,18275.0,18055.0,18122.0,18035.0,17613.0,17678.0,17528.0,17347.0
K,48,36600.0,35438.0,34520.0,34095.0,34985.0,35423.0,36146.0,36055.0,36729.0,36540.0,37263.0,37669.0,38453.0,39170.0,40472.0,40849.0,41510.0,40872.0,40086.0,39411.0,38969.0,38653.0,38400.0,37216.0,36384.0,36032.0,35979.0,34807.0,34337.0,34779.0,35008.0,35051.0,35780.0,35634.0,36449.0,36915.0,36602.0,35653.0,35446.0,34722.0,34537.0,34161.0,33960.0,32886.0,32076.0,32108.0,31321.0,32572.0,30041.0,27918.0,27791.0,27874.0,27364.0,27171.0,26993.0,26876.0,26300.0,26411.0,26320.0,26192.0,25760.0,25859.0,25744.0,25642.0,25757.0,25665.0,25503.0,25224.0,25169.0,25358.0,24917.0,24543.0,24447.0,23896.0,23618.0,23228.0,22828.0,22662.0,22174.0,21683.0,21228.0,20900.0,20678.0,20471.0,20042.0,19808,19628.0,19262.0,18979.0,18884.0,18991.0,18814.0,18511.0,18443.0,18311.0,18087.0,18153.0,18059.0,17639.0,17709.0,17559.0
K,49,36215.0,36869.0,35699.0,34635.0,34207.0,35096.0,35515.0,36261.0,36166.0,36826.0,36647.0,37383.0,37782.0,38557.0,39274.0,40566.0,40949.0,41612.0,40987.0,40183.0,39506.0,39060.0,38734.0,38502.0,37310.0,36481.0,36113.0,36054.0,34895.0,34433.0,34871.0,35079.0,35143.0,35859.0,35727.0,36525.0,36990.0,36679.0,35732.0,35531.0,34811.0,34614.0,34246.0,34039.0,32958.0,32151.0,32173.0,31393.0,32648.0,30106.0,27995.0,27868.0,27953.0,27436.0,27248.0,27063.0,26945.0,26377.0,26474.0,26390.0,26255.0,25823.0,25903.0,25807.0,25702.0,25806.0,25722.0,25549.0,25268.0,25224.0,25405.0,24970.0,24600.0,24506.0,23955.0,23673.0,23269.0,22877.0,22707.0,22219.0,21723.0,21277.0,20940.0,20717.0,20495.0,20087,19846.0,19670.0,19312.0,19012.0,18915.0,19020.0,18846.0,18550.0,18484.0,18339.0,18122.0,18189.0,18078.0,17671.0,17734.0
K,50,37446.0,36460.0,37153.0,35811.0,34726.0,34320.0,35215.0,35606.0,36386.0,36276.0,36921.0,36744.0,37510.0,37893.0,38654.0,39372.0,40688.0,41055.0,41706.0,41103.0,40301.0,39592.0,39163.0,38837.0,38592.0,37396.0,36581.0,36216.0,36154.0,34983.0,34522.0,34964.0,35181.0,35228.0,35963.0,35833.0,36616.0,37077.0,36777.0,35812.0,35632.0,34899.0,34700.0,34335.0,34094.0,33052.0,32233.0,32246.0,31468.0,32726.0,30181.0,28072.0,27937.0,28024.0,27517.0,27316.0,27136.0,27005.0,26455.0,26549.0,26461.0,26316.0,25889.0,25962.0,25874.0,25753.0,25860.0,25788.0,25619.0,25330.0,25277.0,25440.0,25022.0,24653.0,24554.0,24005.0,23724.0,23312.0,22928.0,22764.0,22264.0,21775.0,21321.0,20988.0,20772.0,20523,20127.0,19874.0,19708.0,19352.0,19048.0,18948.0,19058.0,18885.0,18579.0,18513.0,18365.0,18161.0,18220.0,18104.0,17694.0
K,51,37536.0,37721.0,36734.0,37285.0,35918.0,34843.0,34432.0,35315.0,35718.0,36506.0,36402.0,37024.0,36857.0,37625.0,38002.0,38746.0,39471.0,40788.0,41156.0,41803.0,41212.0,40412.0,39686.0,39282.0,38924.0,38680.0,37509.0,36682.0,36321.0,36247.0,35064.0,34596.0,35052.0,35272.0,35307.0,36060.0,35919.0,36696.0,37158.0,36853.0,35897.0,35707.0,34969.0,34782.0,34422.0,34174.0,33121.0,32319.0,32330.0,31538.0,32811.0,30251.0,28145.0,28011.0,28102.0,27590.0,27387.0,27218.0,27071.0,26506.0,26631.0,26527.0,26369.0,25969.0,26031.0,25938.0,25821.0,25917.0,25845.0,25668.0,25394.0,25329.0,25491.0,25084.0,24703.0,24600.0,24056.0,23777.0,23365.0,22970.0,22814.0,22312.0,21821.0,21354.0,21031.0,20816,20573.0,20172.0,19923.0,19750.0,19392.0,19084.0,18986.0,19095.0,18923.0,18605.0,18540.0,18405.0,18190.0,18258.0,18125.0
K,52,37024.0,37830.0,38000.0,36854.0,37392.0,36045.0,34957.0,34555.0,35428.0,35832.0,36625.0,36531.0,37120.0,36952.0,37739.0,38106.0,38864.0,39567.0,40905.0,41266.0,41920.0,41309.0,40507.0,39784.0,39367.0,39014.0,38779.0,37609.0,36767.0,36430.0,36330.0,35153.0,34673.0,35143.0,35372.0,35405.0,36141.0,36000.0,36788.0,37241.0,36925.0,36000.0,35800.0,35050.0,34866.0,34496.0,34275.0,33199.0,32404.0,32427.0,31614.0,32885.0,30315.0,28206.0,28077.0,28171.0,27647.0,27450.0,27302.0,27128.0,26571.0,26709.0,26583.0,26431.0,26032.0,26083.0,26018.0,25882.0,25969.0,25910.0,25720.0,25444.0,25391.0,25553.0,25139.0,24747.0,24651.0,24105.0,23828.0,23416.0,23019.0,22865.0,22361.0,21871.0,21401.0,21074,20851.0,20619.0,20213.0,19968.0,19778.0,19433.0,19126.0,19009.0,19128.0,18957.0,18628.0,18568.0,18433.0,18211.0,18282.0
K,53,37660.0,37309.0,38095.0,38111.0,36980.0,37528.0,36160.0,35076.0,34686.0,35544.0,35970.0,36745.0,36646.0,37222.0,37075.0,37833.0,38207.0,38964.0,39671.0,41018.0,41372.0,42015.0,41408.0,40620.0,39888.0,39473.0,39101.0,38869.0,37706.0,36855.0,36510.0,36448.0,35241.0,34763.0,35237.0,35469.0,35497.0,36219.0,36072.0,36882.0,37318.0,37019.0,36070.0,35886.0,35149.0,34932.0,34578.0,34348.0,33273.0,32495.0,32512.0,31684.0,32962.0,30379.0,28267.0,28155.0,28242.0,27726.0,27511.0,27366.0,27209.0,26620.0,26774.0,26649.0,26493.0,26091.0,26131.0,26059.0,25943.0,26026.0,25970.0,25762.0,25485.0,25449.0,25600.0,25195.0,24792.0,24718.0,24169.0,23879.0,23462.0,23076.0,22899.0,22416.0,21916.0,21440,21115.0,20887.0,20662.0,20256.0,20008.0,19818.0,19466.0,19163.0,19051.0,19155.0,18998.0,18662.0,18598.0,18471.0,18237.0
K,54,37209.0,37927.0,37563.0,38215.0,38220.0,37100.0,37639.0,36266.0,35198.0,34804.0,35673.0,36074.0,36839.0,36749.0,37339.0,37184.0,37949.0,38308.0,39063.0,39770.0,41119.0,41487.0,42121.0,41532.0,40732.0,39968.0,39566.0,39189.0,38958.0,37804.0,36951.0,36608.0,36522.0,35339.0,34848.0,35323.0,35549.0,35587.0,36304.0,36172.0,36966.0,37412.0,37100.0,36163.0,35977.0,35223.0,35016.0,34655.0,34440.0,33354.0,32563.0,32586.0,31763.0,33033.0,30452.0,28352.0,28215.0,28309.0,27803.0,27575.0,27431.0,27271.0,26680.0,26840.0,26721.0,26535.0,26158.0,26200.0,26107.0,25996.0,26070.0,26037.0,25810.0,25528.0,25512.0,25661.0,25255.0,24850.0,24774.0,24213.0,23939.0,23510.0,23121.0,22935.0,22466.0,21964,21475.0,21152.0,20930.0,20693.0,20291.0,20045.0,19853.0,19503.0,19205.0,19089.0,19179.0,19020.0,18691.0,18635.0,18502.0
K,55,36217.0,37474.0,38183.0,37682.0,38343.0,38339.0,37219.0,37759.0,36382.0,35282.0,34895.0,35782.0,36180.0,36953.0,36842.0,37454.0,37295.0,38048.0,38412.0,39163.0,39890.0,41223.0,41576.0,42212.0,41633.0,40816.0,40060.0,39654.0,39284.0,39045.0,37887.0,37046.0,36699.0,36614.0,35425.0,34926.0,35407.0,35625.0,35678.0,36387.0,36245.0,37055.0,37499.0,37185.0,36250.0,36059.0,35288.0,35088.0,34732.0,34512.0,33446.0,32623.0,32664.0,31834.0,33109.0,30536.0,28414.0,28281.0,28369.0,27864.0,27649.0,27495.0,27336.0,26751.0,26895.0,26780.0,26591.0,26213.0,26263.0,26171.0,26053.0,26135.0,26102.0,25882.0,25575.0,25565.0,25715.0,25309.0,24897.0,24826.0,24263.0,23980.0,23563.0,23173.0,22979.0,22503,22006.0,21517.0,21184.0,20978.0,20714.0,20323.0,20086.0,19885.0,19541.0,19238.0,19119.0,19206.0,19040.0,18712.0,18662.0
K,56,35480.0,36475.0,37702.0,38299.0,37795.0,38470.0,38453.0,37328.0,37848.0,36493.0,35400.0,35012.0,35879.0,36273.0,37075.0,36949.0,37551.0,37398.0,38164.0,38503.0,39254.0,39984.0,41324.0,41675.0,42321.0,41728.0,40930.0,40141.0,39745.0,39375.0,39118.0,37972.0,37163.0,36798.0,36712.0,35520.0,34996.0,35498.0,35693.0,35782.0,36474.0,36321.0,37136.0,37576.0,37260.0,36336.0,36137.0,35358.0,35169.0,34820.0,34584.0,33518.0,32707.0,32725.0,31904.0,33178.0,30592.0,28477.0,28351.0,28434.0,27939.0,27710.0,27554.0,27394.0,26806.0,26947.0,26827.0,26645.0,26268.0,26327.0,26225.0,26105.0,26180.0,26161.0,25943.0,25640.0,25610.0,25767.0,25358.0,24937.0,24880.0,24296.0,24029.0,23598.0,23221.0,23009,22546.0,22049.0,21551.0,21217.0,21013.0,20746.0,20348.0,20126.0,19906.0,19573.0,19276.0,19146.0,19248.0,19067.0,18740.0
K,57,34879.0,35736.0,36708.0,37817.0,38405.0,37896.0,38593.0,38567.0,37445.0,37956.0,36598.0,35514.0,35106.0,36001.0,36375.0,37179.0,37067.0,37656.0,37498.0,38256.0,38598.0,39351.0,40070.0,41418.0,41775.0,42407.0,41839.0,41016.0,40253.0,39831.0,39470.0,39204.0,38068.0,37270.0,36869.0,36796.0,35602.0,35078.0,35601.0,35775.0,35873.0,36553.0,36400.0,37229.0,37643.0,37329.0,36414.0,36213.0,35433.0,35237.0,34888.0,34658.0,33583.0,32783.0,32778.0,31965.0,33247.0,30647.0,28539.0,28409.0,28504.0,28010.0,27776.0,27625.0,27439.0,26861.0,27004.0,26876.0,26705.0,26325.0,26375.0,26271.0,26176.0,26221.0,26206.0,25992.0,25695.0,25658.0,25820.0,25403.0,24986.0,24922.0,24331.0,24071.0,23646.0,23255,23047.0,22590.0,22088.0,21594.0,21258.0,21052.0,20782.0,20388.0,20161.0,19935.0,19610.0,19308.0,19171.0,19278.0,19089.0
K,58,34275.0,35146.0,35992.0,36811.0,37910.0,38509.0,38000.0,38709.0,38654.0,37555.0,38068.0,36718.0,35602.0,35196.0,36117.0,36476.0,37291.0,37171.0,37764.0,37591.0,38346.0,38703.0,39446.0,40165.0,41503.0,41864.0,42499.0,41929.0,41105.0,40346.0,39938.0,39554.0,39291.0,38149.0,37363.0,36957.0,36887.0,35687.0,35169.0,35680.0,35875.0,35958.0,36635.0,36469.0,37314.0,37718.0,37426.0,36513.0,36291.0,35501.0,35306.0,34966.0,34726.0,33658.0,32852.0,32837.0,32041.0,33313.0,30722.0,28612.0,28483.0,28568.0,28062.0,27837.0,27676.0,27495.0,26911.0,27061.0,26933.0,26770.0,26382.0,26424.0,26320.0,26226.0,26277.0,26249.0,26040.0,25732.0,25698.0,25860.0,25448.0,25034.0,24972.0,24385.0,24107.0,23690,23284.0,23086.0,22628.0,22129.0,21633.0,21300.0,21092.0,20816.0,20423.0,20204.0,19970.0,19637.0,19330.0,19193.0,19315.0
K,59,33194.0,34539.0,35418.0,36108.0,36919.0,38043.0,38607.0,38106.0,38813.0,38766.0,37654.0,38185.0,36826.0,35712.0,35301.0,36212.0,36564.0,37404.0,37279.0,37847.0,37700.0,38442.0,38812.0,39534.0,40271.0,41597.0,41963.0,42604.0,42034.0,41191.0,40440.0,40007.0,39643.0,39369.0,38259.0,37434.0,37051.0,36958.0,35783.0,35251.0,35766.0,35959.0,36029.0,36709.0,36540.0,37384.0,37792.0,37492.0,36588.0,36355.0,35568.0,35392.0,35026.0,34789.0,33715.0,32923.0,32910.0,32100.0,33382.0,30786.0,28661.0,28544.0,28627.0,28123.0,27894.0,27737.0,27550.0,26967.0,27106.0,26984.0,26835.0,26436.0,26471.0,26369.0,26276.0,26345.0,26288.0,26082.0,25780.0,25734.0,25895.0,25501.0,25082.0,25017.0,24427.0,24147,23732.0,23321.0,23115.0,22662.0,22168.0,21671.0,21337.0,21129.0,20847.0,20457.0,20233.0,20005.0,19667.0,19362.0,19218.0
K,60,32018.0,33408.0,34771.0,35509.0,36190.0,37017.0,38134.0,38704.0,38193.0,38911.0,38850.0,37720.0,38280.0,36930.0,35812.0,35385.0,36292.0,36661.0,37505.0,37356.0,37941.0,37776.0,38524.0,38880.0,39620.0,40333.0,41669.0,42032.0,42671.0,42101.0,41267.0,40514.0,40079.0,39709.0,39440.0,38326.0,37515.0,37111.0,37017.0,35844.0,35312.0,35833.0,36036.0,36096.0,36768.0,36611.0,37450.0,37860.0,37555.0,36658.0,36424.0,35642.0,35451.0,35088.0,34848.0,33781.0,32983.0,32967.0,32149.0,33415.0,30841.0,28705.0,28598.0,28674.0,28172.0,27946.0,27777.0,27588.0,27013.0,27146.0,27029.0,26874.0,26475.0,26520.0,26410.0,26308.0,26380.0,26329.0,26117.0,25824.0,25770.0,25929.0,25544.0,25120.0,25038.0,24457,24185.0,23770.0,23346.0,23146.0,22688.0,22198.0,21700.0,21361.0,21160.0,20875.0,20490.0,20258.0,20023.0,19699.0,19383.0
K,61,31506.0,32237.0,33611.0,34854.0,35589.0,36286.0,37103.0,38211.0,38799.0,38276.0,38984.0,38941.0,37810.0,38376.0,37008.0,35901.0,35469.0,36380.0,36741.0,37590.0,37443.0,38033.0,37860.0,38597.0,38956.0,39677.0,40403.0,41736.0,42103.0,42728.0,42172.0,41337.0,40572.0,40149.0,39789.0,39507.0,38406.0,37580.0,37181.0,37094.0,35910.0,35388.0,35908.0,36113.0,36158.0,36836.0,36667.0,37509.0,37920.0,37620.0,36702.0,36475.0,35709.0,35504.0,35147.0,34904.0,33844.0,33043.0,33017.0,32200.0,33467.0,30897.0,28744.0,28657.0,28717.0,28220.0,27990.0,27834.0,27648.0,27053.0,27198.0,27061.0,26914.0,26520.0,26567.0,26455.0,26352.0,26420.0,26366.0,26163.0,25859.0,25796.0,25971.0,25585.0,25146.0,25072,24490.0,24218.0,23818.0,23380.0,23188.0,22720.0,22220.0,21727.0,21386.0,21192.0,20903.0,20505.0,20280.0,20043.0,19721.0
K,62,31028.0,31721.0,32447.0,33728.0,34970.0,35696.0,36366.0,37181.0,38291.0,38883.0,38379.0,39084.0,39023.0,37890.0,38448.0,37097.0,35974.0,35540.0,36454.0,36828.0,37665.0,37531.0,38128.0,37942.0,38677.0,39054.0,39757.0,40477.0,41825.0,42169.0,42784.0,42248.0,41392.0,40633.0,40221.0,39859.0,39567.0,38479.0,37658.0,37262.0,37168.0,35973.0,35447.0,35963.0,36191.0,36214.0,36898.0,36731.0,37580.0,37975.0,37683.0,36757.0,36536.0,35761.0,35557.0,35204.0,34947.0,33901.0,33099.0,33080.0,32241.0,33520.0,30957.0,28786.0,28691.0,28778.0,28272.0,28042.0,27884.0,27680.0,27085.0,27231.0,27102.0,26962.0,26569.0,26613.0,26489.0,26388.0,26459.0,26402.0,26210.0,25895.0,25832.0,26004.0,25618.0,25178,25106.0,24521.0,24247.0,23849.0,23412.0,23221.0,22753.0,22241.0,21749.0,21413.0,21221.0,20919.0,20523.0,20307.0,20063.0
K,63,30842.0,31265.0,31927.0,32552.0,33801.0,35060.0,35804.0,36441.0,37271.0,38371.0,38977.0,38460.0,39173.0,39108.0,37987.0,38542.0,37178.0,36055.0,35614.0,36538.0,36914.0,37745.0,37624.0,38219.0,38027.0,38761.0,39134.0,39821.0,40563.0,41903.0,42237.0,42862.0,42313.0,41462.0,40714.0,40288.0,39929.0,39636.0,38549.0,37729.0,37323.0,37242.0,36030.0,35520.0,36017.0,36264.0,36275.0,36960.0,36794.0,37656.0,38028.0,37740.0,36821.0,36591.0,35808.0,35619.0,35258.0,35013.0,33968.0,33158.0,33125.0,32286.0,33593.0,31004.0,28824.0,28740.0,28825.0,28325.0,28085.0,27930.0,27728.0,27128.0,27277.0,27142.0,27004.0,26608.0,26654.0,26535.0,26421.0,26496.0,26435.0,26260.0,25938.0,25856.0,26033.0,25646,25215.0,25129.0,24556.0,24290.0,23879.0,23438.0,23246.0,22782.0,22276.0,21773.0,21447.0,21242.0,20951.0,20553.0,20334.0
K,64,30683.0,31053.0,31495.0,32013.0,32653.0,33890.0,35153.0,35892.0,36523.0,37369.0,38482.0,39058.0,38569.0,39254.0,39195.0,38079.0,38617.0,37259.0,36154.0,35697.0,36613.0,36992.0,37820.0,37720.0,38293.0,38107.0,38842.0,39231.0,39889.0,40635.0,41971.0,42318.0,42938.0,42408.0,41542.0,40793.0,40338.0,39996.0,39699.0,38617.0,37800.0,37388.0,37292.0,36105.0,35586.0,36062.0,36316.0,36329.0,37036.0,36870.0,37717.0,38093.0,37811.0,36887.0,36646.0,35849.0,35682.0,35317.0,35068.0,34022.0,33208.0,33167.0,32324.0,33632.0,31065.0,28860.0,28787.0,28874.0,28379.0,28134.0,27986.0,27768.0,27180.0,27323.0,27189.0,27044.0,26640.0,26689.0,26571.0,26458.0,26528.0,26473.0,26288.0,25969.0,25896.0,26069,25678.0,25245.0,25161.0,24586.0,24325.0,23907.0,23463.0,23281.0,22827.0,22296.0,21804.0,21474.0,21263.0,20975.0,20583.0
K,65,29874.0,30579.0,30945.0,31254.0,31716.0,32420.0,33652.0,34896.0,35633.0,36317.0,37128.0,38214.0,38794.0,38354.0,39043.0,38960.0,37855.0,38378.0,37069.0,35970.0,35514.0,36428.0,36794.0,37602.0,37539.0,38125.0,37900.0,38675.0,39062.0,39704.0,40459.0,41812.0,42148.0,42746.0,42231.0,41375.0,40623.0,40205.0,39852.0,39551.0,38472.0,37673.0,37258.0,37175.0,36003.0,35464.0,35941.0,36197.0,36210.0,36909.0,36762.0,37615.0,37988.0,37725.0,36762.0,36548.0,35743.0,35597.0,35235.0,34961.0,33932.0,33122.0,33102.0,32231.0,33541.0,31007.0,28776.0,28717.0,28802.0,28306.0,28072.0,27901.0,27679.0,27143.0,27256.0,27119.0,26978.0,26569.0,26639.0,26486.0,26402.0,26466.0,26426.0,26233.0,25904.0,25842,25980.0,25608.0,25170.0,25096.0,24511.0,24248.0,23859.0,23398.0,23230.0,22754.0,22223.0,21736.0,21409.0,21210.0,20916.0
K,66,30085.0,29796.0,30457.0,30693.0,31037.0,31505.0,32169.0,33396.0,34688.0,35371.0,36076.0,36899.0,37933.0,38565.0,38115.0,38820.0,38718.0,37653.0,38136.0,36876.0,35779.0,35350.0,36250.0,36574.0,37406.0,37351.0,37956.0,37739.0,38502.0,38893.0,39538.0,40306.0,41651.0,41985.0,42570.0,42066.0,41210.0,40454.0,40078.0,39732.0,39413.0,38327.0,37559.0,37125.0,37039.0,35904.0,35341.0,35836.0,36090.0,36128.0,36799.0,36655.0,37532.0,37891.0,37600.0,36645.0,36438.0,35640.0,35525.0,35165.0,34867.0,33851.0,33040.0,33032.0,32148.0,33450.0,30934.0,28686.0,28640.0,28714.0,28234.0,27990.0,27831.0,27594.0,27058.0,27197.0,27059.0,26915.0,26515.0,26587.0,26425.0,26341.0,26415.0,26356.0,26143.0,25832,25756.0,25918.0,25549.0,25100.0,25026.0,24432.0,24184.0,23793.0,23326.0,23175.0,22691.0,22148.0,21679.0,21359.0,21163.0
K,67,29117.0,29965.0,29679.0,30226.0,30485.0,30807.0,31298.0,31954.0,33171.0,34437.0,35120.0,35838.0,36677.0,37704.0,38335.0,37893.0,38581.0,38477.0,37448.0,37919.0,36664.0,35584.0,35177.0,36078.0,36375.0,37199.0,37208.0,37791.0,37554.0,38328.0,38774.0,39359.0,40167.0,41466.0,41835.0,42419.0,41936.0,41052.0,40323.0,39926.0,39590.0,39293.0,38210.0,37437.0,37011.0,36929.0,35799.0,35229.0,35700.0,35994.0,36031.0,36697.0,36563.0,37454.0,37790.0,37503.0,36552.0,36334.0,35557.0,35437.0,35057.0,34778.0,33777.0,32954.0,32949.0,32084.0,33369.0,30874.0,28626.0,28603.0,28656.0,28176.0,27909.0,27776.0,27550.0,26998.0,27134.0,26985.0,26856.0,26452.0,26549.0,26350.0,26275.0,26348.0,26290.0,26082,25755.0,25681.0,25880.0,25461.0,25026.0,24959.0,24367.0,24119.0,23738.0,23277.0,23117.0,22609.0,22083.0,21620.0,21301.0
K,68,28485.0,29047.0,29869.0,29470.0,30041.0,30260.0,30581.0,31093.0,31701.0,32958.0,34218.0,34899.0,35580.0,36455.0,37483.0,38127.0,37681.0,38361.0,38275.0,37248.0,37669.0,36511.0,35448.0,35032.0,35914.0,36212.0,37049.0,37037.0,37638.0,37412.0,38190.0,38612.0,39218.0,40028.0,41302.0,41685.0,42243.0,41809.0,40893.0,40204.0,39743.0,39444.0,39170.0,38107.0,37303.0,36913.0,36806.0,35707.0,35131.0,35604.0,35891.0,35930.0,36596.0,36449.0,37359.0,37691.0,37372.0,36479.0,36253.0,35461.0,35342.0,34930.0,34686.0,33710.0,32849.0,32859.0,32009.0,33277.0,30788.0,28558.0,28534.0,28585.0,28105.0,27826.0,27712.0,27486.0,26930.0,27066.0,26925.0,26777.0,26380.0,26494.0,26283.0,26221.0,26300.0,26233,26008.0,25653.0,25622.0,25788.0,25386.0,24958.0,24888.0,24290.0,24057.0,23689.0,23230.0,23044.0,22561.0,22031.0,21562.0
K,69,27981.0,28412.0,28960.0,29640.0,29244.0,29838.0,30056.0,30363.0,30867.0,31529.0,32731.0,33994.0,34674.0,35388.0,36208.0,37260.0,37913.0,37497.0,38125.0,38074.0,37059.0,37480.0,36301.0,35269.0,34874.0,35767.0,36054.0,36906.0,36880.0,37521.0,37264.0,38057.0,38470.0,39090.0,39903.0,41138.0,41523.0,42102.0,41691.0,40749.0,40078.0,39640.0,39314.0,39061.0,37985.0,37183.0,36819.0,36722.0,35562.0,35056.0,35498.0,35806.0,35843.0,36475.0,36350.0,37265.0,37563.0,37268.0,36398.0,36145.0,35379.0,35240.0,34835.0,34596.0,33607.0,32772.0,32763.0,31923.0,33199.0,30699.0,28487.0,28483.0,28528.0,28023.0,27763.0,27639.0,27415.0,26854.0,27019.0,26849.0,26723.0,26311.0,26426.0,26208.0,26154.0,26224,26162.0,25948.0,25572.0,25550.0,25710.0,25317.0,24894.0,24829.0,24208.0,23991.0,23603.0,23165.0,22986.0,22469.0,21971.0
K,70,27198.0,27553.0,27979.0,28475.0,29072.0,28744.0,29322.0,29539.0,29878.0,30396.0,31042.0,32240.0,33476.0,34134.0,34875.0,35646.0,36738.0,37400.0,36961.0,37615.0,37584.0,36573.0,37002.0,35850.0,34827.0,34524.0,35367.0,35655.0,36547.0,36508.0,37115.0,36870.0,37678.0,38096.0,38742.0,39527.0,40755.0,41152.0,41750.0,41312.0,40378.0,39734.0,39285.0,38977.0,38742.0,37671.0,36893.0,36539.0,36440.0,35331.0,34779.0,35239.0,35552.0,35578.0,36195.0,36096.0,37039.0,37326.0,36996.0,36119.0,35883.0,35140.0,34972.0,34597.0,34355.0,33412.0,32548.0,32530.0,31716.0,32963.0,30538.0,28318.0,28265.0,28363.0,27849.0,27587.0,27477.0,27236.0,26664.0,26828.0,26648.0,26569.0,26137.0,26248.0,26033.0,25957,26039.0,25991.0,25786.0,25407.0,25343.0,25526.0,25142.0,24684.0,24632.0,24052.0,23817.0,23420.0,22997.0,22811.0,22340.0
K,71,25526.0,26803.0,27165.0,27524.0,27943.0,28590.0,28273.0,28769.0,29073.0,29391.0,29928.0,30590.0,31776.0,32945.0,33643.0,34352.0,35143.0,36216.0,36896.0,36476.0,37176.0,37100.0,36126.0,36562.0,35437.0,34441.0,34133.0,35005.0,35245.0,36156.0,36145.0,36735.0,36489.0,37315.0,37760.0,38398.0,39161.0,40384.0,40781.0,41417.0,40965.0,40065.0,39411.0,38966.0,38635.0,38464.0,37389.0,36628.0,36271.0,36162.0,35082.0,34528.0,35000.0,35301.0,35357.0,35944.0,35872.0,36804.0,37069.0,36775.0,35887.0,35643.0,34907.0,34754.0,34350.0,34110.0,33189.0,32343.0,32290.0,31532.0,32750.0,30378.0,28154.0,28069.0,28195.0,27665.0,27414.0,27310.0,27090.0,26517.0,26668.0,26479.0,26409.0,25970.0,26062.0,25864,25790.0,25896.0,25816.0,25595.0,25232.0,25144.0,25347.0,24955.0,24505.0,24471.0,23882.0,23636.0,23240.0,22846.0,22658.0
K,72,25882.0,25150.0,26411.0,26665.0,27056.0,27502.0,28085.0,27774.0,28294.0,28600.0,28955.0,29490.0,30145.0,31317.0,32471.0,33181.0,33855.0,34644.0,35734.0,36420.0,36026.0,36695.0,36650.0,35679.0,36114.0,35052.0,34049.0,33786.0,34625.0,34923.0,35822.0,35822.0,36383.0,36177.0,36951.0,37393.0,38052.0,38798.0,39993.0,40439.0,41067.0,40639.0,39713.0,39090.0,38646.0,38328.0,38161.0,37126.0,36341.0,36008.0,35867.0,34842.0,34300.0,34735.0,35059.0,35103.0,35709.0,35642.0,36561.0,36808.0,36533.0,35627.0,35395.0,34687.0,34511.0,34074.0,33914.0,32976.0,32103.0,32104.0,31322.0,32528.0,30174.0,28004.0,27897.0,28005.0,27474.0,27242.0,27108.0,26897.0,26347.0,26499.0,26291.0,26224.0,25792.0,25876,25689.0,25594.0,25717.0,25630.0,25426.0,25055.0,24941.0,25165.0,24757.0,24324.0,24275.0,23709.0,23447.0,23102.0,22666.0
K,73,25567.0,25510.0,24791.0,25926.0,26194.0,26620.0,27016.0,27640.0,27319.0,27860.0,28149.0,28536.0,29043.0,29715.0,30840.0,32006.0,32726.0,33424.0,34155.0,35280.0,35967.0,35548.0,36263.0,36190.0,35254.0,35682.0,34709.0,33646.0,33394.0,34302.0,34597.0,35474.0,35480.0,36047.0,35834.0,36566.0,37078.0,37711.0,38455.0,39619.0,40098.0,40671.0,40299.0,39401.0,38754.0,38353.0,38009.0,37876.0,36868.0,36069.0,35722.0,35625.0,34598.0,34059.0,34488.0,34797.0,34821.0,35437.0,35385.0,36304.0,36528.0,36304.0,35384.0,35178.0,34437.0,34274.0,33831.0,33710.0,32735.0,31902.0,31902.0,31128.0,32311.0,29981.0,27853.0,27732.0,27822.0,27295.0,27071.0,26950.0,26746.0,26178.0,26317.0,26118.0,26039.0,25642,25713.0,25498.0,25443.0,25531.0,25430.0,25267.0,24864.0,24754.0,24977.0,24580.0,24154.0,24093.0,23535.0,23295.0,22938.0
K,74,25427.0,25215.0,25142.0,24354.0,25469.0,25745.0,26170.0,26578.0,27160.0,26890.0,27458.0,27708.0,28139.0,28562.0,29297.0,30403.0,31580.0,32262.0,32968.0,33711.0,34853.0,35509.0,35114.0,35831.0,35810.0,34897.0,35295.0,34355.0,33282.0,33037.0,33960.0,34268.0,35137.0,35162.0,35748.0,35525.0,36204.0,36748.0,37345.0,38093.0,39298.0,39767.0,40340.0,39981.0,39107.0,38436.0,38027.0,37701.0,37594.0,36593.0,35771.0,35450.0,35355.0,34356.0,33820.0,34260.0,34600.0,34603.0,35199.0,35105.0,36059.0,36282.0,36031.0,35150.0,34960.0,34221.0,34053.0,33597.0,33480.0,32513.0,31697.0,31696.0,30932.0,32098.0,29785.0,27654.0,27557.0,27635.0,27136.0,26907.0,26780.0,26566.0,26035.0,26153.0,25952.0,25876,25484.0,25509.0,25344.0,25236.0,25342.0,25276.0,25117.0,24699.0,24594.0,24777.0,24385.0,23965.0,23945.0,23354.0,23119.0
K,75,25805.0,24536.0,24361.0,24163.0,23465.0,24502.0,24792.0,25206.0,25635.0,26228.0,25948.0,26549.0,26823.0,27304.0,27722.0,28384.0,29499.0,30681.0,31347.0,32016.0,32780.0,33901.0,34522.0,34232.0,34907.0,34917.0,34132.0,34486.0,33586.0,32572.0,32330.0,33223.0,33539.0,34355.0,34433.0,35038.0,34841.0,35526.0,36055.0,36648.0,37371.0,38572.0,39088.0,39556.0,39273.0,38368.0,37752.0,37375.0,37019.0,36977.0,35968.0,35178.0,34879.0,34837.0,33822.0,33306.0,33756.0,34090.0,34045.0,34637.0,34568.0,35483.0,35766.0,35473.0,34657.0,34409.0,33720.0,33551.0,33046.0,33016.0,32036.0,31261.0,31219.0,30499.0,31670.0,29379.0,27243.0,27168.0,27250.0,26724.0,26511.0,26336.0,26157.0,25662.0,25772.0,25575,25499.0,25078.0,25130.0,24933.0,24852.0,24978.0,24877.0,24719.0,24344.0,24224.0,24377.0,23999.0,23606.0,23606.0,23012.0
K,76,26208.0,24947.0,23652.0,23444.0,23282.0,22585.0,23595.0,23877.0,24379.0,24704.0,25377.0,25151.0,25693.0,25946.0,26485.0,26933.0,27506.0,28646.0,29772.0,30467.0,31122.0,31858.0,32951.0,33686.0,33389.0,34036.0,34117.0,33396.0,33703.0,32841.0,31911.0,31638.0,32521.0,32877.0,33689.0,33718.0,34388.0,34194.0,34856.0,35357.0,35956.0,36665.0,37830.0,38404.0,38862.0,38587.0,37693.0,37129.0,36777.0,36386.0,36423.0,35393.0,34621.0,34331.0,34315.0,33279.0,32809.0,33257.0,33577.0,33540.0,34104.0,34037.0,34929.0,35218.0,34918.0,34113.0,33896.0,33219.0,33054.0,32572.0,32544.0,31576.0,30814.0,30833.0,30106.0,31212.0,28965.0,26844.0,26783.0,26855.0,26355.0,26123.0,25941.0,25763.0,25270.0,25394,25194.0,25107.0,24670.0,24725.0,24577.0,24446.0,24596.0,24480.0,24345.0,23961.0,23872.0,23993.0,23670.0,23254.0,23257.0
K,77,23006.0,25287.0,24101.0,22786.0,22594.0,22459.0,21799.0,22768.0,23046.0,23557.0,23923.0,24525.0,24370.0,24908.0,25121.0,25684.0,26133.0,26679.0,27816.0,28933.0,29653.0,30288.0,31047.0,32099.0,32831.0,32601.0,33257.0,33319.0,32584.0,32969.0,32097.0,31246.0,31012.0,31884.0,32221.0,33004.0,33101.0,33704.0,33519.0,34184.0,34693.0,35246.0,35965.0,37158.0,37692.0,38134.0,37922.0,37041.0,36497.0,36177.0,35774.0,35853.0,34811.0,34066.0,33816.0,33812.0,32775.0,32335.0,32763.0,33054.0,33032.0,33646.0,33496.0,34404.0,34690.0,34395.0,33592.0,33407.0,32745.0,32578.0,32111.0,32126.0,31150.0,30363.0,30421.0,29674.0,30785.0,28543.0,26449.0,26380.0,26485.0,25962.0,25736.0,25566.0,25392.0,24877,25011.0,24841.0,24763.0,24302.0,24303.0,24191.0,24101.0,24254.0,24118.0,23969.0,23627.0,23507.0,23657.0,23293.0,22936.0
K,78,21550.0,22152.0,24366.0,23176.0,21915.0,21739.0,21630.0,21044.0,21975.0,22286.0,22824.0,23150.0,23704.0,23580.0,24169.0,24362.0,24977.0,25371.0,25960.0,27032.0,28105.0,28925.0,29507.0,30239.0,31344.0,32049.0,31801.0,32492.0,32589.0,31829.0,32303.0,31370.0,30569.0,30390.0,31250.0,31618.0,32380.0,32465.0,33088.0,32918.0,33534.0,34060.0,34617.0,35302.0,36503.0,37022.0,37468.0,37264.0,36455.0,35850.0,35576.0,35211.0,35310.0,34270.0,33530.0,33289.0,33309.0,32298.0,31878.0,32274.0,32612.0,32576.0,33132.0,33027.0,33887.0,34165.0,33880.0,33111.0,32936.0,32255.0,32093.0,31644.0,31626.0,30686.0,29941.0,29991.0,29225.0,30354.0,28136.0,26114.0,26056.0,26151.0,25590.0,25375.0,25219.0,24997,24450.0,24641.0,24506.0,24405.0,23909.0,23921.0,23832.0,23750.0,23903.0,23799.0,23579.0,23296.0,23137.0,23320.0,22948.0
K,79,18625.0,20809.0,21441.0,23447.0,22324.0,21046.0,20918.0,20880.0,20313.0,21276.0,21598.0,22080.0,22347.0,22946.0,22857.0,23437.0,23680.0,24247.0,24702.0,25234.0,26366.0,27321.0,28146.0,28729.0,29497.0,30561.0,31253.0,31035.0,31803.0,31880.0,31185.0,31619.0,30721.0,29923.0,29806.0,30646.0,31013.0,31755.0,31805.0,32450.0,32305.0,32974.0,33457.0,33988.0,34695.0,35904.0,36384.0,36866.0,36593.0,35836.0,35285.0,35002.0,34667.0,34818.0,33766.0,33060.0,32808.0,32801.0,31784.0,31413.0,31797.0,32122.0,32084.0,32642.0,32533.0,33372.0,33686.0,33367.0,32649.0,32484.0,31771.0,31580.0,31202.0,31140.0,30326.0,29526.0,29569.0,28824.0,29990.0,27707.0,25762.0,25628.0,25770.0,25195.0,24989.0,24835,24611.0,24088.0,24276.0,24131.0,24033.0,23546.0,23568.0,23467.0,23397.0,23544.0,23442.0,23244.0,22958.0,22824.0,22985.0
K,80,16927.0,17186.0,19188.0,19724.0,21628.0,20660.0,19441.0,19297.0,19382.0,18911.0,19855.0,20142.0,20636.0,20869.0,21438.0,21412.0,22021.0,22284.0,22811.0,23313.0,23803.0,24972.0,25790.0,26675.0,27176.0,28092.0,29126.0,29739.0,29639.0,30330.0,30492.0,29835.0,30263.0,29425.0,28634.0,28620.0,29390.0,29784.0,30457.0,30494.0,31154.0,31045.0,31749.0,32189.0,32711.0,33457.0,34656.0,35071.0,35590.0,35291.0,34627.0,34101.0,33857.0,33588.0,33716.0,32672.0,32010.0,31793.0,31805.0,30795.0,30403.0,30758.0,31192.0,31095.0,31594.0,31483.0,32358.0,32631.0,32322.0,31671.0,31514.0,30859.0,30643.0,30306.0,30225.0,29469.0,28698.0,28691.0,27972.0,29124.0,26891.0,25022.0,24896.0,24992.0,24410.0,24235,24053.0,23813.0,23298.0,23524.0,23372.0,23245.0,22794.0,22851.0,22755.0,22686.0,22834.0,22694.0,22500.0,22273.0,22119.0
K,81,14386.0,15624.0,15918.0,17621.0,18165.0,19991.0,19117.0,17993.0,17854.0,18062.0,17662.0,18508.0,18787.0,19231.0,19539.0,20089.0,20050.0,20680.0,20956.0,21476.0,21996.0,22447.0,23608.0,24406.0,25308.0,25833.0,26660.0,27807.0,28312.0,28258.0,29025.0,29183.0,28524.0,28991.0,28203.0,27433.0,27465.0,28232.0,28576.0,29228.0,29284.0,29958.0,29889.0,30532.0,30963.0,31545.0,32203.0,33454.0,33873.0,34358.0,34134.0,33477.0,32990.0,32767.0,32481.0,32625.0,31647.0,31030.0,30753.0,30763.0,29768.0,29438.0,29745.0,30161.0,30094.0,30614.0,30458.0,31362.0,31658.0,31323.0,30703.0,30590.0,29951.0,29747.0,29362.0,29350.0,28638.0,27898.0,27828.0,27115.0,28211.0,26107.0,24303.0,24111.0,24245.0,23652,23449.0,23318.0,23073.0,22563.0,22799.0,22635.0,22516.0,22099.0,22086.0,22056.0,21982.0,22103.0,21977.0,21777.0,21571.0
K,82,14292.0,13279.0,14489.0,14639.0,16275.0,16822.0,18500.0,17743.0,16700.0,16630.0,16797.0,16451.0,17250.0,17561.0,18025.0,18291.0,18841.0,18817.0,19417.0,19764.0,20218.0,20770.0,21251.0,22352.0,23204.0,24059.0,24560.0,25389.0,26542.0,26932.0,27025.0,27790.0,27883.0,27322.0,27736.0,27031.0,26375.0,26348.0,27079.0,27374.0,28094.0,28130.0,28785.0,28722.0,29399.0,29817.0,30387.0,31022.0,32329.0,32685.0,33206.0,33019.0,32367.0,31927.0,31698.0,31362.0,31581.0,30690.0,30004.0,29799.0,29808.0,28796.0,28488.0,28781.0,29212.0,29188.0,29692.0,29566.0,30374.0,30684.0,30391.0,29792.0,29672.0,29076.0,28893.0,28491.0,28473.0,27791.0,27085.0,27037.0,26294.0,27401.0,25281.0,23587.0,23360.0,23491,22927.0,22710.0,22590.0,22345.0,21888.0,22052.0,21912.0,21786.0,21427.0,21360.0,21378.0,21305.0,21426.0,21286.0,21101.0
K,83,13203.0,13214.0,12267.0,13369.0,13498.0,15002.0,15595.0,17108.0,16518.0,15566.0,15523.0,15692.0,15308.0,16097.0,16401.0,16901.0,17159.0,17701.0,17721.0,18279.0,18699.0,19133.0,19654.0,20084.0,21277.0,22002.0,22898.0,23337.0,24173.0,25315.0,25696.0,25921.0,26560.0,26669.0,26225.0,26602.0,25954.0,25259.0,25330.0,25992.0,26365.0,27012.0,27057.0,27697.0,27601.0,28355.0,28699.0,29287.0,29938.0,31253.0,31573.0,32100.0,31900.0,31307.0,30954.0,30704.0,30339.0,30572.0,29731.0,29073.0,28829.0,28873.0,27900.0,27631.0,27882.0,28310.0,28299.0,28763.0,28669.0,29403.0,29791.0,29467.0,28903.0,28776.0,28221.0,28085.0,27666.0,27578.0,27016.0,26303.0,26261.0,25428.0,26615.0,24520.0,22830.0,22646,22781.0,22197.0,21967.0,21886.0,21656.0,21213.0,21394.0,21225.0,21094.0,20735.0,20709.0,20737.0,20690.0,20776.0,20640.0
K,84,12100.0,12207.0,12222.0,11309.0,12333.0,12474.0,13841.0,14484.0,15945.0,15374.0,14511.0,14437.0,14709.0,14285.0,15114.0,15388.0,15795.0,16101.0,16604.0,16735.0,17235.0,17664.0,18049.0,18624.0,19111.0,20226.0,20916.0,21775.0,22251.0,23063.0,24155.0,24554.0,24810.0,25432.0,25577.0,25123.0,25499.0,24913.0,24232.0,24363.0,25020.0,25333.0,25898.0,26057.0,26629.0,26618.0,27338.0,27729.0,28278.0,28925.0,30249.0,30490.0,31069.0,30887.0,30327.0,30008.0,29746.0,29393.0,29583.0,28805.0,28191.0,27877.0,27914.0,27037.0,26748.0,27023.0,27431.0,27421.0,27858.0,27782.0,28487.0,28903.0,28579.0,28102.0,27931.0,27394.0,27296.0,26922.0,26745.0,26184.0,25516.0,25540.0,24693.0,25772.0,23763.0,22159,21957.0,22072.0,21515.0,21243.0,21175.0,20954.0,20547.0,20740.0,20535.0,20446.0,20063.0,20043.0,20112.0,20006.0,20116.0
K,85,10731.0,10251.0,10416.0,10357.0,9632.0,10430.0,10701.0,11903.0,12415.0,13726.0,13288.0,12567.0,12550.0,12793.0,12508.0,13243.0,13409.0,13866.0,14301.0,14733.0,14848.0,15363.0,15760.0,16202.0,16712.0,17205.0,18276.0,18988.0,19795.0,20258.0,21025.0,22069.0,22453.0,22721.0,23376.0,23495.0,23086.0,23502.0,22912.0,22302.0,22490.0,22967.0,23362.0,23940.0,24182.0,24677.0,24680.0,25356.0,25788.0,26360.0,26959.0,28170.0,28479.0,29036.0,28914.0,28399.0,28095.0,27805.0,27495.0,27730.0,27062.0,26397.0,26167.0,26116.0,25344.0,25107.0,25330.0,25705.0,25763.0,26171.0,26157.0,26831.0,27246.0,26930.0,26481.0,26269.0,25777.0,25721.0,25315.0,25177.0,24641.0,24005.0,24026.0,23200.0,24225.0,22307,20862.0,20611.0,20749.0,20210.0,19925.0,19742.0,19622.0,19186.0,19373.0,19235.0,19130.0,18858.0,18759.0,18808.0,18780.0
K,86,9731.0,9064.0,8696.0,8808.0,8855.0,8213.0,8820.0,9200.0,10234.0,10645.0,11929.0,11572.0,11006.0,11017.0,11121.0,10958.0,11602.0,11843.0,12206.0,12660.0,13046.0,13230.0,13673.0,14064.0,14563.0,15007.0,15511.0,16484.0,17209.0,17970.0,18457.0,19161.0,20170.0,20535.0,20805.0,21489.0,21561.0,21223.0,21589.0,21105.0,20571.0,20751.0,21249.0,21583.0,22158.0,22397.0,22933.0,22902.0,23581.0,24075.0,24588.0,25091.0,26378.0,26596.0,27300.0,27084.0,26639.0,26226.0,26036.0,25790.0,26030.0,25359.0,24733.0,24567.0,24503.0,23805.0,23592.0,23804.0,24182.0,24251.0,24607.0,24629.0,25234.0,25692.0,25380.0,24935.0,24754.0,24203.0,24213.0,23847.0,23714.0,23200.0,22573.0,22598.0,21841.0,22661,20977.0,19593.0,19332.0,19438.0,18950.0,18641.0,18402.0,18379.0,17994.0,18160.0,18009.0,17862.0,17698.0,17557.0,17630.0
K,87,8566.0,8275.0,7657.0,7374.0,7431.0,7545.0,7048.0,7504.0,7944.0,8777.0,9201.0,10362.0,10118.0,9588.0,9643.0,9759.0,9593.0,10178.0,10485.0,10868.0,11250.0,11682.0,11847.0,12287.0,12627.0,13147.0,13543.0,14043.0,14949.0,15675.0,16408.0,16886.0,17521.0,18448.0,18931.0,19059.0,19752.0,19804.0,19533.0,19914.0,19472.0,18964.0,19142.0,19705.0,20000.0,20461.0,20866.0,21331.0,21329.0,21959.0,22442.0,22960.0,23424.0,24704.0,24842.0,25581.0,25380.0,24944.0,24602.0,24416.0,24153.0,24427.0,23727.0,23147.0,23069.0,22954.0,22333.0,22140.0,22390.0,22728.0,22781.0,23167.0,23185.0,23741.0,24120.0,23901.0,23455.0,23275.0,22795.0,22798.0,22440.0,22290.0,21805.0,21143.0,21274.0,20508,21279.0,19605.0,18324.0,18106.0,18243.0,17791.0,17452.0,17201.0,17224.0,16842.0,16979.0,16947.0,16772.0,16632.0,16452.0
K,88,7676.0,7269.0,7020.0,6464.0,6227.0,6359.0,6474.0,6016.0,6426.0,6889.0,7604.0,8004.0,8987.0,8834.0,8394.0,8510.0,8588.0,8464.0,8924.0,9333.0,9628.0,10041.0,10464.0,10627.0,11048.0,11362.0,11884.0,12259.0,12681.0,13583.0,14196.0,14976.0,15544.0,16042.0,16957.0,17350.0,17524.0,18190.0,18280.0,18042.0,18397.0,18021.0,17515.0,17677.0,18191.0,18559.0,19010.0,19370.0,19855.0,19939.0,20448.0,20962.0,21510.0,21924.0,23075.0,23242.0,23991.0,23811.0,23346.0,23092.0,22879.0,22616.0,22968.0,22252.0,21640.0,21620.0,21497.0,20985.0,20801.0,21024.0,21372.0,21438.0,21806.0,21828.0,22324.0,22720.0,22496.0,22082.0,21849.0,21492.0,21442.0,21129.0,20959.0,20486.0,19856.0,19998,19234.0,19946.0,18289.0,17158.0,16952.0,17105.0,16643.0,16320.0,16156.0,16150.0,15775.0,15899.0,15882.0,15758.0,15614.0
K,89,6899.0,6540.0,6176.0,5926.0,5447.0,5293.0,5437.0,5613.0,5181.0,5532.0,5926.0,6630.0,7000.0,7817.0,7675.0,7363.0,7487.0,7591.0,7446.0,7901.0,8211.0,8560.0,8973.0,9419.0,9551.0,9993.0,10282.0,10810.0,11084.0,11497.0,12421.0,12979.0,13669.0,14215.0,14741.0,15599.0,15935.0,16164.0,16801.0,16812.0,16637.0,16971.0,16658.0,16139.0,16397.0,16882.0,17261.0,17655.0,18069.0,18465.0,18640.0,19101.0,19563.0,20142.0,20538.0,21656.0,21757.0,22491.0,22372.0,21894.0,21673.0,21524.0,21195.0,21576.0,20773.0,20320.0,20261.0,20191.0,19720.0,19521.0,19828.0,20060.0,20234.0,20510.0,20587.0,21001.0,21404.0,21182.0,20747.0,20565.0,20230.0,20173.0,19842.0,19688.0,19229.0,18707,18758.0,18067.0,18713.0,17145.0,16086.0,15909.0,16022.0,15623.0,15263.0,15140.0,15159.0,14781.0,14913.0,14917.0,14792.0
K,90,6430.0,6921.0,6560.0,6192.0,5933.0,5456.0,5301.0,5447.0,5626.0,5193.0,5540.0,5939.0,6639.0,7010.0,7831.0,7685.0,7371.0,7499.0,7602.0,7460.0,7912.0,8223.0,8567.0,8979.0,9435.0,9560.0,10006.0,10290.0,10815.0,11094.0,11506.0,12431.0,12986.0,13675.0,14221.0,14748.0,15610.0,15945.0,16174.0,16808.0,16815.0,16640.0,16979.0,16671.0,16149.0,16400.0,16893.0,17267.0,17664.0,18073.0,18473.0,18646.0,19105.0,19572.0,20151.0,20546.0,21662.0,21761.0,22495.0,22377.0,21904.0,21680.0,21531.0,21197.0,21584.0,20777.0,20325.0,20269.0,20200.0,19725.0,19527.0,19834.0,20063.0,20238.0,20517.0,20591.0,21007.0,21412.0,21189.0,20749.0,20570.0,20237.0,20176.0,19846.0,19691.0,19231,18713.0,18763.0,18071.0,18714.0,17147.0,16090.0,15911.0,16025.0,15626.0,15264.0,15144.0,15162.0,14782.0,14916.0,14920.0
K,91,5648.0,4850.0,5237.0,4938.0,4630.0,4416.0,4078.0,3955.0,4073.0,4214.0,3859.0,4133.0,4460.0,4973.0,5258.0,5935.0,5791.0,5545.0,5625.0,5712.0,5585.0,5933.0,6169.0,6464.0,6738.0,7108.0,7188.0,7543.0,7786.0,8192.0,8391.0,8671.0,9372.0,9795.0,10254.0,10755.0,11116.0,11789.0,12027.0,12183.0,12657.0,12608.0,12432.0,12745.0,12533.0,12143.0,12310.0,12663.0,12910.0,13209.0,13493.0,13737.0,13906.0,14250.0,14616.0,15065.0,15390.0,16288.0,16327.0,16886.0,16770.0,16407.0,16270.0,16148.0,15895.0,16188.0,15544.0,15196.0,15148.0,15137.0,14783.0,14669.0,14825.0,15056.0,15179.0,15448.0,15445.0,15760.0,16012.0,15859.0,15492.0,15421.0,15154.0,15123.0,14856.0,14773,14442.0,14063.0,14075.0,13566.0,14034.0,12909.0,12097.0,12009.0,12112.0,11749.0,11514.0,11385.0,11501.0,11154.0,11208.0
K,92,4751.0,4315.0,3682.0,3980.0,3762.0,3515.0,3328.0,3068.0,2939.0,3092.0,3155.0,2941.0,3160.0,3385.0,3775.0,3959.0,4466.0,4362.0,4199.0,4221.0,4322.0,4242.0,4472.0,4682.0,4864.0,5089.0,5320.0,5398.0,5625.0,5810.0,6123.0,6244.0,6370.0,6909.0,7257.0,7641.0,7973.0,8266.0,8901.0,9051.0,9170.0,9531.0,9487.0,9333.0,9534.0,9451.0,9112.0,9262.0,9563.0,9727.0,9931.0,10148.0,10370.0,10497.0,10700.0,10983.0,11282.0,11520.0,12261.0,12292.0,12692.0,12667.0,12344.0,12225.0,12101.0,11904.0,12169.0,11681.0,11425.0,11393.0,11394.0,11111.0,11080.0,11180.0,11353.0,11425.0,11592.0,11619.0,11818.0,12027.0,11924.0,11671.0,11625.0,11384.0,11438.0,11241,11135.0,10860.0,10625.0,10593.0,10272.0,10568.0,9721.0,9083.0,9024.0,9082.0,8797.0,8648.0,8522.0,8582.0,8337.0
K,93,3747.0,3565.0,3241.0,2769.0,2995.0,2832.0,2619.0,2527.0,2300.0,2215.0,2296.0,2396.0,2225.0,2422.0,2534.0,2837.0,2949.0,3312.0,3280.0,3143.0,3131.0,3217.0,3160.0,3339.0,3502.0,3688.0,3816.0,3985.0,4044.0,4259.0,4380.0,4574.0,4735.0,4764.0,5134.0,5448.0,5777.0,6025.0,6172.0,6664.0,6795.0,6861.0,7141.0,7102.0,6989.0,7117.0,7117.0,6876.0,6949.0,7211.0,7295.0,7447.0,7594.0,7781.0,7832.0,8069.0,8248.0,8570.0,8735.0,9250.0,9277.0,9638.0,9586.0,9254.0,9218.0,9094.0,8955.0,9146.0,8726.0,8539.0,8513.0,8485.0,8227.0,8276.0,8330.0,8477.0,8498.0,8721.0,8746.0,8845.0,9080.0,8880.0,8734.0,8712.0,8485.0,8507,8396.0,8340.0,8131.0,8005.0,8046.0,7773.0,7882.0,7348.0,6846.0,6767.0,6821.0,6601.0,6513.0,6393.0,6419.0
K,94,3013.0,2853.0,2720.0,2466.0,2109.0,2272.0,2134.0,1977.0,1892.0,1727.0,1668.0,1720.0,1765.0,1668.0,1800.0,1918.0,2151.0,2227.0,2520.0,2486.0,2389.0,2359.0,2414.0,2372.0,2537.0,2613.0,2769.0,2853.0,3028.0,3066.0,3174.0,3283.0,3374.0,3559.0,3581.0,3866.0,4071.0,4342.0,4544.0,4632.0,5029.0,5124.0,5164.0,5460.0,5371.0,5273.0,5333.0,5344.0,5199.0,5211.0,5472.0,5481.0,5637.0,5680.0,5793.0,5840.0,6029.0,6187.0,6367.0,6493.0,6978.0,6904.0,7229.0,7227.0,6939.0,6980.0,6848.0,6767.0,6924.0,6600.0,6467.0,6389.0,6368.0,6199.0,6238.0,6189.0,6379.0,6331.0,6523.0,6578.0,6638.0,6840.0,6624.0,6610.0,6561.0,6363,6500.0,6414.0,6239.0,6147.0,5983.0,6061.0,5879.0,5899.0,5527.0,5081.0,5056.0,5092.0,4964.0,4886.0,4770.0
K,95,2297.0,2300.0,2154.0,2048.0,1870.0,1607.0,1713.0,1595.0,1479.0,1437.0,1325.0,1249.0,1306.0,1336.0,1272.0,1375.0,1445.0,1620.0,1644.0,1929.0,1905.0,1784.0,1784.0,1798.0,1808.0,1938.0,1977.0,2088.0,2145.0,2271.0,2271.0,2391.0,2418.0,2529.0,2665.0,2669.0,2896.0,3059.0,3281.0,3455.0,3497.0,3754.0,3862.0,3831.0,4059.0,4008.0,3973.0,3982.0,4041.0,3899.0,3906.0,4097.0,4127.0,4216.0,4272.0,4323.0,4331.0,4422.0,4616.0,4719.0,4863.0,5256.0,5171.0,5384.0,5382.0,5182.0,5219.0,5105.0,5091.0,5194.0,4957.0,4846.0,4774.0,4731.0,4657.0,4734.0,4605.0,4843.0,4759.0,4868.0,4976.0,4970.0,5063.0,4945.0,4947.0,4865,4734.0,4858.0,4858.0,4624.0,4567.0,4488.0,4559.0,4387.0,4426.0,4160.0,3776.0,3845.0,3803.0,3711.0,3702.0
K,96,1797.0,1750.0,1754.0,1634.0,1556.0,1403.0,1212.0,1261.0,1223.0,1112.0,1084.0,1002.0,938.0,999.0,1047.0,982.0,1037.0,1109.0,1247.0,1240.0,1443.0,1442.0,1370.0,1378.0,1385.0,1365.0,1463.0,1505.0,1569.0,1624.0,1700.0,1714.0,1798.0,1800.0,1901.0,1995.0,2029.0,2196.0,2268.0,2466.0,2602.0,2633.0,2857.0,2891.0,2859.0,3030.0,2976.0,2951.0,2971.0,3056.0,2943.0,2962.0,3054.0,3132.0,3201.0,3226.0,3219.0,3276.0,3289.0,3402.0,3501.0,3602.0,3913.0,3840.0,4003.0,4004.0,3866.0,3945.0,3782.0,3791.0,3804.0,3698.0,3606.0,3547.0,3498.0,3439.0,3548.0,3386.0,3615.0,3519.0,3606.0,3666.0,3718.0,3775.0,3682.0,3691,3579.0,3535.0,3641.0,3628.0,3396.0,3381.0,3340.0,3395.0,3290.0,3311.0,3156.0,2857.0,2882.0,2864.0,2783.0
K,97,1313.0,1375.0,1345.0,1325.0,1228.0,1186.0,1055.0,923.0,947.0,919.0,849.0,815.0,771.0,706.0,776.0,773.0,757.0,787.0,845.0,918.0,906.0,1108.0,1098.0,1013.0,1022.0,1041.0,1040.0,1108.0,1151.0,1168.0,1235.0,1278.0,1296.0,1368.0,1360.0,1446.0,1541.0,1559.0,1665.0,1724.0,1862.0,2000.0,2026.0,2189.0,2157.0,2183.0,2310.0,2259.0,2196.0,2232.0,2288.0,2185.0,2245.0,2260.0,2379.0,2391.0,2401.0,2390.0,2436.0,2494.0,2543.0,2636.0,2703.0,2966.0,2944.0,3041.0,2986.0,2871.0,2914.0,2817.0,2859.0,2814.0,2800.0,2694.0,2654.0,2601.0,2575.0,2605.0,2482.0,2708.0,2575.0,2620.0,2700.0,2733.0,2827.0,2694,2717.0,2693.0,2680.0,2743.0,2759.0,2532.0,2527.0,2512.0,2512.0,2445.0,2477.0,2361.0,2156.0,2154.0,2137.0
K,98,991.0,974.0,1001.0,1000.0,1007.0,925.0,885.0,770.0,697.0,695.0,704.0,634.0,622.0,601.0,516.0,583.0,560.0,566.0,578.0,610.0,700.0,681.0,828.0,819.0,757.0,742.0,773.0,794.0,831.0,882.0,881.0,955.0,956.0,1005.0,1067.0,1021.0,1082.0,1168.0,1177.0,1256.0,1284.0,1415.0,1488.0,1519.0,1667.0,1638.0,1661.0,1756.0,1668.0,1648.0,1664.0,1705.0,1621.0,1670.0,1697.0,1781.0,1778.0,1823.0,1808.0,1807.0,1860.0,1888.0,1939.0,2002.0,2225.0,2191.0,2292.0,2211.0,2152.0,2191.0,2099.0,2153.0,2094.0,2097.0,2031.0,2035.0,1957.0,1960.0,1967.0,1863.0,2049.0,1929.0,1978.0,2007.0,2076.0,2173,2032.0,2039.0,2000.0,2002.0,2072.0,2055.0,1911.0,1907.0,1874.0,1912.0,1825.0,1854.0,1724.0,1635.0,1607.0
K,99,597.0,750.0,742.0,741.0,750.0,748.0,684.0,661.0,580.0,513.0,525.0,525.0,466.0,478.0,433.0,382.0,428.0,416.0,436.0,441.0,468.0,538.0,539.0,616.0,596.0,551.0,538.0,566.0,602.0,620.0,675.0,698.0,737.0,731.0,770.0,801.0,776.0,804.0,860.0,871.0,916.0,946.0,1051.0,1133.0,1153.0,1271.0,1215.0,1239.0,1299.0,1267.0,1227.0,1246.0,1264.0,1213.0,1264.0,1275.0,1330.0,1356.0,1357.0,1356.0,1357.0,1357.0,1417.0,1465.0,1463.0,1655.0,1656.0,1699.0,1671.0,1638.0,1634.0,1548.0,1608.0,1582.0,1534.0,1494.0,1502.0,1489.0,1497.0,1489.0,1416.0,1533.0,1430.0,1480.0,1517.0,1561,1641.0,1513.0,1511.0,1496.0,1466.0,1582.0,1537.0,1454.0,1435.0,1391.0,1429.0,1359.0,1411.0,1284.0,1236.0
K,100,423.0,417.0,565.0,548.0,558.0,575.0,573.0,502.0,511.0,437.0,368.0,397.0,395.0,351.0,364.0,317.0,279.0,315.0,307.0,337.0,329.0,332.0,396.0,396.0,447.0,430.0,425.0,379.0,425.0,452.0,461.0,516.0,522.0,546.0,548.0,580.0,595.0,585.0,622.0,658.0,628.0,698.0,722.0,792.0,837.0,840.0,943.0,915.0,917.0,968.0,958.0,936.0,912.0,943.0,940.0,940.0,954.0,1010.0,984.0,1004.0,1033.0,1033.0,1010.0,1037.0,1074.0,1110.0,1241.0,1221.0,1272.0,1259.0,1221.0,1237.0,1146.0,1197.0,1175.0,1135.0,1130.0,1110.0,1121.0,1127.0,1119.0,1061.0,1168.0,1046.0,1089.0,1120,1144.0,1200.0,1119.0,1111.0,1104.0,1105.0,1213.0,1160.0,1085.0,1064.0,1049.0,1074.0,1014.0,1068.0,976.0
K,101,256.0,152.0,159.0,211.0,204.0,189.0,202.0,205.0,182.0,179.0,163.0,132.0,145.0,155.0,130.0,142.0,108.0,96.0,104.0,109.0,120.0,115.0,117.0,149.0,140.0,142.0,141.0,150.0,119.0,143.0,144.0,152.0,190.0,188.0,190.0,197.0,219.0,233.0,229.0,239.0,249.0,238.0,256.0,274.0,296.0,318.0,346.0,371.0,353.0,351.0,374.0,378.0,354.0,343.0,379.0,368.0,361.0,370.0,379.0,373.0,386.0,373.0,388.0,390.0,376.0,414.0,424.0,455.0,460.0,469.0,463.0,450.0,467.0,422.0,446.0,437.0,438.0,426.0,427.0,413.0,429.0,427.0,409.0,434.0,379.0,397,413.0,428.0,448.0,419.0,429.0,429.0,419.0,451.0,432.0,414.0,407.0,406.0,415.0,383.0,414.0
K,102,164.0,92.0,53.0,61.0,93.0,92.0,78.0,95.0,91.0,80.0,70.0,71.0,50.0,55.0,66.0,60.0,60.0,51.0,40.0,55.0,42.0,50.0,51.0,46.0,66.0,60.0,55.0,70.0,61.0,53.0,64.0,66.0,61.0,82.0,68.0,70.0,76.0,87.0,91.0,92.0,94.0,96.0,89.0,106.0,94.0,104.0,116.0,118.0,144.0,131.0,137.0,151.0,135.0,141.0,133.0,149.0,140.0,131.0,144.0,153.0,136.0,144.0,137.0,159.0,148.0,144.0,154.0,170.0,169.0,176.0,189.0,177.0,174.0,182.0,159.0,177.0,166.0,161.0,152.0,158.0,160.0,154.0,158.0,160.0,160.0,149,154.0,163.0,162.0,184.0,159.0,157.0,153.0,165.0,175.0,170.0,159.0,146.0,151.0,145.0,134.0
K,103,82.0,74.0,39.0,27.0,21.0,37.0,43.0,28.0,41.0,40.0,35.0,31.0,33.0,23.0,18.0,21.0,26.0,27.0,27.0,21.0,25.0,19.0,19.0,30.0,21.0,34.0,35.0,26.0,38.0,30.0,26.0,27.0,28.0,23.0,40.0,32.0,28.0,26.0,31.0,36.0,35.0,40.0,42.0,32.0,48.0,40.0,44.0,41.0,48.0,54.0,51.0,43.0,55.0,52.0,55.0,53.0,56.0,53.0,35.0,44.0,50.0,50.0,50.0,49.0,59.0,51.0,52.0,56.0,60.0,57.0,67.0,66.0,59.0,71.0,73.0,59.0,78.0,57.0,55.0,53.0,62.0,63.0,53.0,59.0,59.0,58,58.0,69.0,56.0,56.0,75.0,61.0,57.0,52.0,61.0,73.0,69.0,64.0,57.0,70.0,62.0
K,104,39.0,36.0,29.0,15.0,9.0,6.0,10.0,9.0,9.0,14.0,17.0,15.0,10.0,17.0,13.0,8.0,14.0,12.0,11.0,11.0,6.0,8.0,9.0,8.0,12.0,8.0,15.0,11.0,12.0,13.0,11.0,16.0,11.0,14.0,11.0,18.0,13.0,11.0,12.0,13.0,18.0,11.0,17.0,17.0,9.0,20.0,21.0,16.0,11.0,14.0,16.0,17.0,11.0,21.0,19.0,15.0,20.0,18.0,25.0,18.0,17.0,19.0,20.0,16.0,22.0,20.0,25.0,20.0,24.0,23.0,21.0,25.0,29.0,26.0,26.0,30.0,26.0,38.0,27.0,18.0,26.0,23.0,19.0,23.0,23.0,24,25.0,21.0,18.0,17.0,19.0,29.0,25.0,20.0,19.0,24.0,26.0,28.0,24.0,20.0,29.0
K,105,76.0,21.0,13.0,13.0,5.0,2.0,,4.0,3.0,3.0,4.0,6.0,4.0,3.0,6.0,5.0,4.0,3.0,5.0,3.0,6.0,2.0,2.0,3.0,2.0,5.0,2.0,1.0,7.0,4.0,8.0,6.0,5.0,5.0,4.0,5.0,8.0,4.0,3.0,5.0,7.0,6.0,5.0,3.0,6.0,4.0,9.0,9.0,7.0,3.0,7.0,4.0,8.0,3.0,8.0,3.0,2.0,10.0,3.0,6.0,5.0,11.0,5.0,7.0,7.0,9.0,10.0,7.0,9.0,6.0,9.0,5.0,9.0,11.0,7.0,8.0,6.0,12.0,19.0,13.0,10.0,12.0,9.0,12.0,8.0,8,13.0,10.0,6.0,10.0,7.0,8.0,15.0,8.0,11.0,4.0,6.0,11.0,13.0,6.0,10.0
K,106,,29.0,7.0,7.0,5.0,2.0,1.0,,,1.0,,1.0,4.0,1.0,,2.0,1.0,1.0,1.0,2.0,,2.0,1.0,,2.0,,3.0,1.0,1.0,2.0,2.0,3.0,2.0,2.0,2.0,1.0,1.0,3.0,3.0,1.0,3.0,3.0,2.0,4.0,1.0,3.0,2.0,4.0,4.0,3.0,1.0,4.0,1.0,3.0,1.0,2.0,1.0,1.0,3.0,,2.0,1.0,4.0,1.0,3.0,3.0,3.0,6.0,3.0,5.0,1.0,3.0,3.0,4.0,2.0,4.0,3.0,2.0,3.0,8.0,3.0,1.0,5.0,6.0,8.0,2,1.0,8.0,4.0,3.0,4.0,4.0,3.0,6.0,2.0,6.0,2.0,,2.0,5.0,3.0
K,107,,,10.0,4.0,5.0,1.0,1.0,1.0,,,,,,,,,,,1.0,,1.0,,1.0,,,1.0,,2.0,,,1.0,,,1.0,2.0,,,1.0,1.0,1.0,,2.0,2.0,2.0,,,1.0,1.0,1.0,,,,3.0,,1.0,1.0,2.0,,,1.0,,,,2.0,1.0,,2.0,3.0,2.0,,1.0,,,2.0,2.0,2.0,2.0,1.0,1.0,1.0,3.0,,,3.0,2.0,2,2.0,,2.0,1.0,3.0,,1.0,2.0,2.0,,2.0,1.0,,,1.0
K,108,,,,3.0,3.0,3.0,,1.0,1.0,,,,,,,,,,,,,1.0,,,,,,,,,,,,,1.0,1.0,,,,1.0,1.0,,,1.0,,,,,,,,,,,,,,,,,1.0,,,,1.0,,,1.0,1.0,,,,,,1.0,1.0,1.0,1.0,1.0,,,1.0,,,1.0,1,1.0,1.0,,,1.0,1.0,,,1.0,1.0,,2.0,,,
K,109,,,,,,3.0,2.0,,,,,,,,,,,,,,,,,,,,,,,,,,,,,,,,,,,1.0,,,,,,,,,,,,,,,,,,,,1.0,,,,,,,,,,,,,,,,1.0,1.0,,,,1.0,,,1,,,1.0,,,1.0,1.0,,,1.0,,,1.0,,
M,0,26681.0,23616.0,23557.0,23221.0,23284.0,23061.0,22816.0,22645.0,22760.0,22228.0,22165.0,22124.0,22089.0,21912.0,21783.0,21942.0,22055.0,21912.0,21847.0,21840.0,21602.0,21269.0,21290.0,20973.0,20656.0,20467.0,20260.0,20013.0,19413.0,19169.0,18970.0,18551.0,18281.0,17845.0,17676.0,17325.0,17077.0,16943.0,16763.0,16611.0,16555.0,16398.0,16064.0,16050.0,15992.0,15763.0,15745.0,15856.0,15693.0,15598.0,15710.0,15369.0,15287.0,15107.0,14903.0,14926.0,14745.0,14507.0,14295.0,14028.0,14015.0,13677.0,13400.0,13257.0,13098.0,12850.0,12744.0,12611.0,12377.0,12265.0,12241.0,11940.0,11948.0,11709.0,11597.0,11548.0,11291.0,11509.0,11200.0,11093.0,11196.0,10924.0,10880.0,10846.0,10834.0,10683,10524.0,10400.0,10370.0,10069.0,10063.0,9965.0,9711.0,9617.0,9349.0,9228.0,9204.0,8984.0,9017.0,8927.0,8728.0
M,1,29378.0,26897.0,23832.0,23628.0,23314.0,23370.0,23157.0,22897.0,22729.0,22839.0,22328.0,22235.0,22212.0,22170.0,22008.0,21864.0,22015.0,22114.0,21990.0,21922.0,21925.0,21686.0,21352.0,21358.0,21043.0,20739.0,20541.0,20332.0,20071.0,19478.0,19239.0,19056.0,18613.0,18351.0,17918.0,17751.0,17402.0,17135.0,17007.0,16827.0,16681.0,16622.0,16464.0,16135.0,16109.0,16045.0,15828.0,15814.0,15907.0,15742.0,15650.0,15768.0,15414.0,15338.0,15165.0,14944.0,14983.0,14798.0,14548.0,14341.0,14066.0,14058.0,13725.0,13451.0,13301.0,13137.0,12892.0,12795.0,12650.0,12431.0,12310.0,12281.0,11983.0,11995.0,11739.0,11634.0,11579.0,11333.0,11536.0,11230.0,11129.0,11235.0,10962.0,10910.0,10878.0,10862,10715.0,10558.0,10436.0,10391.0,10088.0,10085.0,10000.0,9736.0,9635.0,9377.0,9252.0,9220.0,9002.0,9039.0,8948.0
M,2,27958.0,29576.0,27104.0,23917.0,23715.0,23422.0,23473.0,23250.0,22995.0,22803.0,22925.0,22408.0,22338.0,22297.0,22246.0,22079.0,21936.0,22102.0,22198.0,22059.0,21989.0,22003.0,21781.0,21427.0,21433.0,21100.0,20823.0,20606.0,20397.0,20151.0,19550.0,19307.0,19122.0,18675.0,18413.0,17976.0,17815.0,17484.0,17213.0,17075.0,16898.0,16751.0,16685.0,16534.0,16205.0,16166.0,16111.0,15890.0,15883.0,15965.0,15795.0,15704.0,15836.0,15475.0,15402.0,15231.0,15006.0,15025.0,14856.0,14602.0,14386.0,14116.0,14111.0,13768.0,13498.0,13347.0,13203.0,12919.0,12842.0,12692.0,12478.0,12358.0,12325.0,12012.0,12039.0,11781.0,11676.0,11617.0,11371.0,11576.0,11265.0,11160.0,11271.0,11007.0,10935.0,10911,10892.0,10747.0,10582.0,10471.0,10409.0,10119.0,10117.0,10025.0,9763.0,9659.0,9402.0,9279.0,9247.0,9024.0,9059.0
M,3,28989.0,28158.0,29767.0,27199.0,24005.0,23804.0,23505.0,23554.0,23327.0,23093.0,22883.0,23016.0,22492.0,22410.0,22370.0,22322.0,22167.0,22015.0,22193.0,22276.0,22142.0,22064.0,22064.0,21844.0,21484.0,21506.0,21150.0,20903.0,20674.0,20471.0,20201.0,19640.0,19381.0,19180.0,18750.0,18481.0,18038.0,17879.0,17548.0,17277.0,17138.0,16969.0,16811.0,16754.0,16580.0,16256.0,16221.0,16162.0,15953.0,15942.0,16022.0,15852.0,15760.0,15910.0,15531.0,15445.0,15288.0,15071.0,15079.0,14925.0,14648.0,14434.0,14163.0,14163.0,13823.0,13542.0,13384.0,13242.0,12970.0,12891.0,12729.0,12522.0,12402.0,12372.0,12065.0,12081.0,11832.0,11704.0,11666.0,11409.0,11613.0,11304.0,11200.0,11309.0,11043.0,10968,10942.0,10919.0,10781.0,10615.0,10506.0,10431.0,10147.0,10156.0,10050.0,9789.0,9691.0,9422.0,9304.0,9265.0,9046.0
M,4,29454.0,29172.0,28346.0,29852.0,27298.0,24099.0,23902.0,23600.0,23626.0,23415.0,23180.0,22967.0,23088.0,22586.0,22479.0,22466.0,22395.0,22248.0,22091.0,22269.0,22360.0,22224.0,22135.0,22154.0,21920.0,21573.0,21571.0,21209.0,20974.0,20746.0,20539.0,20279.0,19712.0,19451.0,19247.0,18838.0,18551.0,18104.0,17961.0,17609.0,17342.0,17191.0,17025.0,16871.0,16824.0,16637.0,16312.0,16279.0,16220.0,16020.0,15990.0,16080.0,15907.0,15809.0,15960.0,15581.0,15485.0,15341.0,15113.0,15127.0,14973.0,14700.0,14488.0,14204.0,14211.0,13863.0,13597.0,13431.0,13293.0,12994.0,12940.0,12765.0,12559.0,12454.0,12412.0,12119.0,12120.0,11859.0,11736.0,11702.0,11434.0,11648.0,11342.0,11238.0,11352.0,11077,10994.0,10974.0,10947.0,10813.0,10648.0,10536.0,10457.0,10167.0,10177.0,10065.0,9806.0,9704.0,9442.0,9327.0,9284.0
M,5,30339.0,29667.0,29385.0,28450.0,29959.0,27402.0,24191.0,24005.0,23688.0,23720.0,23520.0,23275.0,23043.0,23196.0,22687.0,22569.0,22570.0,22475.0,22338.0,22188.0,22351.0,22463.0,22314.0,22219.0,22244.0,22009.0,21671.0,21646.0,21282.0,21041.0,20832.0,20610.0,20367.0,19791.0,19524.0,19323.0,18905.0,18621.0,18171.0,18020.0,17678.0,17418.0,17255.0,17090.0,16937.0,16883.0,16699.0,16374.0,16345.0,16283.0,16088.0,16044.0,16150.0,15983.0,15875.0,16012.0,15631.0,15553.0,15397.0,15170.0,15181.0,15021.0,14746.0,14546.0,14263.0,14261.0,13918.0,13655.0,13492.0,13344.0,13047.0,12972.0,12811.0,12607.0,12495.0,12461.0,12157.0,12168.0,11890.0,11795.0,11735.0,11473.0,11702.0,11378.0,11266.0,11384,11104.0,11027.0,11012.0,10975.0,10851.0,10678.0,10558.0,10487.0,10191.0,10199.0,10091.0,9829.0,9725.0,9464.0,9362.0
M,6,31761.0,30550.0,29888.0,29482.0,28552.0,30049.0,27480.0,24294.0,24093.0,23780.0,23829.0,23607.0,23358.0,23132.0,23281.0,22777.0,22660.0,22663.0,22559.0,22447.0,22263.0,22423.0,22563.0,22398.0,22289.0,22321.0,22101.0,21739.0,21731.0,21370.0,21117.0,20908.0,20685.0,20436.0,19867.0,19594.0,19393.0,18979.0,18685.0,18238.0,18083.0,17759.0,17481.0,17335.0,17148.0,17018.0,16940.0,16784.0,16447.0,16412.0,16336.0,16132.0,16100.0,16203.0,16030.0,15933.0,16059.0,15694.0,15601.0,15453.0,15222.0,15224.0,15065.0,14790.0,14597.0,14306.0,14314.0,13963.0,13708.0,13549.0,13377.0,13105.0,13031.0,12857.0,12649.0,12538.0,12501.0,12199.0,12208.0,11933.0,11836.0,11772.0,11503.0,11742.0,11410.0,11312,11422.0,11134.0,11052.0,11044.0,11000.0,10881.0,10703.0,10580.0,10512.0,10215.0,10221.0,10114.0,9858.0,9756.0,9499.0
M,7,31747.0,32019.0,30777.0,29981.0,29583.0,28659.0,30145.0,27574.0,24374.0,24188.0,23889.0,23930.0,23688.0,23442.0,23210.0,23375.0,22858.0,22736.0,22765.0,22637.0,22521.0,22353.0,22506.0,22642.0,22480.0,22384.0,22399.0,22188.0,21818.0,21824.0,21443.0,21200.0,20999.0,20763.0,20520.0,19948.0,19680.0,19462.0,19058.0,18762.0,18290.0,18157.0,17828.0,17566.0,17410.0,17208.0,17078.0,17002.0,16834.0,16522.0,16467.0,16380.0,16197.0,16179.0,16264.0,16084.0,15983.0,16113.0,15749.0,15654.0,15506.0,15279.0,15281.0,15121.0,14845.0,14652.0,14350.0,14374.0,14011.0,13766.0,13590.0,13429.0,13153.0,13065.0,12902.0,12694.0,12569.0,12535.0,12244.0,12244.0,11967.0,11867.0,11819.0,11540.0,11786.0,11439,11342.0,11452.0,11175.0,11083.0,11075.0,11028.0,10913.0,10737.0,10601.0,10544.0,10240.0,10260.0,10138.0,9879.0,9785.0
M,8,31877.0,31989.0,32260.0,30890.0,30101.0,29681.0,28761.0,30234.0,27675.0,24471.0,24279.0,23965.0,24014.0,23776.0,23544.0,23293.0,23456.0,22942.0,22846.0,22848.0,22720.0,22608.0,22432.0,22599.0,22709.0,22546.0,22477.0,22478.0,22259.0,21890.0,21908.0,21519.0,21272.0,21076.0,20837.0,20590.0,20015.0,19746.0,19529.0,19131.0,18836.0,18377.0,18228.0,17882.0,17627.0,17476.0,17278.0,17136.0,17067.0,16898.0,16587.0,16544.0,16443.0,16261.0,16227.0,16321.0,16142.0,16033.0,16162.0,15804.0,15712.0,15563.0,15332.0,15321.0,15172.0,14885.0,14702.0,14407.0,14419.0,14057.0,13823.0,13643.0,13474.0,13204.0,13116.0,12939.0,12725.0,12618.0,12571.0,12296.0,12284.0,12013.0,11903.0,11851.0,11574.0,11820,11474.0,11378.0,11488.0,11201.0,11111.0,11105.0,11057.0,10943.0,10756.0,10623.0,10571.0,10255.0,10282.0,10173.0,9900.0
M,9,31832.0,32111.0,32217.0,32367.0,30976.0,30188.0,29778.0,28860.0,30335.0,27771.0,24564.0,24366.0,24056.0,24118.0,23864.0,23636.0,23380.0,23550.0,23018.0,22923.0,22932.0,22811.0,22687.0,22522.0,22686.0,22793.0,22632.0,22557.0,22558.0,22328.0,21976.0,21987.0,21599.0,21344.0,21146.0,20897.0,20682.0,20087.0,19806.0,19594.0,19201.0,18903.0,18446.0,18300.0,17965.0,17700.0,17527.0,17338.0,17192.0,17149.0,16970.0,16640.0,16596.0,16493.0,16306.0,16287.0,16372.0,16208.0,16098.0,16228.0,15870.0,15770.0,15616.0,15386.0,15363.0,15220.0,14928.0,14753.0,14455.0,14461.0,14099.0,13877.0,13693.0,13519.0,13260.0,13160.0,12976.0,12760.0,12654.0,12606.0,12343.0,12317.0,12051.0,11941.0,11883.0,11595,11862.0,11502.0,11414.0,11514.0,11235.0,11150.0,11134.0,11086.0,10970.0,10788.0,10651.0,10598.0,10274.0,10303.0,10191.0
M,10,33040.0,32057.0,32342.0,32338.0,32464.0,31085.0,30303.0,29883.0,28978.0,30452.0,27875.0,24687.0,24485.0,24153.0,24204.0,23965.0,23756.0,23491.0,23651.0,23111.0,23012.0,23006.0,22889.0,22778.0,22627.0,22771.0,22866.0,22705.0,22639.0,22635.0,22409.0,22065.0,22082.0,21687.0,21418.0,21227.0,20977.0,20751.0,20159.0,19882.0,19661.0,19286.0,18978.0,18525.0,18378.0,18025.0,17783.0,17600.0,17412.0,17249.0,17201.0,17056.0,16717.0,16661.0,16555.0,16365.0,16355.0,16428.0,16271.0,16157.0,16294.0,15931.0,15830.0,15673.0,15442.0,15413.0,15265.0,14988.0,14794.0,14518.0,14509.0,14158.0,13926.0,13745.0,13550.0,13309.0,13213.0,13026.0,12808.0,12685.0,12651.0,12389.0,12355.0,12091.0,11981.0,11923,11637.0,11894.0,11539.0,11443.0,11546.0,11263.0,11184.0,11162.0,11105.0,10995.0,10807.0,10680.0,10627.0,10296.0,10320.0
M,11,33476.0,33262.0,32282.0,32440.0,32448.0,32548.0,31196.0,30417.0,29977.0,29079.0,30564.0,27962.0,24779.0,24553.0,24269.0,24287.0,24050.0,23844.0,23594.0,23727.0,23207.0,23113.0,23107.0,22988.0,22860.0,22711.0,22872.0,22958.0,22787.0,22714.0,22722.0,22493.0,22145.0,22164.0,21766.0,21498.0,21302.0,21035.0,20818.0,20234.0,19960.0,19737.0,19370.0,19064.0,18587.0,18461.0,18106.0,17851.0,17665.0,17493.0,17323.0,17259.0,17124.0,16781.0,16749.0,16642.0,16423.0,16415.0,16495.0,16334.0,16214.0,16344.0,15993.0,15880.0,15718.0,15502.0,15461.0,15315.0,15029.0,14837.0,14567.0,14560.0,14200.0,13976.0,13783.0,13607.0,13346.0,13246.0,13066.0,12850.0,12723.0,12686.0,12432.0,12395.0,12124.0,12017,11975.0,11674.0,11930.0,11574.0,11480.0,11574.0,11303.0,11216.0,11199.0,11134.0,11035.0,10836.0,10715.0,10658.0,10321.0
M,12,34255.0,33732.0,33488.0,32394.0,32544.0,32538.0,32651.0,31297.0,30500.0,30070.0,29172.0,30680.0,28058.0,24891.0,24668.0,24362.0,24385.0,24150.0,23945.0,23684.0,23827.0,23308.0,23201.0,23196.0,23059.0,22942.0,22797.0,22965.0,23058.0,22872.0,22790.0,22804.0,22578.0,22220.0,22258.0,21856.0,21601.0,21376.0,21098.0,20908.0,20337.0,20055.0,19806.0,19450.0,19126.0,18649.0,18554.0,18174.0,17931.0,17716.0,17566.0,17395.0,17314.0,17198.0,16843.0,16808.0,16708.0,16497.0,16478.0,16548.0,16398.0,16259.0,16393.0,16058.0,15932.0,15785.0,15557.0,15503.0,15366.0,15072.0,14895.0,14617.0,14605.0,14242.0,14026.0,13825.0,13648.0,13398.0,13290.0,13114.0,12899.0,12765.0,12736.0,12461.0,12437.0,12155,12063.0,12013.0,11711.0,11961.0,11605.0,11511.0,11610.0,11332.0,11246.0,11231.0,11160.0,11057.0,10862.0,10737.0,10679.0
M,13,34985.0,34465.0,33972.0,33603.0,32493.0,32646.0,32661.0,32753.0,31379.0,30599.0,30167.0,29255.0,30780.0,28157.0,25000.0,24781.0,24458.0,24463.0,24251.0,24029.0,23772.0,23916.0,23399.0,23298.0,23286.0,23137.0,23020.0,22884.0,23060.0,23138.0,22965.0,22869.0,22883.0,22672.0,22320.0,22339.0,21935.0,21684.0,21434.0,21177.0,20992.0,20424.0,20128.0,19876.0,19525.0,19201.0,18712.0,18629.0,18248.0,18007.0,17790.0,17629.0,17470.0,17377.0,17252.0,16910.0,16873.0,16772.0,16567.0,16553.0,16607.0,16462.0,16310.0,16457.0,16124.0,15972.0,15852.0,15613.0,15570.0,15420.0,15140.0,14948.0,14673.0,14645.0,14292.0,14075.0,13872.0,13685.0,13444.0,13335.0,13158.0,12939.0,12811.0,12771.0,12499.0,12473,12190.0,12099.0,12038.0,11747.0,11993.0,11638.0,11539.0,11638.0,11362.0,11275.0,11262.0,11189.0,11082.0,10884.0,10758.0
M,14,34749.0,35238.0,34684.0,34076.0,33705.0,32606.0,32758.0,32762.0,32848.0,31473.0,30697.0,30255.0,29347.0,30872.0,28275.0,25082.0,24872.0,24533.0,24570.0,24347.0,24122.0,23861.0,23990.0,23474.0,23398.0,23373.0,23216.0,23113.0,22963.0,23138.0,23211.0,23049.0,22937.0,22964.0,22762.0,22412.0,22406.0,21998.0,21756.0,21506.0,21264.0,21081.0,20494.0,20189.0,19942.0,19596.0,19265.0,18785.0,18677.0,18316.0,18068.0,17865.0,17691.0,17535.0,17445.0,17322.0,16969.0,16946.0,16826.0,16627.0,16601.0,16662.0,16519.0,16371.0,16495.0,16183.0,16039.0,15917.0,15670.0,15629.0,15468.0,15196.0,15006.0,14726.0,14690.0,14339.0,14118.0,13907.0,13738.0,13474.0,13377.0,13207.0,12971.0,12846.0,12816.0,12535,12504.0,12227.0,12131.0,12086.0,11767.0,12020.0,11668.0,11569.0,11664.0,11398.0,11304.0,11281.0,11215.0,11102.0,10912.0
M,15,33731.0,34985.0,35476.0,34791.0,34167.0,33804.0,32717.0,32858.0,32863.0,32936.0,31568.0,30803.0,30358.0,29451.0,30957.0,28389.0,25175.0,24974.0,24618.0,24662.0,24441.0,24220.0,23944.0,24074.0,23572.0,23475.0,23485.0,23313.0,23202.0,23054.0,23241.0,23297.0,23137.0,23034.0,23037.0,22835.0,22507.0,22509.0,22063.0,21821.0,21594.0,21334.0,21149.0,20570.0,20259.0,20012.0,19659.0,19325.0,18860.0,18727.0,18395.0,18146.0,17931.0,17773.0,17599.0,17499.0,17389.0,17024.0,17007.0,16887.0,16683.0,16647.0,16714.0,16566.0,16424.0,16553.0,16244.0,16096.0,15971.0,15727.0,15675.0,15512.0,15248.0,15049.0,14791.0,14741.0,14379.0,14168.0,13947.0,13786.0,13519.0,13414.0,13246.0,13015.0,12876.0,12854,12572.0,12539.0,12259.0,12165.0,12108.0,11804.0,12050.0,11694.0,11601.0,11692.0,11431.0,11328.0,11315.0,11249.0,11126.0
M,16,33891.0,33968.0,35228.0,35607.0,34897.0,34275.0,33909.0,32824.0,32953.0,32981.0,33047.0,31677.0,30916.0,30442.0,29552.0,31058.0,28476.0,25266.0,25069.0,24706.0,24747.0,24544.0,24306.0,24038.0,24161.0,23663.0,23570.0,23570.0,23385.0,23282.0,23160.0,23324.0,23369.0,23207.0,23115.0,23101.0,22926.0,22585.0,22583.0,22152.0,21909.0,21667.0,21420.0,21230.0,20643.0,20342.0,20072.0,19737.0,19378.0,18933.0,18795.0,18462.0,18210.0,17999.0,17848.0,17653.0,17553.0,17439.0,17077.0,17060.0,16950.0,16735.0,16713.0,16774.0,16614.0,16485.0,16595.0,16308.0,16137.0,16032.0,15764.0,15721.0,15562.0,15301.0,15090.0,14840.0,14787.0,14420.0,14203.0,13985.0,13839.0,13572.0,13452.0,13288.0,13057.0,12916,12889.0,12605.0,12579.0,12294.0,12203.0,12129.0,11846.0,12074.0,11727.0,11628.0,11727.0,11468.0,11358.0,11339.0,11292.0
M,17,32980.0,34120.0,34193.0,35362.0,35736.0,35003.0,34389.0,34011.0,32929.0,33071.0,33085.0,33151.0,31782.0,31023.0,30544.0,29649.0,31132.0,28573.0,25360.0,25166.0,24820.0,24832.0,24632.0,24398.0,24132.0,24233.0,23754.0,23656.0,23664.0,23473.0,23369.0,23257.0,23418.0,23452.0,23288.0,23216.0,23179.0,23001.0,22658.0,22663.0,22227.0,21992.0,21748.0,21475.0,21316.0,20707.0,20416.0,20136.0,19795.0,19450.0,18991.0,18874.0,18541.0,18274.0,18075.0,17909.0,17728.0,17610.0,17504.0,17125.0,17115.0,17020.0,16800.0,16768.0,16840.0,16664.0,16539.0,16660.0,16367.0,16197.0,16076.0,15818.0,15773.0,15606.0,15353.0,15123.0,14886.0,14831.0,14456.0,14243.0,14023.0,13879.0,13607.0,13485.0,13327.0,13097,12954.0,12924.0,12645.0,12621.0,12327.0,12232.0,12153.0,11885.0,12103.0,11762.0,11657.0,11757.0,11494.0,11390.0,11362.0
M,18,33334.0,33208.0,34348.0,34294.0,35464.0,35848.0,35115.0,34483.0,34108.0,33040.0,33191.0,33196.0,33247.0,31891.0,31147.0,30638.0,29748.0,31223.0,28680.0,25456.0,25260.0,24902.0,24927.0,24713.0,24492.0,24226.0,24311.0,23850.0,23745.0,23749.0,23554.0,23458.0,23349.0,23510.0,23546.0,23363.0,23313.0,23261.0,23093.0,22746.0,22729.0,22318.0,22068.0,21827.0,21558.0,21382.0,20771.0,20484.0,20212.0,19871.0,19509.0,19057.0,18941.0,18605.0,18342.0,18146.0,17982.0,17779.0,17664.0,17554.0,17183.0,17173.0,17096.0,16863.0,16833.0,16889.0,16713.0,16609.0,16711.0,16425.0,16243.0,16121.0,15870.0,15829.0,15657.0,15396.0,15167.0,14930.0,14869.0,14497.0,14285.0,14069.0,13922.0,13640.0,13521.0,13368,13134.0,12981.0,12957.0,12679.0,12656.0,12356.0,12256.0,12181.0,11917.0,12139.0,11787.0,11688.0,11783.0,11519.0,11422.0
M,19,32888.0,33560.0,33443.0,34459.0,34401.0,35572.0,35952.0,35233.0,34598.0,34215.0,33145.0,33284.0,33303.0,33337.0,31975.0,31252.0,30742.0,29857.0,31319.0,28778.0,25550.0,25357.0,24978.0,25020.0,24801.0,24583.0,24306.0,24402.0,23948.0,23826.0,23832.0,23639.0,23528.0,23421.0,23581.0,23644.0,23441.0,23396.0,23330.0,23149.0,22823.0,22790.0,22394.0,22145.0,21908.0,21629.0,21443.0,20825.0,20561.0,20283.0,19947.0,19563.0,19133.0,19006.0,18664.0,18405.0,18209.0,18047.0,17842.0,17722.0,17612.0,17247.0,17217.0,17169.0,16923.0,16891.0,16952.0,16757.0,16664.0,16765.0,16479.0,16296.0,16162.0,15924.0,15880.0,15698.0,15440.0,15207.0,14975.0,14919.0,14541.0,14329.0,14116.0,13950.0,13678.0,13556,13405.0,13179.0,13015.0,12973.0,12703.0,12682.0,12392.0,12281.0,12209.0,11940.0,12166.0,11814.0,11716.0,11810.0,11547.0
M,20,32354.0,33120.0,33785.0,33555.0,34547.0,34495.0,35671.0,36067.0,35328.0,34692.0,34323.0,33238.0,33396.0,33409.0,33438.0,32066.0,31363.0,30859.0,29955.0,31412.0,28873.0,25642.0,25451.0,25041.0,25125.0,24890.0,24672.0,24397.0,24489.0,24034.0,23898.0,23924.0,23709.0,23601.0,23500.0,23663.0,23728.0,23527.0,23477.0,23421.0,23224.0,22912.0,22860.0,22466.0,22226.0,21964.0,21702.0,21506.0,20897.0,20639.0,20362.0,20005.0,19633.0,19192.0,19059.0,18729.0,18476.0,18261.0,18108.0,17902.0,17783.0,17680.0,17295.0,17269.0,17225.0,16975.0,16953.0,17019.0,16813.0,16709.0,16817.0,16525.0,16336.0,16208.0,15988.0,15927.0,15742.0,15484.0,15242.0,15021.0,14956.0,14587.0,14372.0,14149.0,13980.0,13720,13604.0,13443.0,13217.0,13048.0,13010.0,12733.0,12713.0,12426.0,12313.0,12245.0,11978.0,12197.0,11844.0,11736.0,11828.0
M,21,33404.0,32614.0,33362.0,33870.0,33679.0,34643.0,34611.0,35785.0,36179.0,35437.0,34802.0,34417.0,33350.0,33495.0,33513.0,33549.0,32170.0,31468.0,30948.0,30065.0,31498.0,28973.0,25734.0,25543.0,25125.0,25229.0,24972.0,24775.0,24480.0,24574.0,24126.0,23979.0,24004.0,23805.0,23663.0,23578.0,23738.0,23795.0,23593.0,23551.0,23490.0,23306.0,22972.0,22942.0,22532.0,22298.0,22036.0,21766.0,21569.0,20976.0,20706.0,20434.0,20057.0,19691.0,19262.0,19119.0,18793.0,18538.0,18319.0,18168.0,17979.0,17842.0,17740.0,17365.0,17326.0,17283.0,17025.0,17009.0,17073.0,16870.0,16753.0,16881.0,16579.0,16372.0,16259.0,16038.0,15969.0,15783.0,15539.0,15289.0,15060.0,14998.0,14636.0,14409.0,14187.0,14021,13769.0,13641.0,13487.0,13246.0,13082.0,13040.0,12765.0,12746.0,12456.0,12353.0,12276.0,12020.0,12225.0,11867.0,11754.0
M,22,35241.0,33636.0,32882.0,33491.0,33996.0,33791.0,34749.0,34725.0,35895.0,36298.0,35545.0,34913.0,34518.0,33456.0,33593.0,33623.0,33637.0,32268.0,31565.0,31034.0,30142.0,31585.0,29073.0,25836.0,25641.0,25210.0,25327.0,25060.0,24858.0,24577.0,24648.0,24200.0,24066.0,24078.0,23887.0,23742.0,23656.0,23820.0,23882.0,23665.0,23625.0,23556.0,23370.0,23051.0,23016.0,22596.0,22368.0,22112.0,21829.0,21649.0,21034.0,20783.0,20497.0,20115.0,19748.0,19333.0,19171.0,18859.0,18593.0,18392.0,18222.0,18050.0,17883.0,17800.0,17422.0,17380.0,17339.0,17082.0,17056.0,17127.0,16914.0,16811.0,16937.0,16636.0,16430.0,16312.0,16084.0,16017.0,15831.0,15579.0,15336.0,15107.0,15033.0,14675.0,14441.0,14227,14059.0,13803.0,13677.0,13518.0,13283.0,13112.0,13075.0,12793.0,12777.0,12485.0,12387.0,12306.0,12058.0,12249.0,11894.0
M,23,35569.0,35457.0,33874.0,33016.0,33589.0,34097.0,33870.0,34852.0,34841.0,35998.0,36416.0,35642.0,35004.0,34620.0,33552.0,33680.0,33723.0,33732.0,32378.0,31651.0,31113.0,30224.0,31666.0,29188.0,25924.0,25726.0,25302.0,25406.0,25156.0,24950.0,24648.0,24720.0,24272.0,24149.0,24158.0,23963.0,23827.0,23749.0,23883.0,23950.0,23741.0,23694.0,23627.0,23431.0,23119.0,23096.0,22669.0,22441.0,22179.0,21886.0,21729.0,21099.0,20848.0,20557.0,20185.0,19816.0,19402.0,19217.0,18931.0,18651.0,18449.0,18278.0,18103.0,17941.0,17860.0,17477.0,17436.0,17386.0,17125.0,17100.0,17184.0,16962.0,16850.0,16996.0,16677.0,16484.0,16367.0,16134.0,16063.0,15885.0,15616.0,15380.0,15168.0,15068.0,14708.0,14490,14263.0,14110.0,13833.0,13715.0,13547.0,13313.0,13146.0,13108.0,12837.0,12802.0,12520.0,12412.0,12325.0,12087.0,12281.0
M,24,35369.0,35780.0,35732.0,33994.0,33124.0,33705.0,34186.0,33966.0,34953.0,34948.0,36103.0,36504.0,35740.0,35106.0,34721.0,33640.0,33785.0,33825.0,33820.0,32491.0,31753.0,31207.0,30338.0,31758.0,29281.0,25992.0,25805.0,25380.0,25502.0,25252.0,25021.0,24719.0,24793.0,24346.0,24228.0,24235.0,24040.0,23920.0,23814.0,23946.0,24035.0,23822.0,23763.0,23685.0,23507.0,23192.0,23174.0,22750.0,22505.0,22251.0,21940.0,21787.0,21172.0,20912.0,20615.0,20273.0,19866.0,19469.0,19274.0,18989.0,18704.0,18524.0,18332.0,18153.0,17999.0,17920.0,17529.0,17509.0,17424.0,17186.0,17155.0,17226.0,17013.0,16897.0,17039.0,16708.0,16524.0,16418.0,16183.0,16104.0,15921.0,15652.0,15421.0,15205.0,15094.0,14747,14521.0,14301.0,14148.0,13865.0,13754.0,13579.0,13346.0,13177.0,13133.0,12872.0,12833.0,12543.0,12432.0,12354.0,12108.0
M,25,36562.0,35636.0,36058.0,35841.0,34127.0,33236.0,33815.0,34290.0,34069.0,35067.0,35067.0,36206.0,36631.0,35851.0,35202.0,34834.0,33780.0,33870.0,33931.0,33919.0,32601.0,31865.0,31294.0,30446.0,31856.0,29373.0,26098.0,25894.0,25480.0,25612.0,25355.0,25123.0,24817.0,24874.0,24446.0,24312.0,24314.0,24142.0,24001.0,23911.0,24033.0,24106.0,23903.0,23844.0,23771.0,23585.0,23250.0,23254.0,22821.0,22567.0,22329.0,22012.0,21860.0,21246.0,20977.0,20697.0,20335.0,19930.0,19553.0,19342.0,19053.0,18774.0,18583.0,18394.0,18222.0,18057.0,17982.0,17592.0,17569.0,17483.0,17243.0,17208.0,17276.0,17077.0,16944.0,17099.0,16774.0,16576.0,16465.0,16217.0,16159.0,15962.0,15687.0,15466.0,15262.0,15137,14783.0,14565.0,14337.0,14182.0,13903.0,13794.0,13605.0,13371.0,13211.0,13163.0,12904.0,12867.0,12568.0,12457.0,12378.0
M,26,37633.0,36837.0,35906.0,36183.0,35967.0,34240.0,33370.0,33935.0,34400.0,34177.0,35194.0,35170.0,36314.0,36743.0,35967.0,35296.0,34927.0,33892.0,33987.0,34029.0,34045.0,32717.0,31969.0,31389.0,30553.0,31947.0,29477.0,26200.0,25986.0,25590.0,25711.0,25448.0,25203.0,24909.0,24963.0,24543.0,24401.0,24412.0,24226.0,24077.0,23993.0,24106.0,24183.0,23989.0,23934.0,23857.0,23674.0,23342.0,23330.0,22885.0,22657.0,22391.0,22074.0,21922.0,21321.0,21041.0,20762.0,20407.0,20004.0,19629.0,19400.0,19119.0,18845.0,18639.0,18451.0,18284.0,18113.0,18023.0,17644.0,17644.0,17531.0,17284.0,17276.0,17328.0,17134.0,17000.0,17162.0,16829.0,16632.0,16502.0,16259.0,16206.0,16012.0,15731.0,15521.0,15301,15190.0,14815.0,14608.0,14379.0,14224.0,13949.0,13842.0,13639.0,13404.0,13243.0,13191.0,12926.0,12891.0,12599.0,12491.0
M,27,37911.0,37911.0,37088.0,36030.0,36330.0,36076.0,34359.0,33481.0,34041.0,34505.0,34286.0,35292.0,35285.0,36414.0,36839.0,36068.0,35424.0,35034.0,33994.0,34097.0,34126.0,34150.0,32828.0,32059.0,31487.0,30659.0,32034.0,29571.0,26309.0,26067.0,25693.0,25809.0,25539.0,25302.0,24980.0,25053.0,24639.0,24487.0,24526.0,24307.0,24169.0,24075.0,24197.0,24264.0,24069.0,24016.0,23934.0,23746.0,23415.0,23401.0,22944.0,22722.0,22471.0,22148.0,21991.0,21403.0,21129.0,20835.0,20471.0,20068.0,19681.0,19468.0,19170.0,18908.0,18708.0,18506.0,18339.0,18169.0,18094.0,17693.0,17689.0,17589.0,17327.0,17347.0,17378.0,17182.0,17052.0,17214.0,16890.0,16675.0,16551.0,16304.0,16243.0,16045.0,15771.0,15566,15338.0,15234.0,14845.0,14649.0,14423.0,14264.0,13983.0,13871.0,13670.0,13445.0,13283.0,13219.0,12953.0,12916.0,12625.0
M,28,38057.0,38176.0,38195.0,37207.0,36141.0,36434.0,36205.0,34478.0,33617.0,34173.0,34610.0,34416.0,35400.0,35395.0,36532.0,36956.0,36182.0,35533.0,35136.0,34119.0,34215.0,34231.0,34250.0,32914.0,32150.0,31583.0,30751.0,32131.0,29662.0,26407.0,26160.0,25772.0,25891.0,25632.0,25381.0,25059.0,25142.0,24730.0,24590.0,24618.0,24390.0,24253.0,24147.0,24278.0,24336.0,24124.0,24086.0,24014.0,23821.0,23503.0,23471.0,23018.0,22784.0,22552.0,22226.0,22068.0,21475.0,21182.0,20904.0,20532.0,20152.0,19748.0,19530.0,19223.0,18983.0,18766.0,18556.0,18409.0,18223.0,18149.0,17742.0,17740.0,17661.0,17377.0,17385.0,17426.0,17235.0,17101.0,17249.0,16925.0,16724.0,16596.0,16343.0,16294.0,16086.0,15828,15595.0,15380.0,15266.0,14884.0,14690.0,14475.0,14309.0,14018.0,13898.0,13703.0,13480.0,13313.0,13260.0,12978.0,12949.0
M,29,38611.0,38316.0,38451.0,38329.0,37335.0,36261.0,36552.0,36319.0,34583.0,33731.0,34291.0,34710.0,34534.0,35511.0,35515.0,36653.0,37059.0,36298.0,35641.0,35234.0,34210.0,34310.0,34347.0,34360.0,33001.0,32253.0,31666.0,30855.0,32217.0,29774.0,26487.0,26260.0,25854.0,25979.0,25720.0,25467.0,25135.0,25224.0,24835.0,24680.0,24687.0,24479.0,24340.0,24247.0,24357.0,24415.0,24200.0,24169.0,24095.0,23888.0,23575.0,23549.0,23098.0,22848.0,22620.0,22287.0,22143.0,21548.0,21242.0,20957.0,20597.0,20218.0,19822.0,19594.0,19281.0,19033.0,18821.0,18624.0,18483.0,18290.0,18208.0,17795.0,17795.0,17718.0,17437.0,17429.0,17503.0,17286.0,17145.0,17298.0,16965.0,16765.0,16639.0,16388.0,16331.0,16133,15863.0,15634.0,15426.0,15309.0,14920.0,14727.0,14521.0,14331.0,14059.0,13937.0,13731.0,13512.0,13346.0,13293.0,13010.0
M,30,39820.0,38869.0,38580.0,38567.0,38461.0,37454.0,36378.0,36677.0,36458.0,34712.0,33844.0,34400.0,34840.0,34648.0,35621.0,35632.0,36767.0,37158.0,36415.0,35758.0,35335.0,34321.0,34415.0,34455.0,34468.0,33085.0,32337.0,31754.0,30956.0,32328.0,29896.0,26581.0,26360.0,25939.0,26103.0,25828.0,25559.0,25215.0,25324.0,24923.0,24781.0,24780.0,24592.0,24415.0,24349.0,24440.0,24488.0,24292.0,24256.0,24166.0,23986.0,23654.0,23611.0,23163.0,22919.0,22701.0,22376.0,22214.0,21622.0,21323.0,21037.0,20673.0,20304.0,19895.0,19670.0,19334.0,19097.0,18885.0,18686.0,18549.0,18349.0,18276.0,17856.0,17841.0,17767.0,17503.0,17482.0,17543.0,17345.0,17204.0,17356.0,17011.0,16808.0,16699.0,16444.0,16370,16172.0,15921.0,15673.0,15467.0,15355.0,14953.0,14758.0,14554.0,14367.0,14096.0,13967.0,13773.0,13541.0,13371.0,13323.0
M,31,40282.0,40107.0,39139.0,38698.0,38671.0,38583.0,37589.0,36504.0,36810.0,36594.0,34826.0,33957.0,34518.0,34961.0,34737.0,35741.0,35740.0,36882.0,37287.0,36528.0,35862.0,35433.0,34430.0,34522.0,34560.0,34574.0,33195.0,32443.0,31847.0,31045.0,32429.0,29995.0,26681.0,26456.0,26034.0,26200.0,25919.0,25650.0,25297.0,25416.0,25008.0,24850.0,24881.0,24681.0,24491.0,24428.0,24510.0,24562.0,24385.0,24349.0,24237.0,24069.0,23737.0,23686.0,23236.0,22999.0,22780.0,22441.0,22290.0,21697.0,21401.0,21094.0,20746.0,20360.0,19959.0,19742.0,19402.0,19162.0,18954.0,18753.0,18608.0,18414.0,18336.0,17910.0,17897.0,17814.0,17566.0,17527.0,17606.0,17401.0,17253.0,17389.0,17055.0,16854.0,16742.0,16483,16419.0,16204.0,15968.0,15713.0,15515.0,15401.0,14998.0,14809.0,14590.0,14415.0,14120.0,14012.0,13802.0,13574.0,13413.0
M,32,40727.0,40584.0,40370.0,39242.0,38829.0,38775.0,38726.0,37714.0,36627.0,36928.0,36709.0,34953.0,34073.0,34637.0,35060.0,34854.0,35843.0,35858.0,36989.0,37409.0,36630.0,35981.0,35537.0,34548.0,34632.0,34671.0,34679.0,33289.0,32557.0,31947.0,31169.0,32517.0,30105.0,26776.0,26537.0,26149.0,26296.0,26025.0,25744.0,25381.0,25509.0,25102.0,24939.0,24964.0,24768.0,24568.0,24532.0,24589.0,24644.0,24463.0,24441.0,24324.0,24156.0,23813.0,23769.0,23310.0,23089.0,22865.0,22514.0,22378.0,21764.0,21471.0,21161.0,20809.0,20424.0,20026.0,19796.0,19454.0,19232.0,19008.0,18812.0,18661.0,18475.0,18399.0,17968.0,17955.0,17878.0,17622.0,17594.0,17668.0,17444.0,17297.0,17434.0,17126.0,16905.0,16787,16529.0,16467.0,16251.0,16001.0,15767.0,15564.0,15445.0,15034.0,14844.0,14630.0,14444.0,14164.0,14049.0,13832.0,13605.0
M,33,40275.0,40998.0,40869.0,40504.0,39373.0,38954.0,38897.0,38867.0,37830.0,36742.0,37046.0,36825.0,35075.0,34201.0,34755.0,35164.0,34964.0,35965.0,35980.0,37101.0,37524.0,36740.0,36081.0,35639.0,34652.0,34732.0,34770.0,34778.0,33380.0,32665.0,32052.0,31263.0,32612.0,30195.0,26875.0,26626.0,26250.0,26395.0,26117.0,25837.0,25474.0,25616.0,25174.0,25038.0,25044.0,24845.0,24656.0,24619.0,24679.0,24716.0,24544.0,24516.0,24412.0,24236.0,23885.0,23845.0,23403.0,23163.0,22949.0,22584.0,22453.0,21845.0,21546.0,21233.0,20865.0,20495.0,20097.0,19848.0,19519.0,19290.0,19069.0,18875.0,18713.0,18524.0,18449.0,18025.0,18001.0,17923.0,17672.0,17654.0,17717.0,17492.0,17348.0,17484.0,17187.0,16954,16823.0,16572.0,16515.0,16293.0,16029.0,15799.0,15592.0,15477.0,15076.0,14882.0,14665.0,14482.0,14199.0,14073.0,13858.0
M,34,40075.0,40573.0,41267.0,40990.0,40636.0,39502.0,39061.0,39016.0,38988.0,37962.0,36841.0,37167.0,36958.0,35182.0,34316.0,34877.0,35277.0,35076.0,36079.0,36091.0,37218.0,37633.0,36852.0,36189.0,35751.0,34751.0,34837.0,34874.0,34885.0,33469.0,32757.0,32149.0,31361.0,32708.0,30286.0,26966.0,26719.0,26355.0,26489.0,26197.0,25922.0,25547.0,25708.0,25262.0,25121.0,25145.0,24925.0,24731.0,24696.0,24751.0,24793.0,24631.0,24603.0,24473.0,24330.0,23954.0,23917.0,23468.0,23249.0,23019.0,22657.0,22532.0,21907.0,21622.0,21289.0,20923.0,20557.0,20170.0,19914.0,19600.0,19355.0,19141.0,18928.0,18763.0,18585.0,18493.0,18077.0,18057.0,17974.0,17730.0,17708.0,17764.0,17527.0,17397.0,17517.0,17232,16990.0,16876.0,16630.0,16560.0,16334.0,16074.0,15835.0,15632.0,15502.0,15112.0,14919.0,14695.0,14506.0,14229.0,14097.0
M,35,38393.0,40337.0,40835.0,41382.0,41108.0,40748.0,39615.0,39193.0,39143.0,39097.0,38095.0,36946.0,37273.0,37058.0,35298.0,34401.0,34992.0,35389.0,35190.0,36195.0,36210.0,37318.0,37746.0,36949.0,36297.0,35851.0,34861.0,34946.0,34971.0,34983.0,33552.0,32856.0,32246.0,31470.0,32797.0,30380.0,27053.0,26797.0,26444.0,26590.0,26281.0,26016.0,25617.0,25805.0,25335.0,25196.0,25223.0,25007.0,24805.0,24784.0,24830.0,24864.0,24704.0,24673.0,24563.0,24408.0,24019.0,23993.0,23545.0,23323.0,23084.0,22711.0,22591.0,21975.0,21672.0,21354.0,20986.0,20615.0,20231.0,19977.0,19656.0,19406.0,19192.0,18987.0,18827.0,18644.0,18546.0,18133.0,18097.0,18024.0,17773.0,17751.0,17807.0,17577.0,17427.0,17555,17264.0,17035.0,16910.0,16686.0,16594.0,16359.0,16118.0,15867.0,15673.0,15533.0,15145.0,14952.0,14728.0,14527.0,14270.0
M,36,38662.0,38672.0,40606.0,40969.0,41506.0,41243.0,40876.0,39716.0,39305.0,39270.0,39212.0,38217.0,37071.0,37375.0,37193.0,35427.0,34500.0,35116.0,35506.0,35287.0,36299.0,36324.0,37411.0,37857.0,37052.0,36388.0,35957.0,34971.0,35041.0,35069.0,35057.0,33645.0,32974.0,32352.0,31577.0,32904.0,30468.0,27147.0,26898.0,26523.0,26683.0,26374.0,26090.0,25713.0,25884.0,25431.0,25279.0,25296.0,25088.0,24876.0,24863.0,24909.0,24950.0,24777.0,24735.0,24637.0,24481.0,24097.0,24066.0,23633.0,23382.0,23162.0,22784.0,22663.0,22040.0,21726.0,21406.0,21048.0,20689.0,20280.0,20028.0,19711.0,19460.0,19242.0,19034.0,18876.0,18712.0,18591.0,18177.0,18128.0,18067.0,17816.0,17797.0,17852.0,17621.0,17474,17604.0,17304.0,17079.0,16945.0,16724.0,16625.0,16399.0,16161.0,15896.0,15710.0,15560.0,15180.0,14981.0,14767.0,14563.0
M,37,37985.0,38953.0,38953.0,40713.0,41125.0,41599.0,41335.0,40998.0,39826.0,39395.0,39379.0,39350.0,38335.0,37161.0,37487.0,37308.0,35529.0,34625.0,35222.0,35632.0,35392.0,36418.0,36425.0,37527.0,37950.0,37150.0,36484.0,36047.0,35080.0,35127.0,35159.0,35132.0,33754.0,33060.0,32411.0,31667.0,32989.0,30550.0,27247.0,26995.0,26602.0,26781.0,26462.0,26167.0,25806.0,25977.0,25522.0,25344.0,25354.0,25170.0,24940.0,24942.0,24990.0,25022.0,24834.0,24804.0,24707.0,24550.0,24164.0,24121.0,23701.0,23457.0,23230.0,22844.0,22725.0,22102.0,21782.0,21472.0,21107.0,20738.0,20327.0,20082.0,19770.0,19501.0,19303.0,19088.0,18934.0,18765.0,18639.0,18242.0,18188.0,18118.0,17865.0,17847.0,17890.0,17665,17518.0,17666.0,17333.0,17111.0,16978.0,16765.0,16657.0,16429.0,16190.0,15938.0,15742.0,15601.0,15209.0,15006.0,14802.0
M,38,37174.0,38256.0,39245.0,39085.0,40838.0,41230.0,41735.0,41448.0,41118.0,39927.0,39504.0,39503.0,39469.0,38455.0,37274.0,37605.0,37410.0,35643.0,34737.0,35358.0,35754.0,35516.0,36522.0,36520.0,37629.0,38059.0,37248.0,36597.0,36150.0,35183.0,35221.0,35250.0,35239.0,33825.0,33157.0,32509.0,31758.0,33084.0,30633.0,27324.0,27087.0,26702.0,26858.0,26553.0,26255.0,25885.0,26054.0,25623.0,25417.0,25426.0,25252.0,25015.0,25017.0,25070.0,25103.0,24900.0,24874.0,24771.0,24610.0,24245.0,24189.0,23772.0,23513.0,23292.0,22913.0,22791.0,22166.0,21847.0,21531.0,21159.0,20786.0,20381.0,20137.0,19832.0,19553.0,19358.0,19157.0,18988.0,18808.0,18702.0,18292.0,18243.0,18166.0,17913.0,17903.0,17926,17701.0,17570.0,17704.0,17370.0,17146.0,17016.0,16792.0,16699.0,16460.0,16225.0,15956.0,15779.0,15630.0,15235.0,15027.0
M,39,37362.0,37437.0,38551.0,39362.0,39215.0,40967.0,41348.0,41857.0,41576.0,41234.0,40036.0,39620.0,39627.0,39590.0,38564.0,37370.0,37703.0,37533.0,35759.0,34840.0,35455.0,35866.0,35639.0,36620.0,36615.0,37729.0,38158.0,37330.0,36703.0,36241.0,35277.0,35321.0,35358.0,35349.0,33913.0,33254.0,32589.0,31836.0,33159.0,30715.0,27397.0,27163.0,26785.0,26952.0,26622.0,26327.0,25963.0,26159.0,25710.0,25524.0,25511.0,25343.0,25107.0,25109.0,25134.0,25163.0,24970.0,24954.0,24833.0,24674.0,24306.0,24249.0,23839.0,23583.0,23376.0,22972.0,22848.0,22224.0,21901.0,21592.0,21223.0,20841.0,20432.0,20183.0,19880.0,19614.0,19401.0,19201.0,19053.0,18856.0,18757.0,18340.0,18281.0,18221.0,17966.0,17950,17981.0,17739.0,17612.0,17744.0,17411.0,17175.0,17055.0,16838.0,16735.0,16503.0,16258.0,15986.0,15805.0,15663.0,15259.0
M,40,37429.0,37599.0,37687.0,38669.0,39459.0,39329.0,41085.0,41459.0,41972.0,41692.0,41348.0,40137.0,39724.0,39722.0,39682.0,38674.0,37481.0,37804.0,37629.0,35857.0,34934.0,35555.0,35969.0,35758.0,36721.0,36719.0,37842.0,38249.0,37428.0,36789.0,36308.0,35372.0,35412.0,35459.0,35431.0,34006.0,33337.0,32676.0,31914.0,33248.0,30790.0,27473.0,27251.0,26861.0,27026.0,26690.0,26412.0,26037.0,26239.0,25785.0,25597.0,25576.0,25415.0,25175.0,25167.0,25211.0,25229.0,25026.0,25017.0,24907.0,24730.0,24364.0,24314.0,23895.0,23648.0,23452.0,23027.0,22900.0,22277.0,21955.0,21647.0,21276.0,20893.0,20498.0,20241.0,19930.0,19663.0,19448.0,19252.0,19090.0,18904.0,18793.0,18386.0,18325.0,18265.0,18016,17987.0,18015.0,17777.0,17644.0,17781.0,17447.0,17206.0,17098.0,16867.0,16774.0,16536.0,16286.0,16015.0,15842.0,15685.0
M,41,36190.0,37692.0,37879.0,37812.0,38771.0,39575.0,39426.0,41190.0,41565.0,42091.0,41796.0,41455.0,40253.0,39803.0,39822.0,39787.0,38781.0,37590.0,37911.0,37741.0,35949.0,35019.0,35666.0,36076.0,35832.0,36826.0,36813.0,37930.0,38354.0,37518.0,36882.0,36394.0,35470.0,35495.0,35561.0,35524.0,34106.0,33432.0,32760.0,31983.0,33326.0,30858.0,27545.0,27333.0,26941.0,27104.0,26762.0,26484.0,26112.0,26319.0,25867.0,25667.0,25641.0,25478.0,25248.0,25227.0,25270.0,25286.0,25088.0,25091.0,24967.0,24790.0,24438.0,24378.0,23961.0,23699.0,23509.0,23092.0,22960.0,22327.0,22014.0,21719.0,21327.0,20947.0,20542.0,20294.0,19981.0,19717.0,19515.0,19309.0,19131.0,18955.0,18839.0,18429.0,18364.0,18309,18051.0,18020.0,18053.0,17807.0,17686.0,17803.0,17487.0,17232.0,17129.0,16895.0,16796.0,16566.0,16314.0,16038.0,15878.0
M,42,36976.0,36447.0,37946.0,37983.0,37929.0,38877.0,39680.0,39551.0,41305.0,41666.0,42205.0,41913.0,41560.0,40355.0,39926.0,39927.0,39883.0,38889.0,37683.0,38014.0,37840.0,36041.0,35116.0,35755.0,36193.0,35923.0,36926.0,36897.0,38022.0,38443.0,37613.0,36978.0,36499.0,35557.0,35570.0,35649.0,35603.0,34193.0,33534.0,32841.0,32056.0,33392.0,30943.0,27642.0,27412.0,27003.0,27190.0,26853.0,26564.0,26179.0,26404.0,25962.0,25736.0,25714.0,25550.0,25316.0,25302.0,25327.0,25344.0,25144.0,25168.0,25026.0,24851.0,24493.0,24441.0,24032.0,23766.0,23572.0,23142.0,23003.0,22380.0,22060.0,21773.0,21389.0,21007.0,20574.0,20347.0,20033.0,19760.0,19560.0,19361.0,19189.0,18992.0,18895.0,18474.0,18410,18351.0,18072.0,18069.0,18090.0,17834.0,17724.0,17842.0,17518.0,17260.0,17166.0,16928.0,16830.0,16594.0,16349.0,16065.0
M,43,36250.0,37217.0,36707.0,38085.0,38099.0,38043.0,38989.0,39807.0,39664.0,41406.0,41783.0,42317.0,42013.0,41679.0,40457.0,40023.0,40020.0,39977.0,39014.0,37773.0,38122.0,37965.0,36138.0,35215.0,35854.0,36300.0,36027.0,37033.0,36978.0,38100.0,38516.0,37696.0,37091.0,36595.0,35655.0,35665.0,35734.0,35685.0,34266.0,33619.0,32930.0,32123.0,33476.0,31017.0,27713.0,27493.0,27067.0,27266.0,26923.0,26633.0,26242.0,26478.0,26029.0,25791.0,25791.0,25638.0,25393.0,25378.0,25414.0,25401.0,25218.0,25232.0,25084.0,24895.0,24545.0,24500.0,24084.0,23829.0,23627.0,23191.0,23065.0,22429.0,22107.0,21816.0,21427.0,21048.0,20620.0,20401.0,20093.0,19793.0,19609.0,19411.0,19239.0,19036.0,18932.0,18520,18452.0,18395.0,18109.0,18103.0,18119.0,17864.0,17751.0,17871.0,17556.0,17287.0,17196.0,16960.0,16859.0,16616.0,16380.0
M,44,36012.0,36499.0,37483.0,36827.0,38214.0,38205.0,38167.0,39097.0,39912.0,39784.0,41520.0,41895.0,42422.0,42102.0,41790.0,40549.0,40123.0,40146.0,40069.0,39096.0,37864.0,38245.0,38060.0,36246.0,35298.0,35948.0,36387.0,36107.0,37110.0,37065.0,38167.0,38599.0,37794.0,37202.0,36688.0,35756.0,35739.0,35823.0,35768.0,34354.0,33719.0,33014.0,32197.0,33549.0,31106.0,27793.0,27574.0,27150.0,27333.0,26996.0,26708.0,26327.0,26560.0,26090.0,25862.0,25852.0,25708.0,25458.0,25439.0,25474.0,25480.0,25280.0,25297.0,25150.0,24961.0,24610.0,24564.0,24140.0,23885.0,23685.0,23250.0,23114.0,22490.0,22153.0,21865.0,21481.0,21082.0,20672.0,20457.0,20143.0,19835.0,19664.0,19451.0,19271.0,19079.0,18973,18573.0,18488.0,18441.0,18154.0,18133.0,18164.0,17906.0,17786.0,17919.0,17586.0,17313.0,17224.0,16989.0,16883.0,16642.0
M,45,34884.0,36266.0,36748.0,37588.0,36952.0,38317.0,38329.0,38257.0,39214.0,40033.0,39877.0,41617.0,41989.0,42533.0,42211.0,41871.0,40640.0,40226.0,40266.0,40196.0,39202.0,37973.0,38348.0,38160.0,36346.0,35391.0,36040.0,36470.0,36199.0,37204.0,37163.0,38272.0,38692.0,37881.0,37275.0,36779.0,35832.0,35818.0,35906.0,35849.0,34445.0,33789.0,33085.0,32286.0,33629.0,31180.0,27881.0,27669.0,27239.0,27411.0,27078.0,26781.0,26391.0,26638.0,26149.0,25930.0,25926.0,25780.0,25516.0,25488.0,25544.0,25547.0,25348.0,25359.0,25195.0,25025.0,24672.0,24624.0,24197.0,23932.0,23754.0,23307.0,23172.0,22546.0,22196.0,21918.0,21529.0,21140.0,20710.0,20502.0,20188.0,19886.0,19712.0,19503.0,19315.0,19116,19013.0,18611.0,18523.0,18488.0,18191.0,18175.0,18194.0,17937.0,17818.0,17945.0,17612.0,17341.0,17253.0,17012.0,16909.0
M,46,35776.0,35137.0,36501.0,36861.0,37716.0,37069.0,38417.0,38456.0,38361.0,39320.0,40161.0,39989.0,41719.0,42108.0,42629.0,42311.0,41960.0,40740.0,40333.0,40376.0,40302.0,39283.0,38058.0,38454.0,38238.0,36439.0,35498.0,36122.0,36587.0,36288.0,37289.0,37249.0,38367.0,38769.0,37962.0,37364.0,36861.0,35928.0,35896.0,35991.0,35938.0,34527.0,33864.0,33172.0,32362.0,33702.0,31260.0,27955.0,27735.0,27318.0,27483.0,27162.0,26847.0,26461.0,26706.0,26213.0,25993.0,25985.0,25839.0,25597.0,25555.0,25618.0,25609.0,25413.0,25427.0,25250.0,25082.0,24723.0,24690.0,24251.0,23986.0,23801.0,23360.0,23224.0,22597.0,22247.0,21960.0,21570.0,21183.0,20756.0,20547.0,20236.0,19935.0,19760.0,19549.0,19364,19165.0,19060.0,18645.0,18563.0,18523.0,18233.0,18211.0,18229.0,17972.0,17860.0,17974.0,17644.0,17362.0,17286.0,17042.0
M,47,36463.0,36036.0,35381.0,36601.0,36996.0,37818.0,37184.0,38510.0,38560.0,38473.0,39442.0,40266.0,40092.0,41836.0,42222.0,42728.0,42394.0,42065.0,40833.0,40437.0,40467.0,40399.0,39381.0,38173.0,38555.0,38327.0,36537.0,35582.0,36229.0,36677.0,36381.0,37367.0,37324.0,38450.0,38844.0,38062.0,37436.0,36931.0,36022.0,35968.0,36064.0,36009.0,34615.0,33944.0,33247.0,32430.0,33778.0,31335.0,28027.0,27820.0,27393.0,27553.0,27228.0,26914.0,26534.0,26751.0,26278.0,26050.0,26044.0,25915.0,25645.0,25615.0,25668.0,25678.0,25485.0,25483.0,25306.0,25136.0,24775.0,24753.0,24311.0,24039.0,23861.0,23404.0,23270.0,22648.0,22293.0,22006.0,21622.0,21231.0,20819.0,20593.0,20287.0,19977.0,19800.0,19596,19414.0,19197.0,19098.0,18693.0,18601.0,18560.0,18274.0,18238.0,18257.0,18006.0,17891.0,17997.0,17675.0,17384.0,17316.0
M,48,37822.0,36715.0,36325.0,35508.0,36692.0,37102.0,37929.0,37304.0,38622.0,38677.0,38581.0,39545.0,40357.0,40200.0,41946.0,42320.0,42819.0,42499.0,42156.0,40961.0,40543.0,40570.0,40494.0,39457.0,38250.0,38637.0,38436.0,36630.0,35669.0,36326.0,36761.0,36467.0,37461.0,37410.0,38551.0,38925.0,38153.0,37492.0,37030.0,36108.0,36041.0,36150.0,36086.0,34689.0,34022.0,33324.0,32507.0,33854.0,31405.0,28093.0,27897.0,27465.0,27626.0,27309.0,26989.0,26610.0,26823.0,26336.0,26105.0,26098.0,25979.0,25701.0,25676.0,25718.0,25736.0,25551.0,25535.0,25369.0,25198.0,24833.0,24821.0,24362.0,24087.0,23928.0,23449.0,23318.0,22691.0,22344.0,22051.0,21674.0,21272.0,20855.0,20632.0,20325.0,20024.0,19846,19635.0,19450.0,19236.0,19142.0,18731.0,18637.0,18586.0,18305.0,18269.0,18288.0,18043.0,17922.0,18030.0,17708.0,17407.0
M,49,38079.0,38086.0,36939.0,36453.0,35617.0,36817.0,37212.0,38042.0,37428.0,38731.0,38781.0,38688.0,39656.0,40458.0,40279.0,42031.0,42409.0,42922.0,42587.0,42254.0,41045.0,40646.0,40679.0,40605.0,39553.0,38335.0,38733.0,38523.0,36732.0,35760.0,36408.0,36864.0,36562.0,37556.0,37494.0,38620.0,39009.0,38241.0,37576.0,37108.0,36202.0,36110.0,36231.0,36156.0,34763.0,34108.0,33390.0,32585.0,33933.0,31469.0,28154.0,27962.0,27536.0,27705.0,27391.0,27053.0,26688.0,26876.0,26396.0,26171.0,26144.0,26044.0,25753.0,25714.0,25792.0,25796.0,25604.0,25589.0,25437.0,25262.0,24889.0,24887.0,24409.0,24153.0,23977.0,23502.0,23382.0,22742.0,22375.0,22103.0,21711.0,21315.0,20904.0,20670.0,20362.0,20058,19892.0,19671.0,19489.0,19271.0,19182.0,18768.0,18680.0,18625.0,18331.0,18305.0,18316.0,18075.0,17951.0,18053.0,17734.0
M,50,39204.0,38340.0,38354.0,37053.0,36578.0,35725.0,36931.0,37321.0,38162.0,37558.0,38845.0,38909.0,38793.0,39781.0,40565.0,40382.0,42148.0,42505.0,43026.0,42695.0,42338.0,41145.0,40739.0,40787.0,40694.0,39662.0,38435.0,38807.0,38619.0,36810.0,35856.0,36513.0,36949.0,36658.0,37646.0,37596.0,38711.0,39102.0,38339.0,37646.0,37194.0,36290.0,36208.0,36327.0,36233.0,34845.0,34164.0,33464.0,32649.0,34010.0,31548.0,28234.0,28038.0,27615.0,27774.0,27455.0,27129.0,26752.0,26936.0,26475.0,26239.0,26213.0,26105.0,25815.0,25783.0,25855.0,25857.0,25675.0,25635.0,25493.0,25316.0,24955.0,24937.0,24469.0,24200.0,24039.0,23546.0,23426.0,22796.0,22418.0,22159.0,21763.0,21372.0,20943.0,20710.0,20405,20100.0,19928.0,19718.0,19533.0,19305.0,19215.0,18799.0,18709.0,18661.0,18362.0,18343.0,18354.0,18112.0,17978.0,18087.0
M,51,38960.0,39472.0,38612.0,38465.0,37169.0,36688.0,35859.0,37040.0,37415.0,38272.0,37665.0,38962.0,39021.0,38881.0,39886.0,40685.0,40491.0,42244.0,42604.0,43118.0,42807.0,42420.0,41240.0,40836.0,40891.0,40792.0,39749.0,38542.0,38899.0,38699.0,36908.0,35952.0,36602.0,37045.0,36757.0,37726.0,37698.0,38802.0,39186.0,38426.0,37732.0,37260.0,36367.0,36282.0,36404.0,36308.0,34945.0,34229.0,33524.0,32731.0,34079.0,31637.0,28307.0,28116.0,27671.0,27852.0,27507.0,27200.0,26820.0,26992.0,26539.0,26306.0,26278.0,26160.0,25875.0,25846.0,25917.0,25910.0,25729.0,25700.0,25550.0,25387.0,25010.0,24999.0,24522.0,24267.0,24099.0,23599.0,23484.0,22856.0,22464.0,22203.0,21802.0,21417.0,20991.0,20763,20448.0,20141.0,19976.0,19763.0,19572.0,19335.0,19241.0,18838.0,18746.0,18692.0,18388.0,18357.0,18388.0,18133.0,18008.0
M,52,38530.0,39246.0,39762.0,38733.0,38592.0,37290.0,36793.0,35981.0,37158.0,37526.0,38384.0,37770.0,39084.0,39119.0,38982.0,39987.0,40804.0,40611.0,42360.0,42704.0,43205.0,42917.0,42524.0,41350.0,40923.0,40978.0,40893.0,39831.0,38623.0,39011.0,38793.0,36990.0,36026.0,36693.0,37131.0,36844.0,37828.0,37796.0,38890.0,39268.0,38510.0,37810.0,37340.0,36441.0,36365.0,36486.0,36394.0,35024.0,34325.0,33593.0,32822.0,34154.0,31720.0,28397.0,28203.0,27733.0,27928.0,27596.0,27278.0,26888.0,27033.0,26610.0,26362.0,26354.0,26220.0,25933.0,25910.0,25995.0,25973.0,25784.0,25760.0,25616.0,25433.0,25068.0,25045.0,24568.0,24298.0,24142.0,23646.0,23535.0,22898.0,22507.0,22245.0,21853.0,21458.0,21035,20802.0,20489.0,20182.0,20025.0,19803.0,19606.0,19378.0,19267.0,18870.0,18778.0,18739.0,18421.0,18385.0,18428.0,18157.0
M,53,39127.0,38807.0,39523.0,39896.0,38854.0,38702.0,37406.0,36924.0,36076.0,37256.0,37648.0,38483.0,37888.0,39205.0,39234.0,39086.0,40112.0,40890.0,40705.0,42473.0,42803.0,43311.0,43003.0,42640.0,41444.0,41014.0,41085.0,40997.0,39939.0,38711.0,39116.0,38878.0,37083.0,36107.0,36774.0,37215.0,36937.0,37916.0,37885.0,38984.0,39351.0,38593.0,37907.0,37428.0,36528.0,36450.0,36556.0,36469.0,35112.0,34400.0,33690.0,32884.0,34216.0,31792.0,28470.0,28250.0,27818.0,27995.0,27682.0,27351.0,26967.0,27095.0,26670.0,26434.0,26418.0,26287.0,25984.0,25968.0,26072.0,26034.0,25852.0,25816.0,25659.0,25474.0,25123.0,25091.0,24611.0,24341.0,24187.0,23700.0,23587.0,22946.0,22549.0,22300.0,21897.0,21493,21084.0,20835.0,20532.0,20211.0,20063.0,19848.0,19643.0,19421.0,19296.0,18904.0,18805.0,18766.0,18450.0,18422.0,18459.0
M,54,38711.0,39424.0,39061.0,39641.0,40025.0,38968.0,38833.0,37513.0,37056.0,36182.0,37374.0,37740.0,38592.0,38016.0,39318.0,39333.0,39197.0,40208.0,40990.0,40806.0,42574.0,42902.0,43420.0,43101.0,42743.0,41544.0,41098.0,41197.0,41097.0,40023.0,38798.0,39213.0,38976.0,37171.0,36208.0,36874.0,37304.0,37023.0,37992.0,37963.0,39061.0,39425.0,38654.0,37993.0,37515.0,36605.0,36527.0,36651.0,36561.0,35184.0,34468.0,33750.0,32978.0,34297.0,31886.0,28528.0,28323.0,27907.0,28066.0,27749.0,27424.0,27024.0,27168.0,26750.0,26506.0,26476.0,26351.0,26031.0,26023.0,26124.0,26090.0,25895.0,25861.0,25717.0,25532.0,25176.0,25142.0,24662.0,24395.0,24248.0,23738.0,23637.0,22995.0,22611.0,22344.0,21945,21531.0,21127.0,20873.0,20582.0,20249.0,20107.0,19885.0,19677.0,19453.0,19330.0,18936.0,18835.0,18801.0,18482.0,18447.0
M,55,37445.0,38968.0,39712.0,39176.0,39743.0,40133.0,39075.0,38942.0,37609.0,37162.0,36296.0,37463.0,37841.0,38698.0,38095.0,39425.0,39442.0,39283.0,40295.0,41073.0,40917.0,42673.0,42990.0,43521.0,43203.0,42845.0,41634.0,41190.0,41285.0,41182.0,40125.0,38886.0,39300.0,39065.0,37256.0,36295.0,36947.0,37398.0,37104.0,38076.0,38026.0,39144.0,39500.0,38726.0,38065.0,37592.0,36687.0,36590.0,36720.0,36640.0,35249.0,34540.0,33815.0,33054.0,34357.0,31945.0,28611.0,28394.0,27977.0,28130.0,27820.0,27482.0,27086.0,27223.0,26806.0,26565.0,26540.0,26407.0,26087.0,26074.0,26192.0,26154.0,25960.0,25909.0,25769.0,25583.0,25216.0,25184.0,24700.0,24452.0,24292.0,23774.0,23680.0,23043.0,22658.0,22398,21977.0,21558.0,21163.0,20911.0,20631.0,20284.0,20139.0,19915.0,19703.0,19484.0,19362.0,18964.0,18865.0,18829.0,18509.0
M,56,37508.0,37715.0,39234.0,39832.0,39297.0,39858.0,40254.0,39208.0,39037.0,37717.0,37255.0,36418.0,37562.0,37934.0,38788.0,38219.0,39532.0,39532.0,39394.0,40413.0,41163.0,41006.0,42774.0,43101.0,43615.0,43298.0,42946.0,41733.0,41265.0,41385.0,41273.0,40225.0,38978.0,39386.0,39147.0,37351.0,36399.0,37021.0,37508.0,37164.0,38148.0,38095.0,39242.0,39579.0,38788.0,38148.0,37681.0,36763.0,36667.0,36799.0,36728.0,35320.0,34605.0,33887.0,33128.0,34437.0,32019.0,28687.0,28453.0,28036.0,28193.0,27884.0,27551.0,27151.0,27289.0,26866.0,26626.0,26612.0,26470.0,26142.0,26125.0,26234.0,26198.0,26001.0,25947.0,25811.0,25635.0,25267.0,25220.0,24756.0,24499.0,24333.0,23815.0,23724.0,23097.0,22706,22443.0,22017.0,21590.0,21201.0,20952.0,20662.0,20323.0,20170.0,19954.0,19731.0,19521.0,19389.0,18989.0,18889.0,18853.0
M,57,36634.0,37781.0,37954.0,39343.0,39960.0,39416.0,39945.0,40331.0,39337.0,39137.0,37816.0,37355.0,36532.0,37660.0,38032.0,38892.0,38321.0,39640.0,39621.0,39464.0,40506.0,41258.0,41111.0,42884.0,43186.0,43719.0,43390.0,43038.0,41830.0,41354.0,41481.0,41350.0,40307.0,39061.0,39489.0,39240.0,37433.0,36504.0,37099.0,37577.0,37272.0,38217.0,38177.0,39332.0,39648.0,38868.0,38217.0,37753.0,36833.0,36747.0,36861.0,36810.0,35399.0,34676.0,33942.0,33201.0,34500.0,32096.0,28759.0,28509.0,28100.0,28259.0,27949.0,27612.0,27213.0,27363.0,26917.0,26679.0,26661.0,26519.0,26190.0,26179.0,26288.0,26248.0,26063.0,26003.0,25859.0,25687.0,25302.0,25246.0,24809.0,24543.0,24372.0,23860.0,23765.0,23135,22746.0,22472.0,22054.0,21625.0,21248.0,20989.0,20690.0,20352.0,20204.0,19991.0,19767.0,19544.0,19415.0,19022.0,18917.0
M,58,35796.0,36889.0,38046.0,38050.0,39459.0,40058.0,39520.0,40055.0,40444.0,39442.0,39243.0,37931.0,37486.0,36625.0,37758.0,38138.0,38989.0,38431.0,39737.0,39711.0,39563.0,40610.0,41373.0,41213.0,42974.0,43283.0,43825.0,43484.0,43114.0,41935.0,41436.0,41568.0,41431.0,40385.0,39149.0,39574.0,39317.0,37511.0,36600.0,37186.0,37652.0,37360.0,38298.0,38256.0,39394.0,39717.0,38944.0,38301.0,37824.0,36913.0,36812.0,36932.0,36879.0,35468.0,34749.0,34019.0,33285.0,34558.0,32149.0,28821.0,28583.0,28152.0,28322.0,28016.0,27677.0,27282.0,27417.0,26990.0,26737.0,26717.0,26568.0,26229.0,26235.0,26341.0,26301.0,26108.0,26060.0,25906.0,25738.0,25339.0,25294.0,24851.0,24592.0,24415.0,23899.0,23814,23181.0,22766.0,22506.0,22083.0,21670.0,21279.0,21019.0,20718.0,20379.0,20237.0,20011.0,19803.0,19566.0,19443.0,19060.0
M,59,33856.0,36023.0,37135.0,38143.0,38147.0,39556.0,40163.0,39617.0,40159.0,40554.0,39545.0,39357.0,38042.0,37595.0,36719.0,37863.0,38244.0,39079.0,38541.0,39845.0,39824.0,39668.0,40692.0,41474.0,41305.0,43084.0,43355.0,43912.0,43576.0,43193.0,42029.0,41527.0,41641.0,41526.0,40482.0,39222.0,39653.0,39400.0,37588.0,36682.0,37262.0,37731.0,37433.0,38367.0,38345.0,39467.0,39787.0,39017.0,38355.0,37885.0,36982.0,36888.0,37012.0,36947.0,35527.0,34802.0,34091.0,33347.0,34624.0,32208.0,28883.0,28630.0,28207.0,28386.0,28073.0,27728.0,27332.0,27464.0,27043.0,26791.0,26774.0,26634.0,26276.0,26306.0,26386.0,26336.0,26161.0,26107.0,25947.0,25782.0,25389.0,25342.0,24903.0,24632.0,24451.0,23953,23855.0,23217.0,22801.0,22536.0,22117.0,21709.0,21314.0,21059.0,20747.0,20418.0,20266.0,20038.0,19830.0,19597.0,19473.0
M,60,33238.0,34044.0,36223.0,37226.0,38248.0,38241.0,39646.0,40244.0,39704.0,40248.0,40664.0,39632.0,39470.0,38108.0,37664.0,36794.0,37933.0,38335.0,39136.0,38629.0,39928.0,39899.0,39767.0,40774.0,41550.0,41379.0,43158.0,43417.0,44011.0,43655.0,43268.0,42096.0,41610.0,41712.0,41592.0,40551.0,39285.0,39722.0,39476.0,37668.0,36741.0,37327.0,37787.0,37486.0,38431.0,38400.0,39533.0,39852.0,39062.0,38425.0,37952.0,37031.0,36932.0,37074.0,36997.0,35579.0,34865.0,34133.0,33393.0,34679.0,32270.0,28935.0,28680.0,28259.0,28425.0,28135.0,27773.0,27385.0,27506.0,27099.0,26834.0,26808.0,26683.0,26314.0,26352.0,26432.0,26381.0,26203.0,26153.0,25987.0,25831.0,25425.0,25382.0,24939.0,24659.0,24478,23996.0,23887.0,23250.0,22823.0,22565.0,22150.0,21733.0,21339.0,21105.0,20769.0,20435.0,20288.0,20062.0,19860.0,19611.0
M,61,32420.0,33472.0,34252.0,36303.0,37324.0,38341.0,38333.0,39743.0,40328.0,39783.0,40340.0,40754.0,39727.0,39574.0,38171.0,37771.0,36877.0,38021.0,38406.0,39240.0,38693.0,40017.0,39981.0,39850.0,40856.0,41632.0,41447.0,43215.0,43493.0,44077.0,43741.0,43345.0,42169.0,41681.0,41792.0,41668.0,40613.0,39347.0,39796.0,39534.0,37723.0,36821.0,37384.0,37846.0,37563.0,38490.0,38465.0,39589.0,39898.0,39127.0,38476.0,38008.0,37087.0,36980.0,37144.0,37051.0,35642.0,34915.0,34194.0,33449.0,34732.0,32327.0,28980.0,28735.0,28324.0,28476.0,28187.0,27825.0,27429.0,27544.0,27148.0,26877.0,26861.0,26721.0,26350.0,26386.0,26469.0,26431.0,26246.0,26196.0,26021.0,25870.0,25462.0,25434.0,24965.0,24691,24504.0,24027.0,23904.0,23294.0,22849.0,22595.0,22173.0,21761.0,21370.0,21135.0,20804.0,20463.0,20304.0,20095.0,19890.0
M,62,31875.0,32626.0,33670.0,34333.0,36405.0,37417.0,38433.0,38420.0,39843.0,40407.0,39883.0,40432.0,40830.0,39819.0,39650.0,38251.0,37851.0,36976.0,38106.0,38475.0,39298.0,38774.0,40104.0,40055.0,39936.0,40931.0,41691.0,41535.0,43283.0,43575.0,44168.0,43815.0,43412.0,42239.0,41744.0,41872.0,41743.0,40682.0,39411.0,39863.0,39599.0,37802.0,36886.0,37441.0,37918.0,37625.0,38560.0,38530.0,39650.0,39968.0,39195.0,38547.0,38045.0,37137.0,37041.0,37225.0,37120.0,35699.0,34973.0,34254.0,33503.0,34785.0,32383.0,29038.0,28793.0,28372.0,28506.0,28246.0,27864.0,27479.0,27598.0,27203.0,26910.0,26879.0,26768.0,26381.0,26428.0,26514.0,26456.0,26286.0,26237.0,26068.0,25911.0,25506.0,25464.0,25008,24725.0,24531.0,24060.0,23923.0,23316.0,22872.0,22622.0,22198.0,21790.0,21394.0,21164.0,20836.0,20484.0,20335.0,20123.0
M,63,31627.0,32093.0,32833.0,33763.0,34439.0,36491.0,37519.0,38526.0,38515.0,39923.0,40483.0,39955.0,40514.0,40907.0,39893.0,39745.0,38339.0,37937.0,37062.0,38207.0,38558.0,39370.0,38849.0,40193.0,40137.0,40034.0,41024.0,41774.0,41606.0,43353.0,43656.0,44255.0,43889.0,43488.0,42318.0,41808.0,41932.0,41800.0,40768.0,39482.0,39922.0,39654.0,37885.0,36949.0,37514.0,37987.0,37697.0,38623.0,38598.0,39713.0,40030.0,39252.0,38602.0,38098.0,37202.0,37091.0,37275.0,37183.0,35752.0,35019.0,34312.0,33552.0,34837.0,32426.0,29085.0,28845.0,28432.0,28544.0,28290.0,27913.0,27518.0,27642.0,27252.0,26955.0,26926.0,26812.0,26417.0,26476.0,26553.0,26490.0,26319.0,26260.0,26105.0,25940.0,25543.0,25492,25034.0,24758.0,24568.0,24091.0,23956.0,23342.0,22898.0,22657.0,22224.0,21812.0,21424.0,21194.0,20865.0,20500.0,20361.0
M,64,30857.0,31853.0,32324.0,32924.0,33840.0,34518.0,36581.0,37603.0,38612.0,38604.0,40014.0,40554.0,40016.0,40609.0,40986.0,39979.0,39846.0,38408.0,38017.0,37150.0,38269.0,38636.0,39444.0,38940.0,40253.0,40196.0,40086.0,41087.0,41840.0,41661.0,43436.0,43715.0,44318.0,43974.0,43569.0,42391.0,41879.0,42011.0,41882.0,40835.0,39556.0,39993.0,39722.0,37952.0,37023.0,37571.0,38031.0,37757.0,38704.0,38666.0,39769.0,40088.0,39300.0,38650.0,38151.0,37268.0,37147.0,37328.0,37235.0,35811.0,35075.0,34369.0,33611.0,34903.0,32469.0,29129.0,28889.0,28476.0,28600.0,28338.0,27954.0,27565.0,27682.0,27288.0,26989.0,26964.0,26856.0,26450.0,26521.0,26583.0,26528.0,26341.0,26296.0,26148.0,25981.0,25575,25526.0,25070.0,24789.0,24590.0,24112.0,23981.0,23364.0,22926.0,22682.0,22255.0,21840.0,21447.0,21217.0,20892.0,20526.0
M,65,29861.0,30758.0,31739.0,32090.0,32675.0,33593.0,34209.0,36321.0,37306.0,38338.0,38322.0,39756.0,40277.0,39710.0,40318.0,40726.0,39744.0,39630.0,38186.0,37807.0,36959.0,38037.0,38467.0,39284.0,38773.0,40036.0,40000.0,39935.0,40928.0,41654.0,41493.0,43239.0,43531.0,44115.0,43793.0,43397.0,42228.0,41724.0,41854.0,41715.0,40698.0,39425.0,39825.0,39599.0,37862.0,36932.0,37460.0,37942.0,37633.0,38576.0,38562.0,39656.0,39979.0,39203.0,38533.0,38028.0,37189.0,37043.0,37213.0,37149.0,35699.0,34985.0,34290.0,33512.0,34783.0,32394.0,29054.0,28820.0,28408.0,28518.0,28272.0,27916.0,27511.0,27598.0,27225.0,26913.0,26924.0,26805.0,26392.0,26462.0,26513.0,26464.0,26267.0,26221.0,26085.0,25913,25499.0,25457.0,25007.0,24705.0,24499.0,24035.0,23936.0,23309.0,22863.0,22619.0,22168.0,21773.0,21388.0,21166.0,20833.0
M,66,29798.0,29767.0,30635.0,31537.0,31855.0,32464.0,33307.0,33992.0,36041.0,37067.0,38078.0,38067.0,39481.0,40020.0,39461.0,40052.0,40498.0,39515.0,39381.0,37967.0,37609.0,36744.0,37847.0,38287.0,39060.0,38621.0,39846.0,39865.0,39777.0,40784.0,41460.0,41339.0,43085.0,43369.0,43977.0,43612.0,43257.0,42063.0,41571.0,41711.0,41593.0,40556.0,39277.0,39686.0,39492.0,37744.0,36834.0,37346.0,37850.0,37530.0,38479.0,38435.0,39543.0,39869.0,39121.0,38441.0,37927.0,37086.0,36965.0,37130.0,37034.0,35589.0,34897.0,34200.0,33414.0,34703.0,32313.0,28989.0,28745.0,28352.0,28434.0,28212.0,27860.0,27435.0,27547.0,27154.0,26840.0,26855.0,26744.0,26329.0,26401.0,26423.0,26398.0,26207.0,26145.0,25986,25842.0,25419.0,25379.0,24935.0,24628.0,24436.0,23963.0,23863.0,23261.0,22786.0,22556.0,22100.0,21702.0,21329.0,21099.0
M,67,28764.0,29675.0,29642.0,30446.0,31310.0,31613.0,32248.0,33069.0,33792.0,35801.0,36807.0,37876.0,37867.0,39259.0,39763.0,39204.0,39815.0,40266.0,39283.0,39135.0,37765.0,37392.0,36538.0,37650.0,38123.0,38847.0,38460.0,39721.0,39723.0,39637.0,40604.0,41300.0,41171.0,42903.0,43229.0,43797.0,43443.0,43123.0,41905.0,41433.0,41527.0,41429.0,40423.0,39164.0,39523.0,39389.0,37654.0,36733.0,37233.0,37755.0,37403.0,38386.0,38333.0,39440.0,39782.0,39011.0,38361.0,37842.0,37008.0,36840.0,37015.0,36919.0,35514.0,34806.0,34148.0,33303.0,34617.0,32242.0,28918.0,28662.0,28295.0,28356.0,28147.0,27793.0,27359.0,27485.0,27081.0,26794.0,26801.0,26679.0,26265.0,26345.0,26342.0,26323.0,26134.0,26072,25916.0,25758.0,25339.0,25295.0,24858.0,24576.0,24377.0,23895.0,23788.0,23205.0,22715.0,22475.0,22051.0,21640.0,21268.0
M,68,27721.0,28675.0,29586.0,29438.0,30202.0,31098.0,31390.0,32038.0,32858.0,33593.0,35607.0,36619.0,37638.0,37627.0,39022.0,39568.0,39002.0,39585.0,40024.0,39040.0,38937.0,37565.0,37195.0,36337.0,37485.0,37951.0,38679.0,38305.0,39568.0,39590.0,39473.0,40440.0,41156.0,41028.0,42735.0,43073.0,43656.0,43297.0,42947.0,41758.0,41295.0,41399.0,41302.0,40259.0,39052.0,39393.0,39283.0,37543.0,36613.0,37141.0,37641.0,37302.0,38288.0,38233.0,39336.0,39676.0,38931.0,38254.0,37742.0,36914.0,36724.0,36935.0,36824.0,35431.0,34694.0,34073.0,33213.0,34519.0,32161.0,28845.0,28611.0,28229.0,28299.0,28078.0,27752.0,27298.0,27433.0,27040.0,26722.0,26742.0,26626.0,26221.0,26263.0,26274.0,26250.0,26065,26019.0,25871.0,25694.0,25262.0,25206.0,24808.0,24491.0,24322.0,23823.0,23715.0,23135.0,22650.0,22416.0,21982.0,21586.0
M,69,26980.0,27669.0,28580.0,29344.0,29236.0,29953.0,30886.0,31181.0,31804.0,32635.0,33350.0,35351.0,36394.0,37419.0,37418.0,38779.0,39350.0,38790.0,39417.0,39805.0,38833.0,38752.0,37366.0,37027.0,36185.0,37336.0,37776.0,38483.0,38148.0,39404.0,39424.0,39321.0,40292.0,41007.0,40860.0,42563.0,42925.0,43501.0,43112.0,42788.0,41599.0,41154.0,41257.0,41140.0,40115.0,38921.0,39247.0,39148.0,37421.0,36500.0,37036.0,37552.0,37217.0,38186.0,38133.0,39247.0,39539.0,38807.0,38158.0,37636.0,36816.0,36630.0,36808.0,36735.0,35328.0,34612.0,33981.0,33129.0,34408.0,32093.0,28779.0,28536.0,28159.0,28257.0,28009.0,27684.0,27256.0,27358.0,26981.0,26676.0,26683.0,26568.0,26162.0,26185.0,26216.0,26174,25999.0,25930.0,25799.0,25633.0,25178.0,25145.0,24731.0,24420.0,24250.0,23737.0,23634.0,23069.0,22580.0,22358.0,21915.0
M,70,26474.0,26567.0,27273.0,28070.0,28778.0,28720.0,29455.0,30405.0,30658.0,31260.0,32139.0,32824.0,34789.0,35848.0,36849.0,36829.0,38216.0,38798.0,38213.0,38938.0,39292.0,38339.0,38247.0,36914.0,36578.0,35738.0,36890.0,37409.0,38085.0,37766.0,39030.0,39039.0,38953.0,39935.0,40620.0,40508.0,42151.0,42549.0,43127.0,42736.0,42404.0,41225.0,40819.0,40881.0,40847.0,39779.0,38598.0,38972.0,38816.0,37154.0,36252.0,36761.0,37311.0,36954.0,37938.0,37868.0,38959.0,39285.0,38512.0,37853.0,37364.0,36589.0,36379.0,36557.0,36500.0,35100.0,34387.0,33764.0,32915.0,34195.0,31878.0,28606.0,28354.0,27959.0,28066.0,27822.0,27535.0,27074.0,27174.0,26824.0,26515.0,26528.0,26389.0,25982.0,26017.0,26063,25954.0,25828.0,25732.0,25620.0,25469.0,24999.0,24968.0,24549.0,24271.0,24060.0,23579.0,23453.0,22904.0,22444.0,22205.0
M,71,25160.0,26100.0,26200.0,26774.0,27595.0,28220.0,28265.0,28956.0,29906.0,30196.0,30745.0,31661.0,32327.0,34272.0,35319.0,36282.0,36268.0,37719.0,38283.0,37701.0,38431.0,38783.0,37858.0,37768.0,36480.0,36199.0,35359.0,36482.0,37016.0,37678.0,37376.0,38654.0,38671.0,38590.0,39565.0,40241.0,40144.0,41756.0,42216.0,42771.0,42330.0,42027.0,40866.0,40440.0,40540.0,40468.0,39440.0,38299.0,38682.0,38513.0,36863.0,36004.0,36541.0,37062.0,36679.0,37680.0,37593.0,38682.0,38994.0,38237.0,37568.0,37090.0,36312.0,36137.0,36332.0,36236.0,34861.0,34155.0,33552.0,32668.0,33947.0,31653.0,28412.0,28217.0,27784.0,27910.0,27656.0,27356.0,26889.0,27007.0,26658.0,26328.0,26344.0,26223.0,25811.0,25840,25884.0,25795.0,25662.0,25550.0,25438.0,25268.0,24814.0,24796.0,24392.0,24092.0,23913.0,23417.0,23263.0,22734.0,22288.0
M,72,25075.0,24801.0,25724.0,25741.0,26345.0,27081.0,27760.0,27739.0,28560.0,29367.0,29716.0,30285.0,31197.0,31894.0,33803.0,34791.0,35781.0,35774.0,37208.0,37752.0,37173.0,37937.0,38260.0,37449.0,37345.0,36068.0,35799.0,35018.0,36092.0,36666.0,37311.0,37027.0,38305.0,38330.0,38213.0,39198.0,39884.0,39820.0,41361.0,41827.0,42391.0,41971.0,41668.0,40519.0,40110.0,40245.0,40159.0,39125.0,37998.0,38393.0,38230.0,36591.0,35752.0,36285.0,36785.0,36433.0,37409.0,37331.0,38429.0,38729.0,37929.0,37332.0,36825.0,36115.0,35878.0,36051.0,35990.0,34645.0,33942.0,33340.0,32502.0,33734.0,31461.0,28209.0,28026.0,27615.0,27709.0,27471.0,27204.0,26718.0,26815.0,26516.0,26155.0,26154.0,26075.0,25630,25666.0,25707.0,25639.0,25500.0,25371.0,25266.0,25067.0,24649.0,24602.0,24195.0,23916.0,23748.0,23262.0,23099.0,22547.0
M,73,24671.0,24757.0,24485.0,25282.0,25289.0,25874.0,26605.0,27284.0,27276.0,28111.0,28898.0,29307.0,29804.0,30773.0,31458.0,33306.0,34329.0,35252.0,35295.0,36728.0,37283.0,36683.0,37475.0,37821.0,37009.0,36942.0,35696.0,35427.0,34628.0,35716.0,36279.0,36963.0,36659.0,37946.0,37976.0,37863.0,38850.0,39516.0,39489.0,41030.0,41434.0,42026.0,41582.0,41309.0,40187.0,39832.0,39914.0,39835.0,38842.0,37705.0,38095.0,37969.0,36320.0,35524.0,36014.0,36546.0,36198.0,37135.0,37067.0,38175.0,38488.0,37639.0,37091.0,36567.0,35877.0,35597.0,35806.0,35737.0,34412.0,33702.0,33123.0,32264.0,33519.0,31257.0,28061.0,27842.0,27448.0,27522.0,27276.0,27047.0,26554.0,26640.0,26316.0,25968.0,25979.0,25897,25444.0,25484.0,25549.0,25463.0,25310.0,25191.0,25080.0,24896.0,24468.0,24421.0,24017.0,23741.0,23561.0,23119.0,22927.0
M,74,24612.0,24329.0,24391.0,24082.0,24808.0,24809.0,25441.0,26181.0,26834.0,26890.0,27635.0,28451.0,28838.0,29332.0,30294.0,31009.0,32841.0,33847.0,34766.0,34786.0,36251.0,36813.0,36260.0,37009.0,37351.0,36592.0,36548.0,35329.0,35080.0,34233.0,35365.0,35921.0,36612.0,36341.0,37600.0,37639.0,37521.0,38498.0,39155.0,39133.0,40681.0,41040.0,41694.0,41236.0,40982.0,39872.0,39468.0,39589.0,39526.0,38542.0,37406.0,37832.0,37692.0,36051.0,35297.0,35767.0,36306.0,35949.0,36871.0,36815.0,37906.0,38228.0,37352.0,36830.0,36290.0,35654.0,35376.0,35557.0,35512.0,34154.0,33466.0,32904.0,32074.0,33292.0,31084.0,27871.0,27657.0,27274.0,27358.0,27088.0,26852.0,26375.0,26449.0,26165.0,25798.0,25790,25707.0,25257.0,25314.0,25370.0,25264.0,25110.0,25007.0,24919.0,24723.0,24291.0,24251.0,23849.0,23564.0,23384.0,22928.0
M,75,24288.0,23691.0,23488.0,23386.0,23170.0,23919.0,23853.0,24513.0,25272.0,25958.0,26002.0,26757.0,27576.0,27937.0,28431.0,29367.0,30070.0,31860.0,32891.0,33776.0,33873.0,35331.0,35843.0,35311.0,36025.0,36444.0,35742.0,35653.0,34518.0,34285.0,33506.0,34622.0,35170.0,35847.0,35570.0,36856.0,36907.0,36804.0,37773.0,38448.0,38398.0,39920.0,40280.0,40909.0,40492.0,40274.0,39162.0,38851.0,38970.0,38880.0,37938.0,36784.0,37239.0,37127.0,35469.0,34736.0,35221.0,35723.0,35388.0,36337.0,36263.0,37355.0,37665.0,36778.0,36288.0,35753.0,35150.0,34887.0,35044.0,34999.0,33647.0,32960.0,32459.0,31634.0,32796.0,30647.0,27451.0,27277.0,26851.0,26982.0,26709.0,26446.0,25988.0,26079.0,25772.0,25453,25396.0,25334.0,24827.0,24913.0,24963.0,24868.0,24759.0,24607.0,24569.0,24374.0,23927.0,23873.0,23486.0,23215.0,23058.0
M,76,24418.0,23458.0,22906.0,22570.0,22521.0,22290.0,23043.0,22994.0,23628.0,24446.0,25032.0,25114.0,25897.0,26732.0,27070.0,27514.0,28482.0,29198.0,30966.0,31953.0,32859.0,32949.0,34372.0,34922.0,34422.0,35098.0,35593.0,34928.0,34830.0,33767.0,33527.0,32822.0,33908.0,34451.0,35123.0,34916.0,36141.0,36191.0,36089.0,37031.0,37702.0,37627.0,39194.0,39540.0,40209.0,39766.0,39610.0,38526.0,38185.0,38317.0,38269.0,37313.0,36185.0,36600.0,36559.0,34951.0,34208.0,34676.0,35154.0,34841.0,35763.0,35720.0,36771.0,37102.0,36253.0,35745.0,35210.0,34605.0,34372.0,34527.0,34512.0,33200.0,32503.0,32000.0,31171.0,32347.0,30208.0,27068.0,26874.0,26459.0,26576.0,26329.0,26084.0,25616.0,25691.0,25382,25040.0,25020.0,24962.0,24452.0,24536.0,24588.0,24479.0,24384.0,24187.0,24239.0,24023.0,23612.0,23523.0,23153.0,22864.0
M,77,20835.0,23567.0,22607.0,21986.0,21749.0,21737.0,21479.0,22171.0,22181.0,22771.0,23651.0,24233.0,24319.0,25073.0,25967.0,26281.0,26686.0,27601.0,28364.0,30121.0,31054.0,31935.0,32133.0,33443.0,34024.0,33565.0,34201.0,34766.0,34087.0,34106.0,32995.0,32842.0,32178.0,33157.0,33779.0,34354.0,34236.0,35440.0,35479.0,35400.0,36394.0,37014.0,36905.0,38458.0,38829.0,39524.0,39091.0,38974.0,37887.0,37548.0,37749.0,37664.0,36703.0,35617.0,36041.0,35973.0,34450.0,33688.0,34164.0,34582.0,34331.0,35228.0,35171.0,36157.0,36547.0,35701.0,35215.0,34689.0,34133.0,33872.0,34020.0,33991.0,32719.0,32007.0,31458.0,30720.0,31877.0,29803.0,26659.0,26523.0,26112.0,26198.0,25934.0,25704.0,25233.0,25270,24995.0,24681.0,24641.0,24607.0,24055.0,24145.0,24178.0,24121.0,24045.0,23845.0,23893.0,23693.0,23266.0,23174.0,22816.0
M,78,19491.0,20120.0,22746.0,21736.0,21112.0,20962.0,20967.0,20722.0,21396.0,21383.0,22056.0,22908.0,23458.0,23601.0,24275.0,25146.0,25478.0,25990.0,26790.0,27558.0,29325.0,30251.0,31127.0,31312.0,32609.0,33180.0,32784.0,33392.0,34032.0,33399.0,33415.0,32317.0,32174.0,31543.0,32496.0,33166.0,33698.0,33604.0,34794.0,34778.0,34696.0,35696.0,36368.0,36249.0,37757.0,38164.0,38782.0,38476.0,38325.0,37266.0,36965.0,37163.0,37107.0,36148.0,35043.0,35549.0,35407.0,33919.0,33206.0,33639.0,34056.0,33792.0,34685.0,34650.0,35645.0,35976.0,35163.0,34688.0,34151.0,33651.0,33355.0,33514.0,33531.0,32286.0,31510.0,30998.0,30255.0,31449.0,29406.0,26286.0,26134.0,25740.0,25828.0,25567.0,25337.0,24867,24900.0,24607.0,24266.0,24272.0,24195.0,23700.0,23791.0,23784.0,23741.0,23626.0,23490.0,23527.0,23344.0,22907.0,22833.0
M,79,16617.0,18829.0,19439.0,21884.0,20946.0,20350.0,20220.0,20209.0,19987.0,20669.0,20717.0,21352.0,22166.0,22731.0,22849.0,23492.0,24409.0,24741.0,25247.0,26025.0,26842.0,28581.0,29440.0,30356.0,30547.0,31823.0,32379.0,32037.0,32678.0,33291.0,32646.0,32694.0,31687.0,31536.0,30915.0,31813.0,32542.0,33060.0,32947.0,34163.0,34059.0,34087.0,35071.0,35745.0,35655.0,37097.0,37486.0,38076.0,37869.0,37695.0,36681.0,36378.0,36622.0,36539.0,35570.0,34512.0,35019.0,34864.0,33391.0,32657.0,33099.0,33596.0,33311.0,34196.0,34138.0,35188.0,35435.0,34627.0,34146.0,33639.0,33171.0,32891.0,33053.0,33050.0,31835.0,31076.0,30563.0,29807.0,31043.0,28999.0,25903.0,25760.0,25357.0,25442.0,25221.0,25001,24485.0,24527.0,24251.0,23893.0,23872.0,23853.0,23352.0,23414.0,23425.0,23367.0,23260.0,23169.0,23172.0,22986.0,22534.0
M,80,14484.0,15288.0,17374.0,17995.0,20100.0,19305.0,18822.0,18843.0,18744.0,18584.0,19283.0,19339.0,19975.0,20761.0,21220.0,21372.0,22068.0,22855.0,23306.0,23717.0,24485.0,25292.0,27011.0,27892.0,28743.0,28962.0,30198.0,30823.0,30536.0,31151.0,31727.0,31219.0,31254.0,30362.0,30185.0,29663.0,30519.0,31233.0,31653.0,31657.0,32814.0,32796.0,32793.0,33703.0,34322.0,34363.0,35816.0,36133.0,36779.0,36509.0,36441.0,35437.0,35168.0,35384.0,35374.0,34391.0,33379.0,33908.0,33767.0,32368.0,31598.0,32104.0,32495.0,32244.0,33127.0,33074.0,34082.0,34284.0,33617.0,33120.0,32683.0,32097.0,31897.0,32130.0,32053.0,30927.0,30184.0,29694.0,28977.0,30110.0,28122.0,25163.0,24933.0,24586.0,24640.0,24500,24229.0,23740.0,23730.0,23485.0,23091.0,23123.0,23071.0,22618.0,22616.0,22687.0,22659.0,22589.0,22453.0,22462.0,22282.0
M,81,11843.0,13403.0,14111.0,15997.0,16576.0,18574.0,17886.0,17437.0,17577.0,17483.0,17279.0,17980.0,18132.0,18727.0,19457.0,19931.0,20101.0,20718.0,21490.0,21976.0,22352.0,23150.0,24032.0,25568.0,26443.0,27260.0,27471.0,28779.0,29333.0,29211.0,29758.0,30336.0,29956.0,29885.0,29044.0,28929.0,28501.0,29256.0,29986.0,30393.0,30464.0,31559.0,31489.0,31616.0,32446.0,33057.0,33093.0,34564.0,34908.0,35476.0,35305.0,35224.0,34238.0,33983.0,34252.0,34262.0,33282.0,32330.0,32826.0,32716.0,31293.0,30591.0,31079.0,31469.0,31238.0,32140.0,31996.0,33035.0,33275.0,32590.0,32100.0,31751.0,31105.0,30924.0,31204.0,31138.0,30028.0,29306.0,28826.0,28140.0,29247.0,27325.0,24415.0,24176.0,23811.0,23880,23731.0,23468.0,23007.0,22991.0,22709.0,22374.0,22429.0,22395.0,21952.0,21886.0,21999.0,21930.0,21900.0,21746.0,21750.0
M,82,11475.0,10946.0,12356.0,13016.0,14787.0,15330.0,17112.0,16537.0,16140.0,16361.0,16266.0,16158.0,16788.0,16956.0,17518.0,18266.0,18682.0,18895.0,19472.0,20212.0,20619.0,21115.0,21908.0,22797.0,24275.0,25090.0,25951.0,26145.0,27515.0,27944.0,27950.0,28387.0,29045.0,28653.0,28615.0,27917.0,27750.0,27362.0,28080.0,28809.0,29201.0,29258.0,30284.0,30316.0,30483.0,31240.0,31872.0,31930.0,33358.0,33704.0,34258.0,34108.0,34092.0,33141.0,32890.0,33099.0,33200.0,32241.0,31342.0,31804.0,31741.0,30265.0,29637.0,30136.0,30476.0,30294.0,31110.0,30991.0,31954.0,32298.0,31628.0,31170.0,30812.0,30220.0,30031.0,30285.0,30235.0,29128.0,28440.0,27934.0,27284.0,28346.0,26490.0,23729.0,23467.0,23052,23183.0,22976.0,22719.0,22245.0,22249.0,21980.0,21671.0,21701.0,21700.0,21251.0,21172.0,21329.0,21270.0,21229.0,21079.0
M,83,10253.0,10561.0,10122.0,11370.0,12018.0,13698.0,14132.0,15899.0,15373.0,14996.0,15294.0,15179.0,15101.0,15669.0,15850.0,16395.0,17091.0,17581.0,17768.0,18389.0,19078.0,19524.0,20003.0,20750.0,21635.0,23002.0,23886.0,24673.0,24927.0,26382.0,26733.0,26659.0,27214.0,27830.0,27465.0,27426.0,26792.0,26664.0,26313.0,27023.0,27620.0,28106.0,28192.0,29144.0,29170.0,29363.0,30190.0,30758.0,30849.0,32220.0,32576.0,33119.0,33001.0,32932.0,32081.0,31873.0,32089.0,32124.0,31243.0,30348.0,30821.0,30763.0,29313.0,28709.0,29244.0,29468.0,29386.0,30153.0,30079.0,30992.0,31290.0,30660.0,30226.0,29919.0,29306.0,29146.0,29418.0,29315.0,28305.0,27598.0,27074.0,26453.0,27550.0,25678.0,23025.0,22758,22325.0,22464.0,22236.0,22035.0,21552.0,21571.0,21298.0,21045.0,21018.0,20954.0,20548.0,20473.0,20634.0,20584.0,20580.0
M,84,9065.0,9526.0,9778.0,9325.0,10513.0,11085.0,12738.0,13113.0,14823.0,14287.0,13973.0,14307.0,14189.0,14130.0,14660.0,14902.0,15406.0,16050.0,16548.0,16735.0,17359.0,18031.0,18562.0,18957.0,19692.0,20609.0,21894.0,22666.0,23473.0,23772.0,25206.0,25580.0,25558.0,26059.0,26682.0,26330.0,26337.0,25746.0,25591.0,25292.0,25948.0,26593.0,27044.0,27170.0,28000.0,28127.0,28323.0,29115.0,29706.0,29800.0,31156.0,31508.0,32019.0,31957.0,31909.0,31127.0,30833.0,31073.0,31089.0,30247.0,29350.0,29794.0,29802.0,28384.0,27781.0,28342.0,28563.0,28438.0,29241.0,29121.0,30025.0,30383.0,29793.0,29283.0,29078.0,28461.0,28314.0,28598.0,28418.0,27392.0,26757.0,26299.0,25664.0,26676.0,24865.0,22291,22045.0,21645.0,21762.0,21530.0,21361.0,20849.0,20850.0,20615.0,20351.0,20406.0,20308.0,19907.0,19844.0,20012.0,19952.0
M,85,7812.0,7668.0,8081.0,8257.0,7910.0,8920.0,9419.0,10996.0,11290.0,12845.0,12414.0,12104.0,12500.0,12408.0,12372.0,12782.0,13082.0,13485.0,14170.0,14634.0,14879.0,15423.0,16112.0,16660.0,17065.0,17705.0,18583.0,19827.0,20605.0,21305.0,21613.0,23074.0,23321.0,23384.0,23876.0,24492.0,24133.0,24208.0,23718.0,23595.0,23318.0,23942.0,24576.0,25036.0,25242.0,25951.0,26205.0,26347.0,27000.0,27716.0,27648.0,29229.0,29384.0,30004.0,29981.0,29801.0,29080.0,28837.0,29101.0,29118.0,28293.0,27463.0,27890.0,27877.0,26578.0,26018.0,26558.0,26871.0,26710.0,27534.0,27400.0,28173.0,28622.0,28035.0,27598.0,27373.0,26798.0,26725.0,26933.0,26767.0,25773.0,25128.0,24729.0,24112.0,25018.0,23348,20873.0,20704.0,20342.0,20357.0,20193.0,20003.0,19505.0,19568.0,19331.0,19136.0,19169.0,19050.0,18672.0,18654.0,18785.0
M,86,6657.0,6633.0,6526.0,6849.0,6999.0,6707.0,7662.0,8043.0,9395.0,9801.0,11065.0,10738.0,10483.0,10988.0,10818.0,10803.0,11214.0,11479.0,11911.0,12574.0,13042.0,13270.0,13873.0,14418.0,14906.0,15345.0,16009.0,16786.0,17952.0,18715.0,19390.0,19720.0,21108.0,21444.0,21410.0,21940.0,22447.0,22187.0,22283.0,21794.0,21745.0,21570.0,22178.0,22721.0,23241.0,23403.0,24100.0,24336.0,24505.0,25173.0,25877.0,25759.0,27275.0,27417.0,28041.0,28065.0,27951.0,27218.0,27010.0,27257.0,27317.0,26523.0,25821.0,26057.0,26151.0,24929.0,24399.0,24994.0,25182.0,25068.0,25858.0,25797.0,26508.0,26953.0,26408.0,25977.0,25732.0,25182.0,25145.0,25288.0,25138.0,24231.0,23648.0,23241.0,22604.0,23428,22020.0,19551.0,19394.0,19027.0,19143.0,18931.0,18700.0,18293.0,18327.0,18088.0,17933.0,17993.0,17844.0,17493.0,17517.0
M,87,5523.0,5609.0,5599.0,5559.0,5801.0,6007.0,5724.0,6570.0,6943.0,8149.0,8405.0,9622.0,9380.0,9147.0,9612.0,9504.0,9500.0,9825.0,10087.0,10487.0,11230.0,11652.0,11872.0,12445.0,12955.0,13454.0,13852.0,14490.0,15184.0,16342.0,17058.0,17693.0,17981.0,19400.0,19690.0,19674.0,20103.0,20582.0,20489.0,20585.0,20080.0,20076.0,19943.0,20494.0,21009.0,21550.0,21743.0,22429.0,22656.0,22821.0,23406.0,24154.0,24013.0,25550.0,25636.0,26314.0,26212.0,26215.0,25522.0,25272.0,25504.0,25544.0,24902.0,24223.0,24505.0,24509.0,23406.0,22910.0,23419.0,23675.0,23549.0,24313.0,24267.0,24977.0,25401.0,24923.0,24473.0,24191.0,23732.0,23675.0,23852.0,23613.0,22814.0,22246.0,21896.0,21267,21986.0,20594.0,18297.0,18113.0,17816.0,17964.0,17743.0,17468.0,17137.0,17154.0,16947.0,16863.0,16881.0,16777.0,16449.0
M,88,4721.0,4697.0,4765.0,4709.0,4714.0,4917.0,5156.0,4933.0,5653.0,5997.0,7059.0,7276.0,8342.0,8147.0,7990.0,8427.0,8342.0,8329.0,8677.0,8973.0,9342.0,9997.0,10405.0,10624.0,11269.0,11680.0,12150.0,12510.0,13224.0,13810.0,14822.0,15607.0,16245.0,16508.0,17809.0,18111.0,18155.0,18483.0,18960.0,18818.0,18963.0,18466.0,18496.0,18504.0,18987.0,19512.0,19976.0,20207.0,20855.0,21072.0,21285.0,21835.0,22591.0,22485.0,23876.0,24007.0,24634.0,24525.0,24512.0,23912.0,23703.0,23915.0,23894.0,23323.0,22729.0,22934.0,22999.0,21907.0,21457.0,22013.0,22232.0,22158.0,22861.0,22796.0,23519.0,23912.0,23471.0,23073.0,22770.0,22332.0,22281.0,22356.0,22121.0,21473.0,20941.0,20550,19902.0,20628.0,19304.0,17177.0,16888.0,16697.0,16888.0,16614.0,16352.0,16101.0,16146.0,15924.0,15852.0,15825.0,15733.0
M,89,4033.0,4042.0,3997.0,4083.0,3980.0,4022.0,4254.0,4418.0,4254.0,4869.0,5254.0,6156.0,6372.0,7271.0,7099.0,6963.0,7396.0,7397.0,7379.0,7635.0,7923.0,8288.0,8934.0,9313.0,9550.0,10213.0,10515.0,11034.0,11387.0,12061.0,12641.0,13494.0,14265.0,14946.0,15112.0,16376.0,16533.0,16643.0,17052.0,17526.0,17374.0,17467.0,17092.0,17142.0,17191.0,17643.0,18105.0,18504.0,18828.0,19490.0,19712.0,19892.0,20363.0,21056.0,20966.0,22368.0,22495.0,23072.0,22944.0,22952.0,22422.0,22258.0,22426.0,22394.0,21863.0,21328.0,21526.0,21533.0,20596.0,20103.0,20709.0,20886.0,20849.0,21493.0,21474.0,22171.0,22504.0,22054.0,21670.0,21481.0,20942.0,20949.0,21036.0,20796.0,20213.0,19682,19355.0,18705.0,19325.0,18101.0,16144.0,15787.0,15669.0,15844.0,15599.0,15351.0,15143.0,15130.0,14926.0,14898.0,14890.0
M,90,3616.0,4058.0,4071.0,4006.0,4091.0,3991.0,4032.0,4267.0,4431.0,4259.0,4877.0,5261.0,6164.0,6386.0,7280.0,7111.0,6968.0,7412.0,7407.0,7392.0,7645.0,7931.0,8294.0,8945.0,9322.0,9559.0,10224.0,10528.0,11039.0,11396.0,12069.0,12643.0,13504.0,14273.0,14956.0,15119.0,16380.0,16542.0,16652.0,17059.0,17532.0,17381.0,17478.0,17094.0,17149.0,17199.0,17648.0,18116.0,18510.0,18834.0,19494.0,19719.0,19900.0,20374.0,21062.0,20967.0,22377.0,22498.0,23084.0,22949.0,22958.0,22425.0,22266.0,22433.0,22399.0,21875.0,21331.0,21530.0,21540.0,20600.0,20108.0,20715.0,20891.0,20857.0,21495.0,21477.0,22174.0,22512.0,22059.0,21672.0,21484.0,20945.0,20953.0,21038.0,20800.0,20217,19684.0,19365.0,18711.0,19331.0,18105.0,16146.0,15788.0,15674.0,15848.0,15601.0,15355.0,15147.0,15130.0,14930.0,14900.0
M,91,2747.0,2694.0,3015.0,3023.0,2967.0,3029.0,2967.0,3004.0,3190.0,3297.0,3183.0,3628.0,3921.0,4579.0,4755.0,5394.0,5308.0,5229.0,5487.0,5516.0,5525.0,5710.0,5910.0,6206.0,6733.0,7015.0,7211.0,7707.0,7923.0,8274.0,8585.0,9106.0,9542.0,10120.0,10750.0,11235.0,11351.0,12272.0,12388.0,12470.0,12773.0,13152.0,13020.0,13070.0,12802.0,12827.0,12911.0,13218.0,13550.0,13919.0,14121.0,14660.0,14864.0,14953.0,15378.0,15865.0,15809.0,16975.0,17027.0,17471.0,17388.0,17326.0,16993.0,16853.0,16942.0,16933.0,16516.0,16080.0,16290.0,16303.0,15568.0,15219.0,15643.0,15791.0,15734.0,16242.0,16261.0,16748.0,17049.0,16701.0,16350.0,16287.0,15818.0,15826.0,15934.0,15745,15210.0,14824.0,14605.0,14102.0,14576.0,13601.0,12082.0,11892.0,11785.0,11943.0,11668.0,11492.0,11348.0,11363.0,11305.0
M,92,2294.0,2099.0,2053.0,2273.0,2278.0,2256.0,2340.0,2265.0,2302.0,2432.0,2514.0,2410.0,2728.0,2959.0,3434.0,3591.0,4074.0,3977.0,3956.0,4153.0,4170.0,4183.0,4305.0,4478.0,4674.0,5100.0,5325.0,5445.0,5778.0,5958.0,6213.0,6457.0,6863.0,7184.0,7566.0,8058.0,8405.0,8450.0,9128.0,9251.0,9275.0,9492.0,9778.0,9727.0,9732.0,9558.0,9547.0,9600.0,9865.0,10108.0,10341.0,10566.0,10963.0,11131.0,11225.0,11593.0,12018.0,11871.0,12763.0,12790.0,13119.0,13013.0,12973.0,12753.0,12642.0,12721.0,12701.0,12425.0,12131.0,12244.0,12282.0,11686.0,11436.0,11767.0,11891.0,11837.0,12208.0,12282.0,12599.0,12795.0,12517.0,12257.0,12214.0,11908.0,11914.0,11997,11805.0,11412.0,11092.0,10880.0,10488.0,10809.0,10200.0,9000.0,8839.0,8888.0,8935.0,8699.0,8535.0,8447.0,8484.0
M,93,1703.0,1730.0,1604.0,1535.0,1737.0,1737.0,1737.0,1801.0,1738.0,1743.0,1861.0,1891.0,1820.0,2032.0,2223.0,2592.0,2711.0,3108.0,3031.0,2966.0,3152.0,3146.0,3204.0,3256.0,3334.0,3471.0,3796.0,3947.0,4085.0,4250.0,4479.0,4687.0,4892.0,5239.0,5434.0,5647.0,6058.0,6325.0,6294.0,6749.0,6882.0,6931.0,7146.0,7347.0,7372.0,7291.0,7170.0,7233.0,7220.0,7407.0,7608.0,7780.0,7962.0,8264.0,8366.0,8427.0,8678.0,8892.0,8828.0,9515.0,9494.0,9753.0,9724.0,9699.0,9527.0,9401.0,9534.0,9477.0,9242.0,9048.0,9149.0,9168.0,8738.0,8582.0,8808.0,8913.0,8839.0,9103.0,9154.0,9399.0,9570.0,9351.0,9215.0,9152.0,8904.0,8934,8902.0,8797.0,8528.0,8299.0,8160.0,7844.0,8124.0,7647.0,6734.0,6658.0,6734.0,6748.0,6500.0,6461.0,6347.0
M,94,1256.0,1268.0,1342.0,1208.0,1145.0,1327.0,1322.0,1330.0,1368.0,1321.0,1315.0,1432.0,1448.0,1381.0,1575.0,1620.0,1960.0,2018.0,2303.0,2263.0,2197.0,2355.0,2348.0,2417.0,2436.0,2475.0,2601.0,2847.0,2982.0,3102.0,3174.0,3327.0,3500.0,3639.0,3951.0,4094.0,4277.0,4547.0,4761.0,4753.0,5115.0,5150.0,5204.0,5342.0,5505.0,5524.0,5425.0,5357.0,5490.0,5424.0,5563.0,5731.0,5832.0,6028.0,6335.0,6263.0,6322.0,6544.0,6766.0,6668.0,7156.0,7141.0,7287.0,7293.0,7299.0,7142.0,7082.0,7214.0,7076.0,6914.0,6851.0,6981.0,6935.0,6608.0,6480.0,6635.0,6810.0,6673.0,6901.0,6936.0,7089.0,7228.0,6996.0,6934.0,6861.0,6675,6752.0,6620.0,6602.0,6379.0,6203.0,6156.0,5831.0,6068.0,5718.0,4994.0,4982.0,5056.0,5068.0,4809.0,4820.0
M,95,887.0,926.0,939.0,1022.0,881.0,844.0,998.0,995.0,1006.0,1031.0,996.0,995.0,1070.0,1105.0,1026.0,1199.0,1251.0,1474.0,1524.0,1725.0,1682.0,1632.0,1762.0,1744.0,1818.0,1835.0,1854.0,1938.0,2097.0,2219.0,2360.0,2336.0,2525.0,2613.0,2708.0,2917.0,3068.0,3197.0,3397.0,3545.0,3583.0,3874.0,3883.0,3922.0,4051.0,4184.0,4196.0,4107.0,4094.0,4177.0,4116.0,4236.0,4307.0,4367.0,4460.0,4691.0,4660.0,4663.0,4876.0,5104.0,4962.0,5341.0,5369.0,5452.0,5516.0,5444.0,5326.0,5273.0,5391.0,5306.0,5147.0,5171.0,5272.0,5184.0,4986.0,4833.0,4930.0,5089.0,5006.0,5165.0,5188.0,5335.0,5511.0,5224.0,5156.0,5162,5039.0,5082.0,4927.0,4994.0,4834.0,4645.0,4615.0,4321.0,4549.0,4270.0,3762.0,3731.0,3812.0,3825.0,3595.0
M,96,692.0,663.0,695.0,711.0,781.0,648.0,617.0,752.0,753.0,781.0,789.0,743.0,728.0,795.0,828.0,791.0,904.0,956.0,1135.0,1151.0,1306.0,1256.0,1234.0,1305.0,1304.0,1335.0,1365.0,1421.0,1443.0,1577.0,1675.0,1742.0,1753.0,1906.0,1957.0,2040.0,2182.0,2279.0,2378.0,2547.0,2648.0,2707.0,2910.0,2926.0,2993.0,3057.0,3131.0,3170.0,3061.0,3055.0,3151.0,3113.0,3193.0,3239.0,3235.0,3397.0,3612.0,3499.0,3455.0,3590.0,3746.0,3695.0,3986.0,4028.0,4067.0,4169.0,4071.0,3995.0,3988.0,4043.0,3963.0,3845.0,3872.0,3920.0,3861.0,3681.0,3601.0,3690.0,3805.0,3764.0,3861.0,3920.0,4036.0,4139.0,3900.0,3836,3848.0,3747.0,3751.0,3733.0,3706.0,3597.0,3493.0,3455.0,3265.0,3423.0,3159.0,2831.0,2815.0,2866.0,2870.0
M,97,469.0,525.0,509.0,534.0,543.0,594.0,480.0,476.0,554.0,544.0,575.0,593.0,551.0,555.0,598.0,599.0,593.0,693.0,714.0,864.0,903.0,1009.0,943.0,916.0,989.0,981.0,1018.0,1023.0,1084.0,1083.0,1188.0,1255.0,1319.0,1331.0,1473.0,1482.0,1528.0,1646.0,1744.0,1786.0,1926.0,1990.0,2021.0,2187.0,2188.0,2229.0,2312.0,2351.0,2342.0,2256.0,2314.0,2359.0,2324.0,2394.0,2384.0,2409.0,2525.0,2689.0,2650.0,2612.0,2720.0,2846.0,2755.0,2950.0,2990.0,3009.0,3053.0,3021.0,2968.0,2962.0,3004.0,2936.0,2848.0,2876.0,2872.0,2880.0,2713.0,2647.0,2704.0,2815.0,2789.0,2864.0,2893.0,2986.0,3061.0,2904,2863.0,2873.0,2758.0,2802.0,2808.0,2793.0,2708.0,2617.0,2583.0,2463.0,2563.0,2328.0,2146.0,2109.0,2128.0
M,98,286.0,364.0,400.0,395.0,403.0,414.0,459.0,373.0,365.0,427.0,424.0,432.0,440.0,401.0,437.0,461.0,446.0,439.0,513.0,551.0,657.0,691.0,760.0,729.0,704.0,762.0,747.0,770.0,756.0,832.0,818.0,927.0,964.0,1014.0,1035.0,1138.0,1125.0,1163.0,1220.0,1324.0,1379.0,1453.0,1499.0,1530.0,1675.0,1650.0,1689.0,1738.0,1756.0,1730.0,1697.0,1737.0,1770.0,1777.0,1796.0,1801.0,1830.0,1869.0,2019.0,1992.0,1935.0,2035.0,2115.0,2059.0,2191.0,2280.0,2275.0,2319.0,2266.0,2217.0,2213.0,2236.0,2241.0,2139.0,2175.0,2157.0,2152.0,2034.0,1979.0,2029.0,2126.0,2112.0,2168.0,2182.0,2260.0,2305,2203.0,2150.0,2210.0,2058.0,2107.0,2094.0,2083.0,1999.0,1976.0,1961.0,1863.0,1923.0,1730.0,1607.0,1606.0
M,99,174.0,228.0,280.0,293.0,290.0,288.0,322.0,349.0,290.0,293.0,333.0,323.0,324.0,310.0,289.0,324.0,346.0,338.0,340.0,411.0,409.0,476.0,514.0,558.0,536.0,553.0,559.0,555.0,585.0,568.0,617.0,597.0,683.0,704.0,768.0,775.0,844.0,838.0,896.0,918.0,1001.0,1040.0,1089.0,1121.0,1133.0,1256.0,1263.0,1238.0,1344.0,1329.0,1301.0,1250.0,1307.0,1311.0,1340.0,1367.0,1344.0,1363.0,1387.0,1485.0,1515.0,1462.0,1510.0,1580.0,1544.0,1624.0,1695.0,1719.0,1741.0,1712.0,1674.0,1632.0,1677.0,1634.0,1586.0,1619.0,1632.0,1570.0,1532.0,1478.0,1516.0,1609.0,1576.0,1616.0,1612.0,1686,1728.0,1669.0,1613.0,1633.0,1531.0,1610.0,1569.0,1569.0,1494.0,1481.0,1487.0,1423.0,1444.0,1296.0,1210.0
M,100,95.0,124.0,159.0,211.0,215.0,234.0,209.0,237.0,245.0,215.0,207.0,249.0,243.0,233.0,230.0,216.0,239.0,247.0,247.0,247.0,309.0,314.0,353.0,388.0,418.0,402.0,409.0,415.0,425.0,447.0,416.0,459.0,442.0,508.0,527.0,581.0,582.0,639.0,644.0,701.0,692.0,762.0,798.0,804.0,839.0,862.0,942.0,962.0,933.0,1027.0,1006.0,980.0,960.0,971.0,978.0,996.0,1022.0,1020.0,1012.0,1061.0,1139.0,1153.0,1110.0,1150.0,1191.0,1132.0,1222.0,1273.0,1302.0,1256.0,1255.0,1247.0,1219.0,1248.0,1262.0,1203.0,1215.0,1240.0,1164.0,1137.0,1096.0,1116.0,1213.0,1205.0,1192.0,1192,1281.0,1274.0,1248.0,1202.0,1233.0,1152.0,1204.0,1197.0,1152.0,1100.0,1097.0,1106.0,1060.0,1096.0,964.0
M,101,54.0,33.0,41.0,52.0,67.0,83.0,84.0,78.0,88.0,87.0,78.0,74.0,95.0,90.0,79.0,82.0,65.0,83.0,82.0,80.0,80.0,113.0,112.0,127.0,141.0,157.0,152.0,146.0,157.0,159.0,167.0,158.0,172.0,168.0,197.0,195.0,224.0,214.0,234.0,236.0,251.0,247.0,277.0,283.0,299.0,315.0,300.0,334.0,364.0,349.0,372.0,363.0,347.0,340.0,345.0,351.0,355.0,361.0,358.0,366.0,380.0,433.0,433.0,412.0,442.0,441.0,403.0,448.0,478.0,470.0,448.0,468.0,452.0,440.0,455.0,444.0,441.0,443.0,461.0,445.0,418.0,396.0,414.0,451.0,442.0,450,449.0,474.0,477.0,460.0,448.0,452.0,437.0,455.0,448.0,422.0,405.0,400.0,410.0,406.0,387.0
M,102,32.0,22.0,15.0,9.0,22.0,22.0,31.0,25.0,30.0,32.0,38.0,28.0,35.0,36.0,31.0,29.0,42.0,32.0,45.0,36.0,41.0,34.0,48.0,37.0,42.0,47.0,59.0,58.0,48.0,58.0,58.0,60.0,52.0,62.0,64.0,81.0,73.0,80.0,93.0,84.0,95.0,104.0,106.0,109.0,118.0,117.0,120.0,122.0,124.0,139.0,129.0,147.0,150.0,142.0,115.0,125.0,141.0,137.0,135.0,132.0,134.0,140.0,160.0,164.0,151.0,173.0,168.0,158.0,173.0,200.0,191.0,175.0,178.0,166.0,163.0,173.0,159.0,163.0,159.0,172.0,162.0,152.0,134.0,142.0,169.0,165,161.0,165.0,200.0,185.0,155.0,152.0,167.0,166.0,180.0,157.0,161.0,140.0,131.0,143.0,144.0
M,103,21.0,15.0,11.0,4.0,8.0,11.0,10.0,18.0,13.0,10.0,15.0,15.0,9.0,13.0,21.0,12.0,16.0,19.0,17.0,17.0,15.0,12.0,9.0,13.0,17.0,21.0,18.0,25.0,26.0,20.0,25.0,34.0,29.0,18.0,22.0,30.0,27.0,29.0,23.0,34.0,29.0,37.0,37.0,38.0,38.0,35.0,36.0,52.0,42.0,42.0,52.0,49.0,57.0,56.0,47.0,42.0,48.0,55.0,52.0,50.0,47.0,54.0,50.0,54.0,68.0,58.0,73.0,69.0,62.0,63.0,69.0,76.0,63.0,78.0,62.0,66.0,61.0,61.0,54.0,59.0,67.0,67.0,58.0,53.0,61.0,58,75.0,62.0,69.0,82.0,63.0,55.0,65.0,66.0,57.0,60.0,58.0,68.0,62.0,56.0,56.0
M,104,5.0,9.0,5.0,6.0,3.0,5.0,6.0,4.0,7.0,5.0,,6.0,9.0,2.0,7.0,10.0,3.0,4.0,5.0,6.0,9.0,6.0,6.0,2.0,7.0,9.0,7.0,7.0,8.0,8.0,5.0,10.0,16.0,14.0,4.0,9.0,13.0,11.0,13.0,11.0,13.0,13.0,18.0,19.0,13.0,15.0,14.0,14.0,18.0,11.0,16.0,22.0,19.0,21.0,13.0,18.0,18.0,19.0,28.0,22.0,24.0,18.0,22.0,20.0,24.0,21.0,29.0,25.0,28.0,30.0,29.0,24.0,32.0,20.0,29.0,25.0,19.0,21.0,22.0,22.0,17.0,30.0,23.0,16.0,23.0,21,15.0,32.0,24.0,19.0,34.0,23.0,19.0,23.0,27.0,21.0,25.0,20.0,25.0,25.0,22.0
M,105,28.0,,4.0,,1.0,1.0,2.0,,2.0,3.0,,,3.0,3.0,1.0,2.0,4.0,2.0,,3.0,2.0,4.0,3.0,2.0,1.0,3.0,4.0,4.0,2.0,3.0,2.0,2.0,6.0,7.0,3.0,1.0,1.0,6.0,2.0,5.0,2.0,7.0,4.0,6.0,12.0,5.0,4.0,3.0,6.0,9.0,4.0,7.0,8.0,7.0,5.0,4.0,5.0,7.0,7.0,15.0,7.0,8.0,11.0,10.0,7.0,11.0,10.0,10.0,10.0,10.0,14.0,16.0,8.0,14.0,7.0,12.0,8.0,6.0,7.0,12.0,6.0,6.0,11.0,11.0,9.0,7,12.0,5.0,17.0,7.0,6.0,17.0,6.0,6.0,8.0,8.0,8.0,10.0,6.0,9.0,13.0
M,106,,10.0,,1.0,,,,2.0,,1.0,1.0,,,1.0,,1.0,1.0,1.0,,,1.0,1.0,3.0,2.0,,,,,1.0,,1.0,,1.0,1.0,4.0,1.0,,,2.0,,1.0,1.0,2.0,2.0,5.0,2.0,3.0,2.0,,3.0,3.0,3.0,2.0,3.0,2.0,3.0,1.0,1.0,3.0,2.0,6.0,1.0,1.0,3.0,5.0,3.0,3.0,4.0,2.0,3.0,4.0,3.0,6.0,2.0,6.0,3.0,6.0,1.0,,2.0,6.0,3.0,3.0,3.0,5.0,2,3.0,3.0,1.0,8.0,,4.0,6.0,3.0,2.0,6.0,2.0,1.0,3.0,2.0,2.0
M,107,,,5.0,,,,,,1.0,,,,,,1.0,,,,,,,,,,1.0,,,,,,,,,1.0,,2.0,,,,2.0,,1.0,,1.0,,3.0,1.0,2.0,1.0,,3.0,1.0,,1.0,1.0,,,,1.0,1.0,1.0,1.0,,,1.0,2.0,2.0,3.0,3.0,1.0,1.0,,1.0,3.0,,2.0,1.0,4.0,1.0,,2.0,2.0,1.0,1.0,1.0,2,1.0,2.0,1.0,1.0,5.0,,3.0,4.0,1.0,,3.0,1.0,,,1.0
M,108,,,,1.0,,,,,,1.0,,,,,,1.0,,,,,,,,,,,,,,,,,,,,,,,,,1.0,,1.0,,,,,,1.0,1.0,,1.0,,,1.0,,,,,1.0,1.0,1.0,,,,1.0,1.0,1.0,,2.0,,1.0,,1.0,,,1.0,,1.0,,,2.0,1.0,,1.0,1,1.0,,2.0,1.0,1.0,3.0,,2.0,1.0,,,1.0,1.0,,
M,109,,,,,1.0,,,,,,,,,,,,1.0,,,,,,,,,,,,,,,,,,,,,,,,,,,,,,,,,1.0,1.0,,,,,1.0,,,,,,,1.0,,,,1.0,1.0,,,1.0,,,,1.0,,,,,,,,,,,1,1.0,,,1.0,1.0,1.0,3.0,,1.0,1.0,,,1.0,1.0,
