sex,alder,pop_2023,pop_2024,pop_2025,pop_2026,pop_2027,pop_2028,pop_2029,pop_2030,pop_2031,pop_2032,pop_2033,pop_2034,pop_2035,pop_2036,pop_2037,pop_2038,pop_2039,pop_2040,pop_2041,pop_2042,pop_2043,pop_2044,pop_2045,pop_2046,pop_2047,pop_2048,pop_2049,pop_2050,pop_2051,pop_2052,pop_2053,pop_2054,pop_2055,pop_2056,pop_2057,pop_2058,pop_2059,pop_2060,pop_2061,pop_2062,pop_2063,pop_2064,pop_2065,pop_2066,pop_2067,pop_2068,pop_2069,pop_2070,pop_2071,pop_2072,pop_2073,pop_2074,pop_2075,pop_2076,pop_2077,pop_2078,pop_2079,pop_2080,pop_2081,pop_2082,pop_2083,pop_2084,pop_2085,pop_2086,pop_2087,pop_2088,pop_2089,pop_2090,pop_2091,pop_2092,pop_2093,pop_2094,pop_2095,pop_2096,pop_2097,pop_2098,pop_2099,pop_2100,pop_2101,pop_2102,pop_2103,pop_2104,pop_2105,pop_2106,pop_2107,pop_2108,pop_2109,pop_2110,pop_2111,pop_2112,pop_2113,pop_2114,pop_2115,pop_2116,pop_2117,pop_2118,pop_2119,pop_2120,pop_2121,pop_2122,pop_2123
K,0,25310.0,37445.0,37680.0,37405.0,37329.0,36887.0,36435.0,36125.0,35999.0,35702.0,35604.0,35284.0,35252.0,34781.0,34803.0,34617.0,34436.0,34578.0,34516.0,34546.0,34424.0,34015.0,33538.0,33843.0,33837.0,33736.0,33674.0,33859.0,34272.0,34795.0,35196.0,35888.0,36505.0,37304.0,37696.0,38332.0,38847.0,39055.0,39049.0,38912.0,39157.0,39035.0,38925.0,38526.0,38629.0,38479.0,37947.0,38326.0,38010.0,37712.0,37269.0,37547.0,37384.0,37398.0,37653.0,37898.0,37580.0,38153.0,37794.0,38204.0,38666.0,38797.0,39111.0,39472.0,39751.0,40085.0,40497.0,40637.0,41160.0,41412.0,41352.0,41489.0,40987.0,41276.0,41097.0,40969.0,41276.0,40955.0,40788.0,40638.0,40372.0,40667.0,40432.0,40370.0,40372.0,40220.0,40363.0,40628.0,40876.0,40838.0,40896.0,40685.0,41175.0,41723.0,41780.0,42115.0,42429.0,42578.0,42522.0,42540.0,42840.0
K,1,28037.0,25519.0,37655.0,37777.0,37491.0,37424.0,36975.0,36513.0,36225.0,36075.0,35789.0,35672.0,35349.0,35340.0,34852.0,34890.0,34697.0,34533.0,34645.0,34589.0,34625.0,34489.0,34096.0,33626.0,33900.0,33905.0,33813.0,33749.0,33951.0,34351.0,34849.0,35276.0,35961.0,36578.0,37365.0,37765.0,38400.0,38908.0,39100.0,39105.0,38977.0,39218.0,39098.0,38998.0,38588.0,38679.0,38541.0,38011.0,38383.0,38077.0,37761.0,37319.0,37603.0,37433.0,37460.0,37701.0,37946.0,37632.0,38201.0,37844.0,38244.0,38713.0,38848.0,39152.0,39514.0,39789.0,40126.0,40539.0,40678.0,41208.0,41462.0,41399.0,41524.0,41029.0,41329.0,41126.0,40998.0,41321.0,40980.0,40827.0,40672.0,40404.0,40699.0,40462.0,40415.0,40397.0,40247.0,40391.0,40653.0,40898.0,40876.0,40918.0,40715.0,41200.0,41750.0,41810.0,42143.0,42456.0,42609.0,42543.0,42561.0
K,2,26820.0,28230.0,25718.0,37733.0,37856.0,37576.0,37504.0,37071.0,36612.0,36310.0,36153.0,35882.0,35760.0,35431.0,35414.0,34930.0,34966.0,34784.0,34622.0,34724.0,34658.0,34699.0,34576.0,34172.0,33686.0,33973.0,33975.0,33894.0,33820.0,34017.0,34435.0,34915.0,35346.0,36032.0,36645.0,37431.0,37810.0,38467.0,38959.0,39172.0,39168.0,39035.0,39277.0,39167.0,39064.0,38646.0,38748.0,38602.0,38071.0,38444.0,38139.0,37821.0,37376.0,37662.0,37484.0,37501.0,37755.0,37991.0,37679.0,38246.0,37890.0,38289.0,38765.0,38903.0,39205.0,39565.0,39829.0,40167.0,40590.0,40718.0,41242.0,41509.0,41446.0,41566.0,41070.0,41373.0,41163.0,41029.0,41357.0,41014.0,40857.0,40692.0,40442.0,40728.0,40502.0,40449.0,40430.0,40277.0,40417.0,40677.0,40926.0,40910.0,40950.0,40737.0,41229.0,41774.0,41831.0,42165.0,42484.0,42636.0,42563.0
K,3,27466.0,27031.0,28415.0,25790.0,37823.0,37936.0,37675.0,37591.0,37136.0,36711.0,36397.0,36240.0,35963.0,35855.0,35514.0,35514.0,35005.0,35048.0,34872.0,34684.0,34794.0,34739.0,34784.0,34641.0,34235.0,33754.0,34067.0,34051.0,33964.0,33900.0,34087.0,34509.0,34969.0,35425.0,36087.0,36712.0,37499.0,37854.0,38529.0,39020.0,39228.0,39224.0,39106.0,39343.0,39217.0,39136.0,38684.0,38793.0,38665.0,38135.0,38508.0,38193.0,37864.0,37435.0,37714.0,37535.0,37553.0,37815.0,38033.0,37732.0,38299.0,37942.0,38318.0,38809.0,38950.0,39251.0,39617.0,39869.0,40213.0,40645.0,40751.0,41290.0,41541.0,41478.0,41606.0,41103.0,41401.0,41203.0,41065.0,41387.0,41042.0,40886.0,40718.0,40471.0,40754.0,40531.0,40478.0,40459.0,40313.0,40445.0,40699.0,40947.0,40938.0,40965.0,40774.0,41252.0,41788.0,41850.0,42189.0,42511.0,42662.0
K,4,27692.0,27650.0,27209.0,28502.0,25873.0,37900.0,38038.0,37766.0,37680.0,37218.0,36803.0,36477.0,36326.0,36045.0,35956.0,35590.0,35589.0,35083.0,35129.0,34936.0,34758.0,34859.0,34830.0,34857.0,34731.0,34305.0,33835.0,34121.0,34127.0,34026.0,33979.0,34167.0,34573.0,35034.0,35504.0,36164.0,36773.0,37574.0,37914.0,38599.0,39085.0,39288.0,39285.0,39174.0,39407.0,39273.0,39196.0,38746.0,38842.0,38714.0,38193.0,38569.0,38243.0,37914.0,37489.0,37770.0,37581.0,37592.0,37862.0,38071.0,37774.0,38355.0,37989.0,38378.0,38864.0,39017.0,39275.0,39657.0,39912.0,40260.0,40673.0,40792.0,41336.0,41569.0,41528.0,41642.0,41142.0,41438.0,41241.0,41105.0,41428.0,41089.0,40925.0,40754.0,40505.0,40781.0,40563.0,40511.0,40484.0,40346.0,40477.0,40729.0,40974.0,40965.0,40996.0,40804.0,41270.0,41810.0,41867.0,42215.0,42536.0
K,5,28546.0,27916.0,27885.0,27314.0,28600.0,25959.0,37984.0,38121.0,37885.0,37768.0,37301.0,36892.0,36569.0,36424.0,36150.0,36040.0,35667.0,35685.0,35166.0,35236.0,35042.0,34843.0,34938.0,34926.0,34944.0,34827.0,34392.0,33910.0,34210.0,34210.0,34106.0,34070.0,34258.0,34626.0,35113.0,35585.0,36221.0,36853.0,37649.0,37996.0,38676.0,39160.0,39347.0,39349.0,39231.0,39476.0,39340.0,39266.0,38801.0,38892.0,38763.0,38236.0,38629.0,38310.0,37962.0,37534.0,37813.0,37631.0,37645.0,37914.0,38133.0,37823.0,38403.0,38032.0,38425.0,38911.0,39072.0,39330.0,39702.0,39971.0,40313.0,40729.0,40840.0,41365.0,41628.0,41577.0,41689.0,41179.0,41470.0,41274.0,41137.0,41466.0,41132.0,40949.0,40782.0,40541.0,40806.0,40600.0,40536.0,40518.0,40376.0,40514.0,40756.0,41002.0,41000.0,41019.0,40825.0,41289.0,41828.0,41893.0,42246.0
K,6,29714.0,28759.0,28148.0,27977.0,27416.0,28705.0,26048.0,38096.0,38214.0,37973.0,37858.0,37404.0,36993.0,36643.0,36491.0,36233.0,36136.0,35755.0,35763.0,35245.0,35322.0,35126.0,34913.0,35022.0,35012.0,35021.0,34909.0,34492.0,33991.0,34288.0,34297.0,34191.0,34146.0,34336.0,34704.0,35189.0,35656.0,36292.0,36937.0,37723.0,38069.0,38741.0,39222.0,39406.0,39421.0,39290.0,39541.0,39384.0,39315.0,38858.0,38979.0,38846.0,38292.0,38689.0,38363.0,38015.0,37585.0,37874.0,37699.0,37700.0,37959.0,38180.0,37888.0,38443.0,38084.0,38471.0,38961.0,39120.0,39377.0,39745.0,40028.0,40365.0,40751.0,40881.0,41420.0,41676.0,41621.0,41729.0,41229.0,41508.0,41313.0,41163.0,41502.0,41172.0,40987.0,40819.0,40571.0,40838.0,40633.0,40565.0,40561.0,40397.0,40549.0,40777.0,41035.0,41029.0,41051.0,40858.0,41308.0,41849.0,41911.0
K,7,29958.0,29924.0,29007.0,28261.0,28070.0,27508.0,28805.0,26138.0,38192.0,38304.0,38072.0,37954.0,37505.0,37074.0,36742.0,36559.0,36327.0,36235.0,35837.0,35849.0,35333.0,35410.0,35207.0,34992.0,35114.0,35096.0,35102.0,34974.0,34559.0,34069.0,34351.0,34373.0,34264.0,34219.0,34415.0,34769.0,35262.0,35729.0,36358.0,37014.0,37780.0,38150.0,38792.0,39296.0,39470.0,39485.0,39360.0,39598.0,39442.0,39369.0,38926.0,39039.0,38910.0,38352.0,38737.0,38415.0,38062.0,37655.0,37944.0,37752.0,37761.0,38011.0,38229.0,37942.0,38488.0,38128.0,38514.0,39015.0,39168.0,39420.0,39803.0,40084.0,40421.0,40786.0,40920.0,41456.0,41714.0,41666.0,41770.0,41268.0,41547.0,41345.0,41201.0,41541.0,41200.0,41016.0,40857.0,40598.0,40859.0,40670.0,40598.0,40596.0,40428.0,40575.0,40809.0,41047.0,41050.0,41079.0,40885.0,41328.0,41871.0
K,8,30221.0,30182.0,30147.0,29107.0,28367.0,28176.0,27599.0,28918.0,26214.0,38289.0,38404.0,38172.0,38038.0,37598.0,37164.0,36814.0,36634.0,36430.0,36330.0,35914.0,35942.0,35415.0,35500.0,35281.0,35078.0,35197.0,35164.0,35181.0,35060.0,34626.0,34140.0,34421.0,34448.0,34338.0,34292.0,34490.0,34843.0,35323.0,35800.0,36441.0,37074.0,37860.0,38222.0,38850.0,39371.0,39537.0,39540.0,39432.0,39677.0,39497.0,39433.0,38990.0,39098.0,38960.0,38408.0,38790.0,38473.0,38116.0,37714.0,38023.0,37811.0,37817.0,38064.0,38281.0,37998.0,38540.0,38165.0,38558.0,39066.0,39210.0,39461.0,39840.0,40131.0,40468.0,40831.0,40957.0,41490.0,41750.0,41698.0,41810.0,41306.0,41574.0,41394.0,41243.0,41590.0,41229.0,41057.0,40889.0,40623.0,40909.0,40687.0,40626.0,40626.0,40457.0,40607.0,40836.0,41076.0,41080.0,41106.0,40905.0,41346.0
K,9,30613.0,30435.0,30378.0,30267.0,29194.0,28455.0,28279.0,27689.0,29015.0,26315.0,38390.0,38482.0,38272.0,38131.0,37685.0,37246.0,36909.0,36716.0,36511.0,36418.0,35997.0,36030.0,35503.0,35585.0,35362.0,35140.0,35267.0,35258.0,35258.0,35137.0,34687.0,34206.0,34499.0,34517.0,34419.0,34378.0,34564.0,34907.0,35392.0,35868.0,36506.0,37131.0,37926.0,38292.0,38931.0,39450.0,39609.0,39593.0,39499.0,39742.0,39545.0,39499.0,39040.0,39147.0,39019.0,38464.0,38847.0,38521.0,38167.0,37761.0,38084.0,37871.0,37866.0,38105.0,38326.0,38045.0,38590.0,38199.0,38618.0,39111.0,39267.0,39507.0,39876.0,40171.0,40509.0,40871.0,40998.0,41527.0,41777.0,41742.0,41848.0,41340.0,41613.0,41433.0,41272.0,41635.0,41262.0,41098.0,40925.0,40654.0,40944.0,40720.0,40654.0,40653.0,40479.0,40634.0,40870.0,41099.0,41097.0,41131.0,40931.0
K,10,31377.0,30864.0,30676.0,30491.0,30377.0,29304.0,28551.0,28377.0,27778.0,29120.0,26417.0,38488.0,38580.0,38360.0,38229.0,37798.0,37334.0,37006.0,36814.0,36597.0,36508.0,36065.0,36110.0,35603.0,35673.0,35448.0,35229.0,35351.0,35349.0,35332.0,35222.0,34766.0,34309.0,34603.0,34594.0,34498.0,34461.0,34655.0,34986.0,35480.0,35955.0,36598.0,37217.0,38017.0,38383.0,39004.0,39514.0,39678.0,39661.0,39563.0,39802.0,39620.0,39559.0,39108.0,39213.0,39074.0,38525.0,38902.0,38595.0,38231.0,37800.0,38133.0,37927.0,37923.0,38151.0,38385.0,38102.0,38655.0,38257.0,38667.0,39152.0,39320.0,39552.0,39918.0,40217.0,40560.0,40917.0,41032.0,41559.0,41814.0,41779.0,41893.0,41380.0,41648.0,41465.0,41307.0,41679.0,41300.0,41137.0,40952.0,40691.0,40975.0,40749.0,40691.0,40684.0,40505.0,40663.0,40895.0,41138.0,41118.0,41154.0
K,11,31526.0,31629.0,31097.0,30800.0,30603.0,30484.0,29422.0,28630.0,28493.0,27880.0,29219.0,26520.0,38575.0,38679.0,38441.0,38330.0,37905.0,37421.0,37099.0,36907.0,36694.0,36595.0,36156.0,36191.0,35679.0,35765.0,35534.0,35308.0,35431.0,35433.0,35422.0,35310.0,34844.0,34372.0,34675.0,34674.0,34584.0,34517.0,34741.0,35070.0,35562.0,36018.0,36677.0,37300.0,38083.0,38453.0,39077.0,39576.0,39742.0,39735.0,39635.0,39867.0,39683.0,39638.0,39170.0,39270.0,39137.0,38592.0,38957.0,38656.0,38291.0,37860.0,38183.0,37985.0,37976.0,38200.0,38440.0,38156.0,38704.0,38311.0,38718.0,39193.0,39374.0,39606.0,39962.0,40255.0,40605.0,40970.0,41082.0,41596.0,41853.0,41807.0,41928.0,41427.0,41693.0,41511.0,41339.0,41712.0,41335.0,41173.0,40981.0,40726.0,41002.0,40786.0,40717.0,40730.0,40532.0,40689.0,40917.0,41161.0,41145.0
K,12,32628.0,31777.0,31895.0,31196.0,30931.0,30701.0,30596.0,29531.0,28724.0,28588.0,27963.0,29316.0,26639.0,38682.0,38783.0,38539.0,38433.0,38005.0,37509.0,37185.0,37015.0,36767.0,36666.0,36238.0,36280.0,35780.0,35871.0,35631.0,35398.0,35523.0,35532.0,35502.0,35391.0,34925.0,34470.0,34758.0,34738.0,34659.0,34587.0,34828.0,35157.0,35638.0,36092.0,36748.0,37363.0,38168.0,38525.0,39149.0,39646.0,39820.0,39815.0,39719.0,39936.0,39738.0,39714.0,39241.0,39323.0,39197.0,38645.0,39012.0,38723.0,38357.0,37909.0,38243.0,38042.0,38030.0,38259.0,38486.0,38213.0,38763.0,38364.0,38756.0,39243.0,39420.0,39656.0,40008.0,40307.0,40645.0,41005.0,41124.0,41638.0,41891.0,41849.0,41962.0,41475.0,41736.0,41552.0,41379.0,41741.0,41371.0,41213.0,41015.0,40754.0,41041.0,40810.0,40751.0,40764.0,40562.0,40706.0,40942.0,41182.0
K,13,33044.0,32900.0,32030.0,32006.0,31294.0,31024.0,30792.0,30714.0,29631.0,28817.0,28695.0,28061.0,29415.0,26738.0,38780.0,38881.0,38628.0,38516.0,38105.0,37599.0,37264.0,37104.0,36867.0,36753.0,36335.0,36365.0,35862.0,35946.0,35720.0,35471.0,35610.0,35617.0,35596.0,35471.0,35005.0,34553.0,34840.0,34800.0,34732.0,34664.0,34899.0,35223.0,35714.0,36165.0,36812.0,37432.0,38244.0,38606.0,39221.0,39717.0,39903.0,39886.0,39773.0,40003.0,39824.0,39777.0,39302.0,39375.0,39245.0,38694.0,39063.0,38782.0,38425.0,37986.0,38291.0,38089.0,38060.0,38313.0,38538.0,38261.0,38812.0,38405.0,38803.0,39291.0,39470.0,39698.0,40045.0,40356.0,40685.0,41038.0,41165.0,41682.0,41922.0,41878.0,42006.0,41500.0,41776.0,41598.0,41417.0,41769.0,41400.0,41245.0,41038.0,40782.0,41068.0,40839.0,40777.0,40789.0,40588.0,40730.0,40970.0
K,14,32594.0,33297.0,33139.0,32134.0,32122.0,31388.0,31125.0,30928.0,30806.0,29728.0,28904.0,28799.0,28167.0,29510.0,26849.0,38869.0,38979.0,38718.0,38609.0,38201.0,37697.0,37355.0,37190.0,36956.0,36837.0,36435.0,36451.0,35959.0,36034.0,35792.0,35549.0,35690.0,35700.0,35676.0,35539.0,35097.0,34621.0,34921.0,34871.0,34811.0,34739.0,34986.0,35303.0,35786.0,36241.0,36877.0,37509.0,38328.0,38674.0,39298.0,39799.0,39962.0,39959.0,39831.0,40071.0,39891.0,39844.0,39370.0,39439.0,39316.0,38747.0,39122.0,38844.0,38480.0,38051.0,38340.0,38153.0,38107.0,38361.0,38598.0,38327.0,38872.0,38460.0,38857.0,39328.0,39524.0,39736.0,40106.0,40389.0,40721.0,41089.0,41202.0,41735.0,41945.0,41915.0,42035.0,41548.0,41805.0,41634.0,41447.0,41802.0,41435.0,41280.0,41074.0,40810.0,41096.0,40862.0,40797.0,40817.0,40625.0,40757.0
K,15,31915.0,32842.0,33557.0,33257.0,32225.0,32240.0,31495.0,31248.0,31040.0,30896.0,29830.0,28997.0,28885.0,28269.0,29617.0,26943.0,38961.0,39078.0,38836.0,38697.0,38302.0,37806.0,37438.0,37298.0,37046.0,36926.0,36518.0,36548.0,36040.0,36114.0,35879.0,35643.0,35778.0,35769.0,35764.0,35622.0,35185.0,34689.0,34994.0,34946.0,34900.0,34816.0,35063.0,35373.0,35874.0,36309.0,36959.0,37577.0,38384.0,38718.0,39347.0,39852.0,40031.0,40021.0,39884.0,40126.0,39959.0,39915.0,39431.0,39489.0,39372.0,38799.0,39183.0,38902.0,38519.0,38110.0,38393.0,38202.0,38157.0,38421.0,38661.0,38375.0,38918.0,38502.0,38919.0,39364.0,39583.0,39791.0,40151.0,40431.0,40771.0,41132.0,41246.0,41777.0,41981.0,41957.0,42071.0,41593.0,41838.0,41673.0,41481.0,41840.0,41468.0,41311.0,41100.0,40831.0,41129.0,40887.0,40828.0,40843.0,40651.0
K,16,32102.0,32172.0,33045.0,33671.0,33347.0,32346.0,32344.0,31601.0,31355.0,31138.0,30985.0,29930.0,29094.0,28984.0,28348.0,29701.0,27021.0,39064.0,39187.0,38932.0,38787.0,38397.0,37893.0,37523.0,37361.0,37125.0,37012.0,36600.0,36627.0,36121.0,36206.0,35974.0,35733.0,35857.0,35862.0,35835.0,35709.0,35265.0,34764.0,35064.0,35037.0,34977.0,34882.0,35120.0,35433.0,35954.0,36400.0,37034.0,37655.0,38461.0,38773.0,39409.0,39910.0,40098.0,40089.0,39960.0,40195.0,40035.0,39973.0,39486.0,39555.0,39432.0,38855.0,39240.0,38957.0,38566.0,38168.0,38447.0,38246.0,38217.0,38463.0,38699.0,38428.0,38972.0,38562.0,38955.0,39410.0,39621.0,39831.0,40205.0,40481.0,40813.0,41164.0,41284.0,41822.0,42016.0,41990.0,42099.0,41621.0,41877.0,41712.0,41515.0,41869.0,41514.0,41338.0,41133.0,40865.0,41163.0,40915.0,40845.0,40871.0
K,17,31505.0,32334.0,32405.0,33154.0,33779.0,33447.0,32469.0,32442.0,31705.0,31446.0,31236.0,31089.0,30040.0,29194.0,29102.0,28461.0,29800.0,27132.0,39176.0,39272.0,39006.0,38894.0,38480.0,37988.0,37603.0,37462.0,37219.0,37099.0,36680.0,36716.0,36201.0,36292.0,36042.0,35805.0,35935.0,35917.0,35923.0,35793.0,35340.0,34835.0,35138.0,35112.0,35068.0,34957.0,35192.0,35503.0,36021.0,36472.0,37103.0,37717.0,38517.0,38833.0,39476.0,39976.0,40159.0,40168.0,40022.0,40256.0,40096.0,40034.0,39555.0,39607.0,39485.0,38926.0,39283.0,39011.0,38616.0,38214.0,38504.0,38294.0,38275.0,38502.0,38742.0,38476.0,39027.0,38608.0,39002.0,39448.0,39666.0,39866.0,40252.0,40521.0,40847.0,41200.0,41318.0,41868.0,42048.0,42027.0,42132.0,41657.0,41911.0,41735.0,41552.0,41898.0,41547.0,41369.0,41173.0,40893.0,41204.0,40935.0,40872.0
K,18,31573.0,31717.0,32573.0,32531.0,33269.0,33910.0,33572.0,32555.0,32543.0,31805.0,31549.0,31328.0,31196.0,30141.0,29287.0,29210.0,28563.0,29893.0,27228.0,39269.0,39366.0,39093.0,38991.0,38569.0,38071.0,37691.0,37529.0,37300.0,37180.0,36779.0,36801.0,36277.0,36395.0,36135.0,35888.0,36015.0,35984.0,36014.0,35869.0,35425.0,34900.0,35230.0,35193.0,35137.0,35032.0,35265.0,35588.0,36092.0,36558.0,37178.0,37788.0,38577.0,38903.0,39549.0,40053.0,40218.0,40231.0,40080.0,40310.0,40149.0,40102.0,39602.0,39653.0,39533.0,38986.0,39338.0,39074.0,38659.0,38261.0,38541.0,38346.0,38321.0,38552.0,38792.0,38529.0,39072.0,38654.0,39038.0,39486.0,39709.0,39916.0,40292.0,40563.0,40886.0,41244.0,41352.0,41907.0,42084.0,42057.0,42169.0,41684.0,41940.0,41773.0,41578.0,41932.0,41576.0,41400.0,41204.0,40920.0,41231.0,40957.0
K,19,31441.0,31795.0,31950.0,32678.0,32637.0,33367.0,34018.0,33671.0,32637.0,32649.0,31917.0,31629.0,31415.0,31284.0,30230.0,29394.0,29308.0,28650.0,29998.0,27333.0,39375.0,39478.0,39185.0,39091.0,38664.0,38158.0,37781.0,37610.0,37393.0,37274.0,36871.0,36880.0,36353.0,36467.0,36208.0,35968.0,36088.0,36060.0,36086.0,35938.0,35500.0,34970.0,35301.0,35262.0,35226.0,35118.0,35356.0,35656.0,36175.0,36635.0,37253.0,37845.0,38638.0,38976.0,39615.0,40128.0,40280.0,40288.0,40137.0,40365.0,40215.0,40158.0,39670.0,39709.0,39587.0,39043.0,39401.0,39118.0,38711.0,38310.0,38589.0,38394.0,38365.0,38597.0,38847.0,38570.0,39119.0,38698.0,39088.0,39535.0,39748.0,39950.0,40331.0,40605.0,40929.0,41288.0,41391.0,41940.0,42126.0,42093.0,42213.0,41721.0,41977.0,41820.0,41613.0,41966.0,41598.0,41441.0,41230.0,40941.0,41261.0
K,20,31111.0,31654.0,32040.0,32054.0,32799.0,32732.0,33491.0,34116.0,33791.0,32731.0,32759.0,32023.0,31734.0,31519.0,31374.0,30331.0,29476.0,29393.0,28737.0,30108.0,27438.0,39464.0,39572.0,39283.0,39190.0,38740.0,38240.0,37867.0,37697.0,37459.0,37353.0,36946.0,36959.0,36438.0,36545.0,36306.0,36052.0,36176.0,36135.0,36160.0,36015.0,35579.0,35041.0,35374.0,35332.0,35296.0,35184.0,35438.0,35722.0,36244.0,36718.0,37327.0,37918.0,38702.0,39027.0,39687.0,40182.0,40349.0,40347.0,40209.0,40419.0,40271.0,40226.0,39726.0,39776.0,39640.0,39083.0,39446.0,39168.0,38774.0,38363.0,38637.0,38448.0,38407.0,38650.0,38897.0,38606.0,39164.0,38746.0,39138.0,39586.0,39798.0,39981.0,40369.0,40645.0,40964.0,41335.0,41428.0,41972.0,42164.0,42116.0,42241.0,41743.0,42007.0,41852.0,41641.0,41985.0,41632.0,41469.0,41261.0,40961.0
K,21,31588.0,31348.0,31891.0,32151.0,32157.0,32918.0,32835.0,33585.0,34225.0,33900.0,32825.0,32859.0,32106.0,31821.0,31613.0,31464.0,30439.0,29578.0,29477.0,28838.0,30191.0,27530.0,39559.0,39662.0,39375.0,39278.0,38817.0,38323.0,37965.0,37785.0,37550.0,37446.0,37035.0,37041.0,36512.0,36617.0,36397.0,36130.0,36251.0,36217.0,36242.0,36093.0,35657.0,35126.0,35445.0,35392.0,35383.0,35251.0,35502.0,35780.0,36310.0,36786.0,37387.0,37995.0,38777.0,39095.0,39751.0,40239.0,40412.0,40400.0,40270.0,40481.0,40335.0,40275.0,39777.0,39836.0,39698.0,39135.0,39498.0,39222.0,38811.0,38414.0,38672.0,38512.0,38466.0,38710.0,38945.0,38650.0,39225.0,38778.0,39178.0,39631.0,39835.0,40005.0,40416.0,40670.0,41005.0,41373.0,41450.0,42007.0,42198.0,42141.0,42284.0,41776.0,42045.0,41881.0,41674.0,42016.0,41662.0,41501.0,41281.0
K,22,32878.0,31825.0,31576.0,31995.0,32262.0,32291.0,33022.0,32945.0,33690.0,34323.0,33992.0,32910.0,32980.0,32195.0,31905.0,31710.0,31557.0,30520.0,29680.0,29573.0,28932.0,30283.0,27629.0,39659.0,39752.0,39471.0,39386.0,38899.0,38414.0,38039.0,37868.0,37635.0,37527.0,37125.0,37140.0,36594.0,36707.0,36473.0,36192.0,36322.0,36311.0,36329.0,36177.0,35742.0,35210.0,35510.0,35465.0,35455.0,35322.0,35581.0,35847.0,36378.0,36856.0,37446.0,38075.0,38829.0,39154.0,39811.0,40312.0,40470.0,40462.0,40338.0,40540.0,40386.0,40325.0,39832.0,39905.0,39744.0,39199.0,39547.0,39261.0,38866.0,38472.0,38713.0,38566.0,38515.0,38746.0,38996.0,38692.0,39271.0,38823.0,39219.0,39677.0,39888.0,40041.0,40454.0,40701.0,41040.0,41400.0,41489.0,42037.0,42237.0,42172.0,42323.0,41812.0,42076.0,41902.0,41707.0,42050.0,41692.0,41533.0
K,23,33088.0,33111.0,32089.0,31682.0,32096.0,32353.0,32407.0,33115.0,33055.0,33782.0,34423.0,34090.0,33007.0,33071.0,32308.0,32000.0,31812.0,31655.0,30594.0,29768.0,29665.0,29010.0,30391.0,27718.0,39739.0,39850.0,39557.0,39488.0,38975.0,38506.0,38107.0,37942.0,37719.0,37617.0,37204.0,37224.0,36692.0,36774.0,36552.0,36277.0,36392.0,36388.0,36409.0,36249.0,35815.0,35277.0,35580.0,35514.0,35521.0,35398.0,35647.0,35924.0,36441.0,36922.0,37516.0,38153.0,38887.0,39203.0,39877.0,40370.0,40528.0,40521.0,40398.0,40612.0,40439.0,40378.0,39881.0,39958.0,39798.0,39257.0,39591.0,39311.0,38910.0,38520.0,38762.0,38608.0,38566.0,38786.0,39043.0,38739.0,39304.0,38867.0,39265.0,39730.0,39930.0,40083.0,40477.0,40732.0,41077.0,41425.0,41533.0,42067.0,42270.0,42210.0,42361.0,41841.0,42102.0,41934.0,41731.0,42069.0,41720.0
K,24,33364.0,33323.0,33339.0,32195.0,31791.0,32231.0,32452.0,32506.0,33216.0,33154.0,33871.0,34528.0,34187.0,33111.0,33165.0,32405.0,32112.0,31904.0,31742.0,30705.0,29852.0,29767.0,29111.0,30485.0,27803.0,39839.0,39925.0,39644.0,39574.0,39047.0,38592.0,38200.0,38024.0,37803.0,37706.0,37281.0,37297.0,36775.0,36847.0,36625.0,36353.0,36465.0,36463.0,36477.0,36321.0,35887.0,35345.0,35661.0,35586.0,35591.0,35475.0,35704.0,35971.0,36507.0,36981.0,37578.0,38211.0,38950.0,39255.0,39933.0,40417.0,40591.0,40576.0,40467.0,40676.0,40485.0,40434.0,39920.0,39999.0,39860.0,39305.0,39643.0,39352.0,38964.0,38571.0,38830.0,38654.0,38620.0,38831.0,39085.0,38775.0,39348.0,38901.0,39304.0,39767.0,39975.0,40135.0,40527.0,40779.0,41124.0,41462.0,41564.0,42099.0,42313.0,42235.0,42397.0,41861.0,42128.0,41963.0,41750.0,42098.0
K,25,34378.0,33614.0,33588.0,33464.0,32321.0,31919.0,32346.0,32586.0,32632.0,33328.0,33280.0,33993.0,34644.0,34281.0,33221.0,33272.0,32509.0,32205.0,32010.0,31832.0,30809.0,29965.0,29874.0,29210.0,30575.0,27897.0,39941.0,40027.0,39742.0,39678.0,39144.0,38688.0,38274.0,38104.0,37896.0,37815.0,37384.0,37372.0,36871.0,36944.0,36705.0,36447.0,36549.0,36556.0,36555.0,36394.0,35956.0,35421.0,35731.0,35661.0,35657.0,35552.0,35775.0,36049.0,36581.0,37054.0,37639.0,38288.0,39024.0,39316.0,40001.0,40473.0,40648.0,40647.0,40519.0,40747.0,40541.0,40495.0,39977.0,40073.0,39911.0,39360.0,39701.0,39416.0,39011.0,38628.0,38869.0,38691.0,38660.0,38876.0,39132.0,38823.0,39380.0,38949.0,39358.0,39816.0,40022.0,40173.0,40564.0,40813.0,41160.0,41496.0,41593.0,42122.0,42347.0,42261.0,42429.0,41891.0,42155.0,41989.0,41777.0
K,26,35747.0,34640.0,33867.0,33683.0,33565.0,32435.0,32028.0,32470.0,32671.0,32748.0,33427.0,33398.0,34109.0,34746.0,34399.0,33330.0,33389.0,32594.0,32312.0,32115.0,31940.0,30904.0,30056.0,29981.0,29304.0,30692.0,27984.0,40042.0,40130.0,39831.0,39784.0,39240.0,38786.0,38375.0,38186.0,37982.0,37891.0,37468.0,37462.0,36946.0,37029.0,36806.0,36525.0,36633.0,36635.0,36621.0,36480.0,36028.0,35486.0,35814.0,35729.0,35719.0,35627.0,35843.0,36138.0,36644.0,37112.0,37710.0,38347.0,39090.0,39380.0,40052.0,40525.0,40714.0,40696.0,40583.0,40810.0,40594.0,40542.0,40038.0,40126.0,39971.0,39409.0,39753.0,39458.0,39061.0,38671.0,38926.0,38740.0,38698.0,38920.0,39170.0,38870.0,39414.0,38990.0,39395.0,39856.0,40050.0,40214.0,40602.0,40855.0,41189.0,41538.0,41608.0,42156.0,42374.0,42290.0,42474.0,41918.0,42190.0,42029.0
K,27,35920.0,36011.0,34905.0,33987.0,33809.0,33666.0,32547.0,32141.0,32595.0,32780.0,32860.0,33533.0,33478.0,34211.0,34848.0,34513.0,33435.0,33478.0,32698.0,32411.0,32208.0,32043.0,31010.0,30153.0,30075.0,29400.0,30797.0,28069.0,40125.0,40238.0,39926.0,39878.0,39343.0,38880.0,38469.0,38273.0,38079.0,37979.0,37542.0,37561.0,37023.0,37125.0,36888.0,36606.0,36716.0,36708.0,36681.0,36551.0,36097.0,35556.0,35895.0,35803.0,35787.0,35695.0,35915.0,36205.0,36727.0,37179.0,37782.0,38426.0,39171.0,39452.0,40104.0,40596.0,40769.0,40763.0,40644.0,40884.0,40642.0,40617.0,40092.0,40186.0,40028.0,39458.0,39802.0,39508.0,39104.0,38715.0,38963.0,38800.0,38750.0,38960.0,39214.0,38915.0,39454.0,39034.0,39437.0,39903.0,40100.0,40257.0,40636.0,40898.0,41213.0,41577.0,41642.0,42181.0,42402.0,42331.0,42497.0,41946.0,42215.0
K,28,36385.0,36203.0,36274.0,35025.0,34099.0,33928.0,33787.0,32660.0,32246.0,32711.0,32914.0,32972.0,33643.0,33592.0,34309.0,34962.0,34620.0,33549.0,33575.0,32798.0,32520.0,32304.0,32138.0,31121.0,30259.0,30183.0,29493.0,30886.0,28159.0,40215.0,40325.0,40012.0,39987.0,39425.0,38977.0,38566.0,38350.0,38194.0,38064.0,37618.0,37634.0,37099.0,37202.0,36964.0,36695.0,36793.0,36781.0,36751.0,36637.0,36172.0,35632.0,35964.0,35877.0,35855.0,35767.0,35994.0,36290.0,36804.0,37246.0,37859.0,38498.0,39237.0,39502.0,40153.0,40659.0,40828.0,40825.0,40703.0,40934.0,40693.0,40672.0,40151.0,40241.0,40089.0,39495.0,39849.0,39570.0,39159.0,38784.0,39006.0,38845.0,38792.0,38999.0,39253.0,38958.0,39509.0,39079.0,39471.0,39948.0,40145.0,40285.0,40667.0,40937.0,41254.0,41629.0,41677.0,42220.0,42424.0,42366.0,42533.0,41979.0
K,29,36994.0,36647.0,36467.0,36384.0,35141.0,34217.0,34067.0,33897.0,32779.0,32362.0,32810.0,33044.0,33073.0,33745.0,33691.0,34431.0,35066.0,34729.0,33663.0,33700.0,32905.0,32626.0,32394.0,32249.0,31221.0,30340.0,30287.0,29591.0,30989.0,28241.0,40307.0,40407.0,40114.0,40077.0,39531.0,39064.0,38655.0,38432.0,38272.0,38140.0,37698.0,37707.0,37181.0,37282.0,37030.0,36782.0,36870.0,36853.0,36832.0,36711.0,36240.0,35706.0,36034.0,35931.0,35928.0,35840.0,36057.0,36351.0,36882.0,37301.0,37924.0,38572.0,39310.0,39573.0,40219.0,40723.0,40880.0,40886.0,40757.0,40996.0,40748.0,40732.0,40199.0,40305.0,40134.0,39535.0,39911.0,39615.0,39219.0,38827.0,39054.0,38891.0,38839.0,39038.0,39291.0,38995.0,39542.0,39114.0,39509.0,39997.0,40186.0,40322.0,40697.0,40987.0,41289.0,41658.0,41705.0,42240.0,42452.0,42399.0,42568.0
K,30,37694.0,37282.0,36935.0,36589.0,36485.0,35263.0,34348.0,34190.0,34030.0,32886.0,32484.0,32930.0,33156.0,33185.0,33873.0,33808.0,34525.0,35173.0,34851.0,33791.0,33797.0,33006.0,32729.0,32496.0,32357.0,31332.0,30449.0,30385.0,29704.0,31100.0,28320.0,40398.0,40496.0,40197.0,40173.0,39638.0,39166.0,38750.0,38534.0,38361.0,38241.0,37784.0,37795.0,37277.0,37368.0,37110.0,36869.0,36956.0,36932.0,36931.0,36770.0,36317.0,35789.0,36116.0,35997.0,36011.0,35907.0,36146.0,36422.0,36965.0,37394.0,38006.0,38637.0,39367.0,39633.0,40275.0,40797.0,40937.0,40960.0,40804.0,41056.0,40802.0,40791.0,40267.0,40364.0,40187.0,39593.0,39960.0,39669.0,39265.0,38881.0,39124.0,38931.0,38872.0,39077.0,39336.0,39045.0,39597.0,39149.0,39551.0,40032.0,40235.0,40366.0,40736.0,41026.0,41331.0,41705.0,41740.0,42271.0,42485.0,42435.0
K,31,38587.0,37943.0,37571.0,37072.0,36722.0,36612.0,35383.0,34469.0,34327.0,34163.0,33008.0,32598.0,33055.0,33286.0,33294.0,34004.0,33937.0,34640.0,35291.0,34959.0,33929.0,33904.0,33108.0,32832.0,32587.0,32454.0,31438.0,30573.0,30460.0,29804.0,31201.0,28428.0,40486.0,40613.0,40292.0,40280.0,39723.0,39253.0,38826.0,38648.0,38460.0,38312.0,37865.0,37871.0,37358.0,37450.0,37211.0,36942.0,37045.0,37026.0,37011.0,36871.0,36390.0,35854.0,36197.0,36074.0,36076.0,35991.0,36217.0,36501.0,37030.0,37460.0,38076.0,38704.0,39441.0,39701.0,40343.0,40850.0,41010.0,41020.0,40861.0,41111.0,40863.0,40854.0,40325.0,40414.0,40235.0,39651.0,40021.0,39728.0,39316.0,38933.0,39163.0,38981.0,38912.0,39134.0,39381.0,39089.0,39636.0,39183.0,39594.0,40074.0,40281.0,40395.0,40769.0,41064.0,41367.0,41736.0,41768.0,42295.0,42516.0
K,32,39395.0,38869.0,38210.0,37691.0,37188.0,36856.0,36747.0,35490.0,34596.0,34462.0,34282.0,33127.0,32709.0,33174.0,33417.0,33402.0,34120.0,34065.0,34746.0,35417.0,35064.0,34056.0,33999.0,33195.0,32928.0,32695.0,32562.0,31539.0,30674.0,30557.0,29906.0,31309.0,28515.0,40567.0,40702.0,40406.0,40362.0,39826.0,39353.0,38913.0,38734.0,38535.0,38401.0,37966.0,37948.0,37443.0,37543.0,37289.0,37038.0,37147.0,37102.0,37071.0,36940.0,36466.0,35930.0,36280.0,36161.0,36148.0,36065.0,36281.0,36572.0,37093.0,37549.0,38138.0,38764.0,39511.0,39767.0,40396.0,40919.0,41070.0,41067.0,40917.0,41169.0,40910.0,40910.0,40376.0,40472.0,40286.0,39699.0,40068.0,39774.0,39369.0,38987.0,39204.0,39015.0,38959.0,39184.0,39422.0,39142.0,39674.0,39223.0,39635.0,40115.0,40320.0,40435.0,40805.0,41086.0,41391.0,41763.0,41799.0,42323.0
K,33,38889.0,39676.0,39188.0,38320.0,37825.0,37311.0,36985.0,36876.0,35621.0,34709.0,34587.0,34414.0,33243.0,32839.0,33285.0,33511.0,33514.0,34226.0,34183.0,34846.0,35538.0,35199.0,34160.0,34089.0,33312.0,33030.0,32808.0,32661.0,31643.0,30760.0,30650.0,30006.0,31408.0,28602.0,40668.0,40789.0,40501.0,40452.0,39913.0,39456.0,39018.0,38836.0,38651.0,38468.0,38062.0,38035.0,37533.0,37631.0,37375.0,37116.0,37226.0,37179.0,37141.0,37025.0,36545.0,35995.0,36343.0,36217.0,36223.0,36130.0,36356.0,36642.0,37150.0,37625.0,38198.0,38818.0,39571.0,39828.0,40459.0,40985.0,41122.0,41120.0,40971.0,41225.0,40963.0,40969.0,40431.0,40535.0,40330.0,39750.0,40111.0,39821.0,39418.0,39033.0,39265.0,39065.0,38995.0,39232.0,39454.0,39183.0,39707.0,39263.0,39681.0,40151.0,40359.0,40473.0,40847.0,41128.0,41420.0,41784.0,41824.0
K,34,38601.0,39178.0,39975.0,39309.0,38444.0,37977.0,37415.0,37094.0,36990.0,35746.0,34831.0,34702.0,34546.0,33358.0,32945.0,33395.0,33634.0,33601.0,34349.0,34327.0,34956.0,35647.0,35317.0,34274.0,34188.0,33429.0,33138.0,32888.0,32772.0,31743.0,30851.0,30752.0,30102.0,31479.0,28698.0,40768.0,40880.0,40600.0,40540.0,40003.0,39544.0,39114.0,38943.0,38736.0,38551.0,38165.0,38129.0,37619.0,37707.0,37457.0,37212.0,37313.0,37246.0,37225.0,37093.0,36609.0,36079.0,36422.0,36287.0,36296.0,36185.0,36424.0,36710.0,37211.0,37697.0,38269.0,38873.0,39662.0,39878.0,40533.0,41044.0,41174.0,41175.0,41030.0,41263.0,41006.0,41024.0,40477.0,40583.0,40378.0,39797.0,40154.0,39868.0,39479.0,39076.0,39307.0,39106.0,39036.0,39274.0,39480.0,39229.0,39751.0,39302.0,39714.0,40179.0,40391.0,40506.0,40872.0,41170.0,41451.0,41810.0
K,35,37403.0,38850.0,39442.0,40098.0,39445.0,38561.0,38084.0,37554.0,37203.0,37115.0,35859.0,34926.0,34803.0,34657.0,33464.0,33052.0,33507.0,33751.0,33705.0,34455.0,34412.0,35039.0,35756.0,35427.0,34365.0,34292.0,33516.0,33248.0,32967.0,32875.0,31834.0,30932.0,30851.0,30194.0,31575.0,28801.0,40862.0,40969.0,40700.0,40645.0,40095.0,39634.0,39191.0,39027.0,38798.0,38628.0,38228.0,38198.0,37695.0,37799.0,37540.0,37278.0,37391.0,37330.0,37298.0,37171.0,36681.0,36140.0,36491.0,36359.0,36381.0,36246.0,36487.0,36789.0,37278.0,37755.0,38317.0,38924.0,39727.0,39934.0,40582.0,41094.0,41233.0,41229.0,41086.0,41330.0,41067.0,41068.0,40524.0,40629.0,40419.0,39850.0,40205.0,39915.0,39515.0,39119.0,39351.0,39133.0,39069.0,39319.0,39533.0,39265.0,39787.0,39346.0,39753.0,40206.0,40413.0,40537.0,40907.0,41195.0,41478.0
K,36,36743.0,37670.0,39134.0,39557.0,40240.0,39575.0,38674.0,38211.0,37677.0,37314.0,37229.0,35980.0,35023.0,34932.0,34769.0,33579.0,33161.0,33628.0,33859.0,33828.0,34560.0,34518.0,35135.0,35853.0,35524.0,34475.0,34396.0,33608.0,33351.0,33054.0,32970.0,31924.0,31021.0,30952.0,30289.0,31652.0,28885.0,40942.0,41069.0,40785.0,40738.0,40179.0,39721.0,39263.0,39135.0,38877.0,38709.0,38300.0,38286.0,37765.0,37884.0,37626.0,37370.0,37468.0,37409.0,37387.0,37235.0,36760.0,36188.0,36565.0,36419.0,36436.0,36319.0,36553.0,36853.0,37344.0,37819.0,38393.0,38996.0,39778.0,39994.0,40630.0,41152.0,41305.0,41274.0,41132.0,41378.0,41129.0,41118.0,40576.0,40674.0,40451.0,39890.0,40259.0,39959.0,39568.0,39157.0,39387.0,39177.0,39113.0,39367.0,39563.0,39298.0,39820.0,39377.0,39785.0,40246.0,40438.0,40559.0,40928.0,41217.0
K,37,36160.0,37020.0,37934.0,39257.0,39676.0,40375.0,39681.0,38780.0,38332.0,37800.0,37452.0,37351.0,36096.0,35134.0,35045.0,34859.0,33698.0,33272.0,33726.0,33964.0,33954.0,34671.0,34640.0,35230.0,35965.0,35628.0,34584.0,34488.0,33707.0,33452.0,33147.0,33077.0,32015.0,31129.0,31054.0,30393.0,31752.0,28996.0,41040.0,41169.0,40864.0,40822.0,40261.0,39791.0,39356.0,39219.0,38965.0,38787.0,38367.0,38372.0,37827.0,37959.0,37707.0,37449.0,37539.0,37471.0,37466.0,37306.0,36833.0,36256.0,36633.0,36480.0,36496.0,36379.0,36615.0,36916.0,37404.0,37873.0,38445.0,39050.0,39825.0,40052.0,40687.0,41209.0,41353.0,41318.0,41182.0,41431.0,41181.0,41175.0,40619.0,40718.0,40504.0,39935.0,40305.0,39998.0,39613.0,39197.0,39432.0,39222.0,39155.0,39394.0,39608.0,39332.0,39861.0,39411.0,39822.0,40271.0,40475.0,40591.0,40955.0
K,38,35848.0,36442.0,37291.0,38064.0,39411.0,39789.0,40521.0,39810.0,38911.0,38446.0,37917.0,37558.0,37471.0,36195.0,35239.0,35155.0,34973.0,33810.0,33383.0,33859.0,34064.0,34072.0,34769.0,34743.0,35328.0,36063.0,35722.0,34681.0,34596.0,33830.0,33554.0,33243.0,33171.0,32097.0,31220.0,31139.0,30503.0,31829.0,29063.0,41134.0,41242.0,40949.0,40906.0,40353.0,39871.0,39429.0,39315.0,39051.0,38854.0,38435.0,38448.0,37900.0,38027.0,37789.0,37529.0,37603.0,37539.0,37541.0,37398.0,36915.0,36350.0,36704.0,36534.0,36548.0,36441.0,36679.0,36976.0,37479.0,37934.0,38505.0,39108.0,39889.0,40117.0,40730.0,41259.0,41419.0,41374.0,41230.0,41485.0,41221.0,41237.0,40666.0,40765.0,40554.0,39979.0,40353.0,40037.0,39658.0,39229.0,39468.0,39262.0,39187.0,39436.0,39640.0,39366.0,39894.0,39444.0,39853.0,40297.0,40505.0,40615.0
K,39,35243.0,36121.0,36729.0,37422.0,38197.0,39550.0,39921.0,40643.0,39912.0,39025.0,38551.0,38027.0,37676.0,37593.0,36288.0,35354.0,35270.0,35082.0,33908.0,33498.0,33962.0,34179.0,34190.0,34878.0,34855.0,35422.0,36163.0,35825.0,34791.0,34704.0,33923.0,33663.0,33335.0,33264.0,32195.0,31299.0,31246.0,30594.0,31927.0,29143.0,41210.0,41309.0,41019.0,40996.0,40445.0,39951.0,39508.0,39396.0,39146.0,38919.0,38505.0,38509.0,37974.0,38083.0,37856.0,37602.0,37673.0,37610.0,37615.0,37464.0,36988.0,36419.0,36773.0,36599.0,36603.0,36495.0,36741.0,37042.0,37537.0,37997.0,38558.0,39163.0,39953.0,40164.0,40801.0,41301.0,41480.0,41433.0,41291.0,41539.0,41271.0,41285.0,40709.0,40803.0,40606.0,40020.0,40384.0,40086.0,39685.0,39266.0,39500.0,39297.0,39233.0,39474.0,39679.0,39412.0,39931.0,39463.0,39877.0,40330.0,40530.0
K,40,35525.0,35516.0,36399.0,36846.0,37524.0,38309.0,39653.0,40033.0,40758.0,40021.0,39120.0,38673.0,38156.0,37792.0,37707.0,36398.0,35480.0,35362.0,35226.0,34004.0,33584.0,34073.0,34267.0,34295.0,34977.0,34957.0,35525.0,36248.0,35923.0,34880.0,34815.0,34006.0,33775.0,33428.0,33349.0,32284.0,31376.0,31334.0,30686.0,32023.0,29220.0,41276.0,41384.0,41094.0,41077.0,40512.0,40027.0,39586.0,39483.0,39206.0,38994.0,38575.0,38592.0,38042.0,38154.0,37926.0,37676.0,37743.0,37673.0,37677.0,37530.0,37045.0,36466.0,36824.0,36673.0,36657.0,36552.0,36799.0,37100.0,37591.0,38054.0,38597.0,39204.0,40008.0,40226.0,40839.0,41367.0,41522.0,41483.0,41333.0,41590.0,41315.0,41320.0,40745.0,40851.0,40650.0,40069.0,40430.0,40125.0,39722.0,39298.0,39529.0,39329.0,39274.0,39500.0,39721.0,39441.0,39958.0,39488.0,39903.0,40354.0
K,41,34990.0,35785.0,35778.0,36511.0,36977.0,37647.0,38408.0,39781.0,40164.0,40856.0,40138.0,39240.0,38786.0,38269.0,37902.0,37802.0,36484.0,35579.0,35463.0,35324.0,34097.0,33678.0,34183.0,34370.0,34409.0,35080.0,35061.0,35627.0,36333.0,36025.0,34967.0,34912.0,34120.0,33870.0,33529.0,33450.0,32369.0,31459.0,31412.0,30758.0,32107.0,29295.0,41366.0,41470.0,41152.0,41157.0,40592.0,40098.0,39661.0,39569.0,39266.0,39070.0,38641.0,38669.0,38131.0,38232.0,37993.0,37736.0,37818.0,37753.0,37745.0,37595.0,37113.0,36526.0,36885.0,36735.0,36714.0,36601.0,36842.0,37168.0,37645.0,38113.0,38645.0,39243.0,40064.0,40278.0,40889.0,41405.0,41573.0,41524.0,41368.0,41639.0,41352.0,41367.0,40793.0,40895.0,40686.0,40109.0,40464.0,40158.0,39760.0,39338.0,39563.0,39367.0,39299.0,39527.0,39750.0,39474.0,39982.0,39521.0,39940.0
K,42,35089.0,35249.0,36055.0,35903.0,36623.0,37100.0,37751.0,38513.0,39880.0,40293.0,40966.0,40256.0,39339.0,38872.0,38388.0,38021.0,37903.0,36592.0,35665.0,35568.0,35415.0,34198.0,33799.0,34282.0,34484.0,34508.0,35167.0,35155.0,35711.0,36421.0,36122.0,35056.0,34996.0,34199.0,33976.0,33615.0,33536.0,32467.0,31533.0,31492.0,30852.0,32189.0,29359.0,41461.0,41543.0,41233.0,41218.0,40672.0,40168.0,39745.0,39648.0,39342.0,39142.0,38714.0,38727.0,38197.0,38290.0,38070.0,37805.0,37875.0,37818.0,37801.0,37661.0,37176.0,36585.0,36947.0,36785.0,36781.0,36639.0,36899.0,37215.0,37692.0,38163.0,38698.0,39295.0,40106.0,40323.0,40940.0,41455.0,41621.0,41583.0,41417.0,41686.0,41410.0,41414.0,40833.0,40944.0,40732.0,40150.0,40504.0,40199.0,39792.0,39370.0,39592.0,39388.0,39325.0,39555.0,39770.0,39511.0,40008.0,39557.0
K,43,34563.0,35339.0,35477.0,36177.0,36021.0,36746.0,37193.0,37863.0,38634.0,39986.0,40385.0,41055.0,40363.0,39439.0,38987.0,38484.0,38140.0,37999.0,36703.0,35745.0,35662.0,35519.0,34301.0,33894.0,34375.0,34552.0,34594.0,35257.0,35250.0,35810.0,36521.0,36206.0,35140.0,35103.0,34282.0,34065.0,33704.0,33615.0,32553.0,31640.0,31578.0,30935.0,32248.0,29439.0,41538.0,41611.0,41313.0,41295.0,40757.0,40230.0,39805.0,39729.0,39414.0,39211.0,38797.0,38780.0,38263.0,38355.0,38131.0,37872.0,37940.0,37873.0,37862.0,37721.0,37240.0,36636.0,37000.0,36852.0,36835.0,36683.0,36961.0,37271.0,37750.0,38206.0,38743.0,39338.0,40162.0,40377.0,40979.0,41512.0,41662.0,41622.0,41454.0,41726.0,41452.0,41443.0,40870.0,40986.0,40770.0,40182.0,40529.0,40248.0,39829.0,39404.0,39623.0,39422.0,39354.0,39577.0,39805.0,39545.0,40040.0
K,44,34236.0,34823.0,35595.0,35594.0,36289.0,36150.0,36847.0,37305.0,37964.0,38764.0,40087.0,40526.0,41157.0,40488.0,39531.0,39096.0,38569.0,38251.0,38112.0,36791.0,35847.0,35769.0,35614.0,34401.0,33989.0,34453.0,34645.0,34691.0,35363.0,35332.0,35898.0,36600.0,36286.0,35211.0,35188.0,34359.0,34132.0,33787.0,33692.0,32642.0,31730.0,31663.0,31020.0,32330.0,29519.0,41614.0,41676.0,41378.0,41369.0,40840.0,40299.0,39869.0,39810.0,39496.0,39284.0,38865.0,38852.0,38333.0,38436.0,38212.0,37931.0,38010.0,37915.0,37924.0,37785.0,37301.0,36692.0,37062.0,36913.0,36888.0,36744.0,37007.0,37321.0,37785.0,38276.0,38794.0,39396.0,40213.0,40442.0,41027.0,41550.0,41701.0,41655.0,41490.0,41752.0,41512.0,41483.0,40914.0,41023.0,40818.0,40214.0,40573.0,40286.0,39861.0,39435.0,39643.0,39454.0,39386.0,39605.0,39833.0,39570.0
K,45,33520.0,34515.0,35080.0,35705.0,35717.0,36405.0,36273.0,36945.0,37422.0,38064.0,38869.0,40176.0,40620.0,41275.0,40591.0,39642.0,39177.0,38658.0,38356.0,38209.0,36907.0,35943.0,35845.0,35719.0,34485.0,34072.0,34556.0,34740.0,34768.0,35460.0,35441.0,35987.0,36692.0,36377.0,35300.0,35277.0,34439.0,34207.0,33865.0,33769.0,32721.0,31803.0,31744.0,31095.0,32406.0,29604.0,41684.0,41746.0,41459.0,41437.0,40905.0,40366.0,39940.0,39892.0,39563.0,39354.0,38934.0,38910.0,38391.0,38496.0,38268.0,37994.0,38057.0,37982.0,37992.0,37844.0,37351.0,36744.0,37117.0,36976.0,36934.0,36796.0,37065.0,37366.0,37837.0,38313.0,38831.0,39428.0,40247.0,40484.0,41067.0,41597.0,41748.0,41704.0,41521.0,41792.0,41546.0,41526.0,40949.0,41056.0,40852.0,40247.0,40609.0,40318.0,39895.0,39457.0,39669.0,39488.0,39413.0,39634.0,39857.0
K,46,34033.0,33768.0,34801.0,35205.0,35805.0,35830.0,36519.0,36397.0,37046.0,37543.0,38179.0,38956.0,40287.0,40716.0,41363.0,40711.0,39745.0,39277.0,38746.0,38451.0,38321.0,37017.0,36035.0,35951.0,35830.0,34576.0,34145.0,34645.0,34838.0,34866.0,35554.0,35533.0,36077.0,36788.0,36459.0,35383.0,35369.0,34519.0,34299.0,33936.0,33851.0,32793.0,31882.0,31844.0,31176.0,32475.0,29674.0,41759.0,41817.0,41553.0,41513.0,40986.0,40430.0,39994.0,39974.0,39634.0,39431.0,39003.0,38972.0,38459.0,38551.0,38327.0,38060.0,38111.0,38044.0,38046.0,37896.0,37400.0,36785.0,37172.0,37028.0,37001.0,36858.0,37118.0,37411.0,37870.0,38374.0,38880.0,39475.0,40292.0,40525.0,41119.0,41644.0,41791.0,41730.0,41554.0,41832.0,41584.0,41562.0,40995.0,41086.0,40890.0,40279.0,40638.0,40337.0,39925.0,39490.0,39709.0,39528.0,39449.0,39663.0
K,47,35177.0,34280.0,34012.0,34903.0,35320.0,35923.0,35933.0,36628.0,36487.0,37138.0,37668.0,38291.0,39051.0,40394.0,40823.0,41462.0,40813.0,39855.0,39376.0,38850.0,38537.0,38406.0,37099.0,36122.0,36048.0,35912.0,34672.0,34219.0,34725.0,34918.0,34942.0,35619.0,35617.0,36159.0,36863.0,36545.0,35488.0,35448.0,34600.0,34398.0,34011.0,33936.0,32875.0,31966.0,31912.0,31265.0,32551.0,29741.0,41821.0,41886.0,41634.0,41587.0,41045.0,40488.0,40065.0,40047.0,39709.0,39495.0,39081.0,39031.0,38509.0,38605.0,38383.0,38110.0,38188.0,38085.0,38095.0,37946.0,37442.0,36838.0,37227.0,37083.0,37052.0,36905.0,37170.0,37468.0,37917.0,38409.0,38920.0,39521.0,40336.0,40568.0,41159.0,41687.0,41828.0,41757.0,41592.0,41871.0,41618.0,41604.0,41029.0,41123.0,40923.0,40307.0,40668.0,40361.0,39959.0,39507.0,39740.0,39558.0,39472.0
K,48,36600.0,35437.0,34514.0,34120.0,35018.0,35420.0,36031.0,36048.0,36746.0,36581.0,37258.0,37763.0,38399.0,39141.0,40499.0,40923.0,41566.0,40912.0,39940.0,39470.0,38945.0,38635.0,38495.0,37188.0,36234.0,36144.0,36024.0,34761.0,34302.0,34825.0,34997.0,35053.0,35709.0,35709.0,36250.0,36936.0,36621.0,35577.0,35529.0,34681.0,34478.0,34099.0,34007.0,32953.0,32051.0,31983.0,31339.0,32620.0,29816.0,41889.0,41950.0,41712.0,41669.0,41109.0,40544.0,40139.0,40108.0,39782.0,39577.0,39138.0,39107.0,38565.0,38668.0,38447.0,38169.0,38246.0,38145.0,38166.0,37993.0,37491.0,36885.0,37280.0,37147.0,37111.0,36959.0,37219.0,37529.0,37970.0,38453.0,38967.0,39571.0,40382.0,40615.0,41203.0,41723.0,41872.0,41795.0,41631.0,41907.0,41658.0,41639.0,41074.0,41155.0,40955.0,40332.0,40693.0,40388.0,40006.0,39543.0,39769.0,39581.0
K,49,36215.0,36859.0,35684.0,34634.0,34243.0,35157.0,35518.0,36151.0,36172.0,36856.0,36668.0,37368.0,37889.0,38508.0,39221.0,40592.0,41023.0,41664.0,41011.0,40045.0,39542.0,39042.0,38737.0,38599.0,37288.0,36314.0,36251.0,36124.0,34855.0,34397.0,34895.0,35072.0,35140.0,35785.0,35794.0,36342.0,37030.0,36697.0,35656.0,35599.0,34774.0,34564.0,34178.0,34088.0,33030.0,32124.0,32054.0,31420.0,32695.0,29897.0,41946.0,42039.0,41785.0,41745.0,41185.0,40606.0,40219.0,40174.0,39849.0,39639.0,39210.0,39178.0,38642.0,38718.0,38491.0,38231.0,38323.0,38196.0,38214.0,38045.0,37559.0,36950.0,37320.0,37199.0,37157.0,36999.0,37268.0,37570.0,38011.0,38497.0,39010.0,39609.0,40441.0,40647.0,41245.0,41754.0,41921.0,41833.0,41662.0,41941.0,41695.0,41686.0,41107.0,41188.0,40986.0,40366.0,40716.0,40411.0,40031.0,39570.0,39791.0
K,50,37446.0,36479.0,37108.0,35794.0,34750.0,34356.0,35272.0,35631.0,36269.0,36283.0,36973.0,36765.0,37480.0,38014.0,38626.0,39339.0,40699.0,41115.0,41762.0,41121.0,40141.0,39663.0,39148.0,38832.0,38695.0,37393.0,36402.0,36338.0,36219.0,34948.0,34486.0,34981.0,35161.0,35228.0,35877.0,35878.0,36422.0,37125.0,36774.0,35752.0,35669.0,34846.0,34642.0,34253.0,34168.0,33124.0,32201.0,32125.0,31503.0,32764.0,29981.0,42013.0,42114.0,41836.0,41805.0,41251.0,40684.0,40274.0,40234.0,39920.0,39691.0,39264.0,39239.0,38712.0,38776.0,38553.0,38299.0,38382.0,38252.0,38283.0,38107.0,37606.0,36994.0,37373.0,37251.0,37198.0,37047.0,37313.0,37624.0,38054.0,38541.0,39054.0,39650.0,40494.0,40688.0,41274.0,41798.0,41953.0,41874.0,41700.0,41975.0,41719.0,41719.0,41132.0,41223.0,41020.0,40391.0,40743.0,40442.0,40063.0,39597.0
K,51,37536.0,37727.0,36734.0,37230.0,35907.0,34852.0,34461.0,35384.0,35763.0,36404.0,36406.0,37107.0,36879.0,37599.0,38133.0,38714.0,39446.0,40815.0,41219.0,41866.0,41214.0,40248.0,39763.0,39223.0,38941.0,38795.0,37488.0,36502.0,36443.0,36322.0,35038.0,34582.0,35070.0,35265.0,35301.0,35976.0,35983.0,36504.0,37221.0,36860.0,35835.0,35748.0,34909.0,34713.0,34339.0,34244.0,33215.0,32271.0,32211.0,31576.0,32835.0,30074.0,42087.0,42181.0,41906.0,41877.0,41323.0,40757.0,40350.0,40304.0,39986.0,39773.0,39315.0,39288.0,38781.0,38839.0,38606.0,38349.0,38443.0,38306.0,38332.0,38159.0,37646.0,37054.0,37435.0,37299.0,37237.0,37094.0,37362.0,37667.0,38093.0,38580.0,39097.0,39696.0,40535.0,40717.0,41314.0,41836.0,41994.0,41903.0,41737.0,42000.0,41754.0,41746.0,41161.0,41253.0,41051.0,40425.0,40768.0,40456.0,40094.0
K,52,37024.0,37782.0,37985.0,36857.0,37350.0,36014.0,34963.0,34538.0,35497.0,35876.0,36503.0,36509.0,37222.0,37006.0,37725.0,38254.0,38822.0,39552.0,40919.0,41337.0,41945.0,41322.0,40350.0,39855.0,39323.0,39039.0,38896.0,37590.0,36597.0,36549.0,36412.0,35137.0,34651.0,35166.0,35352.0,35381.0,36063.0,36070.0,36578.0,37302.0,36944.0,35907.0,35826.0,35008.0,34815.0,34430.0,34323.0,33295.0,32351.0,32286.0,31656.0,32922.0,30149.0,42145.0,42261.0,41971.0,41935.0,41401.0,40815.0,40425.0,40380.0,40058.0,39834.0,39386.0,39341.0,38836.0,38897.0,38661.0,38397.0,38502.0,38371.0,38385.0,38219.0,37687.0,37112.0,37486.0,37346.0,37294.0,37143.0,37398.0,37724.0,38144.0,38643.0,39131.0,39731.0,40583.0,40759.0,41359.0,41869.0,42029.0,41947.0,41768.0,42030.0,41784.0,41777.0,41191.0,41282.0,41076.0,40443.0,40799.0,40484.0
K,53,37660.0,37286.0,38053.0,38109.0,36964.0,37471.0,36125.0,35081.0,34664.0,35604.0,35992.0,36609.0,36623.0,37324.0,37116.0,37842.0,38372.0,38930.0,39645.0,41014.0,41421.0,42037.0,41414.0,40453.0,39947.0,39415.0,39131.0,39005.0,37700.0,36689.0,36638.0,36506.0,35231.0,34763.0,35249.0,35447.0,35478.0,36166.0,36158.0,36663.0,37394.0,37037.0,36003.0,35913.0,35098.0,34899.0,34510.0,34380.0,33379.0,32436.0,32366.0,31719.0,33006.0,30206.0,42211.0,42334.0,42049.0,42010.0,41461.0,40868.0,40496.0,40456.0,40109.0,39902.0,39449.0,39396.0,38905.0,38946.0,38724.0,38464.0,38567.0,38420.0,38438.0,38267.0,37741.0,37166.0,37535.0,37395.0,37340.0,37184.0,37446.0,37780.0,38187.0,38692.0,39186.0,39768.0,40620.0,40795.0,41410.0,41908.0,42066.0,41979.0,41806.0,42059.0,41818.0,41822.0,41222.0,41304.0,41102.0,40469.0,40822.0
K,54,37209.0,37926.0,37532.0,38186.0,38233.0,37088.0,37581.0,36235.0,35194.0,34787.0,35724.0,36106.0,36731.0,36726.0,37447.0,37220.0,37935.0,38489.0,39033.0,39723.0,41138.0,41531.0,42120.0,41502.0,40544.0,40050.0,39511.0,39234.0,39107.0,37787.0,36785.0,36729.0,36611.0,35313.0,34843.0,35350.0,35521.0,35561.0,36263.0,36237.0,36758.0,37473.0,37141.0,36100.0,36001.0,35185.0,34979.0,34584.0,34445.0,33458.0,32504.0,32446.0,31800.0,33088.0,30284.0,42283.0,42404.0,42123.0,42076.0,41549.0,40937.0,40559.0,40520.0,40165.0,39964.0,39510.0,39460.0,38956.0,38998.0,38787.0,38519.0,38628.0,38479.0,38493.0,38316.0,37791.0,37206.0,37570.0,37442.0,37388.0,37231.0,37495.0,37825.0,38238.0,38727.0,39224.0,39814.0,40650.0,40837.0,41449.0,41944.0,42109.0,42009.0,41823.0,42087.0,41855.0,41853.0,41250.0,41335.0,41129.0,40496.0
K,55,36217.0,37440.0,38228.0,37650.0,38285.0,38330.0,37199.0,37697.0,36349.0,35293.0,34904.0,35830.0,36223.0,36820.0,36830.0,37526.0,37333.0,38027.0,38589.0,39130.0,39820.0,41238.0,41636.0,42220.0,41608.0,40643.0,40155.0,39619.0,39328.0,39193.0,37890.0,36893.0,36836.0,36701.0,35395.0,34931.0,35424.0,35597.0,35652.0,36352.0,36311.0,36851.0,37546.0,37222.0,36182.0,36076.0,35249.0,35043.0,34645.0,34511.0,33522.0,32573.0,32523.0,31885.0,33149.0,30355.0,42351.0,42482.0,42204.0,42134.0,41594.0,40992.0,40634.0,40578.0,40223.0,40028.0,39565.0,39503.0,39013.0,39044.0,38844.0,38564.0,38672.0,38541.0,38535.0,38372.0,37839.0,37250.0,37613.0,37486.0,37416.0,37271.0,37538.0,37866.0,38278.0,38774.0,39255.0,39846.0,40682.0,40869.0,41480.0,41977.0,42149.0,42034.0,41864.0,42113.0,41887.0,41885.0,41286.0,41364.0,41154.0
K,56,35480.0,36503.0,37725.0,38335.0,37762.0,38388.0,38441.0,37309.0,37798.0,36450.0,35415.0,35028.0,35929.0,36333.0,36925.0,36933.0,37635.0,37450.0,38117.0,38694.0,39222.0,39913.0,41319.0,41739.0,42329.0,41707.0,40726.0,40240.0,39715.0,39422.0,39261.0,37985.0,36983.0,36919.0,36790.0,35480.0,35004.0,35507.0,35661.0,35746.0,36435.0,36373.0,36945.0,37644.0,37303.0,36258.0,36128.0,35333.0,35118.0,34721.0,34603.0,33603.0,32652.0,32574.0,31963.0,33211.0,30431.0,42405.0,42551.0,42264.0,42198.0,41649.0,41049.0,40685.0,40627.0,40280.0,40082.0,39627.0,39543.0,39055.0,39091.0,38902.0,38624.0,38726.0,38580.0,38587.0,38415.0,37882.0,37295.0,37659.0,37539.0,37457.0,37320.0,37571.0,37913.0,38322.0,38818.0,39294.0,39883.0,40714.0,40906.0,41519.0,42010.0,42189.0,42063.0,41895.0,42136.0,41912.0,41911.0,41300.0,41387.0
K,57,34879.0,35745.0,36783.0,37835.0,38444.0,37865.0,38503.0,38537.0,37408.0,37914.0,36574.0,35524.0,35130.0,36044.0,36435.0,37022.0,37043.0,37734.0,37554.0,38200.0,38785.0,39312.0,40001.0,41411.0,41827.0,42421.0,41796.0,40822.0,40323.0,39803.0,39518.0,39353.0,38094.0,37070.0,37002.0,36884.0,35550.0,35078.0,35582.0,35739.0,35844.0,36523.0,36436.0,36999.0,37716.0,37377.0,36335.0,36205.0,35410.0,35197.0,34800.0,34681.0,33673.0,32740.0,32648.0,32038.0,33271.0,30496.0,42480.0,42601.0,42316.0,42250.0,41694.0,41102.0,40754.0,40691.0,40341.0,40146.0,39689.0,39595.0,39118.0,39135.0,38959.0,38673.0,38764.0,38634.0,38638.0,38456.0,37916.0,37324.0,37703.0,37573.0,37494.0,37350.0,37608.0,37949.0,38362.0,38860.0,39336.0,39924.0,40747.0,40943.0,41546.0,42045.0,42224.0,42097.0,41916.0,42166.0,41932.0,41936.0,41329.0
K,58,34275.0,35154.0,35999.0,36891.0,37954.0,38561.0,37977.0,38602.0,38666.0,37501.0,38006.0,36697.0,35626.0,35224.0,36146.0,36532.0,37126.0,37131.0,37821.0,37639.0,38308.0,38891.0,39415.0,40082.0,41528.0,41923.0,42522.0,41886.0,40923.0,40422.0,39894.0,39600.0,39432.0,38181.0,37168.0,37084.0,36969.0,35628.0,35143.0,35643.0,35844.0,35926.0,36599.0,36515.0,37069.0,37793.0,37459.0,36406.0,36272.0,35469.0,35280.0,34885.0,34742.0,33759.0,32806.0,32716.0,32097.0,33337.0,30570.0,42545.0,42657.0,42390.0,42289.0,41754.0,41156.0,40819.0,40745.0,40399.0,40199.0,39723.0,39648.0,39164.0,39194.0,39016.0,38711.0,38817.0,38680.0,38680.0,38503.0,37965.0,37362.0,37744.0,37617.0,37529.0,37391.0,37636.0,37989.0,38396.0,38900.0,39367.0,39950.0,40764.0,40966.0,41556.0,42073.0,42254.0,42127.0,41932.0,42201.0,41960.0,41958.0
K,59,33194.0,34495.0,35397.0,36103.0,36996.0,38064.0,38655.0,38074.0,38710.0,38777.0,37622.0,38108.0,36804.0,35717.0,35310.0,36247.0,36620.0,37233.0,37237.0,37928.0,37726.0,38387.0,38992.0,39514.0,40174.0,41619.0,42014.0,42613.0,41976.0,41005.0,40513.0,39991.0,39693.0,39524.0,38273.0,37247.0,37160.0,37055.0,35725.0,35207.0,35713.0,35913.0,36009.0,36677.0,36598.0,37157.0,37871.0,37526.0,36460.0,36352.0,35534.0,35363.0,34946.0,34822.0,33839.0,32853.0,32777.0,32161.0,33398.0,30641.0,42601.0,42706.0,42455.0,42358.0,41802.0,41215.0,40869.0,40802.0,40444.0,40245.0,39777.0,39694.0,39200.0,39250.0,39071.0,38763.0,38853.0,38710.0,38725.0,38549.0,38005.0,37395.0,37787.0,37662.0,37561.0,37431.0,37671.0,38021.0,38426.0,38930.0,39404.0,39978.0,40792.0,40991.0,41581.0,42099.0,42280.0,42160.0,41949.0,42225.0,41989.0
K,60,32018.0,33424.0,34694.0,35477.0,36192.0,37104.0,38160.0,38737.0,38172.0,38794.0,38863.0,37719.0,38198.0,36887.0,35787.0,35391.0,36330.0,36708.0,37305.0,37328.0,37996.0,37806.0,38494.0,39069.0,39571.0,40265.0,41699.0,42090.0,42676.0,42062.0,41064.0,40593.0,40060.0,39764.0,39600.0,38331.0,37328.0,37218.0,37127.0,35780.0,35287.0,35775.0,35959.0,36069.0,36743.0,36653.0,37213.0,37942.0,37582.0,36518.0,36405.0,35592.0,35424.0,34994.0,34898.0,33896.0,32921.0,32830.0,32214.0,33447.0,30679.0,42662.0,42761.0,42490.0,42399.0,41835.0,41263.0,40896.0,40858.0,40488.0,40282.0,39819.0,39738.0,39230.0,39296.0,39111.0,38793.0,38889.0,38756.0,38756.0,38589.0,38030.0,37424.0,37817.0,37695.0,37587.0,37452.0,37700.0,38053.0,38443.0,38950.0,39427.0,39994.0,40825.0,40995.0,41598.0,42122.0,42304.0,42180.0,41956.0,42232.0
K,61,31506.0,32238.0,33642.0,34774.0,35561.0,36282.0,37198.0,38248.0,38826.0,38254.0,38879.0,38928.0,37796.0,38268.0,36985.0,35883.0,35473.0,36412.0,36782.0,37387.0,37415.0,38067.0,37886.0,38572.0,39157.0,39666.0,40336.0,41785.0,42167.0,42748.0,42139.0,41151.0,40675.0,40130.0,39841.0,39666.0,38393.0,37388.0,37287.0,37211.0,35829.0,35328.0,35832.0,36028.0,36130.0,36817.0,36715.0,37285.0,37996.0,37641.0,36574.0,36472.0,35643.0,35477.0,35038.0,34950.0,33959.0,32983.0,32881.0,32264.0,33489.0,30726.0,42703.0,42802.0,42532.0,42436.0,41878.0,41311.0,40928.0,40885.0,40530.0,40318.0,39854.0,39775.0,39273.0,39341.0,39145.0,38823.0,38923.0,38775.0,38779.0,38618.0,38057.0,37464.0,37849.0,37713.0,37601.0,37478.0,37727.0,38087.0,38485.0,38965.0,39447.0,40013.0,40837.0,41012.0,41614.0,42147.0,42324.0,42194.0,41977.0
K,62,31028.0,31758.0,32476.0,33726.0,34858.0,35654.0,36376.0,37272.0,38321.0,38888.0,38355.0,38972.0,39030.0,37862.0,38342.0,37072.0,35982.0,35550.0,36488.0,36870.0,37458.0,37488.0,38142.0,37978.0,38644.0,39244.0,39729.0,40411.0,41851.0,42246.0,42816.0,42200.0,41231.0,40746.0,40209.0,39907.0,39739.0,38458.0,37460.0,37361.0,37284.0,35894.0,35407.0,35894.0,36093.0,36191.0,36866.0,36786.0,37352.0,38044.0,37708.0,36634.0,36526.0,35694.0,35521.0,35089.0,35016.0,34002.0,33037.0,32929.0,32317.0,33543.0,30762.0,42751.0,42848.0,42585.0,42475.0,41916.0,41355.0,40978.0,40922.0,40571.0,40348.0,39898.0,39809.0,39304.0,39378.0,39191.0,38847.0,38953.0,38812.0,38820.0,38642.0,38072.0,37491.0,37879.0,37740.0,37641.0,37492.0,37748.0,38104.0,38508.0,38984.0,39471.0,40039.0,40846.0,41030.0,41637.0,42167.0,42331.0,42195.0
K,63,30842.0,31260.0,31994.0,32575.0,33828.0,34953.0,35745.0,36455.0,37361.0,38393.0,38983.0,38450.0,39059.0,39106.0,37944.0,38419.0,37146.0,36067.0,35639.0,36578.0,36945.0,37541.0,37557.0,38223.0,38050.0,38707.0,39322.0,39803.0,40471.0,41918.0,42311.0,42884.0,42253.0,41307.0,40807.0,40260.0,39984.0,39799.0,38532.0,37519.0,37424.0,37349.0,35955.0,35477.0,35967.0,36145.0,36255.0,36915.0,36853.0,37403.0,38102.0,37757.0,36694.0,36595.0,35741.0,35570.0,35140.0,35072.0,34047.0,33091.0,32984.0,32374.0,33587.0,30804.0,42797.0,42880.0,42623.0,42525.0,41955.0,41392.0,41020.0,40965.0,40596.0,40393.0,39925.0,39833.0,39329.0,39413.0,39221.0,38873.0,38975.0,38833.0,38845.0,38666.0,38109.0,37514.0,37903.0,37769.0,37669.0,37514.0,37779.0,38136.0,38513.0,39005.0,39495.0,40053.0,40861.0,41055.0,41657.0,42177.0,42349.0
K,64,30683.0,31062.0,31461.0,32078.0,32676.0,33903.0,35058.0,35837.0,36539.0,37443.0,38475.0,39082.0,38532.0,39130.0,39204.0,38044.0,38488.0,37205.0,36149.0,35730.0,36673.0,37025.0,37610.0,37642.0,38298.0,38120.0,38790.0,39409.0,39889.0,40554.0,41997.0,42392.0,42953.0,42321.0,41383.0,40882.0,40350.0,40041.0,39858.0,38602.0,37587.0,37490.0,37426.0,36035.0,35521.0,36018.0,36212.0,36323.0,36974.0,36918.0,37458.0,38149.0,37811.0,36758.0,36655.0,35791.0,35631.0,35195.0,35135.0,34090.0,33138.0,33028.0,32423.0,33646.0,30844.0,42850.0,42932.0,42675.0,42562.0,41988.0,41425.0,41062.0,40998.0,40633.0,40419.0,39971.0,39861.0,39368.0,39436.0,39255.0,38903.0,39007.0,38861.0,38856.0,38691.0,38131.0,37524.0,37922.0,37797.0,37701.0,37540.0,37799.0,38157.0,38520.0,39021.0,39518.0,40062.0,40877.0,41072.0,41673.0,42187.0
K,65,29874.0,30540.0,30954.0,31235.0,31822.0,32383.0,33617.0,34760.0,35566.0,36307.0,37162.0,38178.0,38809.0,38259.0,38827.0,38934.0,37792.0,38236.0,36935.0,35923.0,35511.0,36479.0,36806.0,37410.0,37421.0,38119.0,37899.0,38597.0,39191.0,39658.0,40350.0,41775.0,42170.0,42717.0,42108.0,41186.0,40673.0,40155.0,39809.0,39647.0,38398.0,37423.0,37304.0,37226.0,35840.0,35354.0,35846.0,36040.0,36164.0,36794.0,36722.0,37257.0,37961.0,37638.0,36594.0,36467.0,35601.0,35459.0,35033.0,34936.0,33908.0,32943.0,32829.0,32257.0,33451.0,30678.0,42573.0,42667.0,42426.0,42307.0,41738.0,41162.0,40771.0,40737.0,40336.0,40158.0,39694.0,39607.0,39067.0,39163.0,38997.0,38617.0,38764.0,38581.0,38597.0,38435.0,37892.0,37279.0,37665.0,37568.0,37456.0,37301.0,37552.0,37908.0,38278.0,38756.0,39245.0,39765.0,40585.0,40764.0,41373.0
K,66,30085.0,29787.0,30388.0,30742.0,31042.0,31622.0,32119.0,33344.0,34502.0,35299.0,36012.0,36881.0,37898.0,38541.0,37978.0,38567.0,38680.0,37538.0,38007.0,36729.0,35709.0,35259.0,36254.0,36589.0,37177.0,37208.0,37905.0,37694.0,38401.0,38957.0,39478.0,40158.0,41576.0,41932.0,42495.0,41896.0,40990.0,40496.0,39957.0,39610.0,39454.0,38231.0,37267.0,37101.0,37059.0,35654.0,35186.0,35684.0,35844.0,36001.0,36650.0,36531.0,37088.0,37786.0,37462.0,36438.0,36267.0,35409.0,35258.0,34882.0,34739.0,33718.0,32745.0,32645.0,32085.0,33245.0,30489.0,42317.0,42399.0,42160.0,42047.0,41473.0,40890.0,40499.0,40483.0,40095.0,39864.0,39469.0,39332.0,38785.0,38903.0,38739.0,38369.0,38517.0,38309.0,38367.0,38164.0,37675.0,37029.0,37418.0,37340.0,37195.0,37082.0,37314.0,37668.0,37997.0,38499.0,38983.0,39478.0,40300.0,40472.0
K,67,29117.0,29974.0,29730.0,30175.0,30513.0,30762.0,31385.0,31871.0,33105.0,34228.0,35037.0,35793.0,36644.0,37623.0,38269.0,37692.0,38303.0,38454.0,37261.0,37777.0,36490.0,35474.0,35059.0,36047.0,36360.0,36956.0,36991.0,37705.0,37499.0,38170.0,38761.0,39263.0,39971.0,41358.0,41720.0,42298.0,41659.0,40792.0,40277.0,39774.0,39406.0,39260.0,38063.0,37086.0,36893.0,36892.0,35505.0,35046.0,35521.0,35682.0,35797.0,36463.0,36356.0,36920.0,37616.0,37279.0,36273.0,36070.0,35194.0,35086.0,34697.0,34564.0,33573.0,32581.0,32462.0,31925.0,33030.0,30311.0,42043.0,42132.0,41915.0,41765.0,41191.0,40603.0,40225.0,40226.0,39834.0,39566.0,39204.0,39086.0,38505.0,38654.0,38466.0,38101.0,38244.0,38048.0,38136.0,37905.0,37421.0,36783.0,37185.0,37121.0,36950.0,36843.0,37053.0,37403.0,37785.0,38237.0,38685.0,39185.0,40027.0
K,68,28485.0,28999.0,29896.0,29544.0,29925.0,30298.0,30517.0,31165.0,31658.0,32878.0,33975.0,34798.0,35520.0,36418.0,37364.0,37980.0,37386.0,38031.0,38195.0,37031.0,37538.0,36295.0,35255.0,34828.0,35860.0,36125.0,36758.0,36787.0,37472.0,37309.0,38002.0,38570.0,39056.0,39792.0,41154.0,41526.0,42083.0,41436.0,40578.0,40068.0,39563.0,39233.0,39059.0,37888.0,36891.0,36698.0,36721.0,35353.0,34891.0,35375.0,35492.0,35627.0,36292.0,36169.0,36751.0,37458.0,37091.0,36084.0,35893.0,35008.0,34914.0,34502.0,34340.0,33358.0,32379.0,32258.0,31757.0,32839.0,30126.0,41774.0,41830.0,41653.0,41502.0,40924.0,40325.0,39946.0,39955.0,39581.0,39286.0,38954.0,38805.0,38255.0,38434.0,38201.0,37834.0,37984.0,37813.0,37892.0,37639.0,37180.0,36559.0,36958.0,36887.0,36723.0,36629.0,36801.0,37155.0,37527.0,37981.0,38376.0,38921.0
K,69,27981.0,28394.0,28919.0,29712.0,29315.0,29725.0,30108.0,30300.0,30896.0,31432.0,32641.0,33710.0,34551.0,35257.0,36155.0,37089.0,37713.0,37157.0,37788.0,37973.0,36777.0,37318.0,36069.0,35056.0,34622.0,35648.0,35921.0,36575.0,36598.0,37292.0,37119.0,37807.0,38354.0,38851.0,39588.0,40928.0,41330.0,41910.0,41210.0,40358.0,39861.0,39366.0,39053.0,38829.0,37723.0,36724.0,36519.0,36538.0,35164.0,34732.0,35219.0,35319.0,35450.0,36114.0,36025.0,36574.0,37270.0,36925.0,35889.0,35723.0,34820.0,34728.0,34278.0,34155.0,33178.0,32162.0,32107.0,31574.0,32632.0,29946.0,41528.0,41574.0,41393.0,41279.0,40668.0,40071.0,39668.0,39708.0,39349.0,39042.0,38704.0,38535.0,37978.0,38149.0,37942.0,37602.0,37710.0,37552.0,37677.0,37400.0,36903.0,36329.0,36726.0,36633.0,36471.0,36388.0,36540.0,36907.0,37241.0,37735.0,38126.0
K,70,27198.0,27579.0,28030.0,28391.0,29128.0,28810.0,29198.0,29561.0,29769.0,30321.0,30924.0,32053.0,33159.0,33994.0,34642.0,35557.0,36523.0,37113.0,36544.0,37188.0,37434.0,36216.0,36783.0,35536.0,34563.0,34143.0,35185.0,35478.0,36097.0,36125.0,36829.0,36664.0,37359.0,37893.0,38393.0,39116.0,40416.0,40833.0,41403.0,40763.0,39868.0,39413.0,38878.0,38575.0,38407.0,37279.0,36286.0,36121.0,36115.0,34768.0,34310.0,34838.0,34947.0,35047.0,35713.0,35612.0,36162.0,36882.0,36482.0,35457.0,35274.0,34392.0,34278.0,33843.0,33696.0,32768.0,31773.0,31688.0,31190.0,32198.0,29549.0,40977.0,41039.0,40814.0,40703.0,40111.0,39499.0,39093.0,39146.0,38794.0,38456.0,38169.0,37988.0,37426.0,37588.0,37422.0,37063.0,37190.0,37027.0,37198.0,36894.0,36410.0,35823.0,36200.0,36122.0,35973.0,35876.0,36021.0,36389.0,36691.0,37184.0
K,71,25526.0,26829.0,27173.0,27449.0,27856.0,28611.0,28286.0,28674.0,29051.0,29268.0,29844.0,30445.0,31535.0,32646.0,33471.0,34096.0,34956.0,35992.0,36547.0,35973.0,36623.0,36910.0,35719.0,36235.0,34994.0,34114.0,33719.0,34739.0,35022.0,35670.0,35715.0,36347.0,36236.0,36898.0,37432.0,37937.0,38637.0,39936.0,40354.0,40947.0,40283.0,39410.0,38934.0,38416.0,38169.0,37986.0,36859.0,35901.0,35696.0,35725.0,34394.0,33906.0,34402.0,34599.0,34665.0,35338.0,35184.0,35738.0,36473.0,36038.0,35041.0,34849.0,33953.0,33875.0,33400.0,33282.0,32356.0,31343.0,31235.0,30790.0,31756.0,29120.0,40425.0,40514.0,40271.0,40139.0,39552.0,38934.0,38546.0,38577.0,38214.0,37883.0,37650.0,37474.0,36863.0,37059.0,36907.0,36576.0,36658.0,36506.0,36712.0,36437.0,35908.0,35363.0,35647.0,35622.0,35468.0,35383.0,35516.0,35852.0,36128.0
K,72,25882.0,25193.0,26455.0,26670.0,26987.0,27373.0,28140.0,27789.0,28189.0,28605.0,28789.0,29372.0,29957.0,31029.0,32098.0,32923.0,33596.0,34409.0,35440.0,35994.0,35436.0,36093.0,36399.0,35246.0,35712.0,34538.0,33654.0,33245.0,34260.0,34561.0,35280.0,35314.0,35919.0,35836.0,36427.0,37003.0,37533.0,38179.0,39479.0,39824.0,40481.0,39826.0,38943.0,38467.0,37988.0,37717.0,37532.0,36488.0,35457.0,35260.0,35327.0,34038.0,33547.0,34002.0,34183.0,34280.0,34941.0,34796.0,35353.0,36042.0,35619.0,34596.0,34408.0,33554.0,33479.0,32962.0,32866.0,31917.0,30887.0,30779.0,30365.0,31373.0,28694.0,39838.0,39956.0,39738.0,39555.0,38993.0,38342.0,37995.0,38062.0,37666.0,37373.0,37086.0,36923.0,36313.0,36543.0,36364.0,36113.0,36135.0,35980.0,36244.0,35918.0,35411.0,34887.0,35118.0,35142.0,34940.0,34892.0,34974.0,35369.0
K,73,25567.0,25487.0,24828.0,25930.0,26174.0,26519.0,26895.0,27651.0,27340.0,27740.0,28125.0,28331.0,28840.0,29514.0,30563.0,31602.0,32467.0,33049.0,33780.0,34902.0,35456.0,34901.0,35585.0,35894.0,34725.0,35213.0,34082.0,33235.0,32820.0,33837.0,34121.0,34871.0,34911.0,35513.0,35433.0,36041.0,36587.0,37108.0,37703.0,39012.0,39320.0,40022.0,39357.0,38472.0,38035.0,37494.0,37290.0,37101.0,36046.0,35058.0,34854.0,34909.0,33610.0,33154.0,33642.0,33810.0,33852.0,34529.0,34382.0,34916.0,35624.0,35188.0,34181.0,33986.0,33104.0,33072.0,32520.0,32417.0,31477.0,30436.0,30372.0,29944.0,30972.0,28308.0,39263.0,39416.0,39155.0,38991.0,38390.0,37750.0,37454.0,37520.0,37126.0,36804.0,36577.0,36383.0,35802.0,36037.0,35887.0,35636.0,35629.0,35490.0,35803.0,35378.0,34925.0,34360.0,34636.0,34635.0,34450.0,34401.0,34437.0
K,74,25427.0,25205.0,25144.0,24411.0,25470.0,25691.0,26050.0,26452.0,27187.0,26901.0,27290.0,27652.0,27895.0,28345.0,29081.0,30100.0,31176.0,31926.0,32568.0,33310.0,34415.0,34926.0,34410.0,35096.0,35386.0,34221.0,34736.0,33643.0,32838.0,32390.0,33439.0,33665.0,34442.0,34506.0,35108.0,35043.0,35614.0,36129.0,36649.0,37245.0,38552.0,38868.0,39539.0,38892.0,38004.0,37598.0,37038.0,36866.0,36691.0,35615.0,34662.0,34451.0,34537.0,33237.0,32797.0,33260.0,33440.0,33491.0,34159.0,33960.0,34491.0,35197.0,34763.0,33745.0,33565.0,32676.0,32623.0,32098.0,31956.0,31026.0,30011.0,29961.0,29538.0,30582.0,27951.0,38693.0,38849.0,38635.0,38406.0,37871.0,37197.0,36884.0,37003.0,36578.0,36333.0,36012.0,35840.0,35297.0,35560.0,35429.0,35180.0,35097.0,34979.0,35299.0,34900.0,34414.0,33854.0,34132.0,34117.0,33948.0,33889.0
K,75,25805.0,24571.0,24276.0,24134.0,23516.0,24456.0,24723.0,25081.0,25488.0,26218.0,25968.0,26317.0,26668.0,26922.0,27367.0,28131.0,29064.0,30187.0,30873.0,31509.0,32264.0,33367.0,33835.0,33386.0,34000.0,34396.0,33236.0,33763.0,32713.0,32014.0,31514.0,32537.0,32816.0,33618.0,33647.0,34207.0,34130.0,34761.0,35185.0,35798.0,36292.0,37555.0,37908.0,38564.0,37892.0,37026.0,36689.0,36103.0,36010.0,35744.0,34742.0,33856.0,33612.0,33735.0,32444.0,31963.0,32483.0,32612.0,32641.0,33265.0,33150.0,33608.0,34322.0,33853.0,32817.0,32693.0,31778.0,31724.0,31239.0,31074.0,30169.0,29145.0,29071.0,28699.0,29756.0,27161.0,37539.0,37725.0,37526.0,37246.0,36766.0,36106.0,35796.0,35854.0,35537.0,35286.0,35001.0,34857.0,34288.0,34579.0,34472.0,34183.0,34168.0,34033.0,34372.0,33891.0,33437.0,32883.0,33169.0,33165.0,32948.0
K,76,26208.0,24901.0,23684.0,23343.0,23139.0,22646.0,23545.0,23804.0,24138.0,24583.0,25291.0,25092.0,25400.0,25711.0,26039.0,26421.0,27205.0,28176.0,29243.0,29958.0,30559.0,31269.0,32305.0,32768.0,32395.0,33052.0,33425.0,32236.0,32873.0,31855.0,31189.0,30705.0,31701.0,31921.0,32745.0,32760.0,33450.0,33301.0,33923.0,34216.0,34893.0,35396.0,36592.0,36956.0,37580.0,36969.0,36106.0,35731.0,35184.0,35097.0,34903.0,33869.0,32977.0,32795.0,32898.0,31673.0,31206.0,31626.0,31782.0,31860.0,32390.0,32338.0,32754.0,33403.0,32966.0,31911.0,31778.0,30887.0,30847.0,30407.0,30190.0,29321.0,28334.0,28243.0,27874.0,28896.0,26375.0,36471.0,36652.0,36344.0,36126.0,35638.0,35067.0,34743.0,34726.0,34450.0,34226.0,33963.0,33921.0,33321.0,33621.0,33518.0,33215.0,33218.0,33082.0,33394.0,32918.0,32531.0,31846.0,32201.0,32236.0
K,77,23006.0,25269.0,24032.0,22746.0,22431.0,22225.0,21802.0,22657.0,22902.0,23324.0,23721.0,24364.0,24240.0,24543.0,24886.0,25151.0,25503.0,26311.0,27280.0,28381.0,29016.0,29618.0,30306.0,31332.0,31834.0,31374.0,32158.0,32437.0,31383.0,31997.0,31001.0,30336.0,29911.0,30883.0,31115.0,31946.0,31944.0,32580.0,32478.0,33040.0,33397.0,34033.0,34507.0,35711.0,36001.0,36669.0,36014.0,35204.0,34831.0,34348.0,34237.0,34090.0,33096.0,32182.0,31974.0,32112.0,30929.0,30456.0,30830.0,30931.0,31104.0,31537.0,31462.0,31935.0,32501.0,32033.0,31070.0,30974.0,30017.0,29953.0,29587.0,29354.0,28479.0,27599.0,27445.0,27070.0,28076.0,25622.0,35371.0,35555.0,35261.0,35022.0,34544.0,34037.0,33753.0,33674.0,33475.0,33247.0,33029.0,32993.0,32421.0,32686.0,32597.0,32345.0,32292.0,32169.0,32465.0,31985.0,31623.0,30898.0,31261.0
K,78,21550.0,22210.0,24345.0,23091.0,21853.0,21603.0,21414.0,21076.0,21843.0,22084.0,22486.0,22852.0,23546.0,23392.0,23705.0,24055.0,24312.0,24671.0,25494.0,26417.0,27486.0,28175.0,28718.0,29433.0,30402.0,30911.0,30530.0,31301.0,31565.0,30561.0,31164.0,30207.0,29555.0,29172.0,30135.0,30323.0,31149.0,31161.0,31791.0,31712.0,32145.0,32550.0,33190.0,33673.0,34798.0,35090.0,35795.0,35120.0,34327.0,34000.0,33564.0,33497.0,33277.0,32300.0,31427.0,31180.0,31273.0,30187.0,29649.0,30040.0,30132.0,30292.0,30769.0,30591.0,31063.0,31614.0,31192.0,30215.0,30120.0,29203.0,29158.0,28756.0,28503.0,27635.0,26790.0,26588.0,26336.0,27242.0,24883.0,34244.0,34528.0,34269.0,33994.0,33534.0,33072.0,32728.0,32664.0,32512.0,32310.0,32086.0,32058.0,31572.0,31799.0,31696.0,31389.0,31345.0,31271.0,31472.0,31031.0,30743.0,29972.0
K,79,18625.0,20836.0,21430.0,23452.0,22152.0,21067.0,20792.0,20655.0,20347.0,20981.0,21346.0,21704.0,22106.0,22782.0,22613.0,22932.0,23259.0,23503.0,23836.0,24691.0,25584.0,26631.0,27312.0,27879.0,28595.0,29541.0,30105.0,29695.0,30440.0,30770.0,29777.0,30342.0,29434.0,28797.0,28443.0,29410.0,29580.0,30393.0,30339.0,31009.0,30904.0,31342.0,31683.0,32361.0,32814.0,33928.0,34239.0,34897.0,34230.0,33461.0,33188.0,32758.0,32726.0,32438.0,31492.0,30685.0,30417.0,30532.0,29462.0,28919.0,29300.0,29371.0,29544.0,29954.0,29744.0,30211.0,30733.0,30319.0,29391.0,29282.0,28377.0,28344.0,27974.0,27749.0,26818.0,26036.0,25812.0,25561.0,26439.0,24096.0,33208.0,33531.0,33254.0,33045.0,32528.0,32179.0,31798.0,31706.0,31607.0,31420.0,31203.0,31189.0,30702.0,30916.0,30723.0,30540.0,30421.0,30370.0,30554.0,30125.0,29860.0
K,80,16927.0,17153.0,19208.0,19716.0,21604.0,20346.0,19413.0,19173.0,19062.0,18890.0,19429.0,19865.0,20208.0,20540.0,21229.0,20992.0,21330.0,21691.0,21965.0,22264.0,23078.0,23995.0,25027.0,25680.0,26187.0,26902.0,27830.0,28378.0,27979.0,28824.0,29123.0,28172.0,28701.0,27825.0,27303.0,26993.0,27884.0,28076.0,28839.0,28845.0,29352.0,29249.0,29712.0,30055.0,30724.0,31113.0,32239.0,32461.0,33201.0,32598.0,31861.0,31510.0,31126.0,31142.0,30907.0,29923.0,29143.0,28902.0,29023.0,27915.0,27395.0,27731.0,27800.0,27981.0,28320.0,28102.0,28591.0,29066.0,28640.0,27818.0,27614.0,26762.0,26690.0,26471.0,26148.0,25301.0,24555.0,24348.0,24038.0,24895.0,22713.0,31268.0,31528.0,31238.0,31071.0,30610.0,30322.0,29972.0,29970.0,29814.0,29638.0,29521.0,29468.0,28951.0,29151.0,28953.0,28829.0,28663.0,28595.0,28755.0,28331.0
K,81,14386.0,15625.0,15837.0,17701.0,18196.0,19885.0,18719.0,17952.0,17742.0,17718.0,17507.0,18109.0,18433.0,18848.0,19114.0,19686.0,19653.0,19888.0,20281.0,20537.0,20867.0,21679.0,22534.0,23557.0,24117.0,24767.0,25315.0,26248.0,26744.0,26486.0,27297.0,27590.0,26690.0,27212.0,26421.0,25888.0,25655.0,26463.0,26712.0,27274.0,27375.0,27837.0,27827.0,28131.0,28532.0,29204.0,29618.0,30609.0,30834.0,31528.0,30975.0,30210.0,30020.0,29541.0,29655.0,29381.0,28424.0,27666.0,27423.0,27523.0,26439.0,26016.0,26199.0,26245.0,26503.0,26769.0,26544.0,27016.0,27416.0,27029.0,26208.0,26141.0,25249.0,25196.0,24930.0,24615.0,23827.0,23164.0,22909.0,22626.0,23392.0,21330.0,29364.0,29700.0,29459.0,29251.0,28822.0,28628.0,28291.0,28303.0,28159.0,28005.0,27814.0,27853.0,27332.0,27482.0,27263.0,27194.0,27000.0,26971.0,27087.0
K,82,14292.0,13319.0,14453.0,14534.0,16322.0,16841.0,18322.0,17307.0,16621.0,16439.0,16436.0,16281.0,16885.0,17133.0,17527.0,17838.0,18385.0,18392.0,18560.0,18949.0,19200.0,19574.0,20324.0,21142.0,22159.0,22782.0,23344.0,23885.0,24777.0,25293.0,25047.0,25860.0,26178.0,25345.0,25758.0,25146.0,24561.0,24286.0,25105.0,25375.0,25901.0,25905.0,26400.0,26454.0,26692.0,27117.0,27728.0,28151.0,29137.0,29353.0,29989.0,29393.0,28744.0,28589.0,28099.0,28144.0,27880.0,27024.0,26321.0,26023.0,26111.0,25079.0,24715.0,24804.0,24838.0,25074.0,25263.0,25107.0,25505.0,25939.0,25441.0,24683.0,24668.0,23822.0,23738.0,23509.0,23243.0,22435.0,21783.0,21609.0,21293.0,22056.0,20111.0,27640.0,27912.0,27745.0,27565.0,27186.0,27019.0,26678.0,26758.0,26583.0,26410.0,26242.0,26263.0,25729.0,25918.0,25699.0,25612.0,25415.0,25419.0
K,83,13203.0,13218.0,12309.0,13316.0,13424.0,15043.0,15536.0,16928.0,16021.0,15461.0,15215.0,15312.0,15142.0,15714.0,15918.0,16331.0,16614.0,17163.0,17207.0,17391.0,17732.0,18047.0,18441.0,19035.0,19866.0,20794.0,21465.0,22019.0,22569.0,23375.0,23977.0,23697.0,24474.0,24796.0,24057.0,24388.0,23821.0,23283.0,22975.0,23816.0,24076.0,24526.0,24622.0,25012.0,25149.0,25421.0,25775.0,26328.0,26779.0,27637.0,27910.0,28564.0,27909.0,27359.0,27085.0,26806.0,26738.0,26486.0,25667.0,24916.0,24700.0,24665.0,23777.0,23407.0,23365.0,23427.0,23695.0,23810.0,23690.0,24093.0,24474.0,24029.0,23275.0,23174.0,22490.0,22355.0,22142.0,21951.0,21064.0,20473.0,20294.0,19984.0,20828.0,18973.0,26072.0,26290.0,26167.0,26066.0,25702.0,25494.0,25230.0,25296.0,25109.0,24976.0,24767.0,24812.0,24242.0,24414.0,24272.0,24097.0,23992.0
K,84,12100.0,12190.0,12244.0,11300.0,12311.0,12377.0,13895.0,14285.0,15633.0,14814.0,14384.0,14062.0,14189.0,14035.0,14629.0,14864.0,15182.0,15468.0,16028.0,16096.0,16277.0,16621.0,16898.0,17276.0,17927.0,18732.0,19579.0,20252.0,20872.0,21237.0,22132.0,22715.0,22450.0,23188.0,23490.0,22826.0,23104.0,22499.0,22092.0,21811.0,22576.0,22858.0,23275.0,23400.0,23768.0,23827.0,24130.0,24585.0,25051.0,25494.0,26293.0,26549.0,27179.0,26523.0,26040.0,25763.0,25482.0,25389.0,25159.0,24371.0,23656.0,23447.0,23385.0,22516.0,22130.0,22062.0,22138.0,22359.0,22491.0,22384.0,22725.0,23046.0,22648.0,21986.0,21846.0,21188.0,21022.0,20836.0,20604.0,19793.0,19217.0,19089.0,18852.0,19626.0,17820.0,24583.0,24841.0,24664.0,24586.0,24301.0,24163.0,23887.0,23873.0,23726.0,23543.0,23399.0,23414.0,22843.0,23036.0,22837.0,22638.0
K,85,10731.0,10230.0,10252.0,10332.0,9609.0,10428.0,10568.0,11828.0,12249.0,13380.0,12748.0,12371.0,12133.0,12239.0,12018.0,12645.0,12894.0,13199.0,13415.0,13953.0,14111.0,14288.0,14614.0,14786.0,15264.0,15892.0,16603.0,17405.0,17997.0,18633.0,19005.0,19798.0,20337.0,20178.0,20869.0,21078.0,20528.0,20800.0,20139.0,19775.0,19627.0,20290.0,20531.0,20940.0,21030.0,21382.0,21481.0,21769.0,22185.0,22655.0,23048.0,23826.0,24000.0,24585.0,23975.0,23521.0,23216.0,22935.0,22944.0,22652.0,21867.0,21206.0,21037.0,20946.0,20086.0,19790.0,19667.0,19634.0,19873.0,20069.0,19846.0,20217.0,20478.0,20010.0,19536.0,19356.0,18821.0,18608.0,18493.0,18275.0,17491.0,16978.0,16878.0,16720.0,17371.0,15793.0,21740.0,22038.0,21887.0,21830.0,21666.0,21452.0,21304.0,21240.0,21162.0,20916.0,20844.0,20736.0,20311.0,20401.0,20258.0
K,86,9731.0,9118.0,8668.0,8636.0,8788.0,8147.0,8925.0,9012.0,10100.0,10485.0,11485.0,10982.0,10634.0,10419.0,10616.0,10405.0,10991.0,11132.0,11472.0,11723.0,12185.0,12332.0,12533.0,12908.0,13129.0,13429.0,14087.0,14811.0,15440.0,16108.0,16574.0,16991.0,17856.0,18166.0,18117.0,18722.0,18896.0,18417.0,18586.0,18052.0,17799.0,17588.0,18245.0,18478.0,18773.0,18984.0,19299.0,19324.0,19618.0,20034.0,20551.0,20785.0,21614.0,21717.0,22114.0,21671.0,21264.0,20828.0,20648.0,20686.0,20276.0,19657.0,18981.0,18854.0,18766.0,17861.0,17660.0,17488.0,17530.0,17641.0,17920.0,17611.0,17985.0,18143.0,17782.0,17303.0,17166.0,16694.0,16434.0,16305.0,16161.0,15402.0,14943.0,14923.0,14751.0,15346.0,13998.0,19313.0,19569.0,19526.0,19508.0,19328.0,19142.0,19009.0,18944.0,18794.0,18532.0,18569.0,18390.0,18006.0,18064.0
K,87,8566.0,8276.0,7755.0,7309.0,7269.0,7458.0,6911.0,7592.0,7706.0,8631.0,8981.0,9919.0,9457.0,9199.0,9015.0,9192.0,9034.0,9546.0,9737.0,9993.0,10189.0,10654.0,10881.0,11047.0,11382.0,11598.0,11890.0,12515.0,13223.0,13676.0,14399.0,14894.0,15179.0,16038.0,16327.0,16332.0,16817.0,16983.0,16573.0,16723.0,16245.0,16032.0,15832.0,16449.0,16671.0,16995.0,17092.0,17442.0,17477.0,17743.0,18077.0,18521.0,18817.0,19510.0,19598.0,19956.0,19520.0,19209.0,18783.0,18585.0,18511.0,18133.0,17651.0,16984.0,16783.0,16791.0,15844.0,15729.0,15628.0,15567.0,15623.0,15879.0,15592.0,16000.0,16124.0,15824.0,15297.0,15200.0,14771.0,14567.0,14404.0,14305.0,13603.0,13206.0,13291.0,13079.0,13615.0,12479.0,17218.0,17470.0,17435.0,17441.0,17280.0,16990.0,16908.0,16855.0,16680.0,16407.0,16469.0,16292.0,15964.0
K,88,7676.0,7236.0,7013.0,6596.0,6182.0,6123.0,6351.0,5974.0,6482.0,6612.0,7375.0,7713.0,8577.0,8145.0,7937.0,7835.0,8013.0,7870.0,8362.0,8532.0,8783.0,8968.0,9411.0,9615.0,9780.0,10007.0,10339.0,10585.0,11182.0,11873.0,12228.0,12912.0,13276.0,13627.0,14384.0,14623.0,14667.0,15083.0,15252.0,14958.0,15108.0,14563.0,14369.0,14224.0,14788.0,15075.0,15361.0,15409.0,15774.0,15752.0,16034.0,16327.0,16753.0,16975.0,17634.0,17778.0,17958.0,17608.0,17297.0,16811.0,16686.0,16640.0,16215.0,15794.0,15178.0,14965.0,15058.0,14123.0,13982.0,13869.0,13797.0,13910.0,14121.0,13850.0,14135.0,14316.0,14062.0,13522.0,13443.0,13111.0,12867.0,12811.0,12672.0,12013.0,11734.0,11865.0,11606.0,12068.0,11074.0,15327.0,15595.0,15545.0,15568.0,15371.0,15104.0,15098.0,14976.0,14848.0,14554.0,14610.0,14392.0
K,89,6899.0,6503.0,6103.0,5913.0,5595.0,5277.0,5182.0,5430.0,5111.0,5546.0,5668.0,6387.0,6673.0,7424.0,7043.0,6938.0,6804.0,6967.0,6852.0,7262.0,7474.0,7682.0,7938.0,8285.0,8512.0,8661.0,8859.0,9196.0,9508.0,9970.0,10607.0,10919.0,11590.0,11932.0,12246.0,12932.0,13118.0,13165.0,13581.0,13700.0,13449.0,13625.0,13040.0,12953.0,12798.0,13335.0,13514.0,13878.0,13947.0,14237.0,14258.0,14482.0,14778.0,15093.0,15331.0,15851.0,16039.0,16225.0,15828.0,15540.0,15053.0,14860.0,14961.0,14466.0,14118.0,13577.0,13342.0,13409.0,12544.0,12492.0,12350.0,12282.0,12371.0,12547.0,12275.0,12581.0,12699.0,12553.0,11992.0,11935.0,11651.0,11381.0,11286.0,11215.0,10611.0,10429.0,10485.0,10305.0,10741.0,9943.0,13724.0,13904.0,13924.0,13849.0,13686.0,13424.0,13412.0,13348.0,13194.0,12944.0,12947.0
K,90,6430.0,6927.0,6529.0,6118.0,5923.0,5600.0,5289.0,5199.0,5436.0,5122.0,5558.0,5677.0,6400.0,6684.0,7434.0,7049.0,6946.0,6815.0,6975.0,6861.0,7272.0,7485.0,7690.0,7945.0,8293.0,8522.0,8670.0,8864.0,9209.0,9518.0,9981.0,10624.0,10931.0,11602.0,11948.0,12254.0,12941.0,13130.0,13172.0,13585.0,13708.0,13458.0,13626.0,13049.0,12958.0,12804.0,13344.0,13523.0,13883.0,13954.0,14241.0,14269.0,14489.0,14787.0,15097.0,15336.0,15855.0,16047.0,16233.0,15837.0,15546.0,15066.0,14865.0,14964.0,14469.0,14122.0,13584.0,13344.0,13413.0,12550.0,12498.0,12352.0,12286.0,12374.0,12556.0,12285.0,12590.0,12706.0,12557.0,11993.0,11940.0,11658.0,11389.0,11291.0,11222.0,10615.0,10430.0,10490.0,10307.0,10746.0,9947.0,13725.0,13908.0,13925.0,13850.0,13687.0,13426.0,13415.0,13352.0,13197.0,12946.0
K,91,5648.0,4859.0,5252.0,4897.0,4572.0,4411.0,4190.0,3938.0,3881.0,4035.0,3823.0,4169.0,4259.0,4830.0,4991.0,5613.0,5326.0,5265.0,5158.0,5258.0,5150.0,5487.0,5628.0,5776.0,5954.0,6260.0,6419.0,6505.0,6666.0,6926.0,7159.0,7496.0,8030.0,8242.0,8764.0,8968.0,9250.0,9771.0,9898.0,9926.0,10218.0,10361.0,10132.0,10293.0,9817.0,9736.0,9637.0,10043.0,10176.0,10436.0,10492.0,10738.0,10746.0,10965.0,11166.0,11374.0,11619.0,11948.0,12087.0,12242.0,11963.0,11699.0,11365.0,11206.0,11278.0,10879.0,10585.0,10171.0,10089.0,10099.0,9426.0,9354.0,9314.0,9251.0,9277.0,9432.0,9205.0,9456.0,9546.0,9413.0,9023.0,9000.0,8775.0,8554.0,8498.0,8498.0,7982.0,7872.0,7917.0,7753.0,8108.0,7495.0,10218.0,10439.0,10473.0,10377.0,10261.0,10092.0,10083.0,10003.0,9939.0
K,92,4751.0,4316.0,3695.0,3960.0,3734.0,3446.0,3301.0,3130.0,2942.0,2892.0,3035.0,2908.0,3171.0,3269.0,3661.0,3742.0,4239.0,4006.0,3975.0,3880.0,3987.0,3886.0,4180.0,4251.0,4390.0,4525.0,4725.0,4827.0,4860.0,5000.0,5189.0,5350.0,5578.0,5977.0,6073.0,6466.0,6636.0,6871.0,7284.0,7394.0,7378.0,7572.0,7670.0,7484.0,7688.0,7321.0,7310.0,7162.0,7489.0,7525.0,7787.0,7746.0,7964.0,7999.0,8207.0,8304.0,8566.0,8712.0,8968.0,9089.0,9181.0,8944.0,8766.0,8489.0,8366.0,8408.0,8120.0,7931.0,7631.0,7537.0,7512.0,7039.0,7010.0,6980.0,6888.0,6929.0,7045.0,6896.0,7113.0,7151.0,7056.0,6698.0,6736.0,6593.0,6392.0,6369.0,6357.0,6019.0,5947.0,5963.0,5854.0,6086.0,5592.0,7634.0,7799.0,7831.0,7738.0,7728.0,7597.0,7568.0,7525.0
K,93,3747.0,3568.0,3240.0,2820.0,3005.0,2808.0,2575.0,2478.0,2334.0,2171.0,2145.0,2310.0,2211.0,2401.0,2457.0,2756.0,2794.0,3166.0,3004.0,2982.0,2897.0,2994.0,2959.0,3165.0,3152.0,3309.0,3403.0,3553.0,3638.0,3618.0,3745.0,3884.0,4056.0,4213.0,4471.0,4567.0,4908.0,5029.0,5148.0,5502.0,5526.0,5468.0,5658.0,5714.0,5587.0,5748.0,5443.0,5467.0,5356.0,5582.0,5639.0,5841.0,5802.0,5954.0,5999.0,6112.0,6246.0,6437.0,6452.0,6731.0,6804.0,6855.0,6672.0,6558.0,6301.0,6177.0,6274.0,6085.0,5950.0,5686.0,5708.0,5644.0,5302.0,5241.0,5250.0,5152.0,5233.0,5278.0,5167.0,5360.0,5342.0,5269.0,4994.0,4985.0,4888.0,4770.0,4800.0,4757.0,4468.0,4406.0,4435.0,4337.0,4601.0,4223.0,5715.0,5778.0,5876.0,5816.0,5798.0,5677.0,5629.0
K,94,3013.0,2859.0,2734.0,2485.0,2149.0,2275.0,2128.0,1952.0,1888.0,1760.0,1640.0,1643.0,1709.0,1668.0,1826.0,1816.0,2079.0,2121.0,2402.0,2265.0,2245.0,2157.0,2201.0,2219.0,2390.0,2357.0,2450.0,2528.0,2661.0,2718.0,2711.0,2849.0,2932.0,3050.0,3173.0,3361.0,3437.0,3691.0,3778.0,3844.0,4122.0,4184.0,4152.0,4278.0,4324.0,4245.0,4347.0,4150.0,4145.0,4026.0,4156.0,4260.0,4407.0,4363.0,4508.0,4545.0,4552.0,4698.0,4910.0,4836.0,5126.0,5136.0,5131.0,4987.0,4961.0,4714.0,4644.0,4677.0,4557.0,4422.0,4294.0,4314.0,4250.0,3960.0,3908.0,3935.0,3837.0,3939.0,3965.0,3916.0,4062.0,4000.0,3976.0,3766.0,3777.0,3697.0,3633.0,3586.0,3600.0,3391.0,3328.0,3347.0,3288.0,3450.0,3213.0,4323.0,4369.0,4438.0,4369.0,4333.0,4223.0
K,95,2297.0,2306.0,2136.0,2033.0,1865.0,1631.0,1712.0,1626.0,1471.0,1427.0,1301.0,1222.0,1255.0,1261.0,1240.0,1374.0,1404.0,1549.0,1578.0,1811.0,1723.0,1684.0,1620.0,1634.0,1669.0,1773.0,1787.0,1876.0,1919.0,2052.0,2022.0,2001.0,2124.0,2161.0,2306.0,2377.0,2490.0,2583.0,2780.0,2785.0,2888.0,3087.0,3149.0,3124.0,3207.0,3260.0,3169.0,3240.0,3119.0,3115.0,3001.0,3079.0,3175.0,3312.0,3267.0,3381.0,3409.0,3390.0,3534.0,3700.0,3588.0,3836.0,3901.0,3828.0,3725.0,3755.0,3545.0,3469.0,3539.0,3426.0,3332.0,3222.0,3238.0,3170.0,2944.0,2916.0,2951.0,2881.0,2962.0,2960.0,2926.0,3049.0,3030.0,3014.0,2803.0,2848.0,2768.0,2692.0,2686.0,2728.0,2533.0,2521.0,2471.0,2448.0,2571.0,2449.0,3271.0,3272.0,3339.0,3285.0,3282.0
K,96,1797.0,1749.0,1759.0,1597.0,1535.0,1378.0,1214.0,1265.0,1232.0,1120.0,1085.0,951.0,923.0,968.0,930.0,938.0,1050.0,1066.0,1222.0,1169.0,1368.0,1277.0,1256.0,1207.0,1209.0,1251.0,1360.0,1362.0,1438.0,1437.0,1539.0,1546.0,1504.0,1576.0,1637.0,1714.0,1762.0,1858.0,1927.0,2087.0,2105.0,2134.0,2305.0,2379.0,2363.0,2375.0,2450.0,2362.0,2419.0,2366.0,2360.0,2257.0,2335.0,2389.0,2521.0,2447.0,2531.0,2580.0,2563.0,2633.0,2758.0,2688.0,2868.0,2896.0,2877.0,2810.0,2854.0,2622.0,2567.0,2632.0,2530.0,2464.0,2389.0,2375.0,2340.0,2211.0,2183.0,2199.0,2156.0,2244.0,2222.0,2217.0,2273.0,2235.0,2258.0,2076.0,2117.0,2039.0,2037.0,2012.0,2051.0,1878.0,1915.0,1871.0,1833.0,1936.0,1813.0,2442.0,2420.0,2537.0,2466.0
K,97,1313.0,1372.0,1338.0,1315.0,1191.0,1171.0,1031.0,905.0,934.0,928.0,847.0,804.0,715.0,704.0,742.0,703.0,701.0,798.0,819.0,904.0,869.0,1034.0,959.0,973.0,901.0,912.0,949.0,1012.0,986.0,1112.0,1064.0,1154.0,1176.0,1163.0,1173.0,1244.0,1294.0,1346.0,1402.0,1429.0,1584.0,1604.0,1640.0,1737.0,1801.0,1746.0,1786.0,1880.0,1787.0,1785.0,1766.0,1772.0,1716.0,1735.0,1792.0,1899.0,1820.0,1901.0,1953.0,1938.0,1995.0,2093.0,2016.0,2152.0,2135.0,2129.0,2125.0,2119.0,1965.0,1922.0,1967.0,1890.0,1828.0,1797.0,1800.0,1763.0,1660.0,1629.0,1666.0,1602.0,1691.0,1662.0,1688.0,1707.0,1711.0,1697.0,1537.0,1579.0,1557.0,1537.0,1483.0,1553.0,1391.0,1473.0,1408.0,1356.0,1441.0,1366.0,1857.0,1819.0,1882.0
K,98,991.0,980.0,1003.0,986.0,1002.0,905.0,867.0,759.0,678.0,705.0,719.0,633.0,611.0,557.0,541.0,551.0,512.0,521.0,582.0,614.0,675.0,681.0,790.0,710.0,738.0,667.0,668.0,706.0,769.0,725.0,850.0,827.0,894.0,899.0,883.0,887.0,982.0,970.0,1018.0,1069.0,1090.0,1206.0,1252.0,1268.0,1314.0,1391.0,1359.0,1365.0,1441.0,1350.0,1330.0,1326.0,1335.0,1322.0,1270.0,1333.0,1431.0,1393.0,1448.0,1485.0,1472.0,1517.0,1586.0,1501.0,1630.0,1603.0,1593.0,1582.0,1578.0,1486.0,1440.0,1480.0,1411.0,1405.0,1351.0,1378.0,1351.0,1261.0,1230.0,1263.0,1214.0,1271.0,1245.0,1274.0,1275.0,1275.0,1264.0,1133.0,1167.0,1171.0,1151.0,1129.0,1143.0,1010.0,1091.0,1052.0,990.0,1113.0,1045.0,1418.0,1349.0
K,99,597.0,750.0,752.0,741.0,726.0,752.0,683.0,638.0,566.0,499.0,541.0,541.0,463.0,459.0,426.0,411.0,416.0,372.0,386.0,417.0,466.0,509.0,506.0,582.0,520.0,550.0,494.0,519.0,496.0,581.0,528.0,632.0,606.0,661.0,681.0,680.0,653.0,729.0,723.0,743.0,781.0,809.0,921.0,942.0,921.0,997.0,1067.0,1044.0,1054.0,1091.0,1019.0,986.0,998.0,1023.0,1022.0,935.0,1000.0,1092.0,1049.0,1110.0,1133.0,1144.0,1166.0,1192.0,1135.0,1228.0,1196.0,1227.0,1184.0,1180.0,1092.0,1076.0,1115.0,1057.0,1074.0,1016.0,1041.0,1021.0,948.0,905.0,934.0,899.0,950.0,909.0,918.0,950.0,957.0,958.0,842.0,878.0,863.0,856.0,851.0,852.0,747.0,825.0,801.0,728.0,848.0,772.0,1081.0
K,100,423.0,419.0,540.0,553.0,548.0,546.0,572.0,525.0,488.0,427.0,376.0,404.0,408.0,343.0,350.0,312.0,314.0,306.0,263.0,270.0,302.0,350.0,381.0,370.0,437.0,391.0,411.0,379.0,394.0,364.0,437.0,381.0,461.0,465.0,501.0,504.0,501.0,484.0,545.0,536.0,553.0,581.0,618.0,695.0,694.0,686.0,730.0,821.0,802.0,799.0,820.0,759.0,737.0,739.0,766.0,788.0,711.0,736.0,820.0,769.0,836.0,833.0,862.0,883.0,904.0,878.0,936.0,917.0,919.0,898.0,917.0,838.0,813.0,859.0,800.0,806.0,763.0,819.0,777.0,707.0,689.0,704.0,679.0,706.0,678.0,670.0,723.0,734.0,710.0,609.0,640.0,633.0,648.0,622.0,646.0,564.0,612.0,590.0,576.0,629.0,564.0
K,101,256.0,151.0,157.0,208.0,200.0,195.0,195.0,191.0,189.0,180.0,150.0,135.0,145.0,148.0,118.0,127.0,112.0,104.0,99.0,90.0,101.0,107.0,120.0,139.0,143.0,143.0,134.0,135.0,132.0,143.0,131.0,159.0,134.0,160.0,148.0,185.0,188.0,195.0,189.0,211.0,201.0,206.0,221.0,237.0,253.0,266.0,256.0,277.0,312.0,296.0,292.0,302.0,293.0,263.0,286.0,280.0,288.0,262.0,277.0,307.0,294.0,320.0,342.0,322.0,345.0,348.0,341.0,377.0,349.0,360.0,374.0,364.0,338.0,314.0,337.0,323.0,314.0,288.0,300.0,286.0,260.0,267.0,277.0,255.0,278.0,256.0,238.0,267.0,284.0,259.0,210.0,236.0,237.0,233.0,231.0,240.0,206.0,226.0,221.0,225.0,248.0
K,102,164.0,94.0,58.0,60.0,93.0,93.0,84.0,87.0,81.0,76.0,64.0,65.0,57.0,64.0,67.0,57.0,58.0,54.0,46.0,36.0,35.0,44.0,43.0,43.0,60.0,59.0,69.0,56.0,63.0,56.0,58.0,52.0,67.0,59.0,63.0,59.0,65.0,71.0,82.0,67.0,86.0,68.0,86.0,82.0,92.0,93.0,93.0,90.0,108.0,120.0,119.0,109.0,103.0,113.0,105.0,121.0,107.0,105.0,111.0,107.0,121.0,115.0,111.0,134.0,117.0,127.0,122.0,126.0,151.0,146.0,143.0,149.0,139.0,121.0,115.0,118.0,113.0,117.0,111.0,106.0,116.0,102.0,103.0,115.0,104.0,103.0,106.0,100.0,96.0,120.0,112.0,94.0,95.0,96.0,99.0,87.0,99.0,82.0,85.0,84.0,84.0
K,103,82.0,73.0,39.0,27.0,21.0,41.0,32.0,28.0,35.0,40.0,30.0,26.0,21.0,26.0,22.0,27.0,30.0,23.0,21.0,15.0,17.0,16.0,17.0,18.0,16.0,24.0,31.0,38.0,33.0,26.0,22.0,22.0,20.0,25.0,22.0,24.0,18.0,34.0,33.0,35.0,30.0,35.0,23.0,38.0,32.0,45.0,39.0,42.0,39.0,46.0,45.0,50.0,39.0,37.0,39.0,35.0,38.0,36.0,36.0,34.0,35.0,39.0,38.0,40.0,56.0,45.0,49.0,42.0,50.0,54.0,57.0,49.0,59.0,59.0,47.0,48.0,37.0,39.0,48.0,38.0,37.0,45.0,35.0,37.0,42.0,43.0,46.0,47.0,38.0,33.0,48.0,40.0,40.0,46.0,34.0,35.0,34.0,32.0,28.0,37.0,36.0
K,104,39.0,35.0,31.0,19.0,9.0,3.0,16.0,11.0,13.0,8.0,12.0,9.0,11.0,9.0,12.0,10.0,11.0,9.0,13.0,7.0,7.0,7.0,4.0,9.0,7.0,7.0,11.0,11.0,15.0,11.0,11.0,7.0,8.0,13.0,12.0,12.0,12.0,9.0,14.0,20.0,15.0,15.0,13.0,9.0,15.0,17.0,21.0,17.0,15.0,15.0,13.0,24.0,20.0,17.0,15.0,13.0,14.0,15.0,12.0,14.0,14.0,9.0,16.0,11.0,16.0,20.0,18.0,20.0,15.0,16.0,25.0,23.0,16.0,19.0,19.0,11.0,20.0,15.0,15.0,24.0,12.0,16.0,16.0,12.0,15.0,16.0,14.0,12.0,12.0,14.0,16.0,19.0,14.0,13.0,20.0,13.0,8.0,11.0,12.0,11.0,13.0
K,105,76.0,21.0,15.0,11.0,6.0,2.0,2.0,7.0,5.0,2.0,4.0,4.0,6.0,6.0,4.0,6.0,2.0,2.0,3.0,6.0,1.0,3.0,5.0,1.0,4.0,4.0,2.0,4.0,4.0,7.0,3.0,7.0,1.0,4.0,7.0,5.0,4.0,3.0,5.0,4.0,7.0,5.0,4.0,3.0,4.0,7.0,6.0,7.0,10.0,5.0,4.0,6.0,14.0,8.0,8.0,4.0,3.0,4.0,5.0,8.0,5.0,8.0,2.0,5.0,5.0,9.0,5.0,3.0,6.0,8.0,8.0,9.0,4.0,7.0,8.0,11.0,3.0,9.0,7.0,4.0,10.0,5.0,7.0,7.0,3.0,3.0,4.0,6.0,3.0,2.0,7.0,5.0,9.0,7.0,6.0,12.0,4.0,2.0,3.0,4.0,3.0
K,106,,29.0,5.0,5.0,2.0,2.0,1.0,1.0,5.0,2.0,1.0,4.0,,2.0,3.0,1.0,3.0,,,1.0,4.0,,2.0,2.0,,1.0,2.0,1.0,1.0,2.0,3.0,1.0,3.0,,2.0,4.0,2.0,2.0,2.0,2.0,2.0,2.0,1.0,2.0,1.0,2.0,2.0,2.0,3.0,3.0,2.0,2.0,5.0,2.0,2.0,3.0,1.0,1.0,3.0,1.0,3.0,2.0,1.0,1.0,2.0,3.0,5.0,2.0,,2.0,3.0,1.0,,2.0,3.0,2.0,4.0,1.0,5.0,4.0,4.0,4.0,1.0,3.0,2.0,1.0,,2.0,3.0,1.0,1.0,4.0,,1.0,3.0,,5.0,2.0,1.0,1.0,1.0
K,107,,,15.0,2.0,1.0,,,1.0,1.0,1.0,1.0,,1.0,,,1.0,,2.0,,,1.0,2.0,,,1.0,,,1.0,,,,1.0,,,,2.0,2.0,1.0,1.0,1.0,1.0,1.0,1.0,,1.0,,,1.0,1.0,1.0,,,1.0,4.0,,,,,1.0,,1.0,1.0,1.0,1.0,,1.0,2.0,2.0,,,1.0,1.0,,,2.0,1.0,2.0,1.0,,3.0,2.0,1.0,3.0,,1.0,1.0,,,1.0,1.0,,,1.0,,,1.0,,3.0,2.0,,
K,108,,,,8.0,,,,,,1.0,,1.0,,,,,,,,,,,1.0,,,,,,,,,,,,,,1.0,2.0,,1.0,,1.0,1.0,,,1.0,,,,,,,,1.0,,,,,,,,1.0,1.0,,1.0,,1.0,1.0,2.0,,,,,,,,,,1.0,,1.0,,,,,1.0,,,,1.0,,,,,,,,,1.0,1.0,
K,109,,,,,6.0,,,,,,,,1.0,,,,,,,,,,,1.0,,,,,,,,,,,,,,1.0,1.0,,1.0,,1.0,,,,1.0,,,,,,,,1.0,,,,,,,,1.0,1.0,,,,1.0,,1.0,,,,,,,,,,,,,,,,,1.0,,,,1.0,,,,,,,,,,
M,0,26681.0,38239.0,37864.0,37562.0,37210.0,36848.0,36837.0,36581.0,36178.0,35658.0,35419.0,35319.0,35078.0,35210.0,35077.0,34931.0,34910.0,34732.0,34400.0,34293.0,34070.0,34191.0,34219.0,33686.0,33378.0,33567.0,33696.0,34115.0,34265.0,34566.0,35149.0,35718.0,36410.0,36906.0,37774.0,38161.0,38397.0,38704.0,38776.0,39139.0,38977.0,39019.0,38929.0,38749.0,38640.0,38442.0,38466.0,37827.0,37986.0,37921.0,38131.0,37632.0,37653.0,37723.0,37469.0,37337.0,37795.0,37490.0,38238.0,38220.0,38536.0,38873.0,39331.0,39654.0,39958.0,40411.0,40431.0,40753.0,40926.0,40927.0,41130.0,40930.0,41645.0,41402.0,41297.0,41334.0,40711.0,40872.0,40735.0,40619.0,40724.0,40421.0,40544.0,40379.0,40333.0,40615.0,40636.0,40482.0,40511.0,40699.0,40899.0,41401.0,41534.0,41245.0,41554.0,41994.0,41997.0,42344.0,42452.0,42700.0,42931.0
M,1,29378.0,26898.0,38423.0,37946.0,37655.0,37292.0,36931.0,36926.0,36674.0,36263.0,35735.0,35506.0,35400.0,35161.0,35284.0,35155.0,35017.0,34983.0,34804.0,34472.0,34374.0,34154.0,34274.0,34297.0,33749.0,33447.0,33648.0,33767.0,34200.0,34342.0,34642.0,35212.0,35801.0,36477.0,36972.0,37861.0,38227.0,38465.0,38771.0,38840.0,39217.0,39033.0,39080.0,38984.0,38807.0,38706.0,38496.0,38536.0,37879.0,38039.0,37980.0,38182.0,37683.0,37710.0,37760.0,37527.0,37396.0,37847.0,37539.0,38291.0,38270.0,38585.0,38916.0,39392.0,39708.0,39999.0,40454.0,40481.0,40792.0,40957.0,40969.0,41164.0,40959.0,41682.0,41445.0,41334.0,41378.0,40743.0,40911.0,40772.0,40653.0,40750.0,40445.0,40579.0,40408.0,40382.0,40647.0,40660.0,40520.0,40542.0,40729.0,40923.0,41426.0,41556.0,41264.0,41579.0,42020.0,42017.0,42370.0,42478.0,42720.0
M,2,27958.0,29557.0,27093.0,38510.0,38044.0,37750.0,37386.0,37020.0,37015.0,36749.0,36344.0,35806.0,35588.0,35468.0,35222.0,35354.0,35219.0,35108.0,35069.0,34882.0,34554.0,34448.0,34226.0,34346.0,34379.0,33813.0,33523.0,33735.0,33823.0,34276.0,34434.0,34716.0,35284.0,35866.0,36539.0,37041.0,37930.0,38308.0,38528.0,38830.0,38899.0,39288.0,39097.0,39130.0,39045.0,38860.0,38759.0,38554.0,38586.0,37941.0,38089.0,38043.0,38239.0,37734.0,37772.0,37819.0,37587.0,37444.0,37894.0,37592.0,38346.0,38314.0,38629.0,38955.0,39442.0,39743.0,40063.0,40494.0,40516.0,40832.0,40994.0,41021.0,41208.0,41000.0,41726.0,41485.0,41373.0,41413.0,40770.0,40936.0,40809.0,40688.0,40775.0,40481.0,40619.0,40436.0,40408.0,40676.0,40690.0,40558.0,40567.0,40767.0,40944.0,41461.0,41589.0,41294.0,41603.0,42045.0,42040.0,42394.0,42496.0
M,3,28989.0,28164.0,29755.0,27173.0,38599.0,38137.0,37831.0,37486.0,37101.0,37110.0,36838.0,36452.0,35901.0,35680.0,35551.0,35299.0,35425.0,35301.0,35186.0,35138.0,34938.0,34649.0,34534.0,34291.0,34418.0,34445.0,33897.0,33597.0,33812.0,33885.0,34348.0,34514.0,34784.0,35348.0,35936.0,36602.0,37108.0,37997.0,38381.0,38590.0,38900.0,38958.0,39349.0,39159.0,39189.0,39120.0,38924.0,38833.0,38607.0,38650.0,38004.0,38163.0,38101.0,38290.0,37791.0,37825.0,37872.0,37632.0,37479.0,37934.0,37643.0,38389.0,38363.0,38670.0,38999.0,39492.0,39785.0,40104.0,40541.0,40569.0,40883.0,41046.0,41071.0,41252.0,41039.0,41764.0,41514.0,41423.0,41451.0,40799.0,40969.0,40846.0,40723.0,40818.0,40506.0,40653.0,40455.0,40434.0,40708.0,40716.0,40581.0,40605.0,40795.0,40966.0,41480.0,41610.0,41317.0,41629.0,42066.0,42056.0,42417.0
M,4,29454.0,29169.0,28362.0,29846.0,27268.0,38678.0,38221.0,37913.0,37585.0,37179.0,37184.0,36928.0,36522.0,35982.0,35759.0,35630.0,35373.0,35528.0,35374.0,35256.0,35208.0,35015.0,34727.0,34627.0,34371.0,34487.0,34514.0,33955.0,33660.0,33900.0,33956.0,34410.0,34573.0,34859.0,35423.0,35996.0,36660.0,37183.0,38057.0,38451.0,38646.0,38962.0,39017.0,39413.0,39225.0,39250.0,39190.0,38982.0,38906.0,38669.0,38706.0,38073.0,38224.0,38167.0,38339.0,37858.0,37874.0,37923.0,37688.0,37535.0,37979.0,37695.0,38435.0,38406.0,38717.0,39046.0,39538.0,39837.0,40146.0,40572.0,40603.0,40924.0,41081.0,41107.0,41293.0,41075.0,41802.0,41556.0,41453.0,41494.0,40831.0,41011.0,40883.0,40749.0,40846.0,40550.0,40680.0,40484.0,40459.0,40744.0,40740.0,40601.0,40632.0,40811.0,40995.0,41500.0,41636.0,41338.0,41645.0,42088.0,42078.0
M,5,30339.0,29681.0,29395.0,28455.0,29942.0,27355.0,38779.0,38314.0,38010.0,37682.0,37272.0,37271.0,37024.0,36603.0,36064.0,35842.0,35733.0,35477.0,35609.0,35462.0,35341.0,35291.0,35107.0,34815.0,34720.0,34465.0,34556.0,34597.0,34047.0,33744.0,33977.0,34033.0,34482.0,34648.0,34930.0,35490.0,36069.0,36724.0,37261.0,38117.0,38520.0,38720.0,39022.0,39093.0,39476.0,39298.0,39308.0,39258.0,39032.0,38961.0,38725.0,38764.0,38134.0,38297.0,38226.0,38395.0,37910.0,37939.0,37982.0,37738.0,37591.0,38028.0,37739.0,38474.0,38451.0,38773.0,39098.0,39584.0,39886.0,40196.0,40622.0,40647.0,40974.0,41122.0,41147.0,41340.0,41108.0,41842.0,41603.0,41499.0,41527.0,40869.0,41045.0,40918.0,40781.0,40879.0,40582.0,40714.0,40526.0,40485.0,40769.0,40763.0,40629.0,40663.0,40833.0,41015.0,41522.0,41671.0,41362.0,41664.0,42110.0
M,6,31761.0,30567.0,29894.0,29486.0,28555.0,30031.0,27460.0,38869.0,38404.0,38098.0,37769.0,37356.0,37356.0,37118.0,36705.0,36144.0,35921.0,35830.0,35558.0,35713.0,35550.0,35417.0,35369.0,35181.0,34905.0,34793.0,34550.0,34624.0,34676.0,34126.0,33827.0,34056.0,34116.0,34551.0,34723.0,35010.0,35565.0,36138.0,36810.0,37328.0,38183.0,38598.0,38793.0,39077.0,39158.0,39551.0,39371.0,39370.0,39327.0,39108.0,39022.0,38806.0,38836.0,38197.0,38356.0,38287.0,38452.0,37979.0,37982.0,38037.0,37795.0,37631.0,38083.0,37796.0,38516.0,38504.0,38825.0,39157.0,39639.0,39928.0,40253.0,40670.0,40703.0,41012.0,41164.0,41197.0,41380.0,41145.0,41885.0,41645.0,41526.0,41559.0,40903.0,41083.0,40943.0,40819.0,40914.0,40613.0,40748.0,40553.0,40515.0,40807.0,40802.0,40658.0,40687.0,40871.0,41047.0,41550.0,41689.0,41381.0,41686.0
M,7,31747.0,31985.0,30794.0,29992.0,29583.0,28639.0,30120.0,27546.0,38959.0,38508.0,38192.0,37863.0,37441.0,37453.0,37199.0,36800.0,36245.0,36033.0,35913.0,35654.0,35793.0,35621.0,35505.0,35453.0,35254.0,34988.0,34865.0,34624.0,34689.0,34754.0,34201.0,33915.0,34136.0,34182.0,34616.0,34794.0,35074.0,35644.0,36206.0,36878.0,37378.0,38243.0,38665.0,38858.0,39142.0,39216.0,39617.0,39443.0,39449.0,39379.0,39171.0,39075.0,38876.0,38890.0,38254.0,38422.0,38349.0,38504.0,38031.0,38042.0,38090.0,37846.0,37684.0,38145.0,37844.0,38574.0,38560.0,38876.0,39205.0,39694.0,39972.0,40305.0,40717.0,40749.0,41051.0,41211.0,41247.0,41418.0,41177.0,41916.0,41674.0,41559.0,41600.0,40938.0,41127.0,40980.0,40848.0,40943.0,40633.0,40788.0,40585.0,40538.0,40842.0,40839.0,40684.0,40716.0,40909.0,41065.0,41576.0,41724.0,41393.0
M,8,31877.0,31959.0,32202.0,30908.0,30077.0,29679.0,28720.0,30199.0,27638.0,39078.0,38613.0,38303.0,37955.0,37525.0,37542.0,37285.0,36879.0,36324.0,36113.0,35990.0,35757.0,35859.0,35697.0,35582.0,35551.0,35352.0,35079.0,34947.0,34714.0,34764.0,34823.0,34282.0,33993.0,34202.0,34254.0,34702.0,34856.0,35139.0,35727.0,36283.0,36943.0,37451.0,38310.0,38741.0,38941.0,39212.0,39283.0,39679.0,39520.0,39522.0,39451.0,39236.0,39139.0,38934.0,38953.0,38311.0,38484.0,38428.0,38564.0,38083.0,38090.0,38155.0,37908.0,37726.0,38201.0,37893.0,38624.0,38597.0,38915.0,39247.0,39744.0,40033.0,40339.0,40771.0,40785.0,41087.0,41260.0,41289.0,41457.0,41208.0,41952.0,41708.0,41600.0,41639.0,40977.0,41162.0,41011.0,40873.0,40986.0,40662.0,40817.0,40613.0,40571.0,40861.0,40871.0,40723.0,40733.0,40931.0,41083.0,41600.0,41741.0
M,9,31832.0,32060.0,32187.0,32314.0,31016.0,30181.0,29787.0,28808.0,30285.0,27731.0,39161.0,38701.0,38396.0,38048.0,37610.0,37644.0,37366.0,36963.0,36412.0,36201.0,36083.0,35829.0,35930.0,35792.0,35666.0,35630.0,35431.0,35159.0,35028.0,34788.0,34834.0,34880.0,34358.0,34066.0,34277.0,34324.0,34772.0,34917.0,35210.0,35796.0,36362.0,37000.0,37518.0,38373.0,38794.0,39010.0,39287.0,39327.0,39738.0,39584.0,39594.0,39516.0,39288.0,39200.0,38994.0,39014.0,38363.0,38537.0,38490.0,38626.0,38126.0,38143.0,38203.0,37956.0,37776.0,38253.0,37943.0,38667.0,38640.0,38959.0,39293.0,39789.0,40077.0,40382.0,40803.0,40829.0,41130.0,41302.0,41316.0,41501.0,41258.0,41996.0,41756.0,41640.0,41663.0,41026.0,41195.0,41044.0,40911.0,41016.0,40691.0,40848.0,40641.0,40604.0,40898.0,40899.0,40743.0,40761.0,40957.0,41103.0,41621.0
M,10,33040.0,32078.0,32317.0,32292.0,32413.0,31125.0,30281.0,29888.0,28921.0,30391.0,27830.0,39254.0,38804.0,38508.0,38150.0,37718.0,37736.0,37471.0,37057.0,36508.0,36288.0,36182.0,35933.0,36010.0,35874.0,35759.0,35723.0,35516.0,35246.0,35124.0,34871.0,34918.0,34957.0,34450.0,34157.0,34356.0,34393.0,34845.0,34985.0,35277.0,35868.0,36440.0,37069.0,37595.0,38453.0,38865.0,39081.0,39351.0,39400.0,39821.0,39648.0,39661.0,39578.0,39359.0,39274.0,39041.0,39080.0,38440.0,38588.0,38537.0,38694.0,38187.0,38197.0,38261.0,38013.0,37826.0,38322.0,37989.0,38731.0,38696.0,39002.0,39362.0,39825.0,40121.0,40419.0,40845.0,40888.0,41179.0,41351.0,41367.0,41550.0,41304.0,42026.0,41794.0,41690.0,41702.0,41072.0,41239.0,41085.0,40952.0,41048.0,40722.0,40886.0,40676.0,40637.0,40924.0,40933.0,40773.0,40786.0,40984.0,41131.0
M,11,33476.0,33309.0,32293.0,32408.0,32410.0,32523.0,31238.0,30396.0,29989.0,29029.0,30505.0,27943.0,39369.0,38906.0,38594.0,38261.0,37799.0,37836.0,37563.0,37140.0,36603.0,36372.0,36283.0,36018.0,36117.0,35954.0,35863.0,35815.0,35609.0,35316.0,35204.0,34954.0,34976.0,35054.0,34539.0,34241.0,34442.0,34476.0,34940.0,35070.0,35345.0,35935.0,36512.0,37137.0,37678.0,38528.0,38944.0,39154.0,39430.0,39470.0,39886.0,39712.0,39728.0,39646.0,39422.0,39335.0,39120.0,39148.0,38491.0,38650.0,38583.0,38747.0,38248.0,38248.0,38320.0,38071.0,37883.0,38369.0,38046.0,38788.0,38754.0,39043.0,39406.0,39878.0,40162.0,40459.0,40893.0,40929.0,41229.0,41384.0,41411.0,41585.0,41336.0,42070.0,41835.0,41740.0,41740.0,41103.0,41273.0,41115.0,40980.0,41084.0,40751.0,40918.0,40700.0,40668.0,40944.0,40959.0,40798.0,40812.0,41012.0
M,12,34255.0,33704.0,33573.0,32387.0,32496.0,32530.0,32616.0,31354.0,30495.0,30097.0,29120.0,30609.0,28042.0,39457.0,39027.0,38714.0,38359.0,37876.0,37934.0,37655.0,37237.0,36675.0,36474.0,36380.0,36097.0,36207.0,36047.0,35930.0,35906.0,35689.0,35417.0,35287.0,35024.0,35071.0,35144.0,34610.0,34325.0,34517.0,34565.0,35026.0,35159.0,35438.0,36008.0,36593.0,37218.0,37760.0,38588.0,39008.0,39213.0,39497.0,39548.0,39938.0,39783.0,39787.0,39715.0,39491.0,39390.0,39173.0,39205.0,38540.0,38710.0,38643.0,38807.0,38294.0,38305.0,38365.0,38121.0,37942.0,38417.0,38100.0,38838.0,38809.0,39092.0,39446.0,39927.0,40202.0,40520.0,40939.0,40982.0,41270.0,41427.0,41454.0,41626.0,41379.0,42099.0,41861.0,41783.0,41766.0,41138.0,41312.0,41149.0,41017.0,41122.0,40772.0,40943.0,40725.0,40700.0,40969.0,40984.0,40817.0,40837.0
M,13,34985.0,34495.0,33980.0,33674.0,32498.0,32587.0,32644.0,32723.0,31467.0,30623.0,30217.0,29216.0,30709.0,28139.0,39563.0,39125.0,38819.0,38448.0,37956.0,38023.0,37748.0,37321.0,36757.0,36563.0,36465.0,36191.0,36295.0,36149.0,35999.0,35991.0,35771.0,35502.0,35356.0,35107.0,35155.0,35228.0,34695.0,34398.0,34586.0,34648.0,35098.0,35226.0,35506.0,36084.0,36678.0,37282.0,37833.0,38657.0,39079.0,39286.0,39572.0,39618.0,40003.0,39843.0,39852.0,39772.0,39545.0,39447.0,39227.0,39287.0,38606.0,38773.0,38706.0,38859.0,38357.0,38352.0,38425.0,38172.0,37980.0,38463.0,38150.0,38887.0,38857.0,39140.0,39496.0,39967.0,40240.0,40565.0,40983.0,41031.0,41315.0,41471.0,41491.0,41658.0,41424.0,42141.0,41905.0,41816.0,41803.0,41177.0,41349.0,41186.0,41052.0,41154.0,40810.0,40973.0,40753.0,40730.0,41001.0,41011.0,40847.0
M,14,34749.0,35229.0,34730.0,34076.0,33762.0,32610.0,32705.0,32767.0,32835.0,31575.0,30713.0,30323.0,29335.0,30813.0,28257.0,39663.0,39215.0,38917.0,38551.0,38061.0,38112.0,37830.0,37421.0,36847.0,36669.0,36571.0,36272.0,36383.0,36234.0,36096.0,36088.0,35853.0,35593.0,35436.0,35191.0,35228.0,35306.0,34782.0,34471.0,34672.0,34727.0,35172.0,35320.0,35577.0,36149.0,36744.0,37360.0,37917.0,38722.0,39129.0,39340.0,39636.0,39686.0,40077.0,39893.0,39923.0,39841.0,39598.0,39517.0,39287.0,39358.0,38668.0,38832.0,38761.0,38924.0,38408.0,38404.0,38484.0,38215.0,38031.0,38510.0,38204.0,38931.0,38893.0,39173.0,39538.0,40010.0,40279.0,40608.0,41025.0,41072.0,41355.0,41519.0,41536.0,41708.0,41452.0,42178.0,41937.0,41851.0,41835.0,41204.0,41373.0,41216.0,41076.0,41189.0,40834.0,41003.0,40782.0,40751.0,41024.0,41037.0
M,15,33731.0,34983.0,35480.0,34854.0,34201.0,33863.0,32710.0,32794.0,32853.0,32946.0,31684.0,30810.0,30416.0,29448.0,30905.0,28343.0,39751.0,39293.0,39015.0,38642.0,38149.0,38211.0,37928.0,37527.0,36925.0,36757.0,36667.0,36356.0,36475.0,36329.0,36182.0,36177.0,35945.0,35678.0,35508.0,35255.0,35321.0,35378.0,34861.0,34543.0,34744.0,34812.0,35242.0,35383.0,35670.0,36218.0,36819.0,37426.0,37989.0,38785.0,39201.0,39390.0,39693.0,39751.0,40131.0,39948.0,40011.0,39906.0,39661.0,39590.0,39339.0,39400.0,38725.0,38887.0,38837.0,38959.0,38463.0,38458.0,38531.0,38271.0,38075.0,38562.0,38250.0,38981.0,38936.0,39230.0,39583.0,40054.0,40310.0,40658.0,41070.0,41120.0,41398.0,41554.0,41574.0,41742.0,41491.0,42211.0,41963.0,41881.0,41864.0,41242.0,41402.0,41238.0,41102.0,41208.0,40856.0,41027.0,40814.0,40779.0,41044.0
M,16,33891.0,33974.0,35223.0,35590.0,34959.0,34301.0,33960.0,32818.0,32901.0,32934.0,33036.0,31774.0,30906.0,30519.0,29555.0,31002.0,28430.0,39846.0,39384.0,39112.0,38746.0,38251.0,38293.0,38016.0,37620.0,37030.0,36858.0,36762.0,36443.0,36573.0,36409.0,36275.0,36249.0,36021.0,35754.0,35591.0,35336.0,35379.0,35442.0,34940.0,34618.0,34839.0,34873.0,35304.0,35446.0,35732.0,36288.0,36895.0,37502.0,38055.0,38870.0,39267.0,39452.0,39748.0,39801.0,40186.0,40008.0,40074.0,39970.0,39714.0,39642.0,39400.0,39459.0,38779.0,38937.0,38882.0,39025.0,38518.0,38517.0,38569.0,38325.0,38125.0,38609.0,38286.0,39024.0,38986.0,39264.0,39627.0,40100.0,40361.0,40701.0,41113.0,41167.0,41439.0,41585.0,41606.0,41776.0,41535.0,42240.0,41998.0,41901.0,41889.0,41276.0,41433.0,41274.0,41133.0,41235.0,40882.0,41060.0,40844.0,40806.0
M,17,32980.0,34161.0,34238.0,35321.0,35715.0,35058.0,34400.0,34053.0,32927.0,32994.0,33031.0,33140.0,31869.0,31017.0,30616.0,29666.0,31098.0,28524.0,39931.0,39475.0,39209.0,38837.0,38338.0,38389.0,38096.0,37705.0,37110.0,36938.0,36841.0,36524.0,36655.0,36511.0,36357.0,36326.0,36087.0,35841.0,35671.0,35418.0,35460.0,35531.0,35031.0,34692.0,34914.0,34956.0,35366.0,35518.0,35817.0,36357.0,36971.0,37570.0,38122.0,38947.0,39336.0,39512.0,39799.0,39843.0,40255.0,40076.0,40149.0,40038.0,39765.0,39710.0,39468.0,39509.0,38845.0,39000.0,38944.0,39075.0,38585.0,38567.0,38618.0,38372.0,38173.0,38653.0,38344.0,39068.0,39045.0,39306.0,39670.0,40159.0,40407.0,40743.0,41161.0,41207.0,41476.0,41632.0,41635.0,41807.0,41566.0,42277.0,42024.0,41938.0,41924.0,41306.0,41475.0,41305.0,41159.0,41260.0,40908.0,41083.0,40874.0
M,18,33334.0,33214.0,34404.0,34346.0,35422.0,35818.0,35169.0,34506.0,34156.0,33025.0,33111.0,33129.0,33256.0,31970.0,31129.0,30716.0,29759.0,31195.0,28620.0,40057.0,39555.0,39304.0,38929.0,38423.0,38491.0,38174.0,37789.0,37189.0,37030.0,36928.0,36604.0,36746.0,36606.0,36443.0,36393.0,36163.0,35907.0,35755.0,35489.0,35534.0,35606.0,35115.0,34769.0,34987.0,34994.0,35458.0,35598.0,35897.0,36437.0,37051.0,37629.0,38197.0,39019.0,39413.0,39572.0,39876.0,39906.0,40310.0,40137.0,40217.0,40097.0,39830.0,39761.0,39524.0,39569.0,38899.0,39054.0,38998.0,39124.0,38627.0,38606.0,38661.0,38426.0,38212.0,38703.0,38393.0,39109.0,39086.0,39356.0,39708.0,40207.0,40451.0,40790.0,41195.0,41256.0,41505.0,41675.0,41668.0,41836.0,41599.0,42324.0,42073.0,41971.0,41950.0,41341.0,41496.0,41333.0,41187.0,41301.0,40930.0,41115.0
M,19,32888.0,33560.0,33463.0,34508.0,34457.0,35539.0,35923.0,35282.0,34607.0,34247.0,33138.0,33215.0,33230.0,33346.0,32085.0,31217.0,30828.0,29850.0,31294.0,28721.0,40156.0,39654.0,39401.0,39036.0,38509.0,38594.0,38248.0,37893.0,37276.0,37120.0,37006.0,36691.0,36820.0,36693.0,36522.0,36462.0,36247.0,35992.0,35823.0,35571.0,35608.0,35675.0,35192.0,34852.0,35058.0,35090.0,35513.0,35659.0,35984.0,36513.0,37123.0,37694.0,38263.0,39077.0,39478.0,39629.0,39931.0,39957.0,40367.0,40201.0,40281.0,40155.0,39875.0,39826.0,39579.0,39620.0,38954.0,39109.0,39062.0,39181.0,38684.0,38655.0,38700.0,38482.0,38266.0,38753.0,38433.0,39159.0,39127.0,39400.0,39750.0,40256.0,40490.0,40830.0,41234.0,41298.0,41551.0,41711.0,41688.0,41872.0,41634.0,42356.0,42116.0,42004.0,41980.0,41369.0,41522.0,41355.0,41216.0,41326.0,40952.0
M,20,32354.0,33154.0,33819.0,33577.0,34621.0,34548.0,35651.0,36049.0,35381.0,34710.0,34339.0,33241.0,33312.0,33334.0,33460.0,32188.0,31310.0,30921.0,29940.0,31400.0,28800.0,40237.0,39744.0,39495.0,39108.0,38591.0,38674.0,38352.0,37991.0,37366.0,37205.0,37098.0,36773.0,36908.0,36773.0,36597.0,36545.0,36329.0,36076.0,35904.0,35652.0,35681.0,35750.0,35258.0,34922.0,35129.0,35165.0,35597.0,35741.0,36059.0,36587.0,37205.0,37774.0,38338.0,39146.0,39548.0,39699.0,39986.0,40023.0,40443.0,40270.0,40330.0,40207.0,39950.0,39884.0,39623.0,39681.0,39013.0,39163.0,39106.0,39236.0,38730.0,38704.0,38741.0,38533.0,38323.0,38809.0,38486.0,39205.0,39174.0,39455.0,39792.0,40293.0,40536.0,40857.0,41272.0,41337.0,41584.0,41752.0,41715.0,41907.0,41670.0,42381.0,42153.0,42033.0,42010.0,41395.0,41551.0,41379.0,41254.0,41355.0
M,21,33404.0,32589.0,33389.0,33937.0,33681.0,34716.0,34649.0,35760.0,36155.0,35492.0,34812.0,34440.0,33333.0,33405.0,33431.0,33577.0,32298.0,31389.0,31026.0,30025.0,31507.0,28880.0,40318.0,39835.0,39579.0,39198.0,38686.0,38773.0,38436.0,38069.0,37450.0,37294.0,37177.0,36849.0,36985.0,36857.0,36687.0,36619.0,36422.0,36155.0,35956.0,35722.0,35755.0,35827.0,35334.0,35001.0,35199.0,35244.0,35675.0,35805.0,36117.0,36661.0,37282.0,37846.0,38391.0,39216.0,39618.0,39764.0,40046.0,40100.0,40487.0,40331.0,40373.0,40261.0,39995.0,39928.0,39682.0,39738.0,39067.0,39224.0,39153.0,39283.0,38770.0,38759.0,38785.0,38578.0,38379.0,38857.0,38526.0,39252.0,39212.0,39490.0,39836.0,40339.0,40568.0,40901.0,41309.0,41375.0,41620.0,41784.0,41757.0,41926.0,41698.0,42429.0,42187.0,42060.0,42041.0,41425.0,41578.0,41396.0,41281.0
M,22,35241.0,33661.0,32806.0,33519.0,34026.0,33790.0,34824.0,34758.0,35870.0,36268.0,35568.0,34908.0,34551.0,33437.0,33483.0,33532.0,33670.0,32383.0,31479.0,31127.0,30125.0,31589.0,28972.0,40402.0,39932.0,39677.0,39289.0,38765.0,38842.0,38534.0,38160.0,37540.0,37357.0,37250.0,36936.0,37072.0,36919.0,36772.0,36696.0,36500.0,36231.0,36030.0,35796.0,35825.0,35898.0,35405.0,35073.0,35271.0,35313.0,35743.0,35869.0,36184.0,36715.0,37327.0,37904.0,38464.0,39286.0,39672.0,39818.0,40110.0,40155.0,40548.0,40378.0,40443.0,40324.0,40053.0,39966.0,39744.0,39808.0,39114.0,39260.0,39200.0,39324.0,38811.0,38809.0,38827.0,38629.0,38437.0,38905.0,38574.0,39295.0,39260.0,39531.0,39869.0,40386.0,40600.0,40936.0,41350.0,41417.0,41667.0,41819.0,41790.0,41961.0,41726.0,42446.0,42209.0,42092.0,42067.0,41457.0,41600.0,41419.0
M,23,35569.0,35466.0,33896.0,32911.0,33636.0,34125.0,33887.0,34925.0,34854.0,35972.0,36356.0,35687.0,35009.0,34648.0,33554.0,33579.0,33622.0,33779.0,32469.0,31566.0,31226.0,30219.0,31685.0,29059.0,40494.0,40022.0,39758.0,39384.0,38841.0,38914.0,38624.0,38239.0,37621.0,37443.0,37330.0,37003.0,37144.0,37003.0,36844.0,36759.0,36572.0,36305.0,36123.0,35878.0,35909.0,35960.0,35484.0,35135.0,35348.0,35381.0,35819.0,35955.0,36237.0,36782.0,37380.0,37975.0,38519.0,39350.0,39730.0,39889.0,40166.0,40208.0,40621.0,40434.0,40484.0,40382.0,40096.0,40015.0,39802.0,39867.0,39161.0,39310.0,39249.0,39379.0,38858.0,38847.0,38879.0,38664.0,38480.0,38957.0,38625.0,39339.0,39301.0,39561.0,39921.0,40420.0,40640.0,40979.0,41379.0,41454.0,41706.0,41850.0,41831.0,41994.0,41753.0,42483.0,42240.0,42121.0,42089.0,41488.0,41626.0
M,24,35369.0,35825.0,35717.0,34003.0,33024.0,33758.0,34217.0,33996.0,35028.0,34953.0,36070.0,36461.0,35781.0,35118.0,34742.0,33650.0,33685.0,33706.0,33878.0,32553.0,31657.0,31320.0,30309.0,31796.0,29133.0,40581.0,40110.0,39831.0,39455.0,38929.0,39001.0,38698.0,38313.0,37706.0,37518.0,37419.0,37093.0,37225.0,37090.0,36915.0,36851.0,36640.0,36392.0,36199.0,35963.0,35968.0,36015.0,35545.0,35210.0,35401.0,35448.0,35896.0,36049.0,36300.0,36859.0,37441.0,38035.0,38578.0,39422.0,39794.0,39958.0,40228.0,40272.0,40681.0,40489.0,40534.0,40442.0,40141.0,40079.0,39861.0,39903.0,39204.0,39347.0,39295.0,39425.0,38897.0,38898.0,38918.0,38720.0,38520.0,38998.0,38672.0,39369.0,39351.0,39602.0,39958.0,40456.0,40675.0,41001.0,41397.0,41490.0,41738.0,41878.0,41867.0,42026.0,41785.0,42514.0,42273.0,42147.0,42107.0,41521.0
M,25,36562.0,35622.0,36094.0,35848.0,34126.0,33128.0,33890.0,34339.0,34091.0,35145.0,35071.0,36177.0,36572.0,35914.0,35228.0,34868.0,33758.0,33815.0,33814.0,33977.0,32674.0,31762.0,31436.0,30407.0,31910.0,29236.0,40678.0,40214.0,39927.0,39570.0,39033.0,39097.0,38787.0,38392.0,37795.0,37603.0,37507.0,37182.0,37317.0,37182.0,36993.0,36931.0,36712.0,36477.0,36268.0,36037.0,36037.0,36096.0,35619.0,35290.0,35482.0,35529.0,35957.0,36117.0,36377.0,36923.0,37500.0,38107.0,38653.0,39494.0,39864.0,40018.0,40291.0,40330.0,40744.0,40556.0,40581.0,40498.0,40210.0,40127.0,39931.0,39965.0,39250.0,39409.0,39360.0,39467.0,38949.0,38964.0,38976.0,38776.0,38560.0,39048.0,38725.0,39415.0,39400.0,39648.0,39982.0,40495.0,40709.0,41039.0,41434.0,41528.0,41780.0,41916.0,41894.0,42055.0,41817.0,42549.0,42298.0,42177.0,42143.0
M,26,37633.0,36828.0,35891.0,36209.0,35950.0,34228.0,33256.0,34023.0,34440.0,34211.0,35257.0,35179.0,36273.0,36673.0,36036.0,35347.0,34980.0,33874.0,33926.0,33920.0,34077.0,32781.0,31880.0,31549.0,30514.0,32012.0,29325.0,40750.0,40323.0,40018.0,39674.0,39122.0,39182.0,38889.0,38485.0,37875.0,37674.0,37587.0,37273.0,37413.0,37259.0,37075.0,37004.0,36797.0,36547.0,36338.0,36107.0,36108.0,36172.0,35688.0,35375.0,35562.0,35604.0,36022.0,36177.0,36456.0,36985.0,37563.0,38184.0,38716.0,39567.0,39914.0,40085.0,40347.0,40392.0,40805.0,40617.0,40651.0,40544.0,40274.0,40189.0,39989.0,40023.0,39290.0,39463.0,39414.0,39525.0,38997.0,39002.0,39025.0,38811.0,38610.0,39091.0,38761.0,39460.0,39436.0,39696.0,40020.0,40549.0,40748.0,41071.0,41459.0,41569.0,41820.0,41943.0,41924.0,42089.0,41852.0,42584.0,42335.0,42200.0
M,27,37911.0,37876.0,37084.0,36002.0,36309.0,36055.0,34336.0,33368.0,34126.0,34567.0,34323.0,35370.0,35297.0,36376.0,36768.0,36146.0,35443.0,35068.0,33977.0,34021.0,34043.0,34173.0,32889.0,31988.0,31645.0,30609.0,32111.0,29410.0,40851.0,40425.0,40107.0,39782.0,39207.0,39274.0,38974.0,38568.0,37964.0,37754.0,37677.0,37355.0,37488.0,37335.0,37168.0,37081.0,36887.0,36624.0,36411.0,36187.0,36184.0,36249.0,35772.0,35466.0,35638.0,35680.0,36094.0,36227.0,36526.0,37041.0,37619.0,38255.0,38783.0,39639.0,39977.0,40136.0,40415.0,40461.0,40858.0,40676.0,40713.0,40589.0,40332.0,40248.0,40044.0,40083.0,39344.0,39516.0,39468.0,39571.0,39053.0,39055.0,39075.0,38853.0,38650.0,39144.0,38800.0,39498.0,39470.0,39728.0,40059.0,40582.0,40783.0,41113.0,41484.0,41605.0,41851.0,41970.0,41947.0,42115.0,41883.0,42617.0,42358.0
M,28,38057.0,38182.0,38139.0,37199.0,36120.0,36424.0,36168.0,34452.0,33481.0,34250.0,34678.0,34433.0,35478.0,35396.0,36498.0,36894.0,36257.0,35547.0,35177.0,34092.0,34113.0,34122.0,34284.0,32989.0,32088.0,31731.0,30703.0,32186.0,29515.0,40939.0,40516.0,40189.0,39870.0,39304.0,39374.0,39055.0,38650.0,38071.0,37862.0,37760.0,37429.0,37568.0,37417.0,37258.0,37164.0,36962.0,36701.0,36498.0,36255.0,36255.0,36331.0,35840.0,35540.0,35702.0,35754.0,36169.0,36296.0,36578.0,37110.0,37690.0,38315.0,38857.0,39710.0,40032.0,40204.0,40462.0,40533.0,40918.0,40733.0,40764.0,40668.0,40384.0,40316.0,40110.0,40129.0,39405.0,39575.0,39509.0,39633.0,39100.0,39108.0,39128.0,38898.0,38694.0,39176.0,38850.0,39535.0,39510.0,39765.0,40086.0,40621.0,40818.0,41132.0,41519.0,41639.0,41878.0,41991.0,41976.0,42146.0,41921.0,42640.0
M,29,38611.0,38322.0,38438.0,38270.0,37317.0,36226.0,36550.0,36288.0,34570.0,33595.0,34382.0,34790.0,34538.0,35577.0,35492.0,36637.0,36999.0,36353.0,35679.0,35288.0,34184.0,34210.0,34226.0,34381.0,33093.0,32193.0,31825.0,30798.0,32272.0,29615.0,41022.0,40611.0,40276.0,39975.0,39395.0,39483.0,39138.0,38753.0,38168.0,37934.0,37861.0,37521.0,37643.0,37489.0,37327.0,37249.0,37047.0,36781.0,36570.0,36339.0,36331.0,36412.0,35904.0,35590.0,35766.0,35826.0,36240.0,36356.0,36650.0,37170.0,37746.0,38377.0,38923.0,39776.0,40085.0,40270.0,40521.0,40591.0,40976.0,40798.0,40808.0,40714.0,40439.0,40373.0,40161.0,40185.0,39455.0,39614.0,39565.0,39674.0,39140.0,39157.0,39165.0,38938.0,38724.0,39220.0,38893.0,39588.0,39541.0,39799.0,40127.0,40665.0,40860.0,41156.0,41552.0,41682.0,41918.0,42013.0,41996.0,42179.0,41959.0
M,30,39820.0,38864.0,38591.0,38565.0,38412.0,37432.0,36349.0,36655.0,36422.0,34682.0,33724.0,34513.0,34917.0,34659.0,35716.0,35588.0,36771.0,37125.0,36460.0,35781.0,35381.0,34300.0,34326.0,34335.0,34493.0,33189.0,32306.0,31941.0,30910.0,32381.0,29722.0,41136.0,40727.0,40387.0,40080.0,39503.0,39580.0,39230.0,38830.0,38248.0,38020.0,37950.0,37615.0,37741.0,37589.0,37405.0,37325.0,37116.0,36860.0,36646.0,36417.0,36405.0,36489.0,35994.0,35661.0,35845.0,35888.0,36303.0,36429.0,36726.0,37238.0,37804.0,38441.0,38994.0,39847.0,40163.0,40334.0,40598.0,40664.0,41041.0,40867.0,40880.0,40772.0,40495.0,40430.0,40224.0,40229.0,39511.0,39677.0,39622.0,39720.0,39178.0,39212.0,39210.0,38998.0,38755.0,39271.0,38929.0,39629.0,39584.0,39838.0,40163.0,40705.0,40907.0,41183.0,41593.0,41712.0,41953.0,42050.0,42025.0,42202.0
M,31,40282.0,40110.0,39147.0,38727.0,38690.0,38526.0,37551.0,36451.0,36775.0,36549.0,34807.0,33835.0,34647.0,35015.0,34764.0,35827.0,35699.0,36900.0,37238.0,36577.0,35902.0,35496.0,34415.0,34427.0,34473.0,34586.0,33301.0,32408.0,32043.0,31010.0,32487.0,29822.0,41230.0,40839.0,40487.0,40181.0,39608.0,39693.0,39329.0,38927.0,38331.0,38110.0,38044.0,37696.0,37827.0,37688.0,37496.0,37427.0,37197.0,36938.0,36733.0,36494.0,36477.0,36553.0,36067.0,35750.0,35920.0,35978.0,36377.0,36479.0,36796.0,37307.0,37883.0,38518.0,39050.0,39908.0,40223.0,40410.0,40661.0,40713.0,41106.0,40930.0,40923.0,40831.0,40538.0,40489.0,40261.0,40276.0,39570.0,39735.0,39670.0,39765.0,39225.0,39257.0,39260.0,39035.0,38793.0,39307.0,38981.0,39672.0,39613.0,39884.0,40199.0,40741.0,40944.0,41217.0,41630.0,41742.0,41983.0,42095.0,42061.0
M,32,40727.0,40550.0,40422.0,39257.0,38839.0,38794.0,38626.0,37651.0,36587.0,36914.0,36651.0,34918.0,33958.0,34764.0,35127.0,34864.0,35926.0,35817.0,37007.0,37348.0,36694.0,36010.0,35607.0,34521.0,34535.0,34581.0,34699.0,33419.0,32518.0,32134.0,31105.0,32581.0,29928.0,41333.0,40928.0,40593.0,40264.0,39695.0,39797.0,39418.0,39027.0,38425.0,38200.0,38144.0,37795.0,37906.0,37766.0,37580.0,37514.0,37287.0,37022.0,36797.0,36556.0,36559.0,36631.0,36139.0,35819.0,35996.0,36065.0,36435.0,36536.0,36885.0,37368.0,37948.0,38593.0,39111.0,39974.0,40285.0,40475.0,40723.0,40762.0,41165.0,40994.0,40975.0,40879.0,40597.0,40550.0,40317.0,40327.0,39617.0,39785.0,39713.0,39811.0,39282.0,39304.0,39309.0,39075.0,38830.0,39359.0,39034.0,39708.0,39655.0,39914.0,40234.0,40781.0,40976.0,41248.0,41666.0,41768.0,42009.0,42123.0
M,33,40275.0,41010.0,40821.0,40551.0,39413.0,38937.0,38900.0,38747.0,37749.0,36692.0,37018.0,36772.0,35039.0,34085.0,34892.0,35249.0,34970.0,36032.0,35950.0,37111.0,37485.0,36817.0,36111.0,35720.0,34616.0,34630.0,34676.0,34828.0,33524.0,32617.0,32237.0,31175.0,32680.0,30019.0,41426.0,41035.0,40683.0,40378.0,39785.0,39885.0,39507.0,39121.0,38512.0,38294.0,38232.0,37891.0,37972.0,37848.0,37655.0,37600.0,37356.0,37090.0,36882.0,36637.0,36625.0,36704.0,36221.0,35887.0,36078.0,36127.0,36500.0,36605.0,36954.0,37437.0,38017.0,38659.0,39182.0,40033.0,40339.0,40537.0,40781.0,40835.0,41223.0,41055.0,41033.0,40940.0,40634.0,40594.0,40361.0,40373.0,39658.0,39836.0,39760.0,39864.0,39328.0,39351.0,39362.0,39129.0,38880.0,39395.0,39062.0,39743.0,39695.0,39965.0,40275.0,40805.0,41014.0,41300.0,41699.0,41809.0,42042.0
M,34,40075.0,40562.0,41288.0,40958.0,40673.0,39539.0,39064.0,39015.0,38872.0,37875.0,36796.0,37137.0,36876.0,35164.0,34226.0,35001.0,35365.0,35093.0,36136.0,36061.0,37214.0,37615.0,36907.0,36213.0,35831.0,34738.0,34730.0,34772.0,34924.0,33622.0,32718.0,32317.0,31273.0,32774.0,30122.0,41519.0,41116.0,40784.0,40479.0,39890.0,39964.0,39604.0,39221.0,38604.0,38383.0,38311.0,37987.0,38069.0,37929.0,37742.0,37690.0,37431.0,37169.0,36952.0,36727.0,36727.0,36781.0,36298.0,35957.0,36144.0,36193.0,36577.0,36678.0,37023.0,37512.0,38094.0,38742.0,39251.0,40098.0,40413.0,40587.0,40831.0,40889.0,41273.0,41112.0,41094.0,40999.0,40688.0,40634.0,40406.0,40425.0,39699.0,39881.0,39822.0,39919.0,39373.0,39398.0,39409.0,39174.0,38912.0,39432.0,39096.0,39767.0,39729.0,40007.0,40315.0,40843.0,41047.0,41333.0,41736.0,41839.0
M,35,38393.0,40358.0,40855.0,41406.0,41064.0,40804.0,39655.0,39173.0,39141.0,38983.0,38004.0,36911.0,37249.0,36994.0,35291.0,34326.0,35114.0,35462.0,35199.0,36227.0,36166.0,37327.0,37715.0,36999.0,36336.0,35940.0,34832.0,34832.0,34869.0,35020.0,33721.0,32809.0,32422.0,31364.0,32876.0,30204.0,41638.0,41199.0,40884.0,40572.0,39979.0,40031.0,39689.0,39305.0,38691.0,38459.0,38394.0,38071.0,38150.0,38003.0,37815.0,37775.0,37508.0,37223.0,37021.0,36803.0,36800.0,36858.0,36361.0,36015.0,36220.0,36256.0,36644.0,36734.0,37087.0,37584.0,38154.0,38799.0,39316.0,40144.0,40474.0,40640.0,40887.0,40947.0,41338.0,41165.0,41158.0,41060.0,40733.0,40674.0,40468.0,40469.0,39740.0,39946.0,39865.0,39959.0,39409.0,39432.0,39445.0,39214.0,38939.0,39469.0,39133.0,39792.0,39758.0,40037.0,40347.0,40896.0,41070.0,41361.0,41764.0
M,36,38662.0,38683.0,40652.0,40968.0,41520.0,41199.0,40957.0,39765.0,39280.0,39248.0,39092.0,38113.0,37020.0,37356.0,37106.0,35386.0,34426.0,35226.0,35561.0,35305.0,36317.0,36277.0,37432.0,37841.0,37093.0,36431.0,36041.0,34945.0,34920.0,34978.0,35100.0,33803.0,32918.0,32522.0,31455.0,32976.0,30293.0,41737.0,41278.0,40966.0,40653.0,40054.0,40111.0,39775.0,39384.0,38767.0,38553.0,38477.0,38159.0,38249.0,38086.0,37900.0,37844.0,37573.0,37279.0,37085.0,36876.0,36863.0,36915.0,36434.0,36081.0,36287.0,36320.0,36708.0,36792.0,37152.0,37651.0,38235.0,38870.0,39373.0,40205.0,40518.0,40689.0,40950.0,41008.0,41383.0,41221.0,41212.0,41114.0,40785.0,40723.0,40517.0,40496.0,39785.0,39991.0,39906.0,40003.0,39450.0,39470.0,39481.0,39256.0,38962.0,39500.0,39177.0,39823.0,39789.0,40067.0,40383.0,40934.0,41088.0,41381.0
M,37,37985.0,38939.0,38960.0,40773.0,41110.0,41634.0,41333.0,41076.0,39888.0,39395.0,39357.0,39221.0,38237.0,37154.0,37479.0,37226.0,35486.0,34535.0,35338.0,35669.0,35413.0,36422.0,36391.0,37532.0,37941.0,37193.0,36529.0,36139.0,35053.0,35033.0,35092.0,35201.0,33912.0,33009.0,32612.0,31543.0,33077.0,30382.0,41828.0,41361.0,41035.0,40741.0,40128.0,40198.0,39864.0,39466.0,38859.0,38642.0,38547.0,38250.0,38313.0,38155.0,37964.0,37918.0,37636.0,37343.0,37155.0,36956.0,36920.0,36981.0,36497.0,36134.0,36354.0,36377.0,36787.0,36845.0,37215.0,37709.0,38285.0,38923.0,39430.0,40265.0,40570.0,40751.0,40997.0,41058.0,41433.0,41277.0,41267.0,41163.0,40838.0,40769.0,40559.0,40534.0,39834.0,40040.0,39951.0,40054.0,39496.0,39510.0,39526.0,39287.0,38997.0,39530.0,39207.0,39855.0,39838.0,40102.0,40419.0,40966.0,41113.0
M,38,37174.0,38261.0,39215.0,39098.0,40914.0,41216.0,41758.0,41456.0,41205.0,40012.0,39523.0,39473.0,39352.0,38365.0,37253.0,37595.0,37330.0,35579.0,34643.0,35445.0,35779.0,35512.0,36530.0,36497.0,37639.0,38043.0,37296.0,36633.0,36251.0,35140.0,35131.0,35199.0,35292.0,34033.0,33086.0,32702.0,31636.0,33162.0,30469.0,41897.0,41441.0,41124.0,40831.0,40208.0,40289.0,39941.0,39539.0,38935.0,38719.0,38619.0,38316.0,38393.0,38242.0,38054.0,38001.0,37720.0,37408.0,37225.0,37023.0,36983.0,37044.0,36554.0,36197.0,36409.0,36433.0,36861.0,36909.0,37286.0,37758.0,38350.0,38983.0,39486.0,40321.0,40629.0,40811.0,41057.0,41106.0,41474.0,41330.0,41328.0,41210.0,40881.0,40814.0,40596.0,40580.0,39883.0,40080.0,39995.0,40090.0,39532.0,39553.0,39563.0,39318.0,39033.0,39566.0,39245.0,39889.0,39877.0,40131.0,40449.0,40987.0
M,39,37362.0,37455.0,38528.0,39347.0,39202.0,41049.0,41347.0,41892.0,41570.0,41331.0,40132.0,39627.0,39596.0,39464.0,38472.0,37364.0,37707.0,37437.0,35687.0,34762.0,35536.0,35883.0,35611.0,36625.0,36603.0,37749.0,38144.0,37396.0,36739.0,36339.0,35225.0,35221.0,35297.0,35381.0,34115.0,33168.0,32794.0,31734.0,33255.0,30561.0,41993.0,41520.0,41201.0,40923.0,40291.0,40360.0,40018.0,39627.0,39015.0,38798.0,38713.0,38401.0,38467.0,38312.0,38126.0,38074.0,37809.0,37474.0,37293.0,37101.0,37037.0,37101.0,36621.0,36255.0,36472.0,36482.0,36915.0,36968.0,37348.0,37825.0,38414.0,39040.0,39540.0,40381.0,40678.0,40860.0,41112.0,41172.0,41528.0,41384.0,41372.0,41262.0,40926.0,40856.0,40644.0,40623.0,39919.0,40119.0,40028.0,40137.0,39570.0,39579.0,39594.0,39346.0,39070.0,39601.0,39287.0,39912.0,39900.0,40155.0,40478.0
M,40,37429.0,37639.0,37735.0,38657.0,39462.0,39321.0,41162.0,41453.0,42003.0,41685.0,41451.0,40242.0,39742.0,39716.0,39580.0,38566.0,37461.0,37810.0,37548.0,35803.0,34862.0,35626.0,35994.0,35707.0,36712.0,36703.0,37849.0,38227.0,37490.0,36831.0,36437.0,35301.0,35309.0,35378.0,35472.0,34200.0,33244.0,32874.0,31831.0,33339.0,30655.0,42076.0,41601.0,41281.0,41007.0,40376.0,40431.0,40099.0,39693.0,39083.0,38882.0,38782.0,38471.0,38528.0,38385.0,38194.0,38158.0,37877.0,37546.0,37380.0,37164.0,37095.0,37164.0,36667.0,36303.0,36532.0,36537.0,36968.0,37024.0,37413.0,37871.0,38484.0,39094.0,39591.0,40419.0,40736.0,40910.0,41173.0,41204.0,41563.0,41430.0,41417.0,41303.0,40972.0,40903.0,40680.0,40658.0,39960.0,40154.0,40072.0,40171.0,39606.0,39621.0,39629.0,39374.0,39105.0,39638.0,39316.0,39940.0,39924.0,40187.0
M,41,36190.0,37670.0,37911.0,37871.0,38778.0,39587.0,39441.0,41264.0,41583.0,42111.0,41789.0,41561.0,40361.0,39855.0,39826.0,39693.0,38654.0,37559.0,37914.0,37644.0,35908.0,34961.0,35720.0,36086.0,35812.0,36811.0,36798.0,37938.0,38311.0,37589.0,36916.0,36522.0,35377.0,35380.0,35463.0,35569.0,34296.0,33330.0,32967.0,31935.0,33418.0,30741.0,42148.0,41702.0,41350.0,41078.0,40450.0,40514.0,40174.0,39768.0,39167.0,38955.0,38847.0,38543.0,38585.0,38440.0,38250.0,38230.0,37942.0,37610.0,37442.0,37232.0,37159.0,37228.0,36733.0,36375.0,36586.0,36597.0,37026.0,37071.0,37459.0,37928.0,38546.0,39140.0,39640.0,40463.0,40785.0,40959.0,41223.0,41249.0,41612.0,41464.0,41456.0,41344.0,41020.0,40945.0,40706.0,40695.0,40005.0,40190.0,40112.0,40203.0,39651.0,39655.0,39656.0,39396.0,39125.0,39667.0,39343.0,39967.0,39957.0
M,42,36976.0,36463.0,37931.0,38026.0,38008.0,38891.0,39704.0,39545.0,41375.0,41700.0,42236.0,41892.0,41658.0,40481.0,39971.0,39916.0,39791.0,38763.0,37670.0,38023.0,37743.0,36012.0,35049.0,35816.0,36207.0,35912.0,36910.0,36894.0,38030.0,38401.0,37675.0,37001.0,36630.0,35473.0,35456.0,35548.0,35643.0,34383.0,33413.0,33051.0,32020.0,33504.0,30835.0,42207.0,41778.0,41418.0,41149.0,40527.0,40593.0,40256.0,39844.0,39238.0,39031.0,38922.0,38605.0,38645.0,38511.0,38310.0,38301.0,38003.0,37681.0,37506.0,37295.0,37217.0,37280.0,36775.0,36424.0,36635.0,36655.0,37069.0,37119.0,37511.0,37975.0,38608.0,39183.0,39691.0,40513.0,40836.0,41005.0,41273.0,41298.0,41648.0,41512.0,41500.0,41384.0,41062.0,40976.0,40739.0,40730.0,40037.0,40220.0,40155.0,40239.0,39685.0,39693.0,39686.0,39423.0,39150.0,39690.0,39367.0,39998.0
M,43,36250.0,37198.0,36711.0,38046.0,38132.0,38137.0,38987.0,39827.0,39660.0,41487.0,41809.0,42349.0,42009.0,41765.0,40568.0,40082.0,40019.0,39896.0,38860.0,37786.0,38108.0,37837.0,36108.0,35149.0,35913.0,36291.0,36019.0,36997.0,36985.0,38131.0,38503.0,37756.0,37090.0,36698.0,35542.0,35556.0,35619.0,35713.0,34473.0,33487.0,33124.0,32096.0,33584.0,30915.0,42283.0,41867.0,41488.0,41212.0,40597.0,40654.0,40329.0,39920.0,39320.0,39113.0,38990.0,38677.0,38718.0,38572.0,38375.0,38371.0,38064.0,37752.0,37563.0,37362.0,37265.0,37343.0,36832.0,36477.0,36700.0,36703.0,37133.0,37166.0,37564.0,38026.0,38653.0,39239.0,39744.0,40558.0,40876.0,41056.0,41328.0,41336.0,41692.0,41562.0,41547.0,41426.0,41090.0,41017.0,40768.0,40780.0,40072.0,40244.0,40200.0,40266.0,39718.0,39715.0,39717.0,39452.0,39177.0,39712.0,39390.0
M,44,36012.0,36515.0,37423.0,36832.0,38147.0,38236.0,38247.0,39120.0,39932.0,39766.0,41596.0,41919.0,42451.0,42113.0,41867.0,40681.0,40167.0,40122.0,39997.0,38969.0,37888.0,38216.0,37952.0,36209.0,35251.0,36004.0,36380.0,36110.0,37090.0,37061.0,38215.0,38593.0,37847.0,37170.0,36776.0,35637.0,35644.0,35716.0,35807.0,34545.0,33571.0,33213.0,32193.0,33659.0,30990.0,42351.0,41948.0,41561.0,41280.0,40664.0,40738.0,40392.0,39993.0,39395.0,39170.0,39051.0,38743.0,38787.0,38631.0,38432.0,38447.0,38115.0,37816.0,37615.0,37419.0,37331.0,37394.0,36886.0,36536.0,36748.0,36764.0,37183.0,37213.0,37614.0,38078.0,38693.0,39281.0,39799.0,40609.0,40928.0,41102.0,41379.0,41376.0,41736.0,41598.0,41588.0,41468.0,41128.0,41056.0,40806.0,40826.0,40112.0,40279.0,40234.0,40295.0,39747.0,39744.0,39744.0,39479.0,39205.0,39740.0
M,45,34884.0,36301.0,36765.0,37547.0,36937.0,38258.0,38348.0,38342.0,39234.0,40060.0,39867.0,41718.0,42017.0,42549.0,42219.0,41961.0,40776.0,40285.0,40236.0,40093.0,39062.0,37979.0,38318.0,38044.0,36303.0,35344.0,36086.0,36464.0,36207.0,37181.0,37153.0,38298.0,38684.0,37926.0,37238.0,36882.0,35724.0,35724.0,35797.0,35874.0,34617.0,33660.0,33285.0,32269.0,33748.0,31066.0,42424.0,42027.0,41640.0,41359.0,40743.0,40813.0,40457.0,40058.0,39464.0,39229.0,39109.0,38799.0,38868.0,38691.0,38486.0,38505.0,38180.0,37872.0,37668.0,37483.0,37385.0,37454.0,36934.0,36594.0,36805.0,36818.0,37222.0,37261.0,37654.0,38128.0,38735.0,39320.0,39834.0,40666.0,40968.0,41149.0,41424.0,41414.0,41774.0,41641.0,41623.0,41499.0,41173.0,41091.0,40844.0,40862.0,40145.0,40311.0,40267.0,40331.0,39778.0,39771.0,39774.0,39510.0,39227.0
M,46,35776.0,35127.0,36547.0,36892.0,37649.0,37067.0,38364.0,38454.0,38458.0,39340.0,40182.0,39968.0,41812.0,42132.0,42649.0,42323.0,42072.0,40856.0,40382.0,40339.0,40208.0,39155.0,38073.0,38416.0,38135.0,36403.0,35430.0,36187.0,36551.0,36306.0,37267.0,37233.0,38383.0,38768.0,38016.0,37321.0,36966.0,35806.0,35809.0,35862.0,35956.0,34694.0,33737.0,33381.0,32343.0,33810.0,31135.0,42506.0,42092.0,41711.0,41431.0,40810.0,40869.0,40523.0,40121.0,39525.0,39303.0,39184.0,38852.0,38927.0,38750.0,38553.0,38577.0,38230.0,37938.0,37720.0,37529.0,37440.0,37515.0,37002.0,36649.0,36848.0,36881.0,37275.0,37298.0,37704.0,38169.0,38778.0,39382.0,39890.0,40722.0,41025.0,41191.0,41465.0,41457.0,41815.0,41680.0,41661.0,41543.0,41200.0,41129.0,40868.0,40900.0,40171.0,40340.0,40315.0,40370.0,39804.0,39790.0,39797.0,39542.0
M,47,36463.0,36042.0,35375.0,36675.0,36987.0,37778.0,37186.0,38479.0,38556.0,38559.0,39432.0,40290.0,40056.0,41905.0,42239.0,42746.0,42420.0,42198.0,40974.0,40487.0,40452.0,40303.0,39262.0,38167.0,38502.0,38245.0,36484.0,35527.0,36283.0,36645.0,36399.0,37347.0,37318.0,38478.0,38854.0,38102.0,37404.0,37053.0,35881.0,35878.0,35940.0,36034.0,34785.0,33819.0,33471.0,32422.0,33887.0,31213.0,42583.0,42160.0,41776.0,41512.0,40881.0,40943.0,40593.0,40194.0,39582.0,39358.0,39240.0,38919.0,38992.0,38824.0,38607.0,38639.0,38291.0,38007.0,37778.0,37590.0,37491.0,37558.0,37062.0,36705.0,36904.0,36936.0,37318.0,37353.0,37752.0,38215.0,38831.0,39420.0,39940.0,40775.0,41070.0,41231.0,41502.0,41488.0,41842.0,41722.0,41685.0,41593.0,41228.0,41169.0,40898.0,40932.0,40198.0,40370.0,40336.0,40394.0,39840.0,39811.0,39824.0
M,48,37822.0,36741.0,36290.0,35479.0,36787.0,37097.0,37884.0,37302.0,38566.0,38663.0,38663.0,39548.0,40374.0,40159.0,42011.0,42341.0,42853.0,42523.0,42295.0,41068.0,40579.0,40556.0,40391.0,39354.0,38266.0,38606.0,38314.0,36583.0,35617.0,36361.0,36747.0,36493.0,37436.0,37409.0,38559.0,38927.0,38196.0,37503.0,37133.0,35957.0,35972.0,36028.0,36123.0,34854.0,33887.0,33551.0,32487.0,33963.0,31284.0,42653.0,42240.0,41836.0,41570.0,40963.0,41014.0,40650.0,40243.0,39658.0,39430.0,39298.0,38979.0,39058.0,38884.0,38662.0,38698.0,38368.0,38084.0,37827.0,37655.0,37540.0,37604.0,37107.0,36750.0,36954.0,36986.0,37357.0,37387.0,37798.0,38258.0,38877.0,39459.0,39981.0,40820.0,41100.0,41272.0,41535.0,41521.0,41876.0,41762.0,41719.0,41619.0,41257.0,41207.0,40941.0,40968.0,40223.0,40400.0,40366.0,40425.0,39866.0,39837.0
M,49,38079.0,38066.0,37010.0,36407.0,35581.0,36901.0,37204.0,37997.0,37416.0,38685.0,38779.0,38775.0,39642.0,40494.0,40260.0,42106.0,42439.0,42956.0,42632.0,42395.0,41149.0,40677.0,40650.0,40483.0,39448.0,38361.0,38703.0,38413.0,36677.0,35704.0,36432.0,36844.0,36594.0,37524.0,37506.0,38629.0,39015.0,38265.0,37581.0,37207.0,36051.0,36050.0,36104.0,36209.0,34918.0,33956.0,33623.0,32563.0,34049.0,31356.0,42723.0,42305.0,41910.0,41632.0,41023.0,41076.0,40714.0,40305.0,39722.0,39482.0,39355.0,39039.0,39132.0,38935.0,38720.0,38748.0,38426.0,38140.0,37877.0,37721.0,37593.0,37665.0,37162.0,36824.0,37013.0,37035.0,37402.0,37433.0,37838.0,38291.0,38918.0,39502.0,40027.0,40864.0,41140.0,41301.0,41571.0,41559.0,41907.0,41795.0,41756.0,41656.0,41293.0,41236.0,40968.0,40991.0,40248.0,40426.0,40392.0,40461.0,39888.0
M,50,39204.0,38311.0,38345.0,37130.0,36514.0,35694.0,37000.0,37298.0,38122.0,37527.0,38789.0,38871.0,38897.0,39744.0,40593.0,40370.0,42238.0,42525.0,43055.0,42721.0,42502.0,41251.0,40771.0,40739.0,40590.0,39522.0,38467.0,38798.0,38502.0,36765.0,35814.0,36545.0,36932.0,36697.0,37631.0,37609.0,38716.0,39113.0,38348.0,37665.0,37276.0,36139.0,36122.0,36186.0,36298.0,35001.0,34025.0,33702.0,32643.0,34119.0,31435.0,42800.0,42398.0,41995.0,41699.0,41089.0,41147.0,40786.0,40373.0,39794.0,39554.0,39411.0,39089.0,39203.0,38995.0,38784.0,38805.0,38490.0,38199.0,37939.0,37774.0,37647.0,37723.0,37206.0,36885.0,37055.0,37089.0,37447.0,37469.0,37882.0,38344.0,38966.0,39536.0,40072.0,40911.0,41186.0,41355.0,41617.0,41594.0,41945.0,41830.0,41782.0,41679.0,41325.0,41277.0,40994.0,41026.0,40283.0,40453.0,40419.0,40487.0
M,51,38960.0,39471.0,38574.0,38474.0,37242.0,36629.0,35808.0,37119.0,37414.0,38244.0,37644.0,38901.0,38995.0,39022.0,39857.0,40705.0,40479.0,42329.0,42629.0,43165.0,42820.0,42608.0,41346.0,40879.0,40832.0,40657.0,39624.0,38543.0,38876.0,38590.0,36849.0,35913.0,36633.0,37021.0,36773.0,37726.0,37715.0,38805.0,39218.0,38430.0,37753.0,37342.0,36231.0,36207.0,36264.0,36388.0,35073.0,34081.0,33777.0,32726.0,34204.0,31514.0,42861.0,42474.0,42057.0,41773.0,41165.0,41223.0,40855.0,40441.0,39852.0,39624.0,39475.0,39144.0,39267.0,39067.0,38847.0,38867.0,38544.0,38263.0,38003.0,37828.0,37692.0,37774.0,37243.0,36928.0,37094.0,37140.0,37507.0,37513.0,37926.0,38394.0,39013.0,39570.0,40103.0,40949.0,41223.0,41398.0,41646.0,41626.0,41979.0,41870.0,41813.0,41710.0,41352.0,41301.0,41021.0,41060.0,40319.0,40483.0,40443.0
M,52,38530.0,39240.0,39745.0,38698.0,38580.0,37340.0,36747.0,35930.0,37225.0,37516.0,38337.0,37762.0,39012.0,39090.0,39128.0,39975.0,40822.0,40597.0,42418.0,42735.0,43274.0,42906.0,42698.0,41459.0,40977.0,40934.0,40761.0,39721.0,38615.0,38958.0,38686.0,36943.0,36037.0,36737.0,37110.0,36860.0,37801.0,37804.0,38893.0,39303.0,38512.0,37848.0,37407.0,36313.0,36277.0,36329.0,36458.0,35147.0,34161.0,33856.0,32807.0,34278.0,31588.0,42922.0,42529.0,42126.0,41835.0,41239.0,41277.0,40909.0,40515.0,39911.0,39710.0,39534.0,39229.0,39331.0,39122.0,38917.0,38926.0,38614.0,38301.0,38050.0,37887.0,37742.0,37832.0,37293.0,36974.0,37145.0,37189.0,37562.0,37564.0,37978.0,38430.0,39054.0,39608.0,40136.0,40983.0,41259.0,41437.0,41684.0,41668.0,42009.0,41906.0,41835.0,41738.0,41378.0,41342.0,41045.0,41093.0,40346.0,40503.0
M,53,39127.0,38798.0,39487.0,39857.0,38812.0,38696.0,37455.0,36857.0,36056.0,37339.0,37634.0,38449.0,37863.0,39110.0,39200.0,39227.0,40069.0,40938.0,40715.0,42536.0,42815.0,43369.0,43007.0,42789.0,41562.0,41091.0,41051.0,40843.0,39820.0,38719.0,39049.0,38785.0,37034.0,36114.0,36836.0,37197.0,36943.0,37904.0,37913.0,38993.0,39395.0,38582.0,37930.0,37482.0,36401.0,36349.0,36410.0,36543.0,35220.0,34234.0,33932.0,32864.0,34355.0,31647.0,43005.0,42600.0,42206.0,41902.0,41296.0,41349.0,40971.0,40578.0,39969.0,39767.0,39612.0,39292.0,39394.0,39194.0,38981.0,38963.0,38664.0,38353.0,38107.0,37949.0,37799.0,37879.0,37348.0,37021.0,37191.0,37238.0,37612.0,37616.0,38014.0,38468.0,39083.0,39644.0,40180.0,41025.0,41294.0,41461.0,41717.0,41697.0,42039.0,41932.0,41871.0,41769.0,41410.0,41372.0,41078.0,41114.0,40376.0
M,54,38711.0,39374.0,39067.0,39602.0,39976.0,38946.0,38823.0,37583.0,36977.0,36181.0,37458.0,37735.0,38547.0,37976.0,39213.0,39321.0,39360.0,40181.0,41030.0,40829.0,42668.0,42920.0,43471.0,43109.0,42863.0,41666.0,41175.0,41153.0,40941.0,39921.0,38809.0,39150.0,38879.0,37103.0,36198.0,36921.0,37286.0,37052.0,37993.0,38005.0,39071.0,39456.0,38664.0,37998.0,37580.0,36481.0,36407.0,36482.0,36625.0,35284.0,34321.0,34012.0,32943.0,34429.0,31716.0,43078.0,42683.0,42264.0,41968.0,41348.0,41417.0,41045.0,40644.0,40035.0,39839.0,39664.0,39339.0,39447.0,39258.0,39031.0,39024.0,38720.0,38415.0,38156.0,37991.0,37851.0,37912.0,37392.0,37066.0,37244.0,37277.0,37656.0,37666.0,38058.0,38508.0,39116.0,39668.0,40216.0,41067.0,41329.0,41496.0,41749.0,41729.0,42091.0,41970.0,41908.0,41801.0,41442.0,41399.0,41108.0,41137.0
M,55,37445.0,38967.0,39617.0,39166.0,39712.0,40077.0,39049.0,38908.0,37722.0,37077.0,36285.0,37557.0,37850.0,38645.0,38076.0,39301.0,39426.0,39464.0,40291.0,41137.0,40945.0,42760.0,43023.0,43567.0,43211.0,42960.0,41774.0,41263.0,41242.0,41027.0,40008.0,38910.0,39228.0,38961.0,37184.0,36282.0,37002.0,37392.0,37134.0,38079.0,38082.0,39140.0,39530.0,38746.0,38077.0,37668.0,36557.0,36474.0,36538.0,36689.0,35356.0,34374.0,34080.0,32997.0,34500.0,31785.0,43148.0,42752.0,42321.0,42022.0,41401.0,41489.0,41103.0,40704.0,40095.0,39889.0,39716.0,39383.0,39490.0,39299.0,39091.0,39085.0,38759.0,38467.0,38194.0,38043.0,37902.0,37953.0,37442.0,37106.0,37300.0,37327.0,37699.0,37716.0,38102.0,38543.0,39156.0,39705.0,40247.0,41100.0,41361.0,41530.0,41784.0,41755.0,42120.0,41993.0,41939.0,41827.0,41468.0,41431.0,41134.0
M,56,37508.0,37692.0,39233.0,39736.0,39277.0,39809.0,40200.0,39161.0,39020.0,37822.0,37168.0,36397.0,37668.0,37950.0,38755.0,38175.0,39396.0,39542.0,39553.0,40377.0,41230.0,41046.0,42879.0,43115.0,43665.0,43330.0,43046.0,41874.0,41347.0,41332.0,41115.0,40099.0,38995.0,39322.0,39061.0,37263.0,36367.0,37087.0,37484.0,37203.0,38157.0,38153.0,39212.0,39607.0,38813.0,38137.0,37739.0,36623.0,36539.0,36609.0,36774.0,35413.0,34443.0,34152.0,33055.0,34572.0,31839.0,43198.0,42804.0,42388.0,42079.0,41460.0,41550.0,41166.0,40757.0,40150.0,39952.0,39777.0,39430.0,39536.0,39342.0,39145.0,39144.0,38797.0,38517.0,38246.0,38086.0,37934.0,37990.0,37486.0,37143.0,37353.0,37357.0,37730.0,37755.0,38151.0,38580.0,39194.0,39740.0,40287.0,41137.0,41395.0,41562.0,41817.0,41781.0,42155.0,42028.0,41962.0,41864.0,41497.0,41448.0
M,57,36634.0,37746.0,37919.0,39337.0,39842.0,39392.0,39916.0,40325.0,39282.0,39132.0,37926.0,37278.0,36499.0,37768.0,38055.0,38857.0,38267.0,39495.0,39644.0,39635.0,40467.0,41335.0,41132.0,42995.0,43200.0,43765.0,43436.0,43143.0,41966.0,41451.0,41424.0,41225.0,40210.0,39084.0,39381.0,39139.0,37355.0,36451.0,37159.0,37578.0,37278.0,38251.0,38229.0,39297.0,39670.0,38899.0,38207.0,37831.0,36699.0,36610.0,36668.0,36845.0,35494.0,34501.0,34203.0,33117.0,34661.0,31898.0,43256.0,42857.0,42440.0,42129.0,41523.0,41618.0,41232.0,40809.0,40223.0,40009.0,39835.0,39485.0,39587.0,39387.0,39194.0,39192.0,38855.0,38565.0,38293.0,38131.0,37984.0,38033.0,37529.0,37184.0,37398.0,37401.0,37770.0,37798.0,38191.0,38614.0,39230.0,39757.0,40329.0,41163.0,41421.0,41585.0,41854.0,41822.0,42181.0,42059.0,41994.0,41885.0,41518.0
M,58,35796.0,36891.0,37977.0,38039.0,39452.0,39954.0,39488.0,40042.0,40449.0,39396.0,39237.0,38038.0,37394.0,36601.0,37861.0,38156.0,38957.0,38367.0,39583.0,39737.0,39731.0,40567.0,41430.0,41227.0,43095.0,43283.0,43868.0,43525.0,43243.0,42043.0,41540.0,41505.0,41314.0,40291.0,39157.0,39463.0,39218.0,37430.0,36519.0,37234.0,37668.0,37364.0,38334.0,38293.0,39372.0,39744.0,38991.0,38293.0,37895.0,36761.0,36692.0,36730.0,36913.0,35567.0,34577.0,34269.0,33173.0,34736.0,31963.0,43313.0,42912.0,42495.0,42195.0,41595.0,41675.0,41294.0,40860.0,40265.0,40076.0,39887.0,39542.0,39638.0,39451.0,39247.0,39237.0,38899.0,38628.0,38335.0,38177.0,38025.0,38070.0,37570.0,37234.0,37444.0,37433.0,37816.0,37835.0,38220.0,38661.0,39264.0,39789.0,40370.0,41190.0,41446.0,41610.0,41896.0,41858.0,42202.0,42081.0,42031.0,41909.0
M,59,33856.0,36064.0,37141.0,38095.0,38162.0,39564.0,40071.0,39596.0,40135.0,40532.0,39503.0,39338.0,38124.0,37521.0,36691.0,37968.0,38254.0,39036.0,38448.0,39673.0,39839.0,39840.0,40663.0,41502.0,41326.0,43182.0,43380.0,43949.0,43608.0,43334.0,42146.0,41618.0,41595.0,41394.0,40369.0,39248.0,39539.0,39302.0,37500.0,36589.0,37316.0,37755.0,37438.0,38408.0,38385.0,39456.0,39828.0,39070.0,38383.0,37959.0,36835.0,36762.0,36812.0,36965.0,35642.0,34648.0,34323.0,33238.0,34801.0,32024.0,43380.0,42964.0,42547.0,42261.0,41658.0,41742.0,41348.0,40919.0,40308.0,40123.0,39940.0,39597.0,39707.0,39498.0,39298.0,39280.0,38924.0,38674.0,38382.0,38210.0,38071.0,38110.0,37608.0,37269.0,37481.0,37483.0,37853.0,37865.0,38261.0,38705.0,39294.0,39808.0,40397.0,41220.0,41473.0,41640.0,41934.0,41879.0,42239.0,42107.0,42041.0
M,60,33238.0,34067.0,36269.0,37232.0,38164.0,38234.0,39653.0,40168.0,39679.0,40227.0,40619.0,39589.0,39423.0,38203.0,37599.0,36777.0,38041.0,38345.0,39120.0,38520.0,39746.0,39912.0,39920.0,40758.0,41587.0,41402.0,43250.0,43448.0,44019.0,43682.0,43391.0,42207.0,41698.0,41672.0,41472.0,40449.0,39320.0,39611.0,39358.0,37562.0,36663.0,37382.0,37815.0,37504.0,38464.0,38448.0,39515.0,39885.0,39135.0,38440.0,38007.0,36883.0,36826.0,36875.0,37019.0,35698.0,34688.0,34366.0,33282.0,34849.0,32064.0,43413.0,43024.0,42609.0,42304.0,41694.0,41782.0,41392.0,40963.0,40341.0,40158.0,39991.0,39623.0,39746.0,39553.0,39340.0,39318.0,38967.0,38702.0,38418.0,38244.0,38088.0,38143.0,37625.0,37305.0,37504.0,37509.0,37873.0,37895.0,38283.0,38735.0,39315.0,39826.0,40419.0,41245.0,41497.0,41663.0,41949.0,41889.0,42250.0,42123.0
M,61,32420.0,33444.0,34284.0,36363.0,37328.0,38260.0,38318.0,39759.0,40228.0,39764.0,40311.0,40715.0,39668.0,39507.0,38298.0,37681.0,36864.0,38136.0,38413.0,39192.0,38610.0,39831.0,39980.0,40005.0,40825.0,41661.0,41478.0,43332.0,43519.0,44093.0,43752.0,43454.0,42267.0,41763.0,41740.0,41530.0,40535.0,39401.0,39679.0,39411.0,37639.0,36721.0,37437.0,37862.0,37574.0,38518.0,38512.0,39568.0,39953.0,39190.0,38490.0,38070.0,36932.0,36908.0,36930.0,37078.0,35752.0,34743.0,34419.0,33327.0,34897.0,32111.0,43459.0,43071.0,42658.0,42357.0,41750.0,41828.0,41430.0,41019.0,40372.0,40193.0,40019.0,39674.0,39792.0,39605.0,39376.0,39344.0,39005.0,38746.0,38454.0,38266.0,38113.0,38172.0,37649.0,37321.0,37529.0,37540.0,37895.0,37913.0,38300.0,38744.0,39327.0,39841.0,40437.0,41259.0,41512.0,41669.0,41970.0,41901.0,42264.0
M,62,31875.0,32660.0,33654.0,34369.0,36465.0,37418.0,38350.0,38423.0,39829.0,40317.0,39834.0,40397.0,40776.0,39752.0,39601.0,38365.0,37771.0,36942.0,38220.0,38480.0,39270.0,38673.0,39931.0,40067.0,40089.0,40917.0,41730.0,41545.0,43411.0,43586.0,44158.0,43841.0,43528.0,42350.0,41856.0,41794.0,41618.0,40595.0,39471.0,39742.0,39461.0,37706.0,36795.0,37512.0,37904.0,37662.0,38575.0,38563.0,39623.0,40007.0,39254.0,38536.0,38115.0,36989.0,36978.0,36987.0,37129.0,35828.0,34794.0,34472.0,33374.0,34946.0,32164.0,43508.0,43114.0,42706.0,42391.0,41804.0,41877.0,41462.0,41073.0,40415.0,40236.0,40065.0,39701.0,39814.0,39632.0,39397.0,39384.0,39035.0,38777.0,38486.0,38300.0,38137.0,38194.0,37684.0,37347.0,37551.0,37573.0,37923.0,37947.0,38315.0,38771.0,39352.0,39854.0,40453.0,41276.0,41531.0,41680.0,41984.0,41916.0
M,63,31627.0,32094.0,32851.0,33754.0,34458.0,36570.0,37492.0,38422.0,38505.0,39911.0,40409.0,39909.0,40475.0,40853.0,39811.0,39690.0,38446.0,37850.0,37024.0,38288.0,38558.0,39342.0,38761.0,40018.0,40127.0,40151.0,40976.0,41796.0,41617.0,43489.0,43664.0,44221.0,43900.0,43606.0,42420.0,41922.0,41885.0,41682.0,40664.0,39544.0,39816.0,39524.0,37764.0,36855.0,37578.0,37957.0,37728.0,38630.0,38625.0,39658.0,40065.0,39302.0,38596.0,38174.0,37045.0,37029.0,37040.0,37182.0,35884.0,34846.0,34522.0,33421.0,34993.0,32206.0,43551.0,43156.0,42767.0,42440.0,41841.0,41907.0,41511.0,41119.0,40465.0,40273.0,40085.0,39736.0,39862.0,39680.0,39434.0,39417.0,39053.0,38821.0,38517.0,38327.0,38159.0,38231.0,37717.0,37380.0,37579.0,37594.0,37949.0,37966.0,38334.0,38802.0,39372.0,39878.0,40467.0,41290.0,41542.0,41692.0,41997.0
M,64,30857.0,31820.0,32288.0,32930.0,33835.0,34533.0,36658.0,37592.0,38508.0,38587.0,39993.0,40496.0,40000.0,40571.0,40925.0,39889.0,39791.0,38526.0,37934.0,37109.0,38375.0,38643.0,39424.0,38853.0,40104.0,40195.0,40227.0,41062.0,41863.0,41692.0,43557.0,43735.0,44289.0,43975.0,43674.0,42491.0,41989.0,41948.0,41748.0,40742.0,39599.0,39883.0,39582.0,37827.0,36925.0,37648.0,38022.0,37773.0,38690.0,38681.0,39724.0,40118.0,39350.0,38648.0,38225.0,37099.0,37093.0,37088.0,37225.0,35930.0,34888.0,34577.0,33474.0,35030.0,32242.0,43596.0,43196.0,42804.0,42481.0,41894.0,41958.0,41556.0,41159.0,40491.0,40311.0,40123.0,39773.0,39901.0,39714.0,39467.0,39445.0,39083.0,38848.0,38542.0,38354.0,38178.0,38268.0,37748.0,37415.0,37603.0,37612.0,37974.0,37984.0,38349.0,38831.0,39397.0,39900.0,40482.0,41312.0,41568.0,41709.0
M,65,29861.0,30727.0,31707.0,32028.0,32653.0,33587.0,34285.0,36366.0,37283.0,38199.0,38297.0,39724.0,40205.0,39764.0,40286.0,40645.0,39631.0,39509.0,38263.0,37681.0,36885.0,38100.0,38427.0,39196.0,38632.0,39882.0,39946.0,39990.0,40845.0,41652.0,41469.0,43279.0,43491.0,44068.0,43734.0,43449.0,42309.0,41778.0,41749.0,41517.0,40519.0,39392.0,39651.0,39345.0,37655.0,36738.0,37445.0,37820.0,37612.0,38527.0,38472.0,39500.0,39931.0,39154.0,38465.0,38027.0,36899.0,36933.0,36883.0,37009.0,35739.0,34726.0,34360.0,33266.0,34824.0,32052.0,43359.0,42910.0,42535.0,42186.0,41653.0,41701.0,41261.0,40884.0,40220.0,40046.0,39868.0,39524.0,39670.0,39460.0,39216.0,39196.0,38817.0,38616.0,38288.0,38104.0,37879.0,38026.0,37498.0,37183.0,37376.0,37374.0,37709.0,37754.0,38090.0,38551.0,39099.0,39635.0,40169.0,41038.0,41267.0
M,66,29798.0,29771.0,30607.0,31460.0,31809.0,32382.0,33297.0,34036.0,36090.0,37022.0,37919.0,38047.0,39422.0,39933.0,39522.0,40026.0,40340.0,39368.0,39277.0,38058.0,37437.0,36654.0,37869.0,38176.0,38934.0,38399.0,39630.0,39757.0,39755.0,40613.0,41426.0,41231.0,43065.0,43273.0,43841.0,43470.0,43230.0,42111.0,41590.0,41584.0,41318.0,40315.0,39199.0,39448.0,39137.0,37491.0,36566.0,37252.0,37648.0,37448.0,38327.0,38301.0,39306.0,39751.0,38961.0,38253.0,37841.0,36723.0,36721.0,36694.0,36810.0,35538.0,34535.0,34180.0,33059.0,34638.0,31861.0,43096.0,42637.0,42268.0,41925.0,41349.0,41432.0,41034.0,40611.0,39951.0,39794.0,39611.0,39279.0,39361.0,39215.0,38951.0,38928.0,38550.0,38357.0,38012.0,37835.0,37601.0,37759.0,37250.0,36963.0,37152.0,37139.0,37468.0,37509.0,37838.0,38266.0,38827.0,39366.0,39898.0,40745.0
M,67,28764.0,29703.0,29651.0,30379.0,31206.0,31593.0,32155.0,33062.0,33758.0,35824.0,36793.0,37654.0,37785.0,39128.0,39618.0,39233.0,39710.0,40050.0,39088.0,38989.0,37840.0,37238.0,36427.0,37663.0,37975.0,38685.0,38172.0,39418.0,39548.0,39545.0,40394.0,41250.0,41015.0,42850.0,43042.0,43609.0,43249.0,43019.0,41895.0,41393.0,41349.0,41102.0,40112.0,39007.0,39245.0,38955.0,37330.0,36419.0,37097.0,37493.0,37239.0,38147.0,38088.0,39099.0,39576.0,38765.0,38062.0,37656.0,36540.0,36517.0,36518.0,36612.0,35341.0,34334.0,34019.0,32884.0,34426.0,31689.0,42843.0,42366.0,41984.0,41646.0,41076.0,41181.0,40775.0,40374.0,39679.0,39537.0,39378.0,38968.0,39082.0,38935.0,38676.0,38667.0,38287.0,38118.0,37755.0,37603.0,37357.0,37505.0,36994.0,36736.0,36922.0,36897.0,37222.0,37275.0,37606.0,38012.0,38564.0,39097.0,39600.0
M,68,27721.0,28643.0,29609.0,29411.0,30161.0,30981.0,31357.0,31906.0,32839.0,33512.0,35562.0,36543.0,37407.0,37489.0,38822.0,39351.0,38976.0,39477.0,39819.0,38823.0,38703.0,37610.0,37016.0,36218.0,37454.0,37760.0,38476.0,37954.0,39216.0,39340.0,39344.0,40182.0,41004.0,40797.0,42632.0,42821.0,43396.0,43029.0,42805.0,41698.0,41176.0,41139.0,40909.0,39896.0,38836.0,39058.0,38749.0,37137.0,36251.0,36902.0,37317.0,37060.0,37947.0,37900.0,38906.0,39361.0,38581.0,37880.0,37440.0,36321.0,36324.0,36319.0,36439.0,35174.0,34147.0,33822.0,32708.0,34225.0,31473.0,42553.0,42114.0,41725.0,41407.0,40835.0,40945.0,40528.0,40127.0,39425.0,39263.0,39084.0,38708.0,38815.0,38672.0,38461.0,38432.0,38045.0,37843.0,37511.0,37407.0,37147.0,37274.0,36742.0,36516.0,36708.0,36660.0,36987.0,36978.0,37348.0,37739.0,38298.0,38801.0
M,69,26980.0,27636.0,28561.0,29361.0,29184.0,29925.0,30760.0,31112.0,31659.0,32627.0,33297.0,35299.0,36294.0,37145.0,37252.0,38561.0,39045.0,38718.0,39184.0,39565.0,38577.0,38411.0,37398.0,36814.0,36021.0,37255.0,37548.0,38283.0,37763.0,39004.0,39150.0,39122.0,39946.0,40841.0,40614.0,42409.0,42615.0,43170.0,42804.0,42566.0,41502.0,40958.0,40919.0,40713.0,39709.0,38654.0,38877.0,38555.0,36962.0,36051.0,36733.0,37167.0,36860.0,37772.0,37749.0,38701.0,39163.0,38371.0,37670.0,37237.0,36131.0,36120.0,36129.0,36224.0,34974.0,33968.0,33621.0,32503.0,34062.0,31288.0,42282.0,41798.0,41434.0,41148.0,40578.0,40669.0,40262.0,39819.0,39153.0,39004.0,38818.0,38471.0,38543.0,38409.0,38211.0,38174.0,37784.0,37590.0,37284.0,37193.0,36921.0,37032.0,36511.0,36276.0,36475.0,36402.0,36702.0,36760.0,37104.0,37480.0,38016.0
M,70,26474.0,26573.0,27243.0,28058.0,28876.0,28709.0,29367.0,30198.0,30560.0,31146.0,32109.0,32756.0,34657.0,35745.0,36529.0,36663.0,37911.0,38366.0,38204.0,38594.0,38973.0,38032.0,37889.0,36870.0,36326.0,35493.0,36785.0,37037.0,37805.0,37271.0,38513.0,38693.0,38602.0,39465.0,40380.0,40114.0,41866.0,42101.0,42662.0,42310.0,42056.0,41052.0,40468.0,40415.0,40229.0,39250.0,38206.0,38448.0,38100.0,36552.0,35634.0,36295.0,36754.0,36445.0,37349.0,37295.0,38242.0,38733.0,37900.0,37224.0,36761.0,35647.0,35649.0,35639.0,35753.0,34452.0,33545.0,33164.0,32028.0,33607.0,30853.0,41660.0,41138.0,40812.0,40573.0,39968.0,40101.0,39658.0,39206.0,38573.0,38434.0,38259.0,37913.0,37989.0,37826.0,37659.0,37670.0,37266.0,37089.0,36767.0,36666.0,36419.0,36512.0,36010.0,35809.0,35952.0,35868.0,36186.0,36231.0,36584.0,36940.0
M,71,25160.0,26098.0,26193.0,26750.0,27543.0,28396.0,28211.0,28837.0,29645.0,30054.0,30651.0,31586.0,32173.0,34080.0,35175.0,35900.0,36094.0,37317.0,37723.0,37606.0,38057.0,38383.0,37476.0,37344.0,36361.0,35868.0,35066.0,36293.0,36566.0,37344.0,36724.0,38032.0,38259.0,38160.0,38990.0,39890.0,39653.0,41385.0,41626.0,42131.0,41805.0,41554.0,40550.0,39995.0,39965.0,39771.0,38734.0,37756.0,37972.0,37653.0,36141.0,35225.0,35883.0,36308.0,36101.0,36918.0,36860.0,37810.0,38252.0,37455.0,36759.0,36322.0,35222.0,35187.0,35180.0,35308.0,33979.0,33095.0,32717.0,31606.0,33166.0,30425.0,41096.0,40522.0,40253.0,40040.0,39430.0,39531.0,39088.0,38635.0,38040.0,37899.0,37708.0,37339.0,37419.0,37297.0,37127.0,37168.0,36763.0,36596.0,36241.0,36175.0,35926.0,36026.0,35542.0,35262.0,35467.0,35361.0,35661.0,35708.0,36059.0
M,72,25075.0,24856.0,25716.0,25752.0,26257.0,27092.0,27909.0,27718.0,28349.0,29176.0,29569.0,30157.0,31126.0,31660.0,33490.0,34611.0,35317.0,35513.0,36756.0,37188.0,36996.0,37507.0,37787.0,36905.0,36815.0,35880.0,35393.0,34634.0,35811.0,36080.0,36862.0,36292.0,37566.0,37833.0,37723.0,38520.0,39389.0,39207.0,40907.0,41088.0,41656.0,41275.0,41069.0,40102.0,39550.0,39515.0,39310.0,38260.0,37349.0,37521.0,37235.0,35723.0,34815.0,35474.0,35894.0,35720.0,36541.0,36432.0,37354.0,37736.0,37030.0,36321.0,35881.0,34798.0,34749.0,34695.0,34853.0,33555.0,32661.0,32282.0,31177.0,32663.0,30024.0,40555.0,39980.0,39690.0,39495.0,38872.0,39013.0,38536.0,38092.0,37470.0,37362.0,37171.0,36811.0,36879.0,36749.0,36572.0,36630.0,36309.0,36111.0,35743.0,35701.0,35445.0,35525.0,35034.0,34780.0,34974.0,34848.0,35132.0,35221.0
M,73,24671.0,24709.0,24533.0,25263.0,25335.0,25819.0,26640.0,27383.0,27234.0,27813.0,28739.0,29092.0,29685.0,30605.0,31167.0,32961.0,34069.0,34775.0,34917.0,36230.0,36642.0,36458.0,36943.0,37276.0,36381.0,36305.0,35366.0,34940.0,34167.0,35346.0,35610.0,36389.0,35883.0,37127.0,37398.0,37258.0,38060.0,38951.0,38772.0,40410.0,40587.0,41134.0,40759.0,40576.0,39624.0,39087.0,39070.0,38883.0,37795.0,36939.0,37112.0,36805.0,35307.0,34414.0,35071.0,35500.0,35327.0,36082.0,35952.0,36923.0,37314.0,36529.0,35864.0,35412.0,34354.0,34299.0,34234.0,34405.0,33095.0,32222.0,31835.0,30795.0,32241.0,29668.0,39948.0,39416.0,39107.0,38949.0,38298.0,38450.0,37977.0,37505.0,36946.0,36843.0,36687.0,36290.0,36397.0,36230.0,36074.0,36111.0,35816.0,35640.0,35304.0,35227.0,34946.0,35017.0,34542.0,34292.0,34467.0,34315.0,34608.0
M,74,24612.0,24338.0,24415.0,24085.0,24824.0,24858.0,25359.0,26163.0,26928.0,26780.0,27347.0,28270.0,28621.0,29186.0,30127.0,30663.0,32412.0,33574.0,34270.0,34391.0,35737.0,36047.0,35925.0,36401.0,36774.0,35909.0,35894.0,34938.0,34511.0,33704.0,34910.0,35160.0,35947.0,35475.0,36649.0,37001.0,36855.0,37657.0,38514.0,38309.0,39910.0,40119.0,40647.0,40321.0,40106.0,39187.0,38650.0,38608.0,38440.0,37324.0,36470.0,36651.0,36404.0,34878.0,34009.0,34705.0,35083.0,34948.0,35679.0,35532.0,36468.0,36868.0,36067.0,35379.0,34946.0,33931.0,33837.0,33783.0,33926.0,32637.0,31780.0,31399.0,30399.0,31774.0,29267.0,39355.0,38863.0,38533.0,38379.0,37715.0,37884.0,37439.0,36992.0,36409.0,36319.0,36192.0,35781.0,35926.0,35725.0,35604.0,35619.0,35366.0,35134.0,34842.0,34693.0,34420.0,34508.0,34040.0,33844.0,34009.0,33871.0
M,75,24288.0,23669.0,23517.0,23510.0,23154.0,23875.0,23920.0,24395.0,25174.0,26019.0,25879.0,26409.0,27288.0,27588.0,28199.0,29096.0,29620.0,31333.0,32534.0,33175.0,33300.0,34665.0,34952.0,34850.0,35334.0,35744.0,34903.0,34904.0,34027.0,33551.0,32797.0,33941.0,34249.0,35081.0,34577.0,35712.0,36057.0,35898.0,36751.0,37525.0,37377.0,38878.0,39048.0,39666.0,39323.0,39138.0,38189.0,37721.0,37705.0,37563.0,36427.0,35650.0,35764.0,35532.0,34064.0,33182.0,33905.0,34281.0,34083.0,34770.0,34662.0,35554.0,35917.0,35054.0,34458.0,34003.0,33045.0,32906.0,32834.0,32975.0,31695.0,30900.0,30528.0,29535.0,30948.0,28411.0,38225.0,37733.0,37380.0,37229.0,36554.0,36748.0,36314.0,35904.0,35308.0,35173.0,35182.0,34757.0,34893.0,34741.0,34624.0,34619.0,34310.0,34110.0,33824.0,33774.0,33452.0,33522.0,33033.0,32827.0,32994.0
M,76,24418.0,23373.0,22795.0,22630.0,22640.0,22322.0,22988.0,23061.0,23523.0,24231.0,25194.0,25021.0,25485.0,26395.0,26628.0,27262.0,28109.0,28651.0,30300.0,31519.0,32194.0,32362.0,33591.0,33970.0,33809.0,34315.0,34758.0,33947.0,34004.0,33141.0,32697.0,31931.0,33048.0,33333.0,34222.0,33724.0,34767.0,35128.0,35017.0,35833.0,36577.0,36472.0,37926.0,37997.0,38661.0,38305.0,38191.0,37294.0,36830.0,36825.0,36651.0,35576.0,34816.0,34889.0,34693.0,33214.0,32375.0,33098.0,33427.0,33214.0,33909.0,33687.0,34565.0,34964.0,34166.0,33529.0,33019.0,32112.0,31949.0,31947.0,32045.0,30806.0,30015.0,29683.0,28660.0,30101.0,27612.0,37123.0,36625.0,36295.0,36127.0,35485.0,35672.0,35281.0,34881.0,34279.0,34186.0,34227.0,33819.0,33947.0,33744.0,33669.0,33647.0,33362.0,33155.0,32885.0,32817.0,32472.0,32513.0,32068.0,31791.0
M,77,20835.0,23581.0,22559.0,21918.0,21775.0,21776.0,21501.0,22171.0,22199.0,22634.0,23386.0,24315.0,24171.0,24644.0,25505.0,25712.0,26405.0,27225.0,27789.0,29324.0,30511.0,31223.0,31360.0,32572.0,33062.0,32862.0,33370.0,33781.0,32952.0,33113.0,32281.0,31831.0,31096.0,32246.0,32525.0,33381.0,32797.0,33880.0,34232.0,34208.0,34964.0,35676.0,35575.0,36987.0,37020.0,37722.0,37342.0,37258.0,36376.0,35929.0,35964.0,35775.0,34714.0,34002.0,34059.0,33783.0,32413.0,31533.0,32299.0,32644.0,32406.0,33093.0,32828.0,33665.0,34037.0,33323.0,32558.0,32095.0,31248.0,31022.0,31091.0,31168.0,30002.0,29111.0,28845.0,27850.0,29243.0,26767.0,35995.0,35553.0,35238.0,35000.0,34429.0,34681.0,34272.0,33883.0,33307.0,33219.0,33273.0,32859.0,32943.0,32855.0,32746.0,32718.0,32390.0,32241.0,31853.0,31854.0,31524.0,31605.0,31073.0
M,78,19491.0,20121.0,22765.0,21732.0,21064.0,20921.0,21065.0,20720.0,21344.0,21430.0,21856.0,22558.0,23520.0,23378.0,23824.0,24655.0,24848.0,25562.0,26379.0,26904.0,28380.0,29603.0,30251.0,30439.0,31703.0,32138.0,31958.0,32394.0,32887.0,32075.0,32208.0,31446.0,30990.0,30302.0,31383.0,31706.0,32528.0,31973.0,33023.0,33388.0,33348.0,34109.0,34818.0,34653.0,36067.0,36083.0,36814.0,36446.0,36324.0,35496.0,35038.0,35127.0,34873.0,33895.0,33194.0,33210.0,32969.0,31594.0,30743.0,31508.0,31754.0,31566.0,32209.0,31982.0,32737.0,33118.0,32368.0,31713.0,31249.0,30422.0,30196.0,30248.0,30293.0,29126.0,28279.0,27999.0,27049.0,28361.0,26013.0,34975.0,34532.0,34299.0,34015.0,33419.0,33636.0,33251.0,32946.0,32352.0,32339.0,32369.0,31966.0,32003.0,31889.0,31836.0,31809.0,31459.0,31317.0,30940.0,30967.0,30638.0,30700.0
M,79,16617.0,18834.0,19434.0,21912.0,20889.0,20332.0,20163.0,20300.0,19967.0,20632.0,20703.0,21125.0,21830.0,22730.0,22610.0,23045.0,23878.0,24088.0,24760.0,25566.0,26046.0,27543.0,28688.0,29356.0,29567.0,30774.0,31259.0,31062.0,31508.0,32018.0,31264.0,31407.0,30660.0,30197.0,29487.0,30604.0,30951.0,31671.0,31200.0,32211.0,32545.0,32508.0,33268.0,33973.0,33798.0,35191.0,35174.0,35904.0,35599.0,35447.0,34639.0,34235.0,34281.0,34070.0,33051.0,32399.0,32362.0,32124.0,30781.0,29946.0,30719.0,30952.0,30747.0,31379.0,31150.0,31845.0,32149.0,31462.0,30846.0,30390.0,29564.0,29401.0,29440.0,29482.0,28322.0,27485.0,27160.0,26270.0,27548.0,25249.0,33910.0,33522.0,33355.0,32959.0,32487.0,32583.0,32323.0,31980.0,31450.0,31419.0,31447.0,31076.0,31136.0,30982.0,30935.0,30929.0,30518.0,30382.0,30046.0,30044.0,29714.0
M,80,14484.0,15315.0,17378.0,17827.0,20136.0,19258.0,18799.0,18672.0,18754.0,18471.0,19116.0,19250.0,19605.0,20273.0,21084.0,21067.0,21453.0,22252.0,22470.0,23154.0,23936.0,24375.0,25870.0,26946.0,27566.0,27815.0,28984.0,29513.0,29331.0,29771.0,30283.0,29615.0,29796.0,29091.0,28691.0,27982.0,29017.0,29352.0,30055.0,29507.0,30563.0,30922.0,30821.0,31636.0,32211.0,32090.0,33482.0,33440.0,34091.0,33927.0,33654.0,32985.0,32600.0,32556.0,32379.0,31455.0,30759.0,30720.0,30532.0,29261.0,28408.0,29090.0,29320.0,29055.0,29645.0,29384.0,30105.0,30344.0,29724.0,29073.0,28664.0,27841.0,27677.0,27813.0,27816.0,26646.0,25860.0,25588.0,24734.0,25949.0,23783.0,31854.0,31500.0,31331.0,31002.0,30563.0,30631.0,30448.0,30192.0,29688.0,29697.0,29713.0,29347.0,29363.0,29226.0,29201.0,29192.0,28692.0,28612.0,28335.0,28244.0
M,81,11843.0,13421.0,14121.0,16043.0,16379.0,18519.0,17737.0,17367.0,17353.0,17406.0,17094.0,17802.0,17890.0,18223.0,18873.0,19664.0,19654.0,19976.0,20754.0,20991.0,21694.0,22426.0,22882.0,24292.0,25270.0,25968.0,26167.0,27354.0,27938.0,27718.0,28168.0,28676.0,28086.0,28243.0,27518.0,27223.0,26482.0,27494.0,27875.0,28464.0,27988.0,28939.0,29306.0,29226.0,30083.0,30598.0,30405.0,31837.0,31741.0,32416.0,32202.0,31987.0,31416.0,30975.0,30997.0,30768.0,29877.0,29196.0,29099.0,28990.0,27754.0,26955.0,27514.0,27737.0,27430.0,28021.0,27811.0,28448.0,28661.0,28091.0,27521.0,27071.0,26344.0,26129.0,26237.0,26177.0,25053.0,24355.0,24095.0,23210.0,24339.0,22413.0,30046.0,29642.0,29462.0,29119.0,28732.0,28907.0,28752.0,28490.0,28013.0,28083.0,28089.0,27652.0,27688.0,27592.0,27592.0,27517.0,26995.0,27013.0,26721.0
M,82,11475.0,10937.0,12431.0,12970.0,14727.0,15031.0,17143.0,16343.0,16113.0,16143.0,16164.0,15854.0,16569.0,16625.0,16999.0,17605.0,18320.0,18340.0,18636.0,19435.0,19653.0,20346.0,21090.0,21623.0,22849.0,23795.0,24469.0,24724.0,25885.0,26441.0,26284.0,26737.0,27155.0,26615.0,26771.0,26083.0,25824.0,25134.0,26113.0,26374.0,26984.0,26478.0,27427.0,27830.0,27790.0,28565.0,29120.0,28869.0,30278.0,30165.0,30764.0,30600.0,30407.0,29962.0,29526.0,29553.0,29231.0,28341.0,27679.0,27629.0,27483.0,26286.0,25524.0,25974.0,26196.0,25903.0,26469.0,26310.0,26885.0,27037.0,26535.0,25970.0,25543.0,24821.0,24662.0,24720.0,24625.0,23624.0,22865.0,22723.0,21884.0,22871.0,21074.0,28244.0,27895.0,27754.0,27433.0,27108.0,27260.0,27190.0,26932.0,26486.0,26543.0,26600.0,26092.0,26134.0,26024.0,25986.0,25899.0,25375.0,25460.0
M,83,10253.0,10595.0,10171.0,11442.0,11951.0,13618.0,13861.0,15796.0,15119.0,14944.0,14934.0,14990.0,14771.0,15422.0,15492.0,15821.0,16467.0,17119.0,17117.0,17411.0,18220.0,18398.0,19087.0,19890.0,20319.0,21513.0,22409.0,23136.0,23365.0,24468.0,25045.0,24885.0,25359.0,25754.0,25293.0,25367.0,24835.0,24456.0,23805.0,24738.0,25029.0,25582.0,25120.0,25996.0,26409.0,26337.0,27161.0,27652.0,27424.0,28761.0,28657.0,29285.0,29136.0,28943.0,28521.0,28078.0,28002.0,27798.0,26941.0,26285.0,26201.0,26032.0,24894.0,24136.0,24547.0,24700.0,24437.0,24990.0,24905.0,25369.0,25458.0,25068.0,24486.0,24076.0,23397.0,23247.0,23306.0,23105.0,22273.0,21553.0,21325.0,20545.0,21462.0,19853.0,26636.0,26253.0,26104.0,25885.0,25572.0,25760.0,25771.0,25427.0,25021.0,25063.0,25162.0,24578.0,24668.0,24586.0,24482.0,24418.0,23935.0
M,84,9065.0,9453.0,9776.0,9358.0,10580.0,11046.0,12557.0,12818.0,14665.0,14007.0,13862.0,13897.0,13933.0,13812.0,14381.0,14406.0,14753.0,15364.0,15998.0,16044.0,16334.0,17050.0,17233.0,17903.0,18732.0,19143.0,20239.0,21111.0,21832.0,22049.0,23108.0,23787.0,23624.0,24016.0,24444.0,23970.0,24088.0,23584.0,23260.0,22544.0,23416.0,23795.0,24239.0,23837.0,24773.0,25061.0,25046.0,25789.0,26286.0,26091.0,27296.0,27146.0,27810.0,27716.0,27486.0,27196.0,26689.0,26542.0,26395.0,25547.0,24882.0,24878.0,24633.0,23543.0,22826.0,23174.0,23302.0,23119.0,23583.0,23516.0,23879.0,23970.0,23694.0,23085.0,22707.0,22043.0,21891.0,21883.0,21744.0,20955.0,20272.0,19998.0,19302.0,20147.0,18712.0,25021.0,24754.0,24649.0,24427.0,24155.0,24371.0,24328.0,23988.0,23601.0,23635.0,23769.0,23214.0,23205.0,23105.0,23026.0,23028.0
M,85,7812.0,7674.0,7994.0,8277.0,7931.0,8948.0,9306.0,10732.0,10966.0,12572.0,12020.0,11902.0,11998.0,12117.0,11944.0,12507.0,12514.0,12817.0,13384.0,13942.0,13992.0,14294.0,15006.0,15169.0,15841.0,16588.0,16956.0,17952.0,18858.0,19467.0,19831.0,20691.0,21325.0,21107.0,21533.0,21904.0,21579.0,21611.0,21161.0,20991.0,20302.0,21042.0,21506.0,21846.0,21393.0,22332.0,22620.0,22602.0,23228.0,23682.0,23530.0,24631.0,24526.0,25040.0,25015.0,24766.0,24568.0,24054.0,23881.0,23732.0,22971.0,22197.0,22293.0,22084.0,21038.0,20344.0,20664.0,20750.0,20563.0,20972.0,20958.0,21317.0,21363.0,21002.0,20536.0,20215.0,19443.0,19388.0,19383.0,19293.0,18479.0,17933.0,17554.0,17085.0,17817.0,16558.0,22289.0,22063.0,22023.0,21864.0,21585.0,21750.0,21647.0,21318.0,21043.0,21047.0,21159.0,20639.0,20586.0,20463.0,20344.0
M,86,6657.0,6667.0,6498.0,6740.0,6983.0,6737.0,7613.0,7943.0,9156.0,9418.0,10772.0,10327.0,10216.0,10335.0,10468.0,10305.0,10796.0,10881.0,11207.0,11642.0,12217.0,12309.0,12514.0,13209.0,13388.0,13951.0,14761.0,15136.0,15897.0,16944.0,17297.0,17773.0,18553.0,19155.0,18947.0,19292.0,19583.0,19489.0,19407.0,19069.0,18829.0,18330.0,18977.0,19361.0,19641.0,19288.0,20126.0,20455.0,20353.0,20972.0,21458.0,21257.0,22187.0,22179.0,22631.0,22586.0,22431.0,22089.0,21644.0,21435.0,21288.0,20593.0,19941.0,19958.0,19787.0,18710.0,18143.0,18378.0,18391.0,18237.0,18647.0,18602.0,19016.0,18978.0,18539.0,18195.0,17875.0,17179.0,17200.0,17145.0,17053.0,16323.0,15817.0,15528.0,15081.0,15744.0,14812.0,19787.0,19567.0,19609.0,19484.0,19239.0,19361.0,19280.0,19002.0,18718.0,18703.0,18838.0,18302.0,18239.0,18176.0
M,87,5523.0,5676.0,5689.0,5475.0,5720.0,5924.0,5674.0,6575.0,6768.0,7800.0,8134.0,9201.0,8883.0,8812.0,8925.0,9053.0,8909.0,9412.0,9485.0,9757.0,10220.0,10704.0,10822.0,10993.0,11663.0,11861.0,12429.0,13128.0,13517.0,14230.0,15112.0,15477.0,15941.0,16627.0,17131.0,17021.0,17313.0,17568.0,17515.0,17511.0,17119.0,16947.0,16484.0,17035.0,17478.0,17720.0,17428.0,18184.0,18511.0,18368.0,18916.0,19447.0,19220.0,20091.0,20012.0,20381.0,20358.0,20203.0,19919.0,19489.0,19257.0,19216.0,18412.0,17913.0,17824.0,17728.0,16672.0,16175.0,16387.0,16294.0,16251.0,16621.0,16596.0,16894.0,16868.0,16465.0,16164.0,15777.0,15240.0,15278.0,15148.0,15077.0,14522.0,14063.0,13729.0,13411.0,13976.0,13109.0,17570.0,17354.0,17520.0,17308.0,17097.0,17187.0,17106.0,16887.0,16674.0,16552.0,16734.0,16235.0,16262.0
M,88,4721.0,4739.0,4807.0,4813.0,4657.0,4843.0,5029.0,4880.0,5623.0,5800.0,6737.0,6937.0,7967.0,7666.0,7638.0,7674.0,7872.0,7711.0,8215.0,8282.0,8580.0,8945.0,9385.0,9562.0,9742.0,10388.0,10493.0,11024.0,11686.0,12034.0,12755.0,13566.0,13915.0,14254.0,14895.0,15436.0,15324.0,15544.0,15789.0,15682.0,15760.0,15408.0,15289.0,14817.0,15323.0,15670.0,15992.0,15721.0,16385.0,16709.0,16600.0,17110.0,17565.0,17440.0,18136.0,17998.0,18419.0,18360.0,18196.0,17881.0,17495.0,17257.0,17175.0,16506.0,16049.0,15963.0,15792.0,14822.0,14416.0,14607.0,14533.0,14455.0,14788.0,14767.0,14975.0,14934.0,14642.0,14243.0,13998.0,13500.0,13496.0,13463.0,13319.0,12844.0,12425.0,12196.0,11903.0,12461.0,11733.0,15625.0,15494.0,15631.0,15454.0,15197.0,15280.0,15176.0,14993.0,14879.0,14740.0,14824.0,14305.0
M,89,4033.0,4038.0,4055.0,4083.0,4066.0,3934.0,4101.0,4278.0,4255.0,4852.0,4960.0,5797.0,5949.0,6862.0,6609.0,6626.0,6653.0,6805.0,6712.0,7113.0,7279.0,7508.0,7916.0,8269.0,8455.0,8665.0,9169.0,9377.0,9838.0,10480.0,10748.0,11420.0,12159.0,12529.0,12846.0,13354.0,13887.0,13789.0,14001.0,14258.0,14049.0,14147.0,13827.0,13749.0,13338.0,13805.0,14124.0,14408.0,14201.0,14830.0,15088.0,14986.0,15427.0,15921.0,15717.0,16416.0,16289.0,16626.0,16507.0,16485.0,16073.0,15717.0,15355.0,15379.0,14797.0,14325.0,14200.0,14085.0,13182.0,12889.0,13037.0,12895.0,12829.0,13140.0,13133.0,13237.0,13279.0,13009.0,12604.0,12412.0,11904.0,11944.0,11939.0,11762.0,11348.0,10988.0,10846.0,10621.0,11088.0,10436.0,13970.0,13765.0,13867.0,13785.0,13509.0,13623.0,13452.0,13284.0,13276.0,13108.0,13154.0
M,90,3616.0,4054.0,4065.0,4065.0,4090.0,4078.0,3941.0,4107.0,4291.0,4269.0,4858.0,4971.0,5803.0,5955.0,6874.0,6615.0,6635.0,6660.0,6818.0,6720.0,7119.0,7290.0,7511.0,7930.0,8279.0,8465.0,8671.0,9177.0,9385.0,9849.0,10487.0,10756.0,11427.0,12169.0,12541.0,12854.0,13366.0,13894.0,13797.0,14007.0,14270.0,14053.0,14156.0,13831.0,13755.0,13347.0,13812.0,14130.0,14412.0,14207.0,14843.0,15095.0,14991.0,15437.0,15930.0,15725.0,16420.0,16295.0,16630.0,16513.0,16492.0,16076.0,15721.0,15362.0,15386.0,14804.0,14328.0,14206.0,14091.0,13188.0,12899.0,13044.0,12897.0,12833.0,13143.0,13136.0,13247.0,13283.0,13013.0,12608.0,12415.0,11910.0,11948.0,11942.0,11764.0,11350.0,10998.0,10848.0,10625.0,11088.0,10439.0,13979.0,13772.0,13871.0,13787.0,13515.0,13626.0,13452.0,13289.0,13279.0,13109.0
M,91,2747.0,2690.0,3012.0,3007.0,2995.0,3010.0,3021.0,2952.0,3065.0,3213.0,3195.0,3631.0,3711.0,4308.0,4411.0,5123.0,4939.0,4928.0,4947.0,5103.0,5023.0,5314.0,5404.0,5599.0,5908.0,6168.0,6329.0,6499.0,6906.0,7062.0,7423.0,7885.0,8055.0,8569.0,9151.0,9443.0,9678.0,10021.0,10474.0,10391.0,10535.0,10739.0,10539.0,10610.0,10411.0,10334.0,10040.0,10365.0,10617.0,10794.0,10643.0,11120.0,11339.0,11233.0,11596.0,11973.0,11792.0,12307.0,12230.0,12418.0,12346.0,12361.0,12026.0,11780.0,11465.0,11536.0,11064.0,10742.0,10616.0,10576.0,9883.0,9712.0,9814.0,9750.0,9665.0,9873.0,9920.0,9941.0,9976.0,9801.0,9527.0,9362.0,8979.0,9033.0,9030.0,8858.0,8584.0,8315.0,8189.0,7970.0,8348.0,7864.0,10488.0,10333.0,10429.0,10353.0,10103.0,10188.0,10143.0,10055.0,9931.0
M,92,2294.0,2096.0,2042.0,2273.0,2268.0,2272.0,2313.0,2333.0,2264.0,2347.0,2470.0,2401.0,2750.0,2790.0,3254.0,3353.0,3876.0,3735.0,3710.0,3742.0,3830.0,3810.0,4020.0,4107.0,4272.0,4465.0,4662.0,4798.0,4925.0,5240.0,5341.0,5603.0,5923.0,6047.0,6477.0,6932.0,7104.0,7290.0,7507.0,7862.0,7841.0,7899.0,8040.0,7914.0,7959.0,7814.0,7736.0,7539.0,7780.0,7994.0,8179.0,7984.0,8329.0,8480.0,8384.0,8627.0,8940.0,8845.0,9195.0,9113.0,9326.0,9180.0,9220.0,9016.0,8806.0,8601.0,8675.0,8298.0,8082.0,7964.0,7964.0,7470.0,7324.0,7391.0,7355.0,7291.0,7417.0,7465.0,7473.0,7533.0,7379.0,7178.0,7051.0,6740.0,6752.0,6786.0,6676.0,6467.0,6293.0,6205.0,6004.0,6310.0,5947.0,7815.0,7745.0,7858.0,7843.0,7519.0,7595.0,7609.0,7527.0
M,93,1703.0,1742.0,1594.0,1540.0,1720.0,1720.0,1797.0,1797.0,1800.0,1771.0,1806.0,1858.0,1816.0,2046.0,2094.0,2427.0,2519.0,2944.0,2800.0,2840.0,2853.0,2926.0,2925.0,3042.0,3107.0,3222.0,3382.0,3466.0,3574.0,3652.0,3913.0,3938.0,4170.0,4405.0,4561.0,4860.0,5182.0,5333.0,5488.0,5629.0,5865.0,5907.0,5934.0,6021.0,5884.0,5961.0,5823.0,5748.0,5636.0,5809.0,5923.0,6180.0,5987.0,6239.0,6381.0,6321.0,6377.0,6652.0,6561.0,6868.0,6767.0,7020.0,6882.0,6970.0,6820.0,6653.0,6491.0,6541.0,6205.0,6045.0,5966.0,5906.0,5530.0,5433.0,5527.0,5460.0,5448.0,5509.0,5515.0,5559.0,5594.0,5501.0,5330.0,5252.0,5038.0,4989.0,5001.0,4947.0,4764.0,4651.0,4579.0,4438.0,4739.0,4491.0,5847.0,5838.0,5846.0,5830.0,5549.0,5598.0,5683.0
M,94,1256.0,1285.0,1306.0,1215.0,1162.0,1299.0,1318.0,1344.0,1372.0,1400.0,1338.0,1390.0,1398.0,1367.0,1555.0,1605.0,1784.0,1868.0,2198.0,2083.0,2122.0,2123.0,2172.0,2195.0,2259.0,2348.0,2450.0,2531.0,2551.0,2650.0,2766.0,2940.0,2988.0,3180.0,3339.0,3423.0,3663.0,3893.0,4020.0,4159.0,4257.0,4454.0,4419.0,4451.0,4518.0,4433.0,4475.0,4376.0,4266.0,4243.0,4387.0,4429.0,4666.0,4526.0,4660.0,4797.0,4701.0,4748.0,4946.0,4954.0,5093.0,5047.0,5248.0,5172.0,5229.0,5154.0,5009.0,4874.0,4876.0,4688.0,4545.0,4487.0,4417.0,4123.0,4064.0,4156.0,4095.0,4123.0,4120.0,4091.0,4173.0,4223.0,4155.0,4002.0,3954.0,3821.0,3763.0,3786.0,3692.0,3573.0,3515.0,3486.0,3366.0,3556.0,3353.0,4354.0,4371.0,4364.0,4328.0,4119.0,4206.0
M,95,887.0,929.0,967.0,993.0,913.0,875.0,958.0,996.0,1014.0,1020.0,1070.0,997.0,1038.0,1051.0,1020.0,1191.0,1223.0,1336.0,1412.0,1647.0,1552.0,1597.0,1613.0,1630.0,1620.0,1686.0,1764.0,1842.0,1939.0,1930.0,1965.0,2094.0,2175.0,2238.0,2360.0,2512.0,2563.0,2706.0,2923.0,2963.0,3112.0,3179.0,3342.0,3348.0,3308.0,3372.0,3360.0,3403.0,3281.0,3215.0,3216.0,3320.0,3353.0,3503.0,3370.0,3514.0,3627.0,3523.0,3577.0,3704.0,3730.0,3848.0,3820.0,3962.0,3926.0,3910.0,3899.0,3801.0,3635.0,3697.0,3489.0,3419.0,3373.0,3345.0,3141.0,3080.0,3106.0,3070.0,3105.0,3093.0,3075.0,3149.0,3152.0,3122.0,3004.0,2983.0,2864.0,2872.0,2882.0,2804.0,2714.0,2649.0,2575.0,2561.0,2663.0,2515.0,3276.0,3323.0,3304.0,3252.0,3057.0
M,96,692.0,662.0,715.0,748.0,752.0,707.0,662.0,720.0,761.0,797.0,773.0,829.0,757.0,765.0,807.0,761.0,899.0,938.0,1002.0,1074.0,1217.0,1168.0,1209.0,1212.0,1230.0,1197.0,1230.0,1334.0,1384.0,1442.0,1451.0,1484.0,1567.0,1624.0,1653.0,1743.0,1860.0,1892.0,2007.0,2214.0,2195.0,2314.0,2395.0,2542.0,2512.0,2490.0,2519.0,2491.0,2554.0,2472.0,2420.0,2431.0,2445.0,2510.0,2584.0,2520.0,2666.0,2732.0,2651.0,2712.0,2799.0,2809.0,2902.0,2873.0,2999.0,2940.0,2908.0,2959.0,2873.0,2718.0,2768.0,2653.0,2600.0,2559.0,2573.0,2408.0,2305.0,2313.0,2360.0,2319.0,2300.0,2301.0,2367.0,2362.0,2357.0,2248.0,2242.0,2155.0,2162.0,2156.0,2087.0,1994.0,1960.0,1954.0,1940.0,1987.0,1894.0,2480.0,2517.0,2468.0,2496.0
M,97,469.0,523.0,499.0,553.0,579.0,559.0,532.0,511.0,545.0,553.0,590.0,576.0,627.0,571.0,588.0,598.0,570.0,683.0,698.0,785.0,824.0,910.0,864.0,925.0,932.0,944.0,881.0,945.0,1005.0,1071.0,1102.0,1102.0,1130.0,1188.0,1230.0,1256.0,1291.0,1411.0,1384.0,1498.0,1690.0,1645.0,1738.0,1784.0,1938.0,1886.0,1847.0,1882.0,1874.0,1947.0,1868.0,1825.0,1837.0,1828.0,1862.0,1970.0,1906.0,2006.0,2064.0,1973.0,2012.0,2089.0,2090.0,2163.0,2144.0,2288.0,2211.0,2199.0,2214.0,2150.0,2024.0,2079.0,1938.0,1935.0,1898.0,1916.0,1773.0,1697.0,1719.0,1772.0,1712.0,1705.0,1680.0,1800.0,1810.0,1754.0,1672.0,1652.0,1586.0,1594.0,1648.0,1569.0,1494.0,1475.0,1470.0,1465.0,1539.0,1404.0,1853.0,1889.0,1854.0
M,98,286.0,365.0,417.0,380.0,416.0,434.0,431.0,407.0,381.0,413.0,415.0,444.0,420.0,467.0,442.0,460.0,463.0,451.0,527.0,549.0,624.0,598.0,678.0,643.0,712.0,698.0,699.0,669.0,729.0,751.0,800.0,840.0,845.0,868.0,915.0,934.0,974.0,994.0,1086.0,1063.0,1151.0,1296.0,1260.0,1323.0,1383.0,1462.0,1419.0,1354.0,1397.0,1429.0,1473.0,1418.0,1372.0,1395.0,1359.0,1411.0,1484.0,1452.0,1500.0,1574.0,1469.0,1517.0,1565.0,1573.0,1652.0,1598.0,1732.0,1645.0,1645.0,1676.0,1599.0,1494.0,1567.0,1465.0,1434.0,1401.0,1444.0,1338.0,1254.0,1294.0,1341.0,1267.0,1271.0,1270.0,1317.0,1328.0,1321.0,1244.0,1201.0,1187.0,1161.0,1224.0,1208.0,1122.0,1104.0,1106.0,1098.0,1154.0,1052.0,1420.0,1438.0
M,99,174.0,226.0,285.0,315.0,288.0,307.0,318.0,341.0,296.0,287.0,303.0,321.0,328.0,320.0,345.0,335.0,332.0,349.0,334.0,405.0,409.0,481.0,452.0,524.0,497.0,530.0,516.0,522.0,500.0,531.0,586.0,596.0,632.0,643.0,638.0,701.0,715.0,739.0,758.0,818.0,802.0,873.0,987.0,936.0,1020.0,1039.0,1127.0,1090.0,1034.0,1090.0,1096.0,1131.0,1086.0,1053.0,1065.0,1035.0,1074.0,1119.0,1118.0,1120.0,1212.0,1136.0,1146.0,1180.0,1182.0,1259.0,1185.0,1273.0,1257.0,1255.0,1271.0,1189.0,1086.0,1136.0,1070.0,1057.0,1040.0,1098.0,1000.0,935.0,955.0,1007.0,950.0,950.0,942.0,1002.0,983.0,996.0,923.0,905.0,906.0,870.0,926.0,903.0,865.0,838.0,849.0,843.0,852.0,799.0,1090.0
M,100,95.0,125.0,168.0,215.0,237.0,220.0,228.0,233.0,250.0,210.0,212.0,215.0,236.0,236.0,246.0,256.0,246.0,244.0,262.0,230.0,299.0,296.0,372.0,337.0,415.0,367.0,413.0,386.0,391.0,362.0,398.0,440.0,451.0,468.0,497.0,499.0,541.0,545.0,574.0,568.0,621.0,595.0,635.0,712.0,683.0,751.0,778.0,853.0,829.0,788.0,803.0,848.0,878.0,824.0,793.0,821.0,798.0,827.0,838.0,856.0,859.0,911.0,870.0,892.0,877.0,895.0,950.0,915.0,968.0,948.0,941.0,963.0,905.0,808.0,851.0,791.0,788.0,750.0,809.0,757.0,684.0,705.0,745.0,721.0,697.0,686.0,730.0,718.0,744.0,676.0,679.0,660.0,655.0,685.0,670.0,654.0,626.0,646.0,631.0,647.0,618.0
M,101,54.0,32.0,40.0,54.0,65.0,89.0,80.0,87.0,82.0,92.0,83.0,78.0,73.0,86.0,91.0,79.0,80.0,77.0,84.0,91.0,78.0,99.0,101.0,135.0,120.0,155.0,136.0,138.0,141.0,141.0,135.0,151.0,167.0,169.0,171.0,173.0,175.0,193.0,188.0,210.0,214.0,236.0,206.0,227.0,256.0,249.0,270.0,277.0,299.0,302.0,294.0,291.0,309.0,320.0,315.0,289.0,310.0,290.0,304.0,309.0,310.0,314.0,330.0,317.0,316.0,311.0,318.0,341.0,351.0,351.0,346.0,343.0,355.0,342.0,305.0,312.0,300.0,295.0,274.0,297.0,272.0,262.0,247.0,274.0,263.0,250.0,254.0,256.0,253.0,285.0,241.0,253.0,246.0,235.0,246.0,253.0,233.0,231.0,235.0,225.0,239.0
M,102,32.0,23.0,13.0,10.0,23.0,19.0,30.0,25.0,27.0,29.0,41.0,30.0,36.0,30.0,34.0,36.0,39.0,43.0,39.0,38.0,36.0,34.0,43.0,34.0,51.0,49.0,50.0,53.0,47.0,56.0,47.0,46.0,57.0,62.0,69.0,72.0,61.0,61.0,69.0,75.0,79.0,90.0,91.0,84.0,100.0,102.0,105.0,107.0,111.0,128.0,131.0,116.0,116.0,127.0,124.0,128.0,118.0,131.0,114.0,126.0,122.0,123.0,132.0,140.0,137.0,133.0,125.0,125.0,131.0,131.0,121.0,126.0,140.0,150.0,137.0,124.0,137.0,128.0,126.0,121.0,121.0,102.0,104.0,90.0,104.0,113.0,99.0,101.0,104.0,97.0,115.0,96.0,101.0,103.0,96.0,96.0,97.0,102.0,86.0,92.0,77.0
M,103,21.0,15.0,9.0,4.0,9.0,15.0,13.0,20.0,9.0,12.0,10.0,15.0,14.0,10.0,12.0,17.0,11.0,17.0,21.0,17.0,18.0,12.0,16.0,15.0,12.0,28.0,24.0,23.0,23.0,21.0,29.0,25.0,20.0,26.0,29.0,20.0,42.0,22.0,14.0,33.0,23.0,33.0,38.0,28.0,31.0,34.0,34.0,38.0,35.0,36.0,46.0,42.0,36.0,47.0,43.0,43.0,50.0,52.0,44.0,32.0,52.0,44.0,38.0,47.0,49.0,55.0,51.0,50.0,40.0,44.0,50.0,47.0,49.0,44.0,55.0,52.0,48.0,54.0,49.0,51.0,51.0,44.0,44.0,42.0,35.0,41.0,46.0,39.0,40.0,38.0,36.0,39.0,39.0,40.0,38.0,36.0,42.0,34.0,41.0,33.0,36.0
M,104,5.0,9.0,6.0,1.0,1.0,7.0,7.0,5.0,6.0,4.0,4.0,6.0,10.0,6.0,5.0,5.0,6.0,4.0,8.0,11.0,6.0,8.0,8.0,7.0,7.0,6.0,8.0,10.0,8.0,14.0,12.0,15.0,13.0,8.0,10.0,10.0,9.0,10.0,9.0,8.0,8.0,7.0,14.0,20.0,11.0,10.0,16.0,12.0,14.0,15.0,17.0,22.0,17.0,12.0,18.0,16.0,13.0,21.0,25.0,16.0,14.0,22.0,15.0,15.0,18.0,17.0,15.0,23.0,17.0,17.0,21.0,23.0,19.0,18.0,19.0,19.0,15.0,20.0,17.0,15.0,17.0,22.0,16.0,20.0,14.0,13.0,13.0,12.0,12.0,12.0,12.0,13.0,17.0,10.0,9.0,15.0,14.0,18.0,14.0,17.0,11.0
M,105,28.0,,4.0,2.0,,,4.0,2.0,2.0,3.0,2.0,1.0,4.0,2.0,1.0,,1.0,4.0,3.0,6.0,5.0,1.0,2.0,3.0,4.0,4.0,1.0,2.0,4.0,5.0,7.0,5.0,5.0,7.0,4.0,7.0,3.0,5.0,6.0,2.0,6.0,3.0,1.0,3.0,9.0,5.0,1.0,5.0,6.0,3.0,6.0,3.0,6.0,4.0,5.0,7.0,6.0,1.0,7.0,12.0,5.0,9.0,9.0,6.0,5.0,3.0,7.0,6.0,7.0,4.0,6.0,6.0,9.0,6.0,5.0,9.0,7.0,7.0,7.0,7.0,7.0,5.0,11.0,5.0,10.0,5.0,6.0,5.0,6.0,4.0,4.0,5.0,5.0,5.0,3.0,7.0,6.0,5.0,9.0,4.0,8.0
M,106,,10.0,,1.0,1.0,,,3.0,,1.0,,1.0,1.0,1.0,1.0,,,,1.0,,2.0,2.0,,1.0,1.0,1.0,2.0,1.0,1.0,2.0,2.0,4.0,2.0,1.0,4.0,3.0,4.0,1.0,,3.0,1.0,2.0,2.0,,1.0,3.0,1.0,,1.0,4.0,,3.0,1.0,,2.0,3.0,5.0,1.0,,2.0,3.0,2.0,4.0,2.0,1.0,1.0,2.0,2.0,2.0,2.0,,1.0,2.0,3.0,3.0,4.0,6.0,4.0,4.0,2.0,3.0,1.0,2.0,5.0,1.0,7.0,2.0,2.0,2.0,,,1.0,2.0,3.0,3.0,,3.0,3.0,4.0,6.0,3.0
M,107,,,3.0,,1.0,,,,1.0,,1.0,,,,,1.0,,,,,,,1.0,,,,,,,1.0,1.0,,1.0,,,1.0,1.0,2.0,,,,,1.0,1.0,,,2.0,,,,2.0,,1.0,,,,2.0,,,,2.0,,1.0,3.0,1.0,1.0,1.0,,1.0,2.0,,,1.0,,2.0,1.0,3.0,2.0,1.0,1.0,,,,,3.0,,3.0,,,1.0,,,1.0,1.0,,1.0,,2.0,2.0,1.0,3.0
M,108,,,,2.0,,1.0,,,,,,,,,,,1.0,,,,,,,,,,,,,,,1.0,,1.0,,,1.0,,1.0,,,,,,,,,2.0,,,,2.0,,1.0,,,,2.0,,,,1.0,,1.0,1.0,1.0,,,,1.0,1.0,,,,,2.0,1.0,2.0,1.0,,,,,,,1.0,,,,,1.0,,,1.0,1.0,,,,1.0,,1.0
M,109,,,,,1.0,,1.0,,,,,,,,,,,,,,,,,,,,,,,,,,,,1.0,,,1.0,,,,,,,,,,,,,,,,,,,,,1.0,,,,,,,1.0,1.0,,,,,1.0,,,,,2.0,1.0,1.0,1.0,,,,,,,,,,,,,,,,,,,,1.0,
