sex,alder,pop_2023,pop_4087,pop_4088,pop_4089,pop_4090,pop_4091,pop_4092,pop_4093,pop_4094,pop_4095,pop_4096,pop_4097,pop_4098,pop_4099,pop_4100,pop_4101,pop_4102,pop_4103,pop_4104,pop_4105,pop_4106,pop_4107,pop_4108,pop_4109,pop_4110,pop_4111,pop_4112,pop_4113,pop_4114,pop_4115,pop_4116,pop_4117,pop_4118,pop_4119,pop_4120,pop_4121,pop_4122,pop_4123,pop_4124,pop_4125,pop_4126,pop_4127,pop_4128,pop_4129,pop_4130,pop_4131,pop_4132,pop_4133,pop_4134,pop_4135,pop_4136,pop_4137,pop_4138,pop_4139,pop_4140,pop_4141,pop_4142,pop_4143,pop_4144,pop_4145,pop_4146,pop_4147,pop_4148,pop_4149,pop_4150,pop_4151,pop_4152,pop_4153,pop_4154,pop_4155,pop_4156,pop_4157,pop_4158,pop_4159,pop_4160,pop_4161,pop_4162,pop_4163
K,0,21073.0,29297.0,29166.0,29045.0,28815.0,28492.0,28246.0,28046.0,27822.0,27274.0,27113.0,26777.0,26468.0,26329.0,26037.0,25915.0,25371.0,25263.0,25064.0,24710.0,24369.0,24296.0,23838.0,23827.0,23667.0,23843.0,23863.0,23935.0,24380.0,24377.0,25120.0,25865.0,26149.0,26623.0,27042,27516.0,27648.0,27608.0,27650.0,27913.0,27645.0,27237.0,27423.0,26845.0,26947.0,26654.0,26444.0,26288.0,25898.0,25758.0,25575.0,25127.0,25160.0,25294.0,24946.0,25237.0,25123.0,25220.0,25329.0,25544.0,25840.0,26144.0,26303.0,26484.0,26808.0,26964.0,27316.0,27487.0,27453.0,27607.0,27799.0,27827,27517.0,27411.0,27489.0,27287.0,27235,27025.0
K,1,21452.0,21073.0,29297.0,29166.0,29045.0,28815.0,28492.0,28246.0,28046.0,27822.0,27274.0,27113.0,26777.0,26468.0,26329.0,26037.0,25915.0,25371.0,25263.0,25064.0,24710.0,24369.0,24296.0,23838.0,23827.0,23667.0,23843.0,23863.0,23935.0,24380.0,24377.0,25119.0,25865.0,26149.0,26623,27042.0,27516.0,27648.0,27608.0,27650.0,27913.0,27645.0,27237.0,27423.0,26845.0,26947.0,26654.0,26444.0,26288.0,25898.0,25758.0,25575.0,25127.0,25160.0,25294.0,24946.0,25236.0,25123.0,25220.0,25329.0,25544.0,25840.0,26144.0,26303.0,26483.0,26808.0,26964.0,27316.0,27487.0,27453.0,27607.0,27799,27827.0,27517.0,27411.0,27489.0,27287,27235.0
K,2,21653.0,21452.0,21073.0,29297.0,29166.0,29045.0,28815.0,28492.0,28246.0,28046.0,27822.0,27274.0,27113.0,26777.0,26468.0,26329.0,26037.0,25915.0,25371.0,25263.0,25064.0,24709.0,24369.0,24296.0,23838.0,23827.0,23667.0,23843.0,23863.0,23935.0,24380.0,24377.0,25119.0,25865.0,26149,26623.0,27042.0,27516.0,27648.0,27608.0,27650.0,27913.0,27644.0,27237.0,27423.0,26845.0,26947.0,26654.0,26443.0,26288.0,25898.0,25758.0,25575.0,25127.0,25160.0,25294.0,24946.0,25236.0,25123.0,25220.0,25329.0,25544.0,25840.0,26144.0,26302.0,26483.0,26808.0,26964.0,27316.0,27487.0,27453.0,27607,27799.0,27827.0,27517.0,27411.0,27489,27287.0
K,3,21801.0,21653.0,21452.0,21073.0,29297.0,29166.0,29045.0,28815.0,28492.0,28246.0,28046.0,27822.0,27274.0,27113.0,26777.0,26468.0,26329.0,26037.0,25915.0,25371.0,25262.0,25064.0,24709.0,24369.0,24296.0,23838.0,23827.0,23667.0,23843.0,23863.0,23935.0,24380.0,24377.0,25119.0,25865,26149.0,26623.0,27041.0,27516.0,27648.0,27608.0,27650.0,27913.0,27644.0,27237.0,27423.0,26845.0,26947.0,26654.0,26443.0,26288.0,25898.0,25758.0,25575.0,25127.0,25160.0,25294.0,24946.0,25236.0,25123.0,25220.0,25329.0,25544.0,25840.0,26144.0,26302.0,26483.0,26808.0,26964.0,27316.0,27487.0,27453,27607.0,27799.0,27827.0,27517.0,27411,27489.0
K,4,21876.0,21801.0,21653.0,21452.0,21073.0,29297.0,29166.0,29044.0,28815.0,28492.0,28246.0,28046.0,27822.0,27274.0,27113.0,26777.0,26468.0,26329.0,26037.0,25915.0,25371.0,25262.0,25064.0,24709.0,24369.0,24296.0,23838.0,23827.0,23667.0,23843.0,23863.0,23934.0,24380.0,24377.0,25119,25865.0,26149.0,26623.0,27041.0,27516.0,27648.0,27608.0,27650.0,27913.0,27644.0,27237.0,27423.0,26845.0,26947.0,26654.0,26443.0,26288.0,25898.0,25758.0,25575.0,25127.0,25160.0,25294.0,24946.0,25236.0,25123.0,25220.0,25329.0,25544.0,25840.0,26144.0,26302.0,26483.0,26808.0,26964.0,27316.0,27487,27453.0,27607.0,27799.0,27827.0,27516,27411.0
K,5,22318.0,21876.0,21801.0,21653.0,21452.0,21073.0,29297.0,29166.0,29044.0,28815.0,28492.0,28246.0,28046.0,27822.0,27274.0,27113.0,26777.0,26468.0,26329.0,26037.0,25915.0,25371.0,25262.0,25064.0,24709.0,24369.0,24296.0,23838.0,23827.0,23667.0,23843.0,23863.0,23934.0,24379.0,24377,25119.0,25865.0,26149.0,26623.0,27041.0,27516.0,27648.0,27608.0,27650.0,27913.0,27644.0,27237.0,27423.0,26844.0,26947.0,26654.0,26443.0,26288.0,25898.0,25758.0,25575.0,25127.0,25160.0,25294.0,24946.0,25236.0,25123.0,25220.0,25329.0,25544.0,25840.0,26143.0,26302.0,26483.0,26808.0,26964.0,27316,27487.0,27453.0,27607.0,27799.0,27827,27516.0
K,6,22283.0,22318.0,21876.0,21801.0,21653.0,21452.0,21073.0,29297.0,29166.0,29044.0,28815.0,28492.0,28246.0,28046.0,27822.0,27274.0,27113.0,26777.0,26468.0,26329.0,26037.0,25915.0,25371.0,25262.0,25064.0,24709.0,24369.0,24296.0,23838.0,23827.0,23667.0,23842.0,23863.0,23934.0,24379,24377.0,25119.0,25865.0,26149.0,26623.0,27041.0,27516.0,27648.0,27608.0,27650.0,27913.0,27644.0,27237.0,27423.0,26844.0,26947.0,26654.0,26443.0,26288.0,25898.0,25758.0,25575.0,25127.0,25160.0,25294.0,24946.0,25236.0,25123.0,25220.0,25329.0,25544.0,25840.0,26143.0,26302.0,26482.0,26808.0,26964,27316.0,27487.0,27453.0,27606.0,27798,27827.0
K,7,22768.0,22283.0,22318.0,21876.0,21801.0,21653.0,21452.0,21073.0,29297.0,29166.0,29044.0,28815.0,28492.0,28246.0,28046.0,27822.0,27274.0,27113.0,26777.0,26468.0,26329.0,26037.0,25915.0,25370.0,25262.0,25064.0,24709.0,24369.0,24296.0,23838.0,23827.0,23667.0,23842.0,23863.0,23934,24378.0,24377.0,25119.0,25865.0,26149.0,26623.0,27041.0,27516.0,27648.0,27608.0,27650.0,27913.0,27644.0,27237.0,27423.0,26844.0,26947.0,26654.0,26443.0,26288.0,25898.0,25758.0,25575.0,25126.0,25160.0,25294.0,24946.0,25236.0,25123.0,25220.0,25329.0,25544.0,25839.0,26143.0,26302.0,26482.0,26808,26964.0,27316.0,27487.0,27453.0,27606,27798.0
K,8,22868.0,22768.0,22283.0,22318.0,21876.0,21801.0,21653.0,21452.0,21073.0,29297.0,29166.0,29042.0,28815.0,28492.0,28246.0,28046.0,27822.0,27274.0,27113.0,26777.0,26468.0,26329.0,26037.0,25915.0,25370.0,25262.0,25064.0,24709.0,24369.0,24296.0,23838.0,23827.0,23667.0,23842.0,23863,23934.0,24378.0,24377.0,25119.0,25865.0,26149.0,26623.0,27041.0,27516.0,27648.0,27608.0,27650.0,27913.0,27644.0,27237.0,27423.0,26844.0,26947.0,26654.0,26443.0,26287.0,25898.0,25756.0,25575.0,25126.0,25160.0,25293.0,24946.0,25236.0,25122.0,25220.0,25329.0,25544.0,25839.0,26143.0,26302.0,26482,26808.0,26964.0,27316.0,27486.0,27453,27606.0
K,9,23303.0,22868.0,22768.0,22283.0,22318.0,21876.0,21801.0,21653.0,21452.0,21073.0,29297.0,29166.0,29042.0,28815.0,28492.0,28246.0,28046.0,27822.0,27274.0,27113.0,26777.0,26468.0,26329.0,26037.0,25915.0,25370.0,25262.0,25064.0,24709.0,24369.0,24296.0,23838.0,23827.0,23667.0,23842,23863.0,23934.0,24378.0,24377.0,25118.0,25864.0,26149.0,26623.0,27041.0,27516.0,27648.0,27608.0,27650.0,27913.0,27644.0,27237.0,27423.0,26844.0,26947.0,26654.0,26443.0,26287.0,25898.0,25756.0,25575.0,25126.0,25160.0,25293.0,24946.0,25236.0,25122.0,25220.0,25329.0,25544.0,25839.0,26143.0,26302,26482.0,26808.0,26964.0,27316.0,27486,27453.0
K,10,23461.0,23303.0,22868.0,22768.0,22283.0,22318.0,21876.0,21801.0,21653.0,21452.0,21073.0,29297.0,29166.0,29042.0,28815.0,28492.0,28246.0,28046.0,27822.0,27274.0,27113.0,26777.0,26468.0,26329.0,26037.0,25915.0,25370.0,25262.0,25064.0,24709.0,24369.0,24296.0,23838.0,23827.0,23667,23842.0,23863.0,23934.0,24378.0,24377.0,25118.0,25864.0,26149.0,26623.0,27041.0,27516.0,27648.0,27608.0,27650.0,27913.0,27644.0,27237.0,27423.0,26844.0,26947.0,26654.0,26443.0,26287.0,25898.0,25756.0,25575.0,25126.0,25160.0,25293.0,24946.0,25236.0,25122.0,25219.0,25329.0,25544.0,25839.0,26143,26302.0,26482.0,26808.0,26964.0,27316,27486.0
K,11,23648.0,23461.0,23303.0,22868.0,22768.0,22283.0,22318.0,21876.0,21801.0,21653.0,21452.0,21073.0,29297.0,29166.0,29042.0,28815.0,28492.0,28246.0,28046.0,27822.0,27274.0,27113.0,26777.0,26468.0,26329.0,26037.0,25915.0,25370.0,25262.0,25064.0,24709.0,24369.0,24296.0,23838.0,23827,23667.0,23842.0,23863.0,23934.0,24378.0,24377.0,25118.0,25864.0,26149.0,26623.0,27041.0,27516.0,27648.0,27608.0,27650.0,27913.0,27644.0,27237.0,27423.0,26844.0,26947.0,26654.0,26443.0,26287.0,25898.0,25756.0,25575.0,25126.0,25160.0,25293.0,24946.0,25236.0,25122.0,25219.0,25329.0,25544.0,25839,26143.0,26302.0,26482.0,26808.0,26964,27316.0
K,12,23937.0,23648.0,23461.0,23303.0,22868.0,22768.0,22283.0,22318.0,21876.0,21801.0,21653.0,21452.0,21073.0,29297.0,29166.0,29042.0,28815.0,28492.0,28246.0,28046.0,27822.0,27274.0,27113.0,26777.0,26468.0,26329.0,26037.0,25915.0,25370.0,25262.0,25064.0,24709.0,24369.0,24296.0,23838,23827.0,23667.0,23842.0,23863.0,23934.0,24378.0,24377.0,25118.0,25864.0,26149.0,26623.0,27041.0,27516.0,27648.0,27608.0,27650.0,27913.0,27644.0,27237.0,27423.0,26844.0,26947.0,26654.0,26443.0,26287.0,25898.0,25756.0,25575.0,25126.0,25160.0,25293.0,24946.0,25236.0,25122.0,25219.0,25329.0,25544,25839.0,26143.0,26302.0,26482.0,26808,26964.0
K,13,24259.0,23935.0,23648.0,23461.0,23303.0,22868.0,22768.0,22283.0,22318.0,21876.0,21801.0,21653.0,21451.0,21073.0,29297.0,29166.0,29042.0,28815.0,28491.0,28246.0,28046.0,27822.0,27274.0,27113.0,26777.0,26468.0,26329.0,26037.0,25915.0,25370.0,25262.0,25064.0,24709.0,24369.0,24296,23838.0,23827.0,23667.0,23842.0,23863.0,23934.0,24378.0,24377.0,25118.0,25864.0,26149.0,26623.0,27041.0,27516.0,27648.0,27608.0,27650.0,27913.0,27644.0,27237.0,27423.0,26844.0,26947.0,26654.0,26443.0,26287.0,25898.0,25756.0,25575.0,25126.0,25160.0,25293.0,24946.0,25236.0,25122.0,25219.0,25329,25544.0,25838.0,26143.0,26302.0,26482,26808.0
K,14,24629.0,24259.0,23935.0,23648.0,23461.0,23303.0,22868.0,22768.0,22283.0,22318.0,21876.0,21801.0,21653.0,21451.0,21073.0,29297.0,29166.0,29042.0,28815.0,28491.0,28246.0,28046.0,27822.0,27274.0,27113.0,26777.0,26468.0,26329.0,26037.0,25915.0,25370.0,25262.0,25064.0,24709.0,24369,24296.0,23838.0,23827.0,23667.0,23842.0,23863.0,23934.0,24378.0,24377.0,25118.0,25863.0,26149.0,26623.0,27041.0,27516.0,27648.0,27608.0,27650.0,27913.0,27644.0,27237.0,27423.0,26844.0,26947.0,26654.0,26443.0,26287.0,25898.0,25756.0,25575.0,25126.0,25160.0,25293.0,24946.0,25235.0,25122.0,25219,25329.0,25544.0,25838.0,26143.0,26302,26482.0
K,15,24734.0,24629.0,24259.0,23935.0,23648.0,23461.0,23303.0,22868.0,22768.0,22283.0,22318.0,21876.0,21801.0,21653.0,21451.0,21073.0,29297.0,29166.0,29042.0,28815.0,28491.0,28246.0,28046.0,27822.0,27274.0,27113.0,26776.0,26468.0,26329.0,26037.0,25915.0,25370.0,25262.0,25064.0,24709,24369.0,24296.0,23838.0,23827.0,23667.0,23842.0,23863.0,23934.0,24378.0,24377.0,25118.0,25863.0,26149.0,26623.0,27041.0,27516.0,27648.0,27608.0,27650.0,27913.0,27644.0,27237.0,27423.0,26844.0,26947.0,26654.0,26443.0,26287.0,25898.0,25756.0,25575.0,25125.0,25160.0,25293.0,24946.0,25235.0,25122,25219.0,25329.0,25544.0,25837.0,26143,26302.0
K,16,25410.0,24734.0,24629.0,24259.0,23935.0,23648.0,23461.0,23303.0,22868.0,22768.0,22283.0,22318.0,21876.0,21801.0,21653.0,21451.0,21073.0,29297.0,29166.0,29042.0,28815.0,28491.0,28246.0,28046.0,27822.0,27274.0,27113.0,26776.0,26467.0,26329.0,26037.0,25915.0,25370.0,25262.0,25064,24709.0,24369.0,24296.0,23838.0,23827.0,23667.0,23842.0,23863.0,23934.0,24378.0,24377.0,25118.0,25863.0,26149.0,26623.0,27041.0,27516.0,27648.0,27608.0,27650.0,27913.0,27643.0,27237.0,27423.0,26844.0,26947.0,26654.0,26443.0,26287.0,25898.0,25756.0,25575.0,25125.0,25159.0,25293.0,24946.0,25235,25122.0,25219.0,25329.0,25544.0,25837,26143.0
K,17,25611.0,25410.0,24734.0,24629.0,24259.0,23935.0,23648.0,23461.0,23303.0,22868.0,22768.0,22283.0,22318.0,21876.0,21801.0,21653.0,21451.0,21073.0,29297.0,29166.0,29042.0,28815.0,28491.0,28246.0,28046.0,27822.0,27274.0,27113.0,26776.0,26467.0,26329.0,26037.0,25915.0,25370.0,25262,25064.0,24709.0,24369.0,24296.0,23838.0,23827.0,23667.0,23842.0,23863.0,23934.0,24378.0,24377.0,25118.0,25863.0,26149.0,26623.0,27041.0,27516.0,27648.0,27608.0,27650.0,27912.0,27643.0,27237.0,27423.0,26844.0,26947.0,26654.0,26443.0,26287.0,25898.0,25756.0,25575.0,25125.0,25159.0,25293.0,24946,25235.0,25122.0,25219.0,25329.0,25544,25837.0
K,18,25786.0,25611.0,25410.0,24734.0,24629.0,24259.0,23935.0,23648.0,23461.0,23303.0,22868.0,22768.0,22283.0,22318.0,21876.0,21801.0,21653.0,21451.0,21073.0,29297.0,29166.0,29042.0,28815.0,28491.0,28246.0,28046.0,27822.0,27274.0,27113.0,26776.0,26467.0,26329.0,26037.0,25915.0,25370,25262.0,25064.0,24709.0,24369.0,24296.0,23838.0,23827.0,23667.0,23842.0,23863.0,23934.0,24378.0,24377.0,25118.0,25863.0,26149.0,26623.0,27041.0,27516.0,27648.0,27608.0,27650.0,27912.0,27643.0,27237.0,27423.0,26844.0,26947.0,26654.0,26443.0,26287.0,25898.0,25756.0,25575.0,25125.0,25159.0,25293,24946.0,25235.0,25122.0,25219.0,25329,25544.0
K,19,25999.0,25786.0,25611.0,25410.0,24734.0,24629.0,24259.0,23935.0,23648.0,23461.0,23303.0,22868.0,22768.0,22283.0,22318.0,21876.0,21801.0,21653.0,21451.0,21073.0,29297.0,29166.0,29042.0,28815.0,28491.0,28246.0,28046.0,27822.0,27274.0,27113.0,26776.0,26467.0,26329.0,26037.0,25915,25370.0,25262.0,25064.0,24709.0,24369.0,24296.0,23838.0,23827.0,23667.0,23842.0,23863.0,23934.0,24378.0,24377.0,25118.0,25863.0,26149.0,26623.0,27041.0,27516.0,27648.0,27608.0,27650.0,27912.0,27643.0,27237.0,27423.0,26844.0,26947.0,26654.0,26443.0,26287.0,25898.0,25756.0,25575.0,25125.0,25158,25293.0,24946.0,25235.0,25122.0,25218,25329.0
K,20,26248.0,25999.0,25786.0,25611.0,25410.0,24734.0,24629.0,24258.0,23934.0,23648.0,23461.0,23303.0,22868.0,22768.0,22283.0,22318.0,21876.0,21800.0,21653.0,21451.0,21073.0,29297.0,29166.0,29042.0,28815.0,28491.0,28246.0,28046.0,27822.0,27274.0,27113.0,26776.0,26467.0,26329.0,26037,25915.0,25370.0,25262.0,25064.0,24709.0,24369.0,24296.0,23838.0,23827.0,23667.0,23842.0,23863.0,23934.0,24378.0,24377.0,25118.0,25863.0,26148.0,26623.0,27041.0,27516.0,27648.0,27608.0,27650.0,27912.0,27643.0,27237.0,27423.0,26844.0,26947.0,26654.0,26443.0,26287.0,25898.0,25756.0,25575.0,25125,25158.0,25293.0,24946.0,25235.0,25122,25218.0
K,21,26313.0,26248.0,25999.0,25786.0,25611.0,25410.0,24733.0,24628.0,24258.0,23934.0,23648.0,23461.0,23303.0,22868.0,22768.0,22283.0,22318.0,21876.0,21800.0,21653.0,21451.0,21073.0,29297.0,29166.0,29042.0,28815.0,28491.0,28246.0,28046.0,27822.0,27274.0,27113.0,26776.0,26467.0,26329,26037.0,25915.0,25370.0,25262.0,25064.0,24709.0,24368.0,24296.0,23838.0,23827.0,23667.0,23842.0,23863.0,23934.0,24378.0,24377.0,25118.0,25863.0,26148.0,26623.0,27041.0,27516.0,27647.0,27608.0,27650.0,27912.0,27643.0,27236.0,27423.0,26844.0,26947.0,26654.0,26443.0,26287.0,25898.0,25756.0,25575,25125.0,25158.0,25293.0,24946.0,25235,25122.0
K,22,26875.0,26313.0,26248.0,25999.0,25786.0,25610.0,25410.0,24733.0,24628.0,24258.0,23934.0,23648.0,23461.0,23303.0,22868.0,22768.0,22283.0,22317.0,21876.0,21800.0,21653.0,21451.0,21073.0,29297.0,29166.0,29042.0,28815.0,28491.0,28246.0,28046.0,27822.0,27274.0,27113.0,26776.0,26466,26329.0,26037.0,25915.0,25370.0,25262.0,25064.0,24709.0,24368.0,24296.0,23838.0,23827.0,23667.0,23842.0,23863.0,23934.0,24378.0,24377.0,25118.0,25863.0,26148.0,26623.0,27041.0,27516.0,27647.0,27608.0,27650.0,27912.0,27643.0,27236.0,27423.0,26844.0,26947.0,26654.0,26443.0,26287.0,25898.0,25756,25575.0,25125.0,25158.0,25293.0,24946,25235.0
K,23,26934.0,26875.0,26313.0,26248.0,25999.0,25786.0,25610.0,25410.0,24733.0,24628.0,24258.0,23934.0,23648.0,23461.0,23303.0,22868.0,22768.0,22283.0,22317.0,21876.0,21800.0,21653.0,21451.0,21073.0,29297.0,29166.0,29042.0,28814.0,28491.0,28246.0,28044.0,27822.0,27274.0,27113.0,26776,26466.0,26329.0,26037.0,25914.0,25370.0,25261.0,25064.0,24709.0,24368.0,24296.0,23838.0,23826.0,23667.0,23842.0,23863.0,23934.0,24378.0,24377.0,25118.0,25863.0,26147.0,26623.0,27041.0,27516.0,27647.0,27608.0,27650.0,27912.0,27643.0,27236.0,27422.0,26844.0,26947.0,26654.0,26443.0,26287.0,25898,25756.0,25575.0,25125.0,25158.0,25293,24945.0
K,24,27090.0,26934.0,26875.0,26313.0,26248.0,25999.0,25786.0,25610.0,25410.0,24733.0,24628.0,24257.0,23934.0,23648.0,23461.0,23303.0,22868.0,22768.0,22283.0,22317.0,21876.0,21800.0,21653.0,21451.0,21073.0,29297.0,29166.0,29042.0,28814.0,28491.0,28246.0,28044.0,27822.0,27274.0,27113,26776.0,26466.0,26329.0,26036.0,25914.0,25370.0,25260.0,25064.0,24709.0,24368.0,24296.0,23838.0,23826.0,23667.0,23842.0,23862.0,23934.0,24378.0,24377.0,25118.0,25863.0,26147.0,26623.0,27040.0,27516.0,27647.0,27608.0,27650.0,27912.0,27643.0,27236.0,27422.0,26844.0,26947.0,26654.0,26443.0,26287,25898.0,25756.0,25575.0,25125.0,25158,25293.0
K,25,27581.0,27090.0,26934.0,26875.0,26313.0,26248.0,25999.0,25786.0,25610.0,25410.0,24733.0,24628.0,24257.0,23934.0,23648.0,23461.0,23303.0,22868.0,22768.0,22283.0,22317.0,21876.0,21800.0,21653.0,21451.0,21073.0,29297.0,29166.0,29042.0,28814.0,28491.0,28246.0,28044.0,27821.0,27274,27113.0,26776.0,26466.0,26329.0,26036.0,25914.0,25370.0,25260.0,25063.0,24709.0,24368.0,24296.0,23837.0,23826.0,23667.0,23842.0,23862.0,23934.0,24378.0,24376.0,25118.0,25863.0,26147.0,26623.0,27040.0,27515.0,27646.0,27607.0,27650.0,27912.0,27643.0,27236.0,27422.0,26844.0,26947.0,26654.0,26441,26287.0,25898.0,25756.0,25575.0,25125,25158.0
K,26,27519.0,27581.0,27090.0,26934.0,26875.0,26312.0,26248.0,25998.0,25786.0,25610.0,25410.0,24733.0,24628.0,24257.0,23934.0,23648.0,23461.0,23303.0,22868.0,22768.0,22283.0,22317.0,21876.0,21800.0,21653.0,21451.0,21073.0,29297.0,29165.0,29042.0,28814.0,28491.0,28246.0,28044.0,27821,27274.0,27113.0,26776.0,26466.0,26329.0,26036.0,25914.0,25370.0,25260.0,25063.0,24709.0,24368.0,24296.0,23837.0,23826.0,23667.0,23842.0,23862.0,23934.0,24378.0,24376.0,25117.0,25863.0,26147.0,26623.0,27040.0,27515.0,27646.0,27607.0,27650.0,27912.0,27643.0,27236.0,27422.0,26844.0,26947.0,26654,26441.0,26287.0,25898.0,25756.0,25575,25125.0
K,27,27632.0,27519.0,27581.0,27090.0,26934.0,26875.0,26312.0,26248.0,25998.0,25786.0,25610.0,25410.0,24733.0,24628.0,24257.0,23934.0,23648.0,23461.0,23303.0,22868.0,22768.0,22283.0,22317.0,21876.0,21800.0,21653.0,21451.0,21073.0,29297.0,29165.0,29042.0,28814.0,28491.0,28246.0,28044,27821.0,27274.0,27113.0,26776.0,26466.0,26329.0,26036.0,25914.0,25370.0,25260.0,25063.0,24709.0,24368.0,24296.0,23837.0,23826.0,23667.0,23842.0,23862.0,23934.0,24378.0,24376.0,25117.0,25863.0,26147.0,26623.0,27040.0,27515.0,27646.0,27607.0,27650.0,27912.0,27643.0,27236.0,27422.0,26844.0,26947,26654.0,26441.0,26287.0,25898.0,25756,25575.0
K,28,27806.0,27632.0,27519.0,27581.0,27090.0,26934.0,26875.0,26312.0,26248.0,25998.0,25786.0,25610.0,25410.0,24733.0,24627.0,24257.0,23934.0,23648.0,23461.0,23303.0,22868.0,22768.0,22283.0,22317.0,21875.0,21800.0,21653.0,21451.0,21073.0,29297.0,29165.0,29042.0,28814.0,28491.0,28246,28044.0,27821.0,27274.0,27113.0,26776.0,26466.0,26329.0,26036.0,25914.0,25370.0,25260.0,25063.0,24709.0,24368.0,24296.0,23835.0,23826.0,23667.0,23841.0,23862.0,23934.0,24378.0,24376.0,25117.0,25863.0,26147.0,26623.0,27040.0,27514.0,27646.0,27607.0,27650.0,27912.0,27643.0,27236.0,27422.0,26844,26947.0,26654.0,26441.0,26287.0,25898,25756.0
K,29,28049.0,27805.0,27632.0,27518.0,27581.0,27090.0,26934.0,26875.0,26312.0,26248.0,25998.0,25786.0,25610.0,25410.0,24733.0,24627.0,24257.0,23934.0,23648.0,23461.0,23303.0,22868.0,22768.0,22283.0,22317.0,21875.0,21800.0,21653.0,21451.0,21073.0,29297.0,29165.0,29042.0,28814.0,28491,28246.0,28044.0,27821.0,27274.0,27113.0,26776.0,26466.0,26329.0,26036.0,25914.0,25370.0,25260.0,25063.0,24709.0,24368.0,24296.0,23835.0,23826.0,23667.0,23841.0,23862.0,23934.0,24378.0,24376.0,25117.0,25863.0,26147.0,26623.0,27040.0,27513.0,27646.0,27607.0,27650.0,27912.0,27643.0,27236.0,27422,26844.0,26947.0,26654.0,26440.0,26287,25898.0
K,30,28278.0,28049.0,27805.0,27632.0,27518.0,27581.0,27090.0,26934.0,26875.0,26312.0,26247.0,25998.0,25786.0,25610.0,25410.0,24733.0,24627.0,24257.0,23934.0,23648.0,23461.0,23303.0,22868.0,22768.0,22283.0,22317.0,21875.0,21800.0,21653.0,21451.0,21073.0,29297.0,29165.0,29042.0,28813,28491.0,28246.0,28044.0,27821.0,27274.0,27113.0,26776.0,26466.0,26328.0,26036.0,25914.0,25369.0,25260.0,25063.0,24709.0,24368.0,24296.0,23835.0,23826.0,23667.0,23841.0,23862.0,23934.0,24378.0,24376.0,25117.0,25863.0,26147.0,26623.0,27040.0,27513.0,27646.0,27607.0,27650.0,27912.0,27643.0,27236,27422.0,26844.0,26947.0,26654.0,26440,26287.0
K,31,28431.0,28278.0,28049.0,27805.0,27632.0,27518.0,27581.0,27090.0,26934.0,26875.0,26312.0,26247.0,25998.0,25786.0,25610.0,25410.0,24733.0,24627.0,24257.0,23934.0,23648.0,23460.0,23303.0,22868.0,22768.0,22283.0,22316.0,21875.0,21800.0,21653.0,21451.0,21073.0,29297.0,29165.0,29042,28813.0,28490.0,28246.0,28044.0,27821.0,27274.0,27113.0,26776.0,26466.0,26328.0,26036.0,25914.0,25369.0,25260.0,25062.0,24709.0,24368.0,24296.0,23835.0,23826.0,23667.0,23841.0,23862.0,23934.0,24378.0,24376.0,25117.0,25862.0,26147.0,26623.0,27040.0,27513.0,27645.0,27607.0,27650.0,27912.0,27643,27236.0,27422.0,26844.0,26947.0,26654,26440.0
K,32,28724.0,28431.0,28277.0,28048.0,27805.0,27632.0,27518.0,27581.0,27090.0,26934.0,26875.0,26312.0,26247.0,25998.0,25786.0,25610.0,25410.0,24733.0,24627.0,24257.0,23934.0,23648.0,23460.0,23303.0,22868.0,22768.0,22283.0,22316.0,21875.0,21800.0,21653.0,21451.0,21073.0,29297.0,29165,29042.0,28812.0,28490.0,28246.0,28044.0,27821.0,27274.0,27113.0,26776.0,26466.0,26328.0,26036.0,25914.0,25369.0,25260.0,25062.0,24709.0,24367.0,24296.0,23835.0,23826.0,23667.0,23841.0,23862.0,23934.0,24377.0,24375.0,25117.0,25861.0,26147.0,26623.0,27040.0,27513.0,27645.0,27607.0,27650.0,27912,27643.0,27236.0,27422.0,26844.0,26946,26654.0
K,33,28952.0,28724.0,28431.0,28277.0,28048.0,27805.0,27632.0,27518.0,27581.0,27090.0,26934.0,26875.0,26312.0,26247.0,25998.0,25786.0,25610.0,25410.0,24733.0,24627.0,24257.0,23934.0,23648.0,23459.0,23303.0,22868.0,22768.0,22283.0,22316.0,21875.0,21800.0,21653.0,21451.0,21073.0,29297,29165.0,29042.0,28812.0,28490.0,28245.0,28044.0,27821.0,27274.0,27112.0,26776.0,26466.0,26328.0,26036.0,25914.0,25369.0,25260.0,25062.0,24708.0,24367.0,24296.0,23833.0,23826.0,23667.0,23841.0,23862.0,23934.0,24377.0,24375.0,25117.0,25861.0,26147.0,26623.0,27039.0,27513.0,27644.0,27607.0,27650,27912.0,27643.0,27236.0,27422.0,26844,26946.0
K,34,29228.0,28952.0,28724.0,28431.0,28276.0,28048.0,27805.0,27632.0,27518.0,27581.0,27090.0,26934.0,26875.0,26312.0,26247.0,25998.0,25786.0,25610.0,25410.0,24733.0,24627.0,24256.0,23934.0,23648.0,23459.0,23303.0,22868.0,22768.0,22283.0,22316.0,21875.0,21800.0,21653.0,21451.0,21073,29297.0,29165.0,29042.0,28812.0,28490.0,28245.0,28044.0,27821.0,27274.0,27112.0,26776.0,26466.0,26328.0,26036.0,25914.0,25369.0,25260.0,25062.0,24708.0,24367.0,24296.0,23833.0,23826.0,23667.0,23841.0,23862.0,23934.0,24377.0,24375.0,25117.0,25861.0,26147.0,26623.0,27039.0,27513.0,27644.0,27607,27650.0,27912.0,27643.0,27236.0,27421,26844.0
K,35,29696.0,29228.0,28951.0,28724.0,28431.0,28276.0,28048.0,27805.0,27632.0,27518.0,27581.0,27090.0,26934.0,26875.0,26312.0,26247.0,25998.0,25786.0,25610.0,25410.0,24733.0,24627.0,24256.0,23934.0,23648.0,23459.0,23303.0,22868.0,22768.0,22283.0,22316.0,21875.0,21800.0,21653.0,21451,21072.0,29297.0,29165.0,29042.0,28812.0,28489.0,28245.0,28044.0,27821.0,27274.0,27112.0,26776.0,26466.0,26328.0,26036.0,25914.0,25368.0,25260.0,25062.0,24708.0,24366.0,24296.0,23832.0,23826.0,23667.0,23841.0,23862.0,23933.0,24377.0,24375.0,25117.0,25861.0,26147.0,26622.0,27039.0,27513.0,27643,27607.0,27650.0,27912.0,27643.0,27236,27421.0
K,36,30175.0,29696.0,29228.0,28951.0,28724.0,28430.0,28276.0,28048.0,27805.0,27632.0,27518.0,27581.0,27089.0,26934.0,26875.0,26312.0,26247.0,25998.0,25786.0,25610.0,25410.0,24733.0,24627.0,24256.0,23934.0,23648.0,23459.0,23303.0,22868.0,22768.0,22283.0,22316.0,21875.0,21800.0,21653,21451.0,21072.0,29297.0,29165.0,29042.0,28812.0,28489.0,28245.0,28044.0,27821.0,27274.0,27112.0,26776.0,26466.0,26328.0,26036.0,25914.0,25368.0,25260.0,25062.0,24708.0,24366.0,24295.0,23832.0,23826.0,23667.0,23841.0,23862.0,23933.0,24377.0,24375.0,25117.0,25861.0,26147.0,26622.0,27039.0,27513,27641.0,27607.0,27650.0,27912.0,27643,27236.0
K,37,30070.0,30175.0,29696.0,29228.0,28951.0,28724.0,28430.0,28276.0,28048.0,27805.0,27632.0,27518.0,27581.0,27089.0,26933.0,26874.0,26312.0,26247.0,25998.0,25785.0,25610.0,25410.0,24733.0,24627.0,24256.0,23934.0,23648.0,23459.0,23303.0,22868.0,22768.0,22282.0,22316.0,21875.0,21800,21653.0,21451.0,21072.0,29296.0,29165.0,29042.0,28812.0,28489.0,28244.0,28044.0,27821.0,27274.0,27112.0,26776.0,26466.0,26328.0,26036.0,25914.0,25368.0,25260.0,25062.0,24708.0,24365.0,24295.0,23832.0,23826.0,23667.0,23840.0,23862.0,23933.0,24377.0,24375.0,25117.0,25861.0,26147.0,26622.0,27039,27513.0,27641.0,27606.0,27650.0,27912,27643.0
K,38,30662.0,30070.0,30175.0,29696.0,29228.0,28950.0,28724.0,28430.0,28276.0,28048.0,27805.0,27632.0,27518.0,27581.0,27089.0,26933.0,26874.0,26312.0,26247.0,25998.0,25785.0,25610.0,25410.0,24733.0,24627.0,24256.0,23934.0,23647.0,23459.0,23303.0,22868.0,22768.0,22282.0,22316.0,21875,21800.0,21653.0,21451.0,21072.0,29296.0,29165.0,29042.0,28812.0,28489.0,28242.0,28043.0,27821.0,27274.0,27112.0,26776.0,26466.0,26328.0,26036.0,25914.0,25368.0,25260.0,25062.0,24708.0,24365.0,24295.0,23832.0,23826.0,23667.0,23840.0,23862.0,23933.0,24377.0,24375.0,25117.0,25861.0,26147.0,26622,27039.0,27513.0,27641.0,27606.0,27650,27912.0
K,39,31045.0,30662.0,30070.0,30175.0,29696.0,29228.0,28950.0,28724.0,28430.0,28276.0,28048.0,27805.0,27632.0,27518.0,27581.0,27089.0,26933.0,26873.0,26312.0,26247.0,25998.0,25785.0,25610.0,25410.0,24732.0,24627.0,24256.0,23934.0,23647.0,23459.0,23303.0,22868.0,22768.0,22282.0,22316,21875.0,21800.0,21653.0,21451.0,21072.0,29296.0,29165.0,29042.0,28811.0,28489.0,28242.0,28043.0,27821.0,27274.0,27112.0,26776.0,26466.0,26328.0,26036.0,25913.0,25368.0,25260.0,25062.0,24708.0,24365.0,24295.0,23832.0,23826.0,23667.0,23840.0,23862.0,23933.0,24377.0,24375.0,25116.0,25859.0,26146,26622.0,27039.0,27513.0,27641.0,27606,27650.0
K,40,29460.0,31045.0,30661.0,30069.0,30175.0,29696.0,29228.0,28950.0,28724.0,28430.0,28276.0,28048.0,27805.0,27632.0,27517.0,27581.0,27089.0,26933.0,26873.0,26312.0,26247.0,25998.0,25785.0,25610.0,25410.0,24732.0,24627.0,24255.0,23934.0,23647.0,23459.0,23303.0,22868.0,22767.0,22282,22316.0,21875.0,21800.0,21653.0,21450.0,21072.0,29296.0,29164.0,29041.0,28810.0,28488.0,28242.0,28043.0,27820.0,27274.0,27112.0,26776.0,26466.0,26328.0,26036.0,25912.0,25368.0,25260.0,25061.0,24708.0,24365.0,24295.0,23832.0,23826.0,23667.0,23840.0,23862.0,23933.0,24377.0,24375.0,25116.0,25859,26146.0,26621.0,27038.0,27513.0,27641,27604.0
K,41,32072.0,29459.0,31045.0,30661.0,30069.0,30175.0,29696.0,29228.0,28950.0,28724.0,28430.0,28275.0,28048.0,27804.0,27632.0,27517.0,27581.0,27089.0,26933.0,26873.0,26312.0,26247.0,25997.0,25785.0,25610.0,25410.0,24732.0,24627.0,24254.0,23933.0,23647.0,23458.0,23303.0,22868.0,22767,22282.0,22316.0,21875.0,21800.0,21653.0,21450.0,21071.0,29296.0,29164.0,29040.0,28810.0,28488.0,28242.0,28043.0,27820.0,27274.0,27112.0,26776.0,26466.0,26328.0,26036.0,25911.0,25368.0,25260.0,25061.0,24708.0,24365.0,24295.0,23832.0,23825.0,23667.0,23840.0,23862.0,23933.0,24377.0,24375.0,25116,25859.0,26146.0,26621.0,27038.0,27512,27641.0
K,42,30865.0,32072.0,29459.0,31045.0,30661.0,30068.0,30175.0,29696.0,29228.0,28949.0,28724.0,28429.0,28275.0,28048.0,27804.0,27632.0,27517.0,27581.0,27089.0,26933.0,26873.0,26312.0,26247.0,25997.0,25785.0,25610.0,25409.0,24732.0,24626.0,24254.0,23933.0,23647.0,23458.0,23303.0,22868,22767.0,22282.0,22315.0,21875.0,21800.0,21653.0,21450.0,21071.0,29296.0,29163.0,29039.0,28810.0,28488.0,28242.0,28043.0,27820.0,27274.0,27112.0,26776.0,26466.0,26327.0,26036.0,25911.0,25368.0,25260.0,25061.0,24708.0,24365.0,24294.0,23832.0,23825.0,23667.0,23840.0,23862.0,23933.0,24377.0,24375,25116.0,25859.0,26146.0,26621.0,27037,27512.0
K,43,31663.0,30864.0,32072.0,29459.0,31045.0,30660.0,30068.0,30175.0,29696.0,29228.0,28949.0,28724.0,28428.0,28275.0,28048.0,27804.0,27632.0,27517.0,27581.0,27089.0,26933.0,26873.0,26312.0,26247.0,25997.0,25785.0,25610.0,25409.0,24732.0,24626.0,24254.0,23933.0,23647.0,23458.0,23303,22868.0,22765.0,22282.0,22315.0,21875.0,21800.0,21653.0,21450.0,21071.0,29296.0,29163.0,29038.0,28810.0,28488.0,28242.0,28043.0,27820.0,27274.0,27112.0,26776.0,26466.0,26327.0,26036.0,25911.0,25368.0,25260.0,25061.0,24708.0,24365.0,24294.0,23832.0,23825.0,23667.0,23840.0,23862.0,23932.0,24377,24375.0,25116.0,25859.0,26146.0,26621,27037.0
K,44,31805.0,31663.0,30863.0,32072.0,29459.0,31045.0,30660.0,30068.0,30175.0,29696.0,29228.0,28949.0,28724.0,28428.0,28275.0,28048.0,27804.0,27632.0,27517.0,27581.0,27089.0,26933.0,26873.0,26312.0,26247.0,25997.0,25785.0,25610.0,25409.0,24732.0,24626.0,24254.0,23933.0,23647.0,23458,23303.0,22868.0,22765.0,22282.0,22315.0,21875.0,21800.0,21653.0,21450.0,21071.0,29295.0,29162.0,29038.0,28810.0,28488.0,28242.0,28043.0,27820.0,27274.0,27112.0,26776.0,26465.0,26327.0,26036.0,25911.0,25368.0,25260.0,25061.0,24708.0,24365.0,24294.0,23832.0,23825.0,23666.0,23840.0,23862.0,23932,24377.0,24374.0,25116.0,25859.0,26146,26621.0
K,45,32611.0,31805.0,31663.0,30863.0,32072.0,29458.0,31045.0,30660.0,30068.0,30175.0,29695.0,29228.0,28949.0,28724.0,28428.0,28275.0,28048.0,27804.0,27632.0,27517.0,27581.0,27089.0,26931.0,26873.0,26312.0,26246.0,25997.0,25785.0,25609.0,25409.0,24732.0,24626.0,24254.0,23933.0,23647,23458.0,23303.0,22868.0,22765.0,22282.0,22315.0,21875.0,21800.0,21653.0,21450.0,21071.0,29295.0,29162.0,29037.0,28810.0,28488.0,28242.0,28043.0,27820.0,27274.0,27112.0,26775.0,26465.0,26327.0,26036.0,25911.0,25368.0,25260.0,25061.0,24707.0,24365.0,24294.0,23832.0,23825.0,23666.0,23840.0,23862,23932.0,24377.0,24374.0,25116.0,25859,26146.0
K,46,33843.0,32610.0,31805.0,31663.0,30863.0,32072.0,29458.0,31045.0,30660.0,30068.0,30175.0,29695.0,29228.0,28949.0,28724.0,28428.0,28275.0,28047.0,27804.0,27632.0,27517.0,27581.0,27089.0,26931.0,26873.0,26312.0,26246.0,25997.0,25785.0,25609.0,25408.0,24732.0,24626.0,24253.0,23933,23646.0,23458.0,23303.0,22868.0,22765.0,22282.0,22315.0,21875.0,21800.0,21653.0,21450.0,21071.0,29295.0,29161.0,29037.0,28810.0,28488.0,28241.0,28043.0,27820.0,27274.0,27111.0,26775.0,26465.0,26327.0,26036.0,25911.0,25368.0,25260.0,25061.0,24707.0,24365.0,24294.0,23832.0,23825.0,23666.0,23840,23862.0,23932.0,24377.0,24374.0,25116,25859.0
K,47,34152.0,33843.0,32610.0,31805.0,31663.0,30863.0,32072.0,29458.0,31045.0,30660.0,30068.0,30175.0,29695.0,29228.0,28948.0,28724.0,28428.0,28275.0,28047.0,27804.0,27632.0,27517.0,27581.0,27088.0,26931.0,26873.0,26312.0,26246.0,25997.0,25785.0,25609.0,25408.0,24732.0,24626.0,24251,23933.0,23646.0,23458.0,23303.0,22868.0,22765.0,22282.0,22315.0,21875.0,21800.0,21653.0,21450.0,21071.0,29295.0,29161.0,29037.0,28809.0,28488.0,28241.0,28043.0,27820.0,27274.0,27111.0,26775.0,26465.0,26327.0,26036.0,25911.0,25368.0,25260.0,25061.0,24707.0,24365.0,24294.0,23832.0,23825.0,23666,23840.0,23862.0,23932.0,24377.0,24374,25116.0
K,48,34444.0,34152.0,33843.0,32610.0,31805.0,31663.0,30863.0,32071.0,29457.0,31045.0,30660.0,30068.0,30175.0,29695.0,29228.0,28948.0,28724.0,28428.0,28275.0,28047.0,27803.0,27631.0,27517.0,27581.0,27088.0,26929.0,26873.0,26311.0,26246.0,25997.0,25785.0,25608.0,25408.0,24732.0,24626,24251.0,23933.0,23646.0,23458.0,23303.0,22868.0,22765.0,22282.0,22315.0,21875.0,21800.0,21653.0,21450.0,21071.0,29295.0,29161.0,29037.0,28809.0,28488.0,28241.0,28043.0,27819.0,27274.0,27111.0,26775.0,26465.0,26327.0,26036.0,25911.0,25367.0,25260.0,25061.0,24706.0,24364.0,24294.0,23832.0,23825,23666.0,23840.0,23862.0,23932.0,24377,24373.0
K,49,34871.0,34444.0,34152.0,33843.0,32610.0,31805.0,31663.0,30863.0,32071.0,29457.0,31044.0,30660.0,30068.0,30175.0,29695.0,29228.0,28947.0,28724.0,28428.0,28275.0,28047.0,27803.0,27631.0,27517.0,27581.0,27087.0,26929.0,26872.0,26311.0,26245.0,25997.0,25784.0,25608.0,25408.0,24732,24626.0,24251.0,23933.0,23646.0,23458.0,23303.0,22868.0,22764.0,22282.0,22315.0,21874.0,21800.0,21653.0,21450.0,21071.0,29294.0,29161.0,29037.0,28809.0,28488.0,28241.0,28043.0,27818.0,27274.0,27111.0,26775.0,26465.0,26327.0,26035.0,25911.0,25366.0,25259.0,25061.0,24706.0,24364.0,24294.0,23832,23825.0,23666.0,23839.0,23862.0,23932,24376.0
K,50,35676.0,34871.0,34444.0,34151.0,33843.0,32610.0,31804.0,31663.0,30863.0,32071.0,29457.0,31044.0,30660.0,30068.0,30174.0,29695.0,29228.0,28947.0,28724.0,28428.0,28275.0,28047.0,27802.0,27631.0,27516.0,27580.0,27087.0,26928.0,26871.0,26310.0,26244.0,25997.0,25784.0,25608.0,25408,24732.0,24626.0,24251.0,23930.0,23646.0,23457.0,23303.0,22868.0,22764.0,22282.0,22314.0,21874.0,21800.0,21653.0,21450.0,21071.0,29294.0,29161.0,29037.0,28809.0,28487.0,28241.0,28043.0,27818.0,27274.0,27111.0,26775.0,26465.0,26327.0,26035.0,25911.0,25365.0,25258.0,25061.0,24705.0,24364.0,24293,23831.0,23825.0,23666.0,23839.0,23862,23931.0
K,51,35796.0,35674.0,34870.0,34444.0,34150.0,33843.0,32610.0,31804.0,31663.0,30863.0,32071.0,29456.0,31043.0,30660.0,30065.0,30174.0,29695.0,29227.0,28947.0,28724.0,28428.0,28274.0,28047.0,27802.0,27630.0,27516.0,27580.0,27086.0,26928.0,26871.0,26310.0,26244.0,25997.0,25784.0,25608,25407.0,24730.0,24626.0,24251.0,23930.0,23645.0,23457.0,23303.0,22868.0,22763.0,22281.0,22314.0,21874.0,21799.0,21653.0,21449.0,21071.0,29294.0,29161.0,29037.0,28808.0,28486.0,28241.0,28041.0,27818.0,27273.0,27111.0,26775.0,26465.0,26327.0,26035.0,25911.0,25364.0,25257.0,25061.0,24705.0,24364,24293.0,23831.0,23825.0,23665.0,23838,23861.0
K,52,36901.0,35794.0,35674.0,34870.0,34444.0,34150.0,33843.0,32610.0,31804.0,31663.0,30863.0,32070.0,29456.0,31043.0,30660.0,30065.0,30174.0,29694.0,29226.0,28947.0,28724.0,28428.0,28273.0,28047.0,27801.0,27629.0,27515.0,27579.0,27086.0,26927.0,26871.0,26309.0,26244.0,25997.0,25784,25608.0,25407.0,24730.0,24626.0,24250.0,23929.0,23645.0,23457.0,23303.0,22867.0,22762.0,22281.0,22314.0,21874.0,21799.0,21653.0,21449.0,21071.0,29294.0,29161.0,29036.0,28807.0,28485.0,28239.0,28041.0,27818.0,27271.0,27111.0,26774.0,26465.0,26327.0,26035.0,25909.0,25363.0,25257.0,25061.0,24705,24364.0,24293.0,23831.0,23825.0,23664,23838.0
K,53,37296.0,36900.0,35794.0,35674.0,34870.0,34443.0,34149.0,33843.0,32610.0,31804.0,31662.0,30863.0,32070.0,29456.0,31043.0,30660.0,30065.0,30174.0,29694.0,29226.0,28947.0,28724.0,28427.0,28273.0,28047.0,27800.0,27629.0,27515.0,27579.0,27086.0,26927.0,26871.0,26309.0,26244.0,25995,25784.0,25607.0,25406.0,24730.0,24625.0,24250.0,23929.0,23645.0,23457.0,23303.0,22866.0,22762.0,22281.0,22314.0,21873.0,21797.0,21652.0,21449.0,21071.0,29292.0,29161.0,29035.0,28806.0,28485.0,28239.0,28039.0,27818.0,27271.0,27111.0,26774.0,26464.0,26325.0,26035.0,25909.0,25363.0,25257.0,25061,24705.0,24364.0,24293.0,23830.0,23825,23663.0
K,54,36980.0,37294.0,36898.0,35794.0,35673.0,34869.0,34443.0,34149.0,33839.0,32610.0,31804.0,31662.0,30863.0,32069.0,29456.0,31043.0,30660.0,30065.0,30173.0,29694.0,29225.0,28947.0,28724.0,28427.0,28273.0,28046.0,27800.0,27629.0,27515.0,27578.0,27086.0,26927.0,26871.0,26307.0,26243,25995.0,25784.0,25607.0,25405.0,24730.0,24625.0,24250.0,23929.0,23644.0,23457.0,23303.0,22866.0,22762.0,22281.0,22314.0,21873.0,21797.0,21651.0,21448.0,21070.0,29292.0,29161.0,29035.0,28806.0,28485.0,28239.0,28039.0,27818.0,27270.0,27110.0,26774.0,26462.0,26325.0,26033.0,25909.0,25362.0,25256,25061.0,24705.0,24364.0,24293.0,23830,23825.0
K,55,36151.0,36979.0,37293.0,36898.0,35794.0,35672.0,34869.0,34443.0,34148.0,33839.0,32610.0,31802.0,31662.0,30863.0,32069.0,29456.0,31043.0,30659.0,30065.0,30173.0,29693.0,29224.0,28947.0,28724.0,28427.0,28273.0,28046.0,27799.0,27629.0,27515.0,27578.0,27085.0,26927.0,26871.0,26307,26243.0,25994.0,25784.0,25606.0,25404.0,24730.0,24625.0,24250.0,23928.0,23644.0,23456.0,23303.0,22866.0,22762.0,22281.0,22314.0,21873.0,21797.0,21651.0,21448.0,21070.0,29291.0,29161.0,29034.0,28806.0,28485.0,28238.0,28039.0,27818.0,27269.0,27110.0,26773.0,26462.0,26325.0,26032.0,25909.0,25361,25254.0,25061.0,24705.0,24363.0,24293,23830.0
K,56,36435.0,36149.0,36979.0,37292.0,36898.0,35794.0,35669.0,34869.0,34441.0,34146.0,33838.0,32610.0,31802.0,31661.0,30862.0,32068.0,29455.0,31042.0,30659.0,30065.0,30172.0,29693.0,29223.0,28947.0,28724.0,28427.0,28273.0,28045.0,27799.0,27629.0,27513.0,27578.0,27085.0,26927.0,26871,26307.0,26243.0,25994.0,25784.0,25605.0,25404.0,24730.0,24624.0,24249.0,23927.0,23643.0,23455.0,23303.0,22866.0,22762.0,22281.0,22313.0,21873.0,21797.0,21650.0,21448.0,21070.0,29291.0,29161.0,29033.0,28806.0,28485.0,28237.0,28038.0,27817.0,27269.0,27110.0,26773.0,26462.0,26325.0,26031.0,25909,25361.0,25254.0,25060.0,24704.0,24362,24293.0
K,57,35897.0,36435.0,36147.0,36979.0,37292.0,36898.0,35794.0,35668.0,34869.0,34441.0,34144.0,33838.0,32609.0,31802.0,31661.0,30861.0,32068.0,29455.0,31042.0,30659.0,30065.0,30172.0,29693.0,29223.0,28946.0,28724.0,28426.0,28273.0,28044.0,27799.0,27629.0,27513.0,27577.0,27085.0,26927,26870.0,26307.0,26243.0,25994.0,25783.0,25605.0,25404.0,24730.0,24624.0,24249.0,23927.0,23642.0,23455.0,23303.0,22866.0,22762.0,22280.0,22313.0,21873.0,21797.0,21650.0,21447.0,21070.0,29290.0,29161.0,29031.0,28806.0,28485.0,28237.0,28038.0,27816.0,27269.0,27110.0,26772.0,26460.0,26325.0,26030,25909.0,25361.0,25253.0,25060.0,24704,24361.0
K,58,35887.0,35896.0,36435.0,36145.0,36979.0,37289.0,36898.0,35794.0,35667.0,34869.0,34440.0,34144.0,33838.0,32609.0,31802.0,31661.0,30861.0,32067.0,29455.0,31042.0,30659.0,30065.0,30172.0,29692.0,29223.0,28946.0,28724.0,28426.0,28273.0,28044.0,27799.0,27629.0,27513.0,27577.0,27085,26927.0,26870.0,26307.0,26243.0,25994.0,25782.0,25605.0,25404.0,24730.0,24624.0,24249.0,23927.0,23642.0,23454.0,23303.0,22866.0,22762.0,22280.0,22312.0,21872.0,21797.0,21650.0,21447.0,21070.0,29290.0,29161.0,29030.0,28806.0,28485.0,28237.0,28037.0,27815.0,27268.0,27110.0,26771.0,26459.0,26324,26029.0,25909.0,25361.0,25253.0,25059,24703.0
K,59,35740.0,35887.0,35896.0,36434.0,36143.0,36979.0,37289.0,36897.0,35794.0,35667.0,34868.0,34439.0,34144.0,33837.0,32609.0,31802.0,31661.0,30860.0,32067.0,29455.0,31041.0,30659.0,30065.0,30172.0,29692.0,29223.0,28946.0,28724.0,28426.0,28273.0,28044.0,27799.0,27629.0,27513.0,27577,27083.0,26926.0,26869.0,26307.0,26242.0,25993.0,25781.0,25605.0,25404.0,24730.0,24624.0,24248.0,23926.0,23642.0,23454.0,23303.0,22866.0,22762.0,22280.0,22312.0,21872.0,21797.0,21650.0,21446.0,21070.0,29290.0,29161.0,29029.0,28806.0,28485.0,28237.0,28037.0,27814.0,27268.0,27110.0,26770.0,26456,26323.0,26029.0,25908.0,25360.0,25253,25058.0
K,60,35529.0,35739.0,35883.0,35894.0,36432.0,36143.0,36978.0,37286.0,36895.0,35794.0,35666.0,34865.0,34437.0,34143.0,33835.0,32609.0,31802.0,31661.0,30860.0,32067.0,29454.0,31040.0,30659.0,30064.0,30172.0,29692.0,29222.0,28945.0,28724.0,28426.0,28270.0,28043.0,27797.0,27629.0,27513,27577.0,27082.0,26924.0,26869.0,26307.0,26242.0,25991.0,25779.0,25603.0,25404.0,24728.0,24624.0,24245.0,23925.0,23641.0,23454.0,23302.0,22864.0,22762.0,22280.0,22312.0,21870.0,21796.0,21650.0,21445.0,21070.0,29288.0,29159.0,29027.0,28806.0,28484.0,28235.0,28035.0,27814.0,27267.0,27110.0,26770,26455.0,26321.0,26029.0,25906.0,25357,25252.0
K,61,35884.0,35528.0,35735.0,35879.0,35893.0,36432.0,36141.0,36977.0,37285.0,36894.0,35792.0,35665.0,34863.0,34436.0,34143.0,33834.0,32607.0,31801.0,31660.0,30856.0,32066.0,29452.0,31040.0,30659.0,30063.0,30171.0,29691.0,29221.0,28943.0,28722.0,28425.0,28269.0,28041.0,27796.0,27629,27512.0,27575.0,27082.0,26923.0,26868.0,26305.0,26240.0,25990.0,25777.0,25602.0,25404.0,24728.0,24624.0,24245.0,23921.0,23639.0,23454.0,23301.0,22863.0,22759.0,22280.0,22310.0,21869.0,21795.0,21650.0,21443.0,21068.0,29287.0,29157.0,29025.0,28805.0,28482.0,28232.0,28035.0,27813.0,27267.0,27109,26770.0,26454.0,26319.0,26029.0,25906,25357.0
K,62,37183.0,35882.0,35526.0,35732.0,35874.0,35892.0,36431.0,36140.0,36976.0,37284.0,36889.0,35791.0,35664.0,34861.0,34435.0,34142.0,33833.0,32605.0,31800.0,31658.0,30856.0,32065.0,29450.0,31039.0,30657.0,30063.0,30170.0,29691.0,29220.0,28942.0,28721.0,28424.0,28268.0,28041.0,27796,27629.0,27512.0,27575.0,27081.0,26921.0,26868.0,26305.0,26239.0,25990.0,25775.0,25601.0,25403.0,24727.0,24623.0,24243.0,23919.0,23637.0,23452.0,23300.0,22862.0,22759.0,22279.0,22309.0,21868.0,21795.0,21648.0,21443.0,21067.0,29284.0,29154.0,29024.0,28803.0,28481.0,28232.0,28034.0,27812.0,27266,27106.0,26768.0,26454.0,26316.0,26025,25905.0
K,63,37441.0,37182.0,35880.0,35524.0,35729.0,35873.0,35891.0,36430.0,36139.0,36976.0,37284.0,36888.0,35790.0,35664.0,34860.0,34435.0,34141.0,33831.0,32604.0,31799.0,31657.0,30856.0,32065.0,29449.0,31037.0,30657.0,30063.0,30169.0,29690.0,29219.0,28942.0,28719.0,28423.0,28268.0,28041,27793.0,27628.0,27511.0,27575.0,27080.0,26921.0,26867.0,26305.0,26239.0,25989.0,25774.0,25601.0,25402.0,24726.0,24621.0,24241.0,23918.0,23637.0,23451.0,23297.0,22860.0,22758.0,22278.0,22308.0,21866.0,21794.0,21647.0,21443.0,21067.0,29281.0,29153.0,29023.0,28801.0,28479.0,28231.0,28033.0,27811,27262.0,27105.0,26766.0,26452.0,26315,26024.0
K,64,37643.0,37441.0,37182.0,35878.0,35521.0,35728.0,35870.0,35890.0,36429.0,36139.0,36974.0,37284.0,36888.0,35789.0,35663.0,34859.0,34434.0,34141.0,33830.0,32604.0,31799.0,31656.0,30855.0,32065.0,29448.0,31036.0,30657.0,30060.0,30168.0,29688.0,29219.0,28942.0,28718.0,28422.0,28267,28038.0,27793.0,27628.0,27510.0,27574.0,27077.0,26920.0,26867.0,26303.0,26239.0,25989.0,25771.0,25599.0,25402.0,24726.0,24620.0,24241.0,23917.0,23637.0,23448.0,23295.0,22860.0,22757.0,22278.0,22308.0,21863.0,21794.0,21647.0,21442.0,21066.0,29277.0,29148.0,29019.0,28800.0,28477.0,28231.0,28033,27810.0,27261.0,27105.0,26765.0,26451,26313.0
K,65,38371.0,37584.0,37394.0,37115.0,35827.0,35484.0,35683.0,35836.0,35847.0,36400.0,36103.0,36942.0,37247.0,36842.0,35751.0,35633.0,34831.0,34388.0,34103.0,33805.0,32563.0,31763.0,31617.0,30828.0,32040.0,29423.0,30996.0,30628.0,30037.0,30143.0,29647.0,29193.0,28913.0,28697.0,28389,28244.0,28010.0,27771.0,27597.0,27485.0,27547.0,27045.0,26892.0,26835.0,26275.0,26206.0,25954.0,25754.0,25575.0,25366.0,24707.0,24591.0,24215.0,23890.0,23607.0,23422.0,23265.0,22828.0,22736.0,22256.0,22282.0,21829.0,21780.0,21621.0,21421.0,21042.0,29241.0,29111.0,28987.0,28773.0,28437.0,28186,27999.0,27768.0,27236.0,27079.0,26727,26411.0
K,66,39579.0,38304.0,37527.0,37330.0,37068.0,35781.0,35441.0,35644.0,35795.0,35814.0,36348.0,36076.0,36901.0,37220.0,36808.0,35705.0,35594.0,34801.0,34358.0,34062.0,33772.0,32529.0,31736.0,31572.0,30796.0,32003.0,29384.0,30960.0,30606.0,30007.0,30121.0,29614.0,29163.0,28876.0,28667,28360.0,28213.0,27974.0,27741.0,27576.0,27457.0,27514.0,27009.0,26867.0,26814.0,26245.0,26169.0,25928.0,25719.0,25544.0,25343.0,24684.0,24556.0,24193.0,23867.0,23575.0,23392.0,23238.0,22796.0,22711.0,22232.0,22259.0,21800.0,21751.0,21595.0,21390.0,21008.0,29199.0,29072.0,28945.0,28736.0,28399,28148.0,27965.0,27716.0,27187.0,27041,26694.0
K,67,39472.0,39504.0,38248.0,37464.0,37292.0,37014.0,35745.0,35409.0,35606.0,35750.0,35776.0,36308.0,36043.0,36874.0,37181.0,36770.0,35674.0,35561.0,34775.0,34328.0,34034.0,33751.0,32504.0,31690.0,31543.0,30758.0,31971.0,29352.0,30928.0,30576.0,29964.0,30093.0,29586.0,29136.0,28846,28639.0,28323.0,28185.0,27942.0,27712.0,27551.0,27424.0,27475.0,26980.0,26836.0,26781.0,26214.0,26133.0,25901.0,25696.0,25512.0,25323.0,24651.0,24530.0,24163.0,23844.0,23544.0,23365.0,23208.0,22772.0,22688.0,22202.0,22226.0,21773.0,21725.0,21574.0,21352.0,20983.0,29160.0,29034.0,28906.0,28700,28362.0,28109.0,27923.0,27685.0,27141,27000.0
K,68,39763.0,39405.0,39450.0,38199.0,37413.0,37234.0,36982.0,35714.0,35361.0,35573.0,35710.0,35755.0,36270.0,35999.0,36848.0,37145.0,36733.0,35651.0,35530.0,34744.0,34294.0,34003.0,33718.0,32479.0,31658.0,31501.0,30732.0,31940.0,29322.0,30894.0,30542.0,29930.0,30068.0,29549.0,29112,28817.0,28609.0,28296.0,28152.0,27917.0,27672.0,27519.0,27390.0,27448.0,26957.0,26800.0,26748.0,26185.0,26092.0,25876.0,25663.0,25488.0,25294.0,24624.0,24495.0,24141.0,23820.0,23521.0,23332.0,23180.0,22747.0,22661.0,22176.0,22202.0,21745.0,21696.0,21551.0,21325.0,20952.0,29129.0,28987.0,28859,28672.0,28318.0,28072.0,27897.0,27647,27106.0
K,69,40109.0,39695.0,39335.0,39395.0,38159.0,37364.0,37201.0,36937.0,35671.0,35312.0,35525.0,35673.0,35708.0,36237.0,35967.0,36811.0,37111.0,36703.0,35626.0,35488.0,34710.0,34264.0,33967.0,33675.0,32459.0,31629.0,31468.0,30704.0,31917.0,29291.0,30864.0,30513.0,29902.0,30039.0,29515,29085.0,28785.0,28570.0,28269.0,28120.0,27889.0,27643.0,27485.0,27362.0,27430.0,26929.0,26772.0,26721.0,26152.0,26064.0,25849.0,25626.0,25459.0,25258.0,24590.0,24469.0,24113.0,23803.0,23487.0,23312.0,23160.0,22718.0,22638.0,22139.0,22175.0,21712.0,21664.0,21522.0,21303.0,20930.0,29089.0,28954,28819.0,28639.0,28272.0,28030.0,27859,27613.0
K,70,40314.0,39965.0,39569.0,39218.0,39281.0,38043.0,37290.0,37135.0,36859.0,35596.0,35250.0,35453.0,35589.0,35650.0,36165.0,35898.0,36741.0,37041.0,36646.0,35561.0,35418.0,34633.0,34179.0,33900.0,33613.0,32411.0,31571.0,31394.0,30634.0,31864.0,29226.0,30800.0,30455.0,29831.0,29981,29469.0,29023.0,28719.0,28513.0,28209.0,28070.0,27815.0,27588.0,27417.0,27303.0,27361.0,26872.0,26719.0,26662.0,26080.0,26011.0,25790.0,25577.0,25393.0,25201.0,24530.0,24407.0,24055.0,23741.0,23433.0,23260.0,23098.0,22662.0,22576.0,22073.0,22115.0,21648.0,21605.0,21451.0,21248.0,20868.0,29011,28874.0,28729.0,28580.0,28194.0,27939,27794.0
K,71,40770.0,40171.0,39821.0,39450.0,39118.0,39191.0,37958.0,37213.0,37044.0,36788.0,35524.0,35174.0,35382.0,35529.0,35572.0,36097.0,35827.0,36662.0,36966.0,36569.0,35484.0,35351.0,34559.0,34109.0,33836.0,33547.0,32342.0,31502.0,31326.0,30582.0,31810.0,29170.0,30755.0,30408.0,29784,29921.0,29395.0,28958.0,28662.0,28444.0,28158.0,28004.0,27756.0,27536.0,27359.0,27239.0,27295.0,26797.0,26665.0,26606.0,26027.0,25961.0,25728.0,25504.0,25335.0,25150.0,24463.0,24343.0,23998.0,23675.0,23363.0,23192.0,23044.0,22608.0,22523.0,22028.0,22068.0,21586.0,21563.0,21388.0,21197.0,20819,28924.0,28799.0,28639.0,28496.0,28129,27876.0
K,72,40927.0,40638.0,40040.0,39707.0,39344.0,39035.0,39107.0,37885.0,37141.0,36984.0,36705.0,35452.0,35092.0,35311.0,35454.0,35514.0,36029.0,35756.0,36586.0,36892.0,36500.0,35421.0,35299.0,34503.0,34046.0,33762.0,33486.0,32262.0,31423.0,31255.0,30526.0,31753.0,29117.0,30690.0,30349,29723.0,29856.0,29339.0,28902.0,28610.0,28388.0,28090.0,27927.0,27679.0,27472.0,27300.0,27181.0,27245.0,26734.0,26621.0,26545.0,25951.0,25891.0,25664.0,25441.0,25283.0,25086.0,24404.0,24281.0,23947.0,23605.0,23312.0,23137.0,22973.0,22557.0,22452.0,21963.0,22010.0,21544.0,21507.0,21329.0,21139,20755.0,28848.0,28722.0,28577.0,28416,28035.0
K,73,39899.0,40777.0,40507.0,39932.0,39608.0,39247.0,38950.0,39020.0,37813.0,37049.0,36908.0,36621.0,35381.0,35009.0,35238.0,35359.0,35461.0,35982.0,35696.0,36492.0,36812.0,36418.0,35352.0,35241.0,34436.0,33984.0,33698.0,33427.0,32202.0,31349.0,31204.0,30463.0,31689.0,29070.0,30630,30295.0,29681.0,29800.0,29286.0,28831.0,28552.0,28325.0,28029.0,27887.0,27605.0,27417.0,27234.0,27125.0,27184.0,26692.0,26566.0,26478.0,25894.0,25836.0,25595.0,25381.0,25211.0,25013.0,24348.0,24222.0,23895.0,23539.0,23251.0,23069.0,22906.0,22496.0,22387.0,21903.0,21955.0,21486.0,21454.0,21274,21074.0,20703.0,28770.0,28655.0,28492,28339.0
K,74,39282.0,39780.0,40639.0,40380.0,39835.0,39507.0,39173.0,38851.0,38921.0,37741.0,36972.0,36831.0,36553.0,35313.0,34944.0,35185.0,35286.0,35397.0,35896.0,35620.0,36408.0,36745.0,36368.0,35289.0,35166.0,34361.0,33920.0,33633.0,33359.0,32137.0,31296.0,31145.0,30402.0,31628.0,29002,30561.0,30230.0,29620.0,29734.0,29217.0,28771.0,28478.0,28257.0,27968.0,27824.0,27541.0,27354.0,27182.0,27073.0,27121.0,26640.0,26508.0,26413.0,25824.0,25768.0,25536.0,25317.0,25164.0,24960.0,24290.0,24164.0,23832.0,23478.0,23188.0,23010.0,22853.0,22424.0,22328.0,21846.0,21892.0,21431.0,21402,21220.0,21014.0,20658.0,28706.0,28570,28410.0
K,75,37060.0,39038.0,39529.0,40411.0,40162.0,39635.0,39343.0,39013.0,38677.0,38744.0,37601.0,36809.0,36704.0,36397.0,35179.0,34809.0,35058.0,35150.0,35266.0,35753.0,35478.0,36261.0,36608.0,36241.0,35125.0,35033.0,34220.0,33791.0,33493.0,33226.0,31999.0,31164.0,31037.0,30272.0,31494,28899.0,30429.0,30107.0,29508.0,29616.0,29098.0,28649.0,28350.0,28122.0,27836.0,27703.0,27409.0,27229.0,27044.0,26955.0,26986.0,26541.0,26390.0,26289.0,25712.0,25648.0,25426.0,25195.0,25040.0,24843.0,24171.0,24054.0,23706.0,23363.0,23053.0,22898.0,22723.0,22304.0,22197.0,21737.0,21772.0,21330,21283.0,21105.0,20906.0,20533.0,28538,28415.0
K,76,35812.0,36823.0,38804.0,39298.0,40209.0,39952.0,39442.0,39175.0,38846.0,38518.0,38590.0,37442.0,36671.0,36556.0,36243.0,35048.0,34687.0,34923.0,35017.0,35128.0,35619.0,35341.0,36124.0,36465.0,36085.0,34961.0,34900.0,34094.0,33632.0,33353.0,33089.0,31883.0,31040.0,30929.0,30162,31380.0,28782.0,30298.0,29998.0,29389.0,29494.0,28962.0,28534.0,28230.0,28000.0,27710.0,27572.0,27285.0,27098.0,26908.0,26833.0,26864.0,26420.0,26257.0,26164.0,25595.0,25547.0,25313.0,25074.0,24908.0,24705.0,24044.0,23906.0,23587.0,23232.0,22906.0,22768.0,22594.0,22187.0,22073.0,21623.0,21660,21218.0,21152.0,20974.0,20793.0,20397,28387.0
K,77,34391.0,35578.0,36577.0,38596.0,39097.0,40013.0,39762.0,39255.0,38998.0,38701.0,38360.0,38432.0,37291.0,36540.0,36402.0,36108.0,34909.0,34549.0,34781.0,34890.0,34986.0,35493.0,35187.0,35999.0,36328.0,35946.0,34814.0,34733.0,33938.0,33500.0,33228.0,32935.0,31755.0,30919.0,30805,30032.0,31253.0,28662.0,30157.0,29873.0,29256.0,29359.0,28856.0,28403.0,28090.0,27875.0,27593.0,27474.0,27163.0,26959.0,26776.0,26712.0,26749.0,26273.0,26127.0,26029.0,25472.0,25410.0,25184.0,24959.0,24778.0,24590.0,23924.0,23789.0,23485.0,23083.0,22777.0,22661.0,22464.0,22074.0,21943.0,21487,21531.0,21109.0,21039.0,20856.0,20689,20280.0
K,78,33193.0,34180.0,35365.0,36379.0,38394.0,38889.0,39834.0,39563.0,39082.0,38834.0,38525.0,38217.0,38279.0,37150.0,36399.0,36259.0,35961.0,34783.0,34410.0,34640.0,34761.0,34846.0,35353.0,35031.0,35858.0,36178.0,35817.0,34701.0,34582.0,33803.0,33368.0,33098.0,32813.0,31635.0,30808,30677.0,29904.0,31146.0,28514.0,30051.0,29734.0,29135.0,29233.0,28721.0,28263.0,27969.0,27734.0,27471.0,27340.0,27035.0,26837.0,26640.0,26596.0,26626.0,26145.0,26011.0,25906.0,25345.0,25279.0,25061.0,24853.0,24668.0,24464.0,23797.0,23663.0,23369.0,22971.0,22661.0,22533.0,22331.0,21967.0,21809,21378.0,21420.0,20981.0,20927.0,20764,20576.0
K,79,31961.0,32937.0,33948.0,35162.0,36194.0,38202.0,38721.0,39663.0,39387.0,38914.0,38683.0,38370.0,38066.0,38121.0,36993.0,36253.0,36115.0,35827.0,34654.0,34288.0,34509.0,34644.0,34729.0,35214.0,34901.0,35734.0,36026.0,35681.0,34578.0,34443.0,33673.0,33241.0,32961.0,32689.0,31512,30680.0,30568.0,29786.0,31014.0,28400.0,29916.0,29613.0,29007.0,29095.0,28605.0,28142.0,27849.0,27600.0,27333.0,27217.0,26906.0,26701.0,26515.0,26482.0,26508.0,26003.0,25886.0,25782.0,25233.0,25159.0,24920.0,24737.0,24548.0,24340.0,23655.0,23542.0,23259.0,22815.0,22535.0,22399.0,22215.0,21856,21690.0,21257.0,21314.0,20846.0,20833,20656.0
K,80,30696.0,31527.0,32514.0,33574.0,34814.0,35858.0,37829.0,38405.0,39328.0,39034.0,38617.0,38379.0,38061.0,37772.0,37811.0,36694.0,35964.0,35849.0,35552.0,34396.0,33999.0,34233.0,34382.0,34462.0,34903.0,34622.0,35451.0,35713.0,35379.0,34278.0,34171.0,33382.0,32981.0,32679.0,32450,31251.0,30418.0,30329.0,29557.0,30766.0,28147.0,29675.0,29359.0,28762.0,28861.0,28357.0,27896.0,27593.0,27344.0,27091.0,26947.0,26676.0,26454.0,26278.0,26244.0,26249.0,25724.0,25634.0,25513.0,24956.0,24936.0,24641.0,24504.0,24297.0,24126.0,23417.0,23271.0,23020.0,22593.0,22293.0,22187.0,21983,21615.0,21436.0,21017.0,21079.0,20622,20601.0
K,81,29038.0,30263.0,31155.0,32139.0,33217.0,34481.0,35556.0,37485.0,38080.0,39014.0,38712.0,38288.0,38056.0,37789.0,37471.0,37565.0,36396.0,35697.0,35579.0,35299.0,34141.0,33750.0,33948.0,34102.0,34148.0,34638.0,34341.0,35123.0,35417.0,35114.0,34009.0,33887.0,33126.0,32705.0,32435,32178.0,31033.0,30174.0,30081.0,29310.0,30530.0,27909.0,29417.0,29097.0,28517.0,28611.0,28099.0,27658.0,27369.0,27090.0,26826.0,26659.0,26447.0,26191.0,26042.0,25998.0,25995.0,25488.0,25371.0,25286.0,24719.0,24694.0,24365.0,24285.0,24051.0,23845.0,23180.0,23049.0,22782.0,22334.0,22079.0,21950,21737.0,21367.0,21211.0,20786.0,20824,20390.0
K,82,27480.0,28640.0,29879.0,30779.0,31790.0,32891.0,34198.0,35251.0,37177.0,37736.0,38717.0,38425.0,37971.0,37765.0,37479.0,37182.0,37299.0,36124.0,35410.0,35300.0,35031.0,33866.0,33499.0,33675.0,33852.0,33894.0,34365.0,34082.0,34826.0,35119.0,34857.0,33742.0,33616.0,32860.0,32422,32160.0,31939.0,30770.0,29933.0,29807.0,29051.0,30306.0,27654.0,29157.0,28865.0,28280.0,28354.0,27830.0,27405.0,27117.0,26838.0,26557.0,26410.0,26179.0,25941.0,25790.0,25740.0,25727.0,25253.0,25103.0,25025.0,24475.0,24442.0,24121.0,24033.0,23782.0,23606.0,22951.0,22800.0,22547.0,22118.0,21848,21723.0,21492.0,21114.0,20970.0,20579,20583.0
K,83,25898.0,27102.0,28309.0,29545.0,30500.0,31502.0,32616.0,33898.0,34939.0,36857.0,37433.0,38385.0,38106.0,37692.0,37465.0,37158.0,36886.0,36974.0,35814.0,35117.0,35013.0,34753.0,33607.0,33207.0,33425.0,33530.0,33639.0,34066.0,33792.0,34536.0,34847.0,34579.0,33469.0,33342.0,32591,32137.0,31908.0,31672.0,30540.0,29656.0,29561.0,28820.0,30036.0,27414.0,28909.0,28601.0,27989.0,28080.0,27583.0,27158.0,26858.0,26616.0,26323.0,26177.0,25904.0,25672.0,25548.0,25471.0,25485.0,25002.0,24848.0,24779.0,24243.0,24171.0,23880.0,23773.0,23552.0,23368.0,22692.0,22533.0,22294.0,21895,21596.0,21496.0,21254.0,20852.0,20731,20322.0
K,84,24377.0,25540.0,26762.0,27968.0,29261.0,30216.0,31203.0,32346.0,33624.0,34646.0,36566.0,37140.0,38103.0,37773.0,37401.0,37197.0,36861.0,36605.0,36702.0,35531.0,34869.0,34744.0,34457.0,33327.0,32934.0,33198.0,33238.0,33390.0,33822.0,33524.0,34254.0,34560.0,34303.0,33222.0,33076,32324.0,31863.0,31646.0,31397.0,30281.0,29389.0,29314.0,28568.0,29792.0,27167.0,28661.0,28368.0,27752.0,27840.0,27317.0,26927.0,26595.0,26369.0,26097.0,25923.0,25679.0,25425.0,25307.0,25235.0,25224.0,24743.0,24580.0,24538.0,24001.0,23923.0,23619.0,23537.0,23295.0,23133.0,22468.0,22278.0,22033,21614.0,21358.0,21257.0,20985.0,20624,20511.0
K,85,21629.0,23721.0,24910.0,26118.0,27408.0,28795.0,29648.0,30629.0,31788.0,33102.0,34036.0,35984.0,36598.0,37499.0,37199.0,36842.0,36595.0,36316.0,36067.0,36116.0,35004.0,34304.0,34173.0,33900.0,32790.0,32399.0,32680.0,32696.0,32882.0,33296.0,33015.0,33713.0,34049.0,33806.0,32685,32548.0,31796.0,31348.0,31149.0,30873.0,29766.0,28894.0,28789.0,28084.0,29239.0,26676.0,28148.0,27842.0,27256.0,27342.0,26836.0,26421.0,26098.0,25883.0,25605.0,25402.0,25180.0,24903.0,24815.0,24731.0,24706.0,24291.0,24093.0,24005.0,23524.0,23470.0,23152.0,23046.0,22813.0,22638.0,21981.0,21808,21546.0,21131.0,20898.0,20781.0,20498,20141.0
K,86,20083.0,21037.0,23119.0,24362.0,25587.0,26944.0,28287.0,29156.0,30103.0,31251.0,32565.0,33455.0,35409.0,35996.0,36963.0,36611.0,36291.0,36015.0,35746.0,35510.0,35520.0,34463.0,33773.0,33651.0,33344.0,32285.0,31881.0,32160.0,32199.0,32350.0,32772.0,32475.0,33155.0,33507.0,33277,32180.0,32028.0,31246.0,30848.0,30633.0,30372.0,29275.0,28376.0,28254.0,27572.0,28707.0,26198.0,27598.0,27340.0,26798.0,26872.0,26351.0,25923.0,25587.0,25401.0,25090.0,24902.0,24664.0,24428.0,24313.0,24231.0,24223.0,23832.0,23590.0,23512.0,23015.0,22975.0,22711.0,22617.0,22334.0,22090.0,21493,21333.0,21056.0,20706.0,20463.0,20309,20040.0
K,87,18827.0,19573.0,20494.0,22594.0,23895.0,25120.0,26463.0,27812.0,28632.0,29623.0,30715.0,32047.0,32892.0,34858.0,35454.0,36400.0,36068.0,35751.0,35413.0,35226.0,34959.0,34966.0,33922.0,33290.0,33079.0,32832.0,31776.0,31390.0,31681.0,31693.0,31848.0,32262.0,31988.0,32648.0,32981,32721.0,31672.0,31489.0,30753.0,30341.0,30142.0,29861.0,28815.0,27888.0,27736.0,27107.0,28193.0,25723.0,27123.0,26841.0,26271.0,26367.0,25858.0,25420.0,25104.0,24933.0,24602.0,24449.0,24211.0,23981.0,23826.0,23762.0,23769.0,23374.0,23085.0,23021.0,22558.0,22531.0,22296.0,22144.0,21852.0,21591,21047.0,20884.0,20578.0,20242.0,19992,19848.0
K,88,17508.0,18314.0,19100.0,20001.0,22163.0,23467.0,24646.0,26008.0,27363.0,28167.0,29186.0,30225.0,31534.0,32365.0,34345.0,34926.0,35864.0,35492.0,35204.0,34847.0,34675.0,34374.0,34389.0,33389.0,32763.0,32551.0,32301.0,31331.0,30874.0,31165.0,31213.0,31376.0,31770.0,31495.0,32099,32451.0,32202.0,31145.0,30960.0,30245.0,29820.0,29648.0,29398.0,28320.0,27410.0,27245.0,26601.0,27646.0,25273.0,26609.0,26341.0,25763.0,25891.0,25345.0,24962.0,24600.0,24466.0,24125.0,23954.0,23749.0,23508.0,23360.0,23249.0,23266.0,22933.0,22626.0,22557.0,22109.0,22011.0,21846.0,21687.0,21407,21132.0,20613.0,20404.0,20097.0,19812,19525.0
K,89,15707.0,17051.0,17821.0,18673.0,19601.0,21758.0,23030.0,24231.0,25567.0,26891.0,27673.0,28693.0,29724.0,31068.0,31860.0,33816.0,34402.0,35278.0,34927.0,34604.0,34309.0,34145.0,33832.0,33853.0,32885.0,32216.0,32021.0,31782.0,30799.0,30385.0,30641.0,30713.0,30883.0,31263.0,30977,31597.0,31916.0,31692.0,30600.0,30446.0,29746.0,29306.0,29143.0,28910.0,27814.0,26946.0,26752.0,26140.0,27147.0,24821.0,26084.0,25866.0,25280.0,25396.0,24896.0,24501.0,24162.0,23988.0,23667.0,23491.0,23258.0,23062.0,22912.0,22794.0,22813.0,22494.0,22143.0,22056.0,21592.0,21536.0,21384.0,21226,20911.0,20646.0,20150.0,19989.0,19669,19388.0
K,90,16011.0,15707.0,17051.0,17821.0,18673.0,19601.0,21758.0,23030.0,24231.0,25567.0,26891.0,27673.0,28693.0,29724.0,31068.0,31860.0,33816.0,34402.0,35278.0,34927.0,34604.0,34309.0,34145.0,33832.0,33853.0,32885.0,32216.0,32021.0,31782.0,30799.0,30385.0,30641.0,30713.0,30883.0,31263,30977.0,31597.0,31916.0,31692.0,30600.0,30446.0,29746.0,29306.0,29143.0,28910.0,27814.0,26946.0,26752.0,26140.0,27147.0,24821.0,26084.0,25866.0,25280.0,25396.0,24896.0,24501.0,24162.0,23988.0,23667.0,23491.0,23258.0,23062.0,22912.0,22794.0,22813.0,22494.0,22143.0,22056.0,21592.0,21536.0,21384,21226.0,20911.0,20646.0,20150.0,19989,19669.0
K,91,11953.0,12065.0,11843.0,12788.0,13371.0,13931.0,14593.0,16268.0,17287.0,18135.0,19152.0,20116.0,20683.0,21401.0,22245.0,23354.0,23930.0,25376.0,25813.0,26509.0,26184.0,25966.0,25720.0,25533.0,25335.0,25333.0,24665.0,24161.0,23994.0,23815.0,23065.0,22730.0,22921.0,22978.0,23094,23413.0,23240.0,23709.0,23920.0,23767.0,22917.0,22782.0,22255.0,21926.0,21797.0,21642.0,20850.0,20119.0,19928.0,19446.0,20336.0,18567.0,19475.0,19265.0,18885.0,19078.0,18552.0,18271.0,18057.0,17933.0,17605.0,17639.0,17364.0,17209.0,17171.0,17036.0,16978.0,16814.0,16544.0,16446.0,16174.0,16069,15935.0,15825.0,15526.0,15360.0,15088,14867.0
K,92,8716.0,9002.0,9082.0,8935.0,9648.0,10069.0,10430.0,10977.0,12156.0,12904.0,13516.0,14325.0,15099.0,15416.0,16016.0,16675.0,17528.0,17961.0,19064.0,19407.0,19906.0,19667.0,19603.0,19358.0,19260.0,19134.0,19115.0,18622.0,18256.0,18139.0,18002.0,17375.0,17158.0,17271.0,17356,17399.0,17638.0,17519.0,17828.0,17997.0,17891.0,17303.0,17130.0,16806.0,16529.0,16463.0,16342.0,15657.0,15114.0,14922.0,14566.0,15252.0,13967.0,14626.0,14416.0,14251.0,14246.0,13952.0,13794.0,13556.0,13456.0,13331.0,13320.0,12991.0,12889.0,12986.0,12835.0,12782.0,12690.0,12412.0,12319.0,12114,12097.0,11913.0,11913.0,11670.0,11541,11307.0
K,93,6531.0,6511.0,6710.0,6779.0,6654.0,7272.0,7533.0,7794.0,8308.0,9150.0,9719.0,10177.0,10833.0,11342.0,11517.0,12003.0,12586.0,13175.0,13514.0,14319.0,14533.0,14884.0,14752.0,14711.0,14581.0,14444.0,14366.0,14424.0,13952.0,13658.0,13562.0,13527.0,12982.0,12862.0,12886,12992.0,13019.0,13150.0,13140.0,13363.0,13444.0,13416.0,13011.0,12823.0,12561.0,12368.0,12356.0,12236.0,11727.0,11317.0,11134.0,10908.0,11525.0,10591.0,10969.0,10750.0,10677.0,10710.0,10500.0,10356.0,10149.0,10056.0,9954.0,9971.0,9745.0,9680.0,9761.0,9549.0,9605.0,9505.0,9371.0,9239,9124.0,9030.0,8899.0,8933.0,8765,8640.0
K,94,4694.0,4903.0,4923.0,5102.0,5135.0,5111.0,5507.0,5608.0,5765.0,6281.0,6791.0,7279.0,7614.0,8171.0,8533.0,8698.0,9046.0,9478.0,9889.0,10120.0,10717.0,10918.0,11134.0,11058.0,10942.0,10947.0,10826.0,10808.0,10826.0,10488.0,10259.0,10145.0,10199.0,9735.0,9700,9674.0,9820.0,9802.0,9881.0,9878.0,10055.0,10115.0,10134.0,9831.0,9664.0,9494.0,9265.0,9248.0,9196.0,8820.0,8478.0,8328.0,8182.0,8613.0,7952.0,8278.0,8141.0,8048.0,8056.0,7864.0,7786.0,7627.0,7495.0,7497.0,7488.0,7345.0,7280.0,7374.0,7179.0,7203.0,7087.0,6989,6869.0,6844.0,6830.0,6729.0,6750,6621.0
K,95,3307.0,3545.0,3655.0,3671.0,3831.0,3863.0,3850.0,4145.0,4212.0,4301.0,4753.0,5124.0,5496.0,5722.0,6166.0,6370.0,6475.0,6729.0,7141.0,7442.0,7594.0,8040.0,8168.0,8299.0,8303.0,8223.0,8227.0,8165.0,8159.0,8131.0,7786.0,7671.0,7533.0,7636.0,7295,7272.0,7184.0,7317.0,7238.0,7360.0,7325.0,7491.0,7595.0,7543.0,7404.0,7226.0,7179.0,6950.0,7030.0,6951.0,6672.0,6377.0,6190.0,6172.0,6366.0,5964.0,6194.0,6088.0,5982.0,6002.0,5952.0,5860.0,5680.0,5639.0,5672.0,5624.0,5488.0,5400.0,5509.0,5352.0,5398.0,5330,5223.0,5190.0,5200.0,5092.0,5056,5128.0
K,96,2400.0,2494.0,2663.0,2718.0,2756.0,2872.0,2917.0,2871.0,3068.0,3171.0,3194.0,3582.0,3789.0,4069.0,4236.0,4628.0,4770.0,4792.0,5028.0,5325.0,5586.0,5765.0,6059.0,6101.0,6243.0,6256.0,6186.0,6144.0,6087.0,6152.0,6121.0,5849.0,5778.0,5691.0,5767,5533.0,5445.0,5363.0,5484.0,5434.0,5474.0,5519.0,5635.0,5678.0,5706.0,5523.0,5386.0,5427.0,5226.0,5315.0,5285.0,5013.0,4746.0,4653.0,4612.0,4844.0,4516.0,4634.0,4550.0,4456.0,4440.0,4425.0,4331.0,4196.0,4180.0,4151.0,4213.0,4097.0,4031.0,4088.0,4018.0,4001,3998.0,3853.0,3875.0,3896.0,3812,3783.0
K,97,1830.0,1828.0,1908.0,2005.0,2058.0,2059.0,2138.0,2188.0,2173.0,2302.0,2360.0,2359.0,2628.0,2812.0,3026.0,3177.0,3405.0,3531.0,3585.0,3703.0,3998.0,4215.0,4325.0,4590.0,4617.0,4673.0,4712.0,4652.0,4614.0,4551.0,4622.0,4517.0,4377.0,4319.0,4289,4324.0,4171.0,4050.0,3995.0,4116.0,4111.0,4146.0,4198.0,4188.0,4214.0,4260.0,4141.0,3977.0,4018.0,3915.0,3951.0,3925.0,3777.0,3489.0,3472.0,3411.0,3644.0,3402.0,3509.0,3404.0,3342.0,3358.0,3356.0,3270.0,3167.0,3190.0,3181.0,3205.0,3127.0,3056.0,3118.0,3080,3016.0,2993.0,2905.0,2917.0,2935,2870.0
K,98,1292.0,1396.0,1384.0,1420.0,1519.0,1577.0,1538.0,1598.0,1641.0,1622.0,1758.0,1795.0,1765.0,1942.0,2071.0,2236.0,2354.0,2570.0,2609.0,2671.0,2804.0,2960.0,3117.0,3209.0,3413.0,3419.0,3519.0,3502.0,3468.0,3413.0,3377.0,3453.0,3336.0,3243.0,3229,3195.0,3237.0,3106.0,2982.0,2936.0,3087.0,3061.0,3116.0,3113.0,3172.0,3095.0,3152.0,3078.0,2945.0,2937.0,2827.0,2921.0,2939.0,2807.0,2600.0,2603.0,2576.0,2728.0,2556.0,2624.0,2565.0,2522.0,2558.0,2531.0,2444.0,2383.0,2388.0,2399.0,2421.0,2370.0,2299.0,2379,2324.0,2263.0,2252.0,2175.0,2210,2234.0
K,99,883.0,980.0,1034.0,1026.0,1077.0,1122.0,1182.0,1174.0,1170.0,1238.0,1214.0,1307.0,1333.0,1325.0,1465.0,1543.0,1656.0,1746.0,1933.0,1930.0,1999.0,2074.0,2247.0,2337.0,2423.0,2541.0,2582.0,2629.0,2678.0,2638.0,2520.0,2533.0,2565.0,2502.0,2444,2417.0,2391.0,2449.0,2311.0,2264.0,2196.0,2319.0,2269.0,2326.0,2341.0,2386.0,2275.0,2387.0,2258.0,2220.0,2222.0,2127.0,2220.0,2181.0,2119.0,1920.0,1942.0,1957.0,2078.0,1904.0,1983.0,1940.0,1906.0,1945.0,1926.0,1830.0,1802.0,1833.0,1797.0,1813.0,1771.0,1703,1812.0,1772.0,1724.0,1708.0,1666,1704.0
K,100,665.0,662.0,751.0,798.0,782.0,787.0,866.0,865.0,881.0,874.0,930.0,903.0,984.0,979.0,1006.0,1073.0,1172.0,1235.0,1297.0,1477.0,1427.0,1479.0,1529.0,1708.0,1747.0,1813.0,1872.0,1893.0,1962.0,1987.0,1988.0,1866.0,1899.0,1927.0,1860,1820.0,1827.0,1805.0,1838.0,1709.0,1697.0,1659.0,1724.0,1700.0,1707.0,1719.0,1753.0,1708.0,1798.0,1681.0,1625.0,1673.0,1607.0,1636.0,1673.0,1587.0,1448.0,1467.0,1460.0,1577.0,1431.0,1502.0,1504.0,1482.0,1500.0,1455.0,1399.0,1406.0,1377.0,1365.0,1346.0,1349,1285.0,1384.0,1360.0,1284.0,1271,1230.0
K,101,236.0,239.0,254.0,290.0,298.0,285.0,297.0,329.0,329.0,345.0,338.0,361.0,350.0,364.0,364.0,383.0,388.0,425.0,453.0,473.0,557.0,533.0,532.0,547.0,623.0,642.0,672.0,651.0,685.0,692.0,732.0,733.0,676.0,697.0,680,669.0,674.0,670.0,674.0,673.0,616.0,617.0,613.0,626.0,626.0,618.0,635.0,622.0,622.0,649.0,633.0,603.0,612.0,586.0,587.0,632.0,573.0,535.0,522.0,538.0,580.0,505.0,567.0,589.0,558.0,566.0,542.0,519.0,526.0,497.0,479.0,507,507.0,512.0,535.0,549.0,496,511.0
K,102,92.0,90.0,91.0,92.0,109.0,98.0,109.0,109.0,123.0,117.0,124.0,115.0,117.0,129.0,138.0,144.0,160.0,159.0,173.0,180.0,162.0,206.0,199.0,188.0,219.0,239.0,258.0,260.0,249.0,291.0,269.0,272.0,291.0,268.0,291,260.0,263.0,272.0,256.0,287.0,264.0,244.0,250.0,257.0,267.0,278.0,251.0,250.0,258.0,256.0,259.0,263.0,241.0,233.0,229.0,230.0,258.0,210.0,201.0,200.0,213.0,210.0,183.0,209.0,220.0,212.0,203.0,191.0,187.0,194.0,195.0,180,183.0,185.0,191.0,198.0,207,181.0
K,103,34.0,35.0,41.0,43.0,41.0,41.0,39.0,53.0,50.0,47.0,43.0,40.0,42.0,39.0,54.0,52.0,58.0,64.0,62.0,68.0,69.0,65.0,79.0,83.0,74.0,83.0,83.0,84.0,86.0,93.0,102.0,96.0,102.0,107.0,94,112.0,94.0,100.0,98.0,94.0,110.0,90.0,86.0,87.0,93.0,104.0,121.0,96.0,91.0,97.0,98.0,104.0,98.0,93.0,92.0,88.0,93.0,105.0,78.0,80.0,92.0,86.0,90.0,72.0,75.0,81.0,83.0,70.0,60.0,64.0,66.0,65,60.0,56.0,60.0,67.0,73,71.0
K,104,13.0,14.0,12.0,15.0,19.0,19.0,14.0,10.0,22.0,22.0,25.0,15.0,15.0,17.0,18.0,16.0,21.0,24.0,24.0,27.0,29.0,23.0,28.0,29.0,23.0,27.0,32.0,36.0,31.0,30.0,37.0,51.0,36.0,35.0,39,32.0,46.0,31.0,36.0,36.0,39.0,41.0,39.0,28.0,28.0,34.0,41.0,51.0,38.0,37.0,39.0,26.0,45.0,43.0,39.0,30.0,28.0,39.0,45.0,32.0,27.0,31.0,27.0,32.0,22.0,29.0,30.0,29.0,21.0,25.0,25.0,25,20.0,22.0,20.0,22.0,26,30.0
K,105,5.0,7.0,10.0,6.0,8.0,9.0,8.0,7.0,2.0,12.0,8.0,13.0,7.0,8.0,7.0,5.0,3.0,6.0,5.0,11.0,13.0,13.0,9.0,11.0,10.0,8.0,5.0,13.0,15.0,17.0,7.0,10.0,21.0,16.0,12,16.0,17.0,18.0,10.0,11.0,18.0,17.0,16.0,15.0,9.0,12.0,11.0,17.0,23.0,17.0,16.0,16.0,6.0,10.0,23.0,19.0,16.0,12.0,16.0,17.0,16.0,9.0,12.0,12.0,15.0,4.0,10.0,11.0,12.0,11.0,9.0,11,15.0,8.0,9.0,7.0,6,11.0
K,106,2.0,2.0,4.0,6.0,2.0,4.0,4.0,3.0,1.0,,6.0,1.0,5.0,1.0,4.0,3.0,1.0,2.0,2.0,1.0,5.0,6.0,6.0,5.0,3.0,2.0,2.0,3.0,4.0,5.0,7.0,5.0,5.0,8.0,9,5.0,6.0,7.0,9.0,7.0,2.0,3.0,5.0,5.0,7.0,4.0,5.0,5.0,4.0,7.0,4.0,7.0,4.0,2.0,4.0,7.0,9.0,3.0,5.0,6.0,6.0,8.0,5.0,3.0,5.0,6.0,2.0,4.0,2.0,3.0,6.0,3,6.0,4.0,3.0,3.0,2,3.0
K,107,2.0,,,2.0,3.0,,2.0,3.0,2.0,,,2.0,,3.0,1.0,1.0,,,1.0,,1.0,3.0,3.0,2.0,2.0,1.0,,1.0,1.0,2.0,3.0,2.0,3.0,2.0,4,4.0,2.0,2.0,2.0,5.0,1.0,1.0,,1.0,1.0,2.0,1.0,2.0,2.0,1.0,1.0,,4.0,1.0,,2.0,4.0,2.0,1.0,2.0,,2.0,4.0,2.0,1.0,2.0,2.0,1.0,2.0,1.0,1.0,3,3.0,4.0,1.0,1.0,2,
K,108,1.0,,,,,2.0,,1.0,1.0,1.0,,,2.0,,1.0,1.0,,,,,,,2.0,,1.0,1.0,1.0,,,1.0,,1.0,1.0,2.0,1,3.0,3.0,1.0,,,4.0,,,,,,,1.0,1.0,1.0,,1.0,,1.0,1.0,,1.0,1.0,,1.0,,,2.0,2.0,2.0,,1.0,,1.0,2.0,1.0,1,3.0,2.0,3.0,1.0,1,1.0
K,109,,,,,,,,,1.0,,,,,,,,,,,,,,,1.0,,,1.0,,,,1.0,,1.0,,2,,,,,,,1.0,,,,,,,,1.0,,,1.0,,,,,,1.0,,,,,1.0,1.0,1.0,,1.0,,1.0,1.0,1,1.0,3.0,1.0,2.0,1,1.0
M,0,21376.0,29694.0,29331.0,28995.0,28858.0,28609.0,28248.0,27894.0,27583.0,27591.0,27303.0,27129.0,26713.0,26450.0,25974.0,25540.0,25528.0,25042.0,24828.0,24562.0,24473.0,24085.0,24081.0,23972.0,23909.0,23798.0,23831.0,24077.0,24207.0,24917.0,25170.0,25368.0,26056.0,26490.0,27066,27126.0,27520.0,27801.0,27807.0,27551.0,27621.0,27804.0,27284.0,27347.0,26888.0,26616.0,26452.0,25986.0,25978.0,25651.0,25437.0,25524.0,25255.0,24925.0,25121.0,24873.0,25098.0,25262.0,25281.0,25613.0,25727.0,25955.0,26251.0,26626.0,26856.0,27135.0,27231.0,27385.0,27673.0,27758.0,27711.0,27541,27752.0,27647.0,27476.0,27421.0,27201,26939.0
M,1,21410.0,21376.0,29694.0,29331.0,28995.0,28858.0,28609.0,28248.0,27894.0,27583.0,27590.0,27303.0,27128.0,26713.0,26450.0,25974.0,25540.0,25528.0,25042.0,24828.0,24562.0,24473.0,24085.0,24081.0,23972.0,23909.0,23798.0,23831.0,24077.0,24207.0,24917.0,25170.0,25368.0,26056.0,26490,27066.0,27126.0,27520.0,27801.0,27807.0,27551.0,27621.0,27804.0,27284.0,27347.0,26888.0,26616.0,26452.0,25986.0,25978.0,25651.0,25437.0,25524.0,25255.0,24925.0,25121.0,24873.0,25098.0,25262.0,25281.0,25613.0,25727.0,25955.0,26251.0,26626.0,26856.0,27135.0,27231.0,27385.0,27673.0,27758.0,27711,27541.0,27752.0,27647.0,27476.0,27421,27201.0
M,2,21514.0,21410.0,21376.0,29694.0,29331.0,28995.0,28858.0,28609.0,28248.0,27894.0,27583.0,27590.0,27303.0,27128.0,26713.0,26450.0,25974.0,25540.0,25528.0,25042.0,24828.0,24562.0,24473.0,24085.0,24081.0,23972.0,23909.0,23798.0,23831.0,24077.0,24207.0,24917.0,25170.0,25368.0,26056,26490.0,27066.0,27126.0,27520.0,27801.0,27807.0,27551.0,27621.0,27804.0,27284.0,27347.0,26888.0,26616.0,26452.0,25986.0,25978.0,25651.0,25437.0,25524.0,25255.0,24925.0,25121.0,24873.0,25098.0,25262.0,25281.0,25613.0,25727.0,25955.0,26251.0,26626.0,26855.0,27135.0,27231.0,27385.0,27673.0,27758,27711.0,27541.0,27752.0,27647.0,27476,27421.0
M,3,21780.0,21514.0,21410.0,21376.0,29694.0,29331.0,28995.0,28858.0,28609.0,28248.0,27894.0,27583.0,27590.0,27303.0,27128.0,26713.0,26450.0,25974.0,25540.0,25528.0,25042.0,24828.0,24562.0,24473.0,24084.0,24081.0,23972.0,23909.0,23798.0,23831.0,24077.0,24207.0,24917.0,25170.0,25368,26056.0,26490.0,27066.0,27126.0,27520.0,27801.0,27807.0,27551.0,27621.0,27804.0,27284.0,27347.0,26888.0,26616.0,26452.0,25986.0,25978.0,25651.0,25437.0,25524.0,25254.0,24925.0,25121.0,24873.0,25098.0,25262.0,25281.0,25613.0,25727.0,25955.0,26251.0,26626.0,26854.0,27135.0,27231.0,27385.0,27673,27758.0,27711.0,27541.0,27752.0,27647,27476.0
M,4,22118.0,21780.0,21513.0,21410.0,21376.0,29694.0,29331.0,28995.0,28858.0,28609.0,28248.0,27894.0,27583.0,27590.0,27303.0,27128.0,26713.0,26450.0,25974.0,25540.0,25528.0,25042.0,24828.0,24562.0,24473.0,24084.0,24081.0,23972.0,23909.0,23798.0,23831.0,24077.0,24207.0,24917.0,25170,25368.0,26056.0,26490.0,27066.0,27126.0,27520.0,27801.0,27807.0,27551.0,27621.0,27804.0,27284.0,27347.0,26888.0,26616.0,26452.0,25986.0,25978.0,25651.0,25437.0,25524.0,25254.0,24925.0,25121.0,24873.0,25098.0,25262.0,25281.0,25613.0,25727.0,25955.0,26251.0,26625.0,26854.0,27135.0,27231.0,27384,27673.0,27758.0,27711.0,27541.0,27752,27647.0
M,5,22232.0,22117.0,21780.0,21513.0,21410.0,21376.0,29694.0,29331.0,28995.0,28858.0,28609.0,28248.0,27894.0,27583.0,27590.0,27303.0,27128.0,26713.0,26450.0,25974.0,25540.0,25528.0,25042.0,24828.0,24562.0,24473.0,24084.0,24081.0,23972.0,23908.0,23798.0,23831.0,24077.0,24207.0,24917,25170.0,25368.0,26056.0,26489.0,27066.0,27126.0,27520.0,27801.0,27807.0,27551.0,27621.0,27803.0,27284.0,27347.0,26888.0,26616.0,26452.0,25986.0,25978.0,25651.0,25437.0,25524.0,25254.0,24925.0,25121.0,24873.0,25098.0,25262.0,25281.0,25613.0,25727.0,25955.0,26251.0,26625.0,26854.0,27135.0,27231,27384.0,27673.0,27758.0,27711.0,27541,27752.0
M,6,22506.0,22232.0,22117.0,21779.0,21513.0,21410.0,21376.0,29694.0,29331.0,28995.0,28858.0,28609.0,28248.0,27893.0,27583.0,27590.0,27303.0,27128.0,26713.0,26450.0,25974.0,25540.0,25528.0,25042.0,24828.0,24562.0,24473.0,24084.0,24081.0,23972.0,23908.0,23798.0,23831.0,24077.0,24207,24917.0,25170.0,25368.0,26056.0,26489.0,27066.0,27126.0,27520.0,27801.0,27807.0,27551.0,27621.0,27803.0,27284.0,27347.0,26888.0,26616.0,26452.0,25986.0,25978.0,25651.0,25437.0,25524.0,25254.0,24925.0,25121.0,24873.0,25098.0,25262.0,25281.0,25613.0,25727.0,25955.0,26251.0,26625.0,26854.0,27135,27231.0,27384.0,27673.0,27758.0,27711,27541.0
M,7,22594.0,22506.0,22232.0,22117.0,21779.0,21513.0,21410.0,21376.0,29694.0,29331.0,28995.0,28858.0,28608.0,28248.0,27893.0,27583.0,27589.0,27302.0,27128.0,26713.0,26449.0,25974.0,25540.0,25528.0,25042.0,24827.0,24562.0,24473.0,24084.0,24081.0,23972.0,23908.0,23798.0,23831.0,24077,24207.0,24917.0,25170.0,25368.0,26056.0,26489.0,27066.0,27126.0,27520.0,27801.0,27807.0,27551.0,27621.0,27803.0,27284.0,27347.0,26888.0,26616.0,26452.0,25986.0,25978.0,25651.0,25437.0,25524.0,25254.0,24925.0,25121.0,24873.0,25097.0,25262.0,25281.0,25613.0,25727.0,25955.0,26251.0,26625.0,26854,27135.0,27231.0,27384.0,27673.0,27758,27711.0
M,8,22995.0,22594.0,22506.0,22232.0,22117.0,21779.0,21513.0,21410.0,21376.0,29694.0,29331.0,28995.0,28858.0,28608.0,28248.0,27893.0,27583.0,27589.0,27302.0,27128.0,26713.0,26449.0,25974.0,25540.0,25528.0,25042.0,24827.0,24562.0,24473.0,24084.0,24081.0,23972.0,23908.0,23798.0,23831,24077.0,24207.0,24917.0,25170.0,25368.0,26056.0,26489.0,27066.0,27126.0,27520.0,27801.0,27807.0,27551.0,27621.0,27803.0,27284.0,27347.0,26888.0,26616.0,26452.0,25986.0,25978.0,25651.0,25437.0,25523.0,25254.0,24925.0,25121.0,24872.0,25097.0,25262.0,25281.0,25613.0,25727.0,25955.0,26250.0,26625,26854.0,27135.0,27231.0,27384.0,27673,27758.0
M,9,23066.0,22995.0,22594.0,22506.0,22232.0,22117.0,21779.0,21513.0,21410.0,21376.0,29694.0,29331.0,28995.0,28858.0,28608.0,28248.0,27893.0,27583.0,27589.0,27302.0,27128.0,26713.0,26449.0,25974.0,25540.0,25528.0,25042.0,24827.0,24562.0,24473.0,24084.0,24081.0,23972.0,23908.0,23798,23831.0,24077.0,24207.0,24917.0,25170.0,25368.0,26056.0,26489.0,27066.0,27126.0,27520.0,27801.0,27807.0,27551.0,27621.0,27803.0,27284.0,27347.0,26888.0,26616.0,26452.0,25986.0,25978.0,25651.0,25437.0,25523.0,25254.0,24925.0,25121.0,24872.0,25097.0,25262.0,25281.0,25612.0,25727.0,25955.0,26250,26625.0,26854.0,27135.0,27231.0,27384,27673.0
M,10,23337.0,23066.0,22995.0,22594.0,22506.0,22232.0,22117.0,21779.0,21513.0,21410.0,21376.0,29694.0,29331.0,28995.0,28858.0,28608.0,28248.0,27893.0,27583.0,27589.0,27302.0,27128.0,26713.0,26449.0,25974.0,25540.0,25528.0,25042.0,24827.0,24562.0,24473.0,24084.0,24081.0,23972.0,23908,23798.0,23831.0,24077.0,24207.0,24917.0,25170.0,25368.0,26056.0,26489.0,27066.0,27126.0,27520.0,27801.0,27807.0,27551.0,27621.0,27803.0,27284.0,27347.0,26888.0,26616.0,26452.0,25986.0,25978.0,25651.0,25437.0,25523.0,25254.0,24925.0,25121.0,24872.0,25097.0,25262.0,25281.0,25612.0,25727.0,25955,26250.0,26625.0,26854.0,27135.0,27231,27384.0
M,11,23728.0,23337.0,23066.0,22995.0,22594.0,22506.0,22232.0,22117.0,21779.0,21513.0,21410.0,21376.0,29694.0,29331.0,28995.0,28858.0,28608.0,28248.0,27893.0,27583.0,27589.0,27302.0,27128.0,26713.0,26449.0,25974.0,25540.0,25528.0,25042.0,24827.0,24562.0,24473.0,24084.0,24081.0,23972,23908.0,23798.0,23831.0,24077.0,24207.0,24917.0,25170.0,25368.0,26056.0,26489.0,27066.0,27126.0,27520.0,27801.0,27807.0,27551.0,27621.0,27803.0,27284.0,27347.0,26888.0,26616.0,26452.0,25986.0,25978.0,25651.0,25437.0,25523.0,25254.0,24925.0,25121.0,24872.0,25097.0,25262.0,25281.0,25611.0,25727,25955.0,26250.0,26625.0,26854.0,27135,27231.0
M,12,24048.0,23728.0,23337.0,23066.0,22995.0,22594.0,22506.0,22232.0,22117.0,21779.0,21513.0,21410.0,21376.0,29694.0,29331.0,28995.0,28858.0,28608.0,28248.0,27893.0,27583.0,27589.0,27302.0,27128.0,26713.0,26449.0,25974.0,25540.0,25528.0,25042.0,24827.0,24562.0,24473.0,24084.0,24081,23972.0,23908.0,23798.0,23831.0,24077.0,24207.0,24917.0,25170.0,25368.0,26056.0,26489.0,27066.0,27126.0,27520.0,27801.0,27807.0,27551.0,27621.0,27803.0,27284.0,27347.0,26888.0,26616.0,26451.0,25986.0,25978.0,25651.0,25437.0,25523.0,25254.0,24925.0,25121.0,24872.0,25097.0,25262.0,25281.0,25611,25727.0,25955.0,26250.0,26625.0,26854,27134.0
M,13,24258.0,24048.0,23728.0,23337.0,23066.0,22995.0,22594.0,22506.0,22232.0,22117.0,21779.0,21513.0,21410.0,21376.0,29694.0,29331.0,28995.0,28858.0,28608.0,28248.0,27893.0,27583.0,27589.0,27302.0,27128.0,26713.0,26449.0,25974.0,25540.0,25528.0,25042.0,24827.0,24562.0,24473.0,24084,24081.0,23972.0,23908.0,23797.0,23831.0,24077.0,24207.0,24917.0,25169.0,25368.0,26056.0,26489.0,27066.0,27126.0,27520.0,27801.0,27807.0,27551.0,27621.0,27803.0,27284.0,27347.0,26887.0,26616.0,26451.0,25986.0,25978.0,25651.0,25437.0,25523.0,25253.0,24925.0,25121.0,24872.0,25097.0,25262.0,25281,25611.0,25727.0,25955.0,26250.0,26625,26853.0
M,14,24796.0,24257.0,24048.0,23728.0,23337.0,23066.0,22995.0,22594.0,22506.0,22232.0,22117.0,21779.0,21513.0,21410.0,21376.0,29694.0,29331.0,28995.0,28858.0,28608.0,28248.0,27893.0,27583.0,27589.0,27302.0,27128.0,26713.0,26449.0,25974.0,25540.0,25528.0,25042.0,24827.0,24562.0,24473,24084.0,24081.0,23972.0,23908.0,23797.0,23831.0,24077.0,24207.0,24917.0,25169.0,25368.0,26056.0,26489.0,27066.0,27126.0,27520.0,27801.0,27807.0,27551.0,27621.0,27803.0,27284.0,27347.0,26887.0,26616.0,26451.0,25986.0,25978.0,25651.0,25437.0,25523.0,25253.0,24925.0,25121.0,24872.0,25097.0,25262,25281.0,25611.0,25727.0,25955.0,26250,26625.0
M,15,25091.0,24796.0,24257.0,24048.0,23728.0,23337.0,23066.0,22995.0,22594.0,22506.0,22232.0,22117.0,21779.0,21513.0,21410.0,21376.0,29694.0,29331.0,28995.0,28858.0,28607.0,28248.0,27893.0,27583.0,27589.0,27302.0,27128.0,26713.0,26449.0,25974.0,25540.0,25527.0,25042.0,24827.0,24562,24473.0,24084.0,24081.0,23972.0,23908.0,23797.0,23831.0,24077.0,24207.0,24917.0,25169.0,25368.0,26056.0,26489.0,27066.0,27126.0,27519.0,27801.0,27807.0,27551.0,27621.0,27803.0,27284.0,27347.0,26887.0,26616.0,26451.0,25986.0,25978.0,25651.0,25437.0,25523.0,25253.0,24925.0,25121.0,24871.0,25097,25262.0,25280.0,25611.0,25727.0,25955,26250.0
M,16,25362.0,25091.0,24796.0,24257.0,24048.0,23728.0,23337.0,23066.0,22995.0,22594.0,22506.0,22232.0,22117.0,21779.0,21513.0,21410.0,21376.0,29694.0,29331.0,28995.0,28858.0,28607.0,28248.0,27893.0,27583.0,27589.0,27302.0,27128.0,26713.0,26449.0,25974.0,25540.0,25527.0,25042.0,24827,24562.0,24473.0,24084.0,24081.0,23972.0,23908.0,23797.0,23831.0,24077.0,24207.0,24917.0,25169.0,25368.0,26056.0,26489.0,27066.0,27126.0,27519.0,27801.0,27807.0,27551.0,27621.0,27803.0,27284.0,27347.0,26887.0,26616.0,26451.0,25986.0,25978.0,25651.0,25437.0,25523.0,25253.0,24925.0,25121.0,24871,25097.0,25262.0,25280.0,25611.0,25727,25955.0
M,17,25522.0,25362.0,25091.0,24796.0,24257.0,24048.0,23728.0,23337.0,23066.0,22995.0,22594.0,22506.0,22232.0,22117.0,21779.0,21513.0,21410.0,21376.0,29694.0,29331.0,28995.0,28858.0,28607.0,28248.0,27893.0,27582.0,27589.0,27302.0,27127.0,26713.0,26449.0,25974.0,25540.0,25527.0,25042,24827.0,24562.0,24473.0,24083.0,24081.0,23972.0,23908.0,23797.0,23831.0,24077.0,24207.0,24917.0,25169.0,25368.0,26056.0,26489.0,27066.0,27126.0,27519.0,27801.0,27807.0,27551.0,27621.0,27803.0,27284.0,27347.0,26887.0,26616.0,26451.0,25986.0,25978.0,25651.0,25437.0,25522.0,25253.0,24925.0,25120,24871.0,25097.0,25262.0,25280.0,25611,25727.0
M,18,25912.0,25522.0,25362.0,25091.0,24796.0,24257.0,24048.0,23728.0,23337.0,23066.0,22995.0,22594.0,22506.0,22232.0,22117.0,21779.0,21513.0,21410.0,21376.0,29694.0,29331.0,28995.0,28858.0,28607.0,28248.0,27893.0,27582.0,27589.0,27302.0,27127.0,26713.0,26449.0,25974.0,25540.0,25527,25042.0,24827.0,24562.0,24473.0,24083.0,24081.0,23972.0,23908.0,23797.0,23831.0,24077.0,24207.0,24917.0,25169.0,25368.0,26056.0,26489.0,27066.0,27125.0,27519.0,27801.0,27807.0,27551.0,27621.0,27803.0,27284.0,27347.0,26887.0,26616.0,26451.0,25986.0,25978.0,25651.0,25437.0,25522.0,25253.0,24925,25120.0,24871.0,25097.0,25262.0,25280,25611.0
M,19,26241.0,25912.0,25522.0,25362.0,25091.0,24796.0,24257.0,24048.0,23728.0,23337.0,23066.0,22995.0,22594.0,22506.0,22232.0,22117.0,21779.0,21513.0,21410.0,21376.0,29694.0,29331.0,28995.0,28858.0,28607.0,28248.0,27893.0,27582.0,27589.0,27302.0,27127.0,26713.0,26449.0,25974.0,25540,25527.0,25042.0,24827.0,24562.0,24473.0,24083.0,24081.0,23972.0,23908.0,23797.0,23831.0,24077.0,24207.0,24917.0,25169.0,25368.0,26056.0,26489.0,27066.0,27125.0,27519.0,27801.0,27807.0,27551.0,27621.0,27803.0,27284.0,27347.0,26887.0,26616.0,26451.0,25986.0,25978.0,25651.0,25437.0,25522.0,25253,24925.0,25120.0,24871.0,25097.0,25262,25280.0
M,20,26473.0,26241.0,25912.0,25522.0,25362.0,25091.0,24796.0,24256.0,24048.0,23728.0,23337.0,23066.0,22995.0,22594.0,22506.0,22232.0,22117.0,21779.0,21513.0,21410.0,21376.0,29694.0,29331.0,28995.0,28858.0,28607.0,28248.0,27893.0,27582.0,27589.0,27302.0,27127.0,26713.0,26449.0,25974,25540.0,25527.0,25042.0,24827.0,24562.0,24473.0,24083.0,24081.0,23972.0,23908.0,23797.0,23831.0,24077.0,24207.0,24917.0,25169.0,25367.0,26056.0,26489.0,27066.0,27125.0,27519.0,27801.0,27807.0,27551.0,27621.0,27803.0,27284.0,27347.0,26887.0,26616.0,26451.0,25986.0,25978.0,25651.0,25437.0,25522,25253.0,24925.0,25120.0,24871.0,25096,25262.0
M,21,26888.0,26473.0,26241.0,25912.0,25522.0,25362.0,25091.0,24796.0,24256.0,24048.0,23728.0,23337.0,23066.0,22995.0,22594.0,22506.0,22232.0,22117.0,21779.0,21512.0,21410.0,21376.0,29694.0,29331.0,28995.0,28858.0,28607.0,28248.0,27893.0,27582.0,27589.0,27302.0,27127.0,26713.0,26449,25974.0,25540.0,25527.0,25042.0,24827.0,24562.0,24473.0,24083.0,24081.0,23972.0,23908.0,23797.0,23831.0,24077.0,24207.0,24917.0,25168.0,25367.0,26056.0,26489.0,27066.0,27125.0,27519.0,27801.0,27807.0,27551.0,27620.0,27803.0,27284.0,27347.0,26887.0,26616.0,26451.0,25986.0,25978.0,25651.0,25436,25522.0,25253.0,24925.0,25120.0,24871,25096.0
M,22,26792.0,26888.0,26472.0,26241.0,25912.0,25522.0,25362.0,25091.0,24796.0,24256.0,24048.0,23728.0,23337.0,23066.0,22995.0,22594.0,22506.0,22232.0,22117.0,21779.0,21512.0,21410.0,21376.0,29694.0,29331.0,28995.0,28858.0,28607.0,28248.0,27893.0,27582.0,27589.0,27301.0,27127.0,26713,26449.0,25974.0,25540.0,25527.0,25042.0,24826.0,24562.0,24472.0,24083.0,24081.0,23972.0,23908.0,23797.0,23831.0,24077.0,24207.0,24917.0,25168.0,25367.0,26056.0,26489.0,27066.0,27125.0,27519.0,27801.0,27807.0,27551.0,27620.0,27803.0,27284.0,27347.0,26887.0,26616.0,26451.0,25986.0,25978.0,25651,25436.0,25522.0,25253.0,24925.0,25120,24871.0
M,23,26974.0,26792.0,26888.0,26472.0,26241.0,25912.0,25522.0,25362.0,25091.0,24796.0,24256.0,24048.0,23728.0,23337.0,23066.0,22995.0,22594.0,22506.0,22232.0,22117.0,21779.0,21512.0,21410.0,21375.0,29694.0,29331.0,28995.0,28858.0,28607.0,28248.0,27892.0,27582.0,27588.0,27301.0,27127,26713.0,26449.0,25974.0,25540.0,25527.0,25042.0,24826.0,24562.0,24472.0,24083.0,24081.0,23971.0,23908.0,23797.0,23831.0,24077.0,24207.0,24917.0,25168.0,25367.0,26056.0,26489.0,27066.0,27125.0,27519.0,27801.0,27806.0,27551.0,27620.0,27803.0,27284.0,27347.0,26887.0,26616.0,26451.0,25986.0,25978,25651.0,25436.0,25522.0,25253.0,24925,25120.0
M,24,27139.0,26974.0,26791.0,26888.0,26472.0,26241.0,25912.0,25522.0,25362.0,25091.0,24796.0,24255.0,24048.0,23728.0,23337.0,23066.0,22995.0,22594.0,22506.0,22232.0,22117.0,21779.0,21512.0,21410.0,21375.0,29694.0,29331.0,28995.0,28858.0,28607.0,28247.0,27892.0,27582.0,27588.0,27301,27127.0,26713.0,26449.0,25974.0,25540.0,25527.0,25042.0,24826.0,24562.0,24472.0,24083.0,24081.0,23971.0,23908.0,23797.0,23831.0,24077.0,24207.0,24917.0,25168.0,25367.0,26056.0,26489.0,27066.0,27125.0,27518.0,27801.0,27806.0,27551.0,27620.0,27803.0,27283.0,27347.0,26887.0,26616.0,26451.0,25986,25978.0,25651.0,25436.0,25522.0,25253,24925.0
M,25,27130.0,27139.0,26974.0,26791.0,26888.0,26472.0,26241.0,25912.0,25522.0,25362.0,25091.0,24796.0,24255.0,24048.0,23728.0,23337.0,23066.0,22995.0,22594.0,22506.0,22232.0,22117.0,21779.0,21512.0,21410.0,21375.0,29694.0,29331.0,28995.0,28857.0,28607.0,28247.0,27892.0,27582.0,27588,27301.0,27127.0,26713.0,26449.0,25974.0,25540.0,25527.0,25042.0,24826.0,24562.0,24472.0,24083.0,24081.0,23971.0,23908.0,23797.0,23831.0,24077.0,24207.0,24917.0,25168.0,25367.0,26056.0,26489.0,27066.0,27125.0,27518.0,27801.0,27806.0,27551.0,27620.0,27803.0,27283.0,27347.0,26887.0,26616.0,26451,25986.0,25978.0,25650.0,25436.0,25522,25253.0
M,26,27410.0,27130.0,27139.0,26974.0,26791.0,26887.0,26472.0,26241.0,25912.0,25522.0,25362.0,25091.0,24796.0,24255.0,24047.0,23728.0,23337.0,23066.0,22995.0,22594.0,22506.0,22232.0,22117.0,21779.0,21512.0,21410.0,21375.0,29694.0,29331.0,28995.0,28857.0,28607.0,28247.0,27892.0,27582,27588.0,27301.0,27127.0,26713.0,26449.0,25974.0,25540.0,25527.0,25042.0,24826.0,24562.0,24472.0,24083.0,24081.0,23971.0,23908.0,23797.0,23831.0,24077.0,24207.0,24917.0,25168.0,25367.0,26056.0,26489.0,27066.0,27124.0,27518.0,27800.0,27806.0,27551.0,27620.0,27803.0,27283.0,27347.0,26887.0,26616,26451.0,25986.0,25978.0,25649.0,25436,25522.0
M,27,27652.0,27410.0,27130.0,27139.0,26974.0,26791.0,26887.0,26472.0,26240.0,25912.0,25522.0,25362.0,25091.0,24796.0,24255.0,24047.0,23727.0,23337.0,23066.0,22995.0,22594.0,22506.0,22232.0,22117.0,21779.0,21512.0,21410.0,21375.0,29694.0,29331.0,28995.0,28857.0,28607.0,28247.0,27892,27582.0,27588.0,27300.0,27127.0,26713.0,26449.0,25974.0,25540.0,25527.0,25042.0,24826.0,24562.0,24472.0,24083.0,24081.0,23971.0,23908.0,23797.0,23831.0,24077.0,24207.0,24917.0,25168.0,25367.0,26056.0,26489.0,27065.0,27124.0,27518.0,27800.0,27806.0,27551.0,27620.0,27803.0,27282.0,27347.0,26887,26615.0,26450.0,25986.0,25978.0,25648,25436.0
M,28,27742.0,27652.0,27410.0,27130.0,27139.0,26974.0,26791.0,26887.0,26472.0,26240.0,25912.0,25522.0,25362.0,25091.0,24796.0,24255.0,24047.0,23727.0,23337.0,23066.0,22995.0,22594.0,22506.0,22232.0,22117.0,21779.0,21512.0,21410.0,21375.0,29694.0,29331.0,28995.0,28857.0,28607.0,28247,27892.0,27582.0,27588.0,27300.0,27127.0,26713.0,26448.0,25974.0,25540.0,25527.0,25042.0,24826.0,24562.0,24472.0,24083.0,24081.0,23971.0,23908.0,23797.0,23831.0,24077.0,24207.0,24917.0,25168.0,25367.0,26056.0,26489.0,27065.0,27124.0,27518.0,27800.0,27806.0,27551.0,27620.0,27803.0,27282.0,27347,26887.0,26614.0,26450.0,25986.0,25978,25648.0
M,29,28030.0,27741.0,27652.0,27410.0,27130.0,27139.0,26974.0,26791.0,26887.0,26472.0,26240.0,25912.0,25522.0,25362.0,25091.0,24796.0,24255.0,24047.0,23727.0,23337.0,23066.0,22995.0,22594.0,22506.0,22232.0,22117.0,21779.0,21512.0,21410.0,21375.0,29694.0,29331.0,28995.0,28857.0,28607,28247.0,27892.0,27582.0,27588.0,27300.0,27127.0,26713.0,26448.0,25974.0,25540.0,25527.0,25042.0,24826.0,24561.0,24472.0,24083.0,24081.0,23971.0,23908.0,23797.0,23831.0,24077.0,24206.0,24917.0,25168.0,25367.0,26055.0,26489.0,27065.0,27124.0,27518.0,27800.0,27806.0,27551.0,27620.0,27803.0,27281,27347.0,26887.0,26614.0,26450.0,25986,25978.0
M,30,28050.0,28030.0,27740.0,27652.0,27410.0,27130.0,27138.0,26974.0,26791.0,26887.0,26472.0,26240.0,25912.0,25522.0,25362.0,25091.0,24796.0,24255.0,24047.0,23727.0,23336.0,23066.0,22995.0,22594.0,22506.0,22232.0,22117.0,21779.0,21512.0,21410.0,21375.0,29694.0,29331.0,28995.0,28856,28607.0,28247.0,27892.0,27582.0,27588.0,27299.0,27127.0,26713.0,26448.0,25974.0,25540.0,25527.0,25042.0,24826.0,24561.0,24472.0,24083.0,24081.0,23971.0,23908.0,23797.0,23831.0,24077.0,24206.0,24917.0,25168.0,25367.0,26055.0,26489.0,27065.0,27124.0,27517.0,27800.0,27806.0,27551.0,27620.0,27803,27281.0,27347.0,26887.0,26614.0,26450,25986.0
M,31,28363.0,28050.0,28030.0,27740.0,27652.0,27410.0,27130.0,27138.0,26974.0,26791.0,26887.0,26472.0,26240.0,25912.0,25522.0,25362.0,25091.0,24796.0,24255.0,24047.0,23727.0,23336.0,23066.0,22995.0,22594.0,22506.0,22232.0,22117.0,21779.0,21512.0,21410.0,21375.0,29694.0,29331.0,28995,28856.0,28607.0,28247.0,27892.0,27582.0,27588.0,27299.0,27127.0,26712.0,26448.0,25974.0,25540.0,25527.0,25042.0,24826.0,24561.0,24472.0,24083.0,24081.0,23971.0,23908.0,23797.0,23831.0,24077.0,24206.0,24917.0,25168.0,25367.0,26055.0,26489.0,27065.0,27124.0,27517.0,27800.0,27806.0,27550.0,27620,27803.0,27281.0,27347.0,26887.0,26614,26450.0
M,32,28790.0,28363.0,28050.0,28029.0,27740.0,27652.0,27410.0,27130.0,27138.0,26974.0,26791.0,26887.0,26472.0,26240.0,25912.0,25522.0,25362.0,25091.0,24796.0,24255.0,24047.0,23727.0,23336.0,23066.0,22995.0,22594.0,22506.0,22232.0,22117.0,21779.0,21511.0,21410.0,21375.0,29694.0,29331,28995.0,28856.0,28606.0,28247.0,27892.0,27582.0,27588.0,27299.0,27127.0,26712.0,26448.0,25974.0,25539.0,25527.0,25042.0,24826.0,24561.0,24472.0,24083.0,24080.0,23971.0,23908.0,23797.0,23830.0,24076.0,24206.0,24917.0,25168.0,25367.0,26055.0,26489.0,27064.0,27123.0,27515.0,27800.0,27806.0,27550,27620.0,27803.0,27281.0,27347.0,26887,26614.0
M,33,29148.0,28790.0,28363.0,28050.0,28029.0,27740.0,27651.0,27410.0,27129.0,27138.0,26974.0,26791.0,26887.0,26472.0,26240.0,25912.0,25522.0,25362.0,25091.0,24795.0,24255.0,24047.0,23727.0,23336.0,23066.0,22994.0,22594.0,22506.0,22232.0,22117.0,21779.0,21511.0,21410.0,21375.0,29694,29331.0,28994.0,28856.0,28606.0,28247.0,27892.0,27582.0,27588.0,27299.0,27127.0,26712.0,26448.0,25974.0,25539.0,25526.0,25042.0,24826.0,24561.0,24472.0,24083.0,24080.0,23971.0,23908.0,23797.0,23830.0,24076.0,24206.0,24917.0,25168.0,25367.0,26055.0,26489.0,27063.0,27123.0,27515.0,27800.0,27806,27550.0,27620.0,27802.0,27280.0,27347,26887.0
M,34,29444.0,29148.0,28790.0,28363.0,28050.0,28029.0,27740.0,27651.0,27409.0,27129.0,27138.0,26974.0,26791.0,26887.0,26472.0,26239.0,25912.0,25522.0,25362.0,25091.0,24795.0,24255.0,24047.0,23727.0,23336.0,23066.0,22994.0,22594.0,22506.0,22232.0,22117.0,21779.0,21511.0,21410.0,21375,29694.0,29331.0,28994.0,28856.0,28606.0,28247.0,27892.0,27582.0,27588.0,27299.0,27127.0,26712.0,26447.0,25974.0,25538.0,25526.0,25042.0,24826.0,24561.0,24471.0,24083.0,24080.0,23971.0,23908.0,23797.0,23830.0,24076.0,24206.0,24917.0,25168.0,25367.0,26055.0,26489.0,27063.0,27123.0,27515.0,27800,27806.0,27550.0,27620.0,27802.0,27280,27347.0
M,35,29652.0,29444.0,29148.0,28790.0,28363.0,28050.0,28029.0,27740.0,27651.0,27409.0,27129.0,27138.0,26974.0,26791.0,26887.0,26472.0,26239.0,25912.0,25522.0,25362.0,25091.0,24795.0,24255.0,24047.0,23727.0,23336.0,23066.0,22994.0,22594.0,22506.0,22232.0,22117.0,21779.0,21511.0,21410,21375.0,29694.0,29331.0,28994.0,28856.0,28606.0,28247.0,27892.0,27582.0,27588.0,27299.0,27126.0,26712.0,26447.0,25974.0,25537.0,25526.0,25042.0,24826.0,24561.0,24471.0,24083.0,24080.0,23971.0,23908.0,23797.0,23830.0,24076.0,24206.0,24917.0,25168.0,25367.0,26055.0,26489.0,27063.0,27123.0,27515,27799.0,27806.0,27550.0,27620.0,27802,27280.0
M,36,29892.0,29652.0,29444.0,29148.0,28790.0,28363.0,28050.0,28029.0,27740.0,27650.0,27409.0,27129.0,27138.0,26974.0,26791.0,26887.0,26472.0,26238.0,25911.0,25522.0,25362.0,25091.0,24795.0,24255.0,24047.0,23727.0,23336.0,23065.0,22994.0,22594.0,22506.0,22231.0,22117.0,21779.0,21511,21409.0,21375.0,29694.0,29331.0,28994.0,28855.0,28605.0,28247.0,27892.0,27582.0,27588.0,27299.0,27126.0,26712.0,26447.0,25974.0,25537.0,25526.0,25042.0,24826.0,24561.0,24471.0,24083.0,24080.0,23971.0,23908.0,23797.0,23830.0,24076.0,24206.0,24917.0,25168.0,25367.0,26055.0,26489.0,27063.0,27122,27515.0,27799.0,27806.0,27550.0,27620,27802.0
M,37,30317.0,29892.0,29652.0,29444.0,29148.0,28790.0,28363.0,28050.0,28029.0,27740.0,27650.0,27408.0,27129.0,27138.0,26974.0,26791.0,26887.0,26472.0,26238.0,25911.0,25522.0,25362.0,25090.0,24795.0,24255.0,24047.0,23727.0,23336.0,23065.0,22994.0,22594.0,22506.0,22231.0,22117.0,21779,21511.0,21409.0,21375.0,29694.0,29331.0,28994.0,28855.0,28605.0,28247.0,27891.0,27582.0,27588.0,27299.0,27126.0,26712.0,26447.0,25974.0,25537.0,25526.0,25042.0,24826.0,24560.0,24471.0,24083.0,24079.0,23971.0,23908.0,23797.0,23830.0,24076.0,24206.0,24917.0,25168.0,25367.0,26055.0,26489.0,27063,27122.0,27515.0,27799.0,27806.0,27549,27620.0
M,38,30580.0,30317.0,29892.0,29652.0,29443.0,29148.0,28790.0,28363.0,28049.0,28029.0,27740.0,27650.0,27408.0,27128.0,27138.0,26974.0,26791.0,26887.0,26472.0,26238.0,25911.0,25522.0,25362.0,25090.0,24795.0,24255.0,24047.0,23727.0,23336.0,23065.0,22994.0,22594.0,22506.0,22231.0,22117,21779.0,21511.0,21409.0,21375.0,29694.0,29331.0,28993.0,28855.0,28605.0,28247.0,27891.0,27582.0,27588.0,27299.0,27126.0,26712.0,26447.0,25973.0,25537.0,25525.0,25042.0,24825.0,24560.0,24471.0,24083.0,24079.0,23971.0,23908.0,23797.0,23830.0,24076.0,24205.0,24917.0,25168.0,25367.0,26055.0,26489,27062.0,27121.0,27515.0,27799.0,27806,27549.0
M,39,30820.0,30580.0,30317.0,29892.0,29652.0,29443.0,29148.0,28790.0,28363.0,28049.0,28029.0,27740.0,27650.0,27408.0,27128.0,27138.0,26974.0,26791.0,26887.0,26472.0,26238.0,25911.0,25521.0,25362.0,25090.0,24794.0,24255.0,24047.0,23727.0,23336.0,23065.0,22994.0,22594.0,22506.0,22231,22117.0,21779.0,21511.0,21409.0,21375.0,29694.0,29331.0,28993.0,28855.0,28605.0,28247.0,27891.0,27582.0,27586.0,27299.0,27126.0,26712.0,26446.0,25973.0,25536.0,25525.0,25041.0,24825.0,24560.0,24471.0,24083.0,24079.0,23971.0,23908.0,23797.0,23830.0,24076.0,24204.0,24917.0,25168.0,25367.0,26055,26489.0,27062.0,27121.0,27515.0,27799,27806.0
M,40,30802.0,30820.0,30580.0,30317.0,29892.0,29652.0,29442.0,29148.0,28790.0,28363.0,28049.0,28029.0,27740.0,27650.0,27408.0,27128.0,27138.0,26974.0,26791.0,26887.0,26472.0,26238.0,25910.0,25521.0,25361.0,25089.0,24794.0,24255.0,24047.0,23727.0,23336.0,23065.0,22994.0,22594.0,22506,22231.0,22116.0,21778.0,21511.0,21409.0,21375.0,29694.0,29331.0,28992.0,28853.0,28605.0,28247.0,27891.0,27582.0,27586.0,27299.0,27126.0,26712.0,26446.0,25973.0,25536.0,25524.0,25041.0,24825.0,24560.0,24471.0,24083.0,24079.0,23971.0,23908.0,23796.0,23830.0,24076.0,24204.0,24917.0,25168.0,25367,26055.0,26489.0,27062.0,27121.0,27515,27799.0
M,41,33427.0,30802.0,30820.0,30580.0,30317.0,29892.0,29652.0,29442.0,29148.0,28790.0,28363.0,28049.0,28029.0,27740.0,27650.0,27408.0,27128.0,27138.0,26974.0,26791.0,26887.0,26472.0,26238.0,25910.0,25521.0,25361.0,25087.0,24794.0,24255.0,24047.0,23727.0,23336.0,23065.0,22991.0,22594,22506.0,22231.0,22116.0,21777.0,21510.0,21409.0,21375.0,29694.0,29331.0,28992.0,28853.0,28605.0,28246.0,27891.0,27582.0,27586.0,27299.0,27126.0,26712.0,26446.0,25973.0,25536.0,25524.0,25041.0,24825.0,24560.0,24471.0,24083.0,24078.0,23971.0,23907.0,23795.0,23830.0,24076.0,24203.0,24917.0,25168,25367.0,26055.0,26489.0,27062.0,27121,27515.0
M,42,32018.0,33427.0,30801.0,30820.0,30580.0,30317.0,29892.0,29652.0,29442.0,29148.0,28790.0,28362.0,28048.0,28029.0,27740.0,27650.0,27408.0,27128.0,27138.0,26974.0,26790.0,26887.0,26472.0,26238.0,25910.0,25521.0,25361.0,25086.0,24794.0,24255.0,24047.0,23727.0,23336.0,23065.0,22990,22594.0,22505.0,22231.0,22116.0,21777.0,21510.0,21409.0,21374.0,29694.0,29331.0,28992.0,28853.0,28605.0,28246.0,27891.0,27582.0,27586.0,27299.0,27126.0,26712.0,26446.0,25973.0,25536.0,25524.0,25041.0,24825.0,24560.0,24471.0,24083.0,24078.0,23971.0,23907.0,23795.0,23830.0,24074.0,24203.0,24917,25168.0,25367.0,26055.0,26486.0,27061,27121.0
M,43,33134.0,32018.0,33427.0,30801.0,30820.0,30578.0,30317.0,29892.0,29652.0,29442.0,29148.0,28790.0,28362.0,28048.0,28029.0,27739.0,27650.0,27408.0,27128.0,27138.0,26974.0,26790.0,26887.0,26472.0,26237.0,25910.0,25520.0,25361.0,25086.0,24794.0,24255.0,24047.0,23727.0,23336.0,23065,22990.0,22594.0,22504.0,22231.0,22116.0,21777.0,21510.0,21409.0,21374.0,29693.0,29331.0,28992.0,28853.0,28605.0,28246.0,27891.0,27582.0,27586.0,27299.0,27126.0,26712.0,26444.0,25973.0,25536.0,25524.0,25041.0,24825.0,24560.0,24470.0,24083.0,24076.0,23971.0,23907.0,23795.0,23830.0,24074.0,24203,24917.0,25168.0,25367.0,26055.0,26486,27061.0
M,44,33588.0,33134.0,32018.0,33427.0,30801.0,30820.0,30578.0,30317.0,29892.0,29652.0,29442.0,29148.0,28790.0,28362.0,28046.0,28029.0,27737.0,27650.0,27408.0,27128.0,27138.0,26974.0,26790.0,26887.0,26472.0,26237.0,25910.0,25520.0,25361.0,25085.0,24794.0,24255.0,24046.0,23727.0,23336,23065.0,22990.0,22594.0,22504.0,22231.0,22116.0,21777.0,21510.0,21409.0,21373.0,29693.0,29331.0,28992.0,28853.0,28605.0,28246.0,27891.0,27582.0,27586.0,27299.0,27126.0,26712.0,26444.0,25973.0,25536.0,25524.0,25041.0,24825.0,24560.0,24470.0,24083.0,24076.0,23971.0,23907.0,23795.0,23830.0,24074,24203.0,24917.0,25167.0,25366.0,26055,26486.0
M,45,34354.0,33588.0,33134.0,32018.0,33426.0,30801.0,30820.0,30578.0,30317.0,29892.0,29652.0,29442.0,29148.0,28790.0,28362.0,28046.0,28029.0,27737.0,27650.0,27408.0,27128.0,27137.0,26974.0,26790.0,26887.0,26472.0,26237.0,25909.0,25520.0,25361.0,25085.0,24794.0,24255.0,24045.0,23726,23336.0,23065.0,22990.0,22594.0,22504.0,22231.0,22116.0,21777.0,21510.0,21409.0,21373.0,29692.0,29331.0,28992.0,28853.0,28605.0,28246.0,27891.0,27581.0,27586.0,27299.0,27126.0,26712.0,26444.0,25973.0,25536.0,25524.0,25041.0,24825.0,24560.0,24469.0,24083.0,24076.0,23970.0,23907.0,23795.0,23830,24073.0,24203.0,24917.0,25167.0,25366,26054.0
M,46,36025.0,34354.0,33588.0,33134.0,32018.0,33426.0,30801.0,30820.0,30578.0,30317.0,29892.0,29652.0,29442.0,29148.0,28790.0,28362.0,28045.0,28029.0,27737.0,27649.0,27408.0,27128.0,27137.0,26974.0,26790.0,26887.0,26472.0,26237.0,25909.0,25520.0,25361.0,25085.0,24794.0,24255.0,24045,23726.0,23336.0,23065.0,22990.0,22594.0,22504.0,22231.0,22116.0,21777.0,21510.0,21409.0,21373.0,29692.0,29331.0,28992.0,28853.0,28605.0,28246.0,27889.0,27581.0,27585.0,27299.0,27126.0,26712.0,26443.0,25972.0,25536.0,25524.0,25041.0,24825.0,24560.0,24469.0,24083.0,24076.0,23970.0,23907.0,23795,23830.0,24073.0,24203.0,24917.0,25167,25366.0
M,47,35903.0,36024.0,34354.0,33588.0,33134.0,32018.0,33426.0,30801.0,30819.0,30578.0,30317.0,29892.0,29652.0,29442.0,29148.0,28790.0,28362.0,28045.0,28029.0,27737.0,27649.0,27408.0,27128.0,27137.0,26974.0,26790.0,26886.0,26472.0,26237.0,25909.0,25520.0,25361.0,25085.0,24794.0,24255,24045.0,23726.0,23336.0,23065.0,22990.0,22594.0,22504.0,22231.0,22116.0,21777.0,21510.0,21409.0,21372.0,29692.0,29331.0,28992.0,28853.0,28605.0,28246.0,27889.0,27581.0,27585.0,27299.0,27126.0,26712.0,26443.0,25972.0,25536.0,25524.0,25041.0,24825.0,24560.0,24469.0,24083.0,24076.0,23970.0,23907,23795.0,23829.0,24072.0,24201.0,24917,25166.0
M,48,36173.0,35903.0,36024.0,34354.0,33588.0,33134.0,32018.0,33426.0,30801.0,30819.0,30577.0,30317.0,29891.0,29652.0,29442.0,29148.0,28790.0,28361.0,28045.0,28028.0,27737.0,27649.0,27407.0,27127.0,27137.0,26974.0,26790.0,26886.0,26472.0,26237.0,25909.0,25519.0,25361.0,25085.0,24794,24255.0,24045.0,23726.0,23336.0,23065.0,22990.0,22594.0,22504.0,22231.0,22115.0,21777.0,21510.0,21409.0,21372.0,29692.0,29331.0,28992.0,28852.0,28605.0,28245.0,27889.0,27581.0,27585.0,27299.0,27126.0,26712.0,26443.0,25972.0,25536.0,25524.0,25041.0,24825.0,24560.0,24469.0,24083.0,24075.0,23970,23907.0,23795.0,23829.0,24071.0,24201,24916.0
M,49,36077.0,36173.0,35903.0,36024.0,34354.0,33588.0,33134.0,32018.0,33426.0,30801.0,30819.0,30577.0,30317.0,29890.0,29652.0,29442.0,29148.0,28790.0,28360.0,28045.0,28028.0,27737.0,27649.0,27407.0,27127.0,27137.0,26974.0,26790.0,26886.0,26472.0,26237.0,25909.0,25519.0,25361.0,25085,24794.0,24255.0,24044.0,23726.0,23336.0,23065.0,22990.0,22594.0,22504.0,22231.0,22115.0,21777.0,21508.0,21409.0,21371.0,29692.0,29331.0,28992.0,28851.0,28605.0,28245.0,27889.0,27580.0,27585.0,27299.0,27125.0,26712.0,26443.0,25972.0,25536.0,25524.0,25041.0,24825.0,24560.0,24469.0,24082.0,24075,23969.0,23907.0,23795.0,23829.0,24071,24201.0
M,50,37267.0,36076.0,36172.0,35902.0,36024.0,34354.0,33587.0,33134.0,32017.0,33426.0,30801.0,30819.0,30576.0,30316.0,29890.0,29652.0,29442.0,29148.0,28789.0,28360.0,28044.0,28028.0,27737.0,27648.0,27405.0,27127.0,27135.0,26974.0,26790.0,26886.0,26472.0,26236.0,25909.0,25519.0,25360,25085.0,24794.0,24254.0,24044.0,23726.0,23335.0,23065.0,22990.0,22594.0,22504.0,22231.0,22115.0,21777.0,21508.0,21408.0,21370.0,29692.0,29331.0,28991.0,28850.0,28605.0,28245.0,27889.0,27578.0,27584.0,27299.0,27125.0,26710.0,26443.0,25972.0,25535.0,25524.0,25041.0,24825.0,24560.0,24469.0,24082,24075.0,23969.0,23907.0,23794.0,23827,24070.0
M,51,37768.0,37267.0,36076.0,36171.0,35901.0,36023.0,34354.0,33587.0,33134.0,32017.0,33426.0,30801.0,30819.0,30576.0,30315.0,29890.0,29651.0,29442.0,29148.0,28789.0,28359.0,28041.0,28028.0,27735.0,27647.0,27405.0,27127.0,27135.0,26974.0,26790.0,26886.0,26472.0,26236.0,25909.0,25518,25360.0,25085.0,24793.0,24254.0,24044.0,23726.0,23335.0,23065.0,22990.0,22594.0,22504.0,22231.0,22114.0,21777.0,21508.0,21406.0,21370.0,29692.0,29331.0,28990.0,28850.0,28605.0,28245.0,27889.0,27578.0,27584.0,27297.0,27125.0,26710.0,26443.0,25972.0,25535.0,25524.0,25040.0,24825.0,24560.0,24469,24081.0,24075.0,23966.0,23907.0,23794,23827.0
M,52,38604.0,37768.0,37266.0,36074.0,36171.0,35900.0,36023.0,34354.0,33585.0,33134.0,32016.0,33426.0,30800.0,30819.0,30575.0,30315.0,29888.0,29650.0,29441.0,29148.0,28788.0,28357.0,28041.0,28028.0,27735.0,27647.0,27405.0,27127.0,27135.0,26974.0,26790.0,26885.0,26472.0,26236.0,25908,25518.0,25360.0,25085.0,24793.0,24253.0,24043.0,23726.0,23335.0,23065.0,22990.0,22593.0,22504.0,22231.0,22114.0,21775.0,21508.0,21406.0,21370.0,29692.0,29330.0,28990.0,28850.0,28603.0,28243.0,27889.0,27578.0,27583.0,27297.0,27124.0,26709.0,26443.0,25971.0,25535.0,25524.0,25040.0,24825.0,24559,24468.0,24081.0,24075.0,23964.0,23907,23794.0
M,53,39345.0,38604.0,37768.0,37266.0,36074.0,36171.0,35900.0,36022.0,34354.0,33585.0,33134.0,32015.0,33426.0,30799.0,30819.0,30575.0,30315.0,29888.0,29650.0,29441.0,29148.0,28787.0,28356.0,28041.0,28028.0,27735.0,27647.0,27404.0,27127.0,27135.0,26973.0,26790.0,26885.0,26472.0,26236,25908.0,25516.0,25360.0,25085.0,24793.0,24253.0,24043.0,23726.0,23334.0,23065.0,22990.0,22593.0,22504.0,22231.0,22114.0,21775.0,21508.0,21406.0,21369.0,29692.0,29330.0,28990.0,28850.0,28603.0,28241.0,27889.0,27577.0,27583.0,27297.0,27124.0,26709.0,26443.0,25969.0,25535.0,25524.0,25040.0,24824,24559.0,24468.0,24080.0,24075.0,23963,23907.0
M,54,39049.0,39343.0,38603.0,37767.0,37266.0,36073.0,36171.0,35899.0,36022.0,34354.0,33585.0,33134.0,32015.0,33425.0,30799.0,30819.0,30575.0,30314.0,29886.0,29650.0,29441.0,29147.0,28787.0,28356.0,28041.0,28028.0,27734.0,27647.0,27404.0,27127.0,27134.0,26972.0,26790.0,26885.0,26472,26236.0,25908.0,25516.0,25359.0,25085.0,24793.0,24253.0,24043.0,23726.0,23332.0,23065.0,22990.0,22592.0,22504.0,22231.0,22113.0,21775.0,21508.0,21406.0,21369.0,29691.0,29330.0,28990.0,28850.0,28603.0,28241.0,27888.0,27577.0,27583.0,27296.0,27124.0,26709.0,26443.0,25969.0,25535.0,25524.0,25040,24823.0,24559.0,24467.0,24079.0,24073,23963.0
M,55,38016.0,39049.0,39341.0,38603.0,37767.0,37265.0,36071.0,36170.0,35899.0,36022.0,34354.0,33584.0,33133.0,32015.0,33424.0,30799.0,30818.0,30574.0,30313.0,29885.0,29650.0,29441.0,29147.0,28787.0,28356.0,28041.0,28027.0,27733.0,27647.0,27404.0,27127.0,27134.0,26972.0,26790.0,26884,26472.0,26236.0,25908.0,25516.0,25359.0,25084.0,24792.0,24253.0,24042.0,23726.0,23332.0,23065.0,22989.0,22592.0,22504.0,22231.0,22112.0,21775.0,21508.0,21406.0,21369.0,29691.0,29330.0,28989.0,28850.0,28602.0,28240.0,27888.0,27577.0,27582.0,27296.0,27124.0,26709.0,26443.0,25969.0,25535.0,25524,25040.0,24823.0,24559.0,24467.0,24079,24072.0
M,56,38115.0,38015.0,39048.0,39340.0,38603.0,37767.0,37265.0,36071.0,36170.0,35898.0,36022.0,34354.0,33584.0,33133.0,32014.0,33424.0,30797.0,30817.0,30574.0,30311.0,29885.0,29650.0,29441.0,29147.0,28787.0,28355.0,28039.0,28027.0,27733.0,27647.0,27404.0,27127.0,27134.0,26971.0,26790,26882.0,26472.0,26236.0,25907.0,25516.0,25358.0,25082.0,24791.0,24253.0,24042.0,23726.0,23332.0,23065.0,22989.0,22592.0,22504.0,22231.0,22112.0,21774.0,21508.0,21405.0,21369.0,29691.0,29330.0,28988.0,28849.0,28602.0,28240.0,27887.0,27575.0,27581.0,27296.0,27124.0,26709.0,26442.0,25968.0,25535,25524.0,25039.0,24823.0,24558.0,24467,24079.0
M,57,37148.0,38115.0,38014.0,39046.0,39339.0,38601.0,37767.0,37265.0,36071.0,36170.0,35897.0,36022.0,34353.0,33584.0,33132.0,32014.0,33424.0,30796.0,30817.0,30574.0,30310.0,29885.0,29649.0,29440.0,29146.0,28787.0,28354.0,28039.0,28027.0,27733.0,27647.0,27404.0,27127.0,27134.0,26970,26789.0,26880.0,26472.0,26236.0,25906.0,25516.0,25358.0,25082.0,24791.0,24253.0,24042.0,23724.0,23332.0,23065.0,22989.0,22592.0,22504.0,22231.0,22110.0,21774.0,21508.0,21404.0,21368.0,29691.0,29330.0,28987.0,28847.0,28602.0,28240.0,27886.0,27575.0,27581.0,27294.0,27123.0,26708.0,26441.0,25968,25535.0,25523.0,25039.0,24822.0,24557,24465.0
M,58,37729.0,37146.0,38113.0,38014.0,39044.0,39339.0,38601.0,37767.0,37265.0,36071.0,36169.0,35897.0,36022.0,34353.0,33583.0,33132.0,32014.0,33424.0,30795.0,30817.0,30574.0,30309.0,29885.0,29649.0,29440.0,29146.0,28786.0,28354.0,28039.0,28027.0,27731.0,27647.0,27403.0,27127.0,27134,26970.0,26789.0,26880.0,26472.0,26236.0,25906.0,25515.0,25358.0,25081.0,24791.0,24252.0,24040.0,23724.0,23332.0,23065.0,22989.0,22592.0,22502.0,22231.0,22110.0,21774.0,21508.0,21403.0,21367.0,29691.0,29329.0,28987.0,28847.0,28602.0,28239.0,27886.0,27573.0,27581.0,27294.0,27123.0,26706.0,26441,25968.0,25535.0,25523.0,25039.0,24821,24557.0
M,59,37172.0,37728.0,37146.0,38113.0,38014.0,39044.0,39338.0,38601.0,37767.0,37264.0,36070.0,36169.0,35896.0,36021.0,34353.0,33583.0,33132.0,32014.0,33423.0,30794.0,30817.0,30573.0,30308.0,29885.0,29648.0,29440.0,29145.0,28785.0,28354.0,28038.0,28026.0,27730.0,27646.0,27403.0,27127,27134.0,26970.0,26788.0,26880.0,26472.0,26236.0,25906.0,25514.0,25358.0,25080.0,24791.0,24252.0,24039.0,23724.0,23332.0,23065.0,22989.0,22592.0,22502.0,22228.0,22110.0,21774.0,21507.0,21401.0,21367.0,29691.0,29328.0,28987.0,28847.0,28601.0,28238.0,27886.0,27572.0,27581.0,27294.0,27123.0,26706,26441.0,25967.0,25535.0,25521.0,25039,24820.0
M,60,36563.0,37171.0,37727.0,37146.0,38112.0,38011.0,39043.0,39337.0,38598.0,37766.0,37263.0,36068.0,36168.0,35894.0,36019.0,34351.0,33583.0,33131.0,32013.0,33423.0,30793.0,30817.0,30573.0,30308.0,29885.0,29648.0,29437.0,29145.0,28783.0,28353.0,28036.0,28024.0,27729.0,27646.0,27403,27127.0,27132.0,26970.0,26788.0,26879.0,26472.0,26232.0,25905.0,25512.0,25358.0,25078.0,24791.0,24250.0,24036.0,23722.0,23330.0,23063.0,22989.0,22591.0,22501.0,22228.0,22109.0,21774.0,21507.0,21400.0,21366.0,29689.0,29328.0,28985.0,28847.0,28600.0,28238.0,27885.0,27571.0,27580.0,27292.0,27122,26704.0,26440.0,25966.0,25534.0,25518,25039.0
M,61,37772.0,36561.0,37170.0,37726.0,37146.0,38108.0,38009.0,39041.0,39337.0,38595.0,37765.0,37263.0,36067.0,36168.0,35894.0,36019.0,34351.0,33580.0,33130.0,32013.0,33421.0,30791.0,30813.0,30572.0,30308.0,29883.0,29647.0,29436.0,29144.0,28782.0,28351.0,28035.0,28023.0,27728.0,27646,27402.0,27127.0,27132.0,26967.0,26787.0,26878.0,26470.0,26229.0,25905.0,25509.0,25355.0,25078.0,24791.0,24249.0,24036.0,23722.0,23328.0,23061.0,22989.0,22590.0,22499.0,22228.0,22107.0,21774.0,21507.0,21400.0,21365.0,29688.0,29324.0,28982.0,28846.0,28600.0,28236.0,27884.0,27570.0,27579.0,27292,27121.0,26703.0,26439.0,25965.0,25531,25516.0
M,62,39643.0,37770.0,36559.0,37170.0,37726.0,37144.0,38106.0,38006.0,39039.0,39337.0,38595.0,37764.0,37261.0,36064.0,36168.0,35893.0,36018.0,34348.0,33579.0,33129.0,32011.0,33418.0,30790.0,30813.0,30571.0,30307.0,29883.0,29646.0,29435.0,29144.0,28782.0,28350.0,28034.0,28022.0,27728,27646.0,27402.0,27126.0,27129.0,26967.0,26787.0,26877.0,26470.0,26228.0,25904.0,25509.0,25353.0,25077.0,24790.0,24247.0,24035.0,23721.0,23327.0,23060.0,22989.0,22589.0,22497.0,22228.0,22107.0,21772.0,21505.0,21400.0,21364.0,29687.0,29321.0,28980.0,28842.0,28600.0,28234.0,27884.0,27569.0,27576,27290.0,27120.0,26703.0,26439.0,25965,25530.0
M,63,39866.0,39641.0,37768.0,36557.0,37169.0,37720.0,37144.0,38106.0,38006.0,39039.0,39336.0,38594.0,37762.0,37261.0,36063.0,36167.0,35892.0,36018.0,34348.0,33577.0,33129.0,32008.0,33418.0,30790.0,30811.0,30571.0,30304.0,29882.0,29644.0,29433.0,29143.0,28782.0,28348.0,28034.0,28022,27727.0,27646.0,27402.0,27124.0,27129.0,26966.0,26786.0,26874.0,26470.0,26227.0,25904.0,25507.0,25351.0,25076.0,24790.0,24246.0,24033.0,23719.0,23326.0,23059.0,22989.0,22588.0,22496.0,22228.0,22107.0,21769.0,21505.0,21398.0,21363.0,29685.0,29319.0,28979.0,28842.0,28599.0,28233.0,27884.0,27568,27574.0,27289.0,27119.0,26700.0,26438,25959.0
M,64,39746.0,39865.0,39636.0,37767.0,36556.0,37167.0,37719.0,37140.0,38104.0,38006.0,39039.0,39335.0,38593.0,37762.0,37259.0,36062.0,36166.0,35891.0,36018.0,34347.0,33577.0,33126.0,32007.0,33417.0,30790.0,30810.0,30569.0,30303.0,29881.0,29642.0,29433.0,29143.0,28781.0,28347.0,28033,28020.0,27725.0,27646.0,27401.0,27123.0,27129.0,26965.0,26785.0,26874.0,26470.0,26227.0,25903.0,25507.0,25351.0,25076.0,24787.0,24245.0,24032.0,23719.0,23325.0,23059.0,22986.0,22585.0,22496.0,22225.0,22107.0,21768.0,21505.0,21398.0,21362.0,29683.0,29316.0,28978.0,28842.0,28599.0,28233.0,27883,27568.0,27574.0,27286.0,27117.0,26699,26434.0
M,65,40578.0,39675.0,39809.0,39577.0,37716.0,36517.0,37126.0,37673.0,37101.0,38049.0,37967.0,39002.0,39290.0,38555.0,37729.0,37224.0,36022.0,36108.0,35860.0,35968.0,34312.0,33547.0,33082.0,31980.0,33380.0,30753.0,30775.0,30546.0,30284.0,29862.0,29617.0,29399.0,29106.0,28752.0,28318,28009.0,27995.0,27701.0,27626.0,27377.0,27092.0,27099.0,26937.0,26753.0,26844.0,26438.0,26195.0,25882.0,25481.0,25331.0,25051.0,24751.0,24211.0,24009.0,23701.0,23298.0,23028.0,22951.0,22550.0,22467.0,22186.0,22072.0,21738.0,21476.0,21378.0,21336.0,29651.0,29277.0,28934.0,28805.0,28567.0,28191,27848.0,27533.0,27543.0,27248.0,27078,26659.0
M,66,41415.0,40511.0,39604.0,39734.0,39518.0,37690.0,36474.0,37091.0,37639.0,37065.0,38019.0,37930.0,38970.0,39249.0,38526.0,37693.0,37184.0,35985.0,36077.0,35831.0,35926.0,34276.0,33518.0,33048.0,31950.0,33350.0,30728.0,30746.0,30514.0,30248.0,29823.0,29579.0,29368.0,29078.0,28721,28292.0,27979.0,27967.0,27669.0,27585.0,27357.0,27065.0,27072.0,26913.0,26728.0,26802.0,26413.0,26172.0,25855.0,25454.0,25304.0,25023.0,24720.0,24176.0,23974.0,23670.0,23270.0,23005.0,22923.0,22523.0,22437.0,22163.0,22041.0,21706.0,21453.0,21348.0,21307.0,29614.0,29235.0,28897.0,28756.0,28532,28149.0,27801.0,27488.0,27507.0,27217,27036.0
M,67,41426.0,41353.0,40447.0,39553.0,39691.0,39472.0,37642.0,36443.0,37051.0,37599.0,37022.0,37981.0,37886.0,38929.0,39216.0,38484.0,37661.0,37136.0,35950.0,36045.0,35807.0,35888.0,34243.0,33489.0,33007.0,31915.0,33324.0,30703.0,30714.0,30476.0,30221.0,29798.0,29555.0,29337.0,29051,28693.0,28264.0,27944.0,27927.0,27638.0,27561.0,27325.0,27033.0,27048.0,26881.0,26691.0,26776.0,26363.0,26139.0,25825.0,25429.0,25280.0,24990.0,24686.0,24147.0,23939.0,23634.0,23240.0,22982.0,22891.0,22504.0,22407.0,22136.0,22018.0,21673.0,21424.0,21306.0,21274.0,29575.0,29203.0,28852.0,28716,28489.0,28123.0,27755.0,27437.0,27474,27173.0
M,68,41272.0,41357.0,41296.0,40386.0,39507.0,39641.0,39430.0,37588.0,36403.0,37010.0,37558.0,36980.0,37938.0,37850.0,38890.0,39174.0,38446.0,37624.0,37094.0,35923.0,36010.0,35768.0,35855.0,34209.0,33442.0,32978.0,31892.0,33297.0,30674.0,30683.0,30444.0,30198.0,29769.0,29523.0,29306,29029.0,28663.0,28238.0,27909.0,27906.0,27601.0,27535.0,27298.0,27002.0,27020.0,26856.0,26657.0,26748.0,26328.0,26108.0,25803.0,25402.0,25248.0,24959.0,24656.0,24108.0,23916.0,23611.0,23217.0,22956.0,22863.0,22480.0,22377.0,22107.0,21992.0,21625.0,21403.0,21273.0,21250.0,29537.0,29179.0,28788,28679.0,28459.0,28096.0,27713.0,27405,27430.0
M,69,41724.0,41205.0,41292.0,41238.0,40331.0,39466.0,39589.0,39390.0,37567.0,36372.0,36977.0,37511.0,36942.0,37902.0,37814.0,38860.0,39131.0,38414.0,37581.0,37056.0,35876.0,35978.0,35735.0,35817.0,34174.0,33403.0,32937.0,31860.0,33262.0,30648.0,30660.0,30414.0,30166.0,29733.0,29494,29280.0,29004.0,28633.0,28201.0,27875.0,27873.0,27570.0,27503.0,27269.0,26968.0,26983.0,26829.0,26624.0,26705.0,26299.0,26072.0,25779.0,25375.0,25219.0,24930.0,24619.0,24083.0,23876.0,23585.0,23189.0,22910.0,22838.0,22451.0,22350.0,22089.0,21966.0,21595.0,21376.0,21243.0,21220.0,29503.0,29144,28747.0,28641.0,28421.0,28057.0,27666,27364.0
M,70,42357.0,41592.0,41068.0,41186.0,41124.0,40218.0,39383.0,39497.0,39310.0,37483.0,36285.0,36895.0,37452.0,36884.0,37834.0,37737.0,38773.0,39060.0,38352.0,37488.0,36977.0,35798.0,35899.0,35666.0,35744.0,34106.0,33336.0,32861.0,31798.0,33198.0,30584.0,30588.0,30350.0,30094.0,29668,29441.0,29221.0,28944.0,28569.0,28138.0,27823.0,27810.0,27510.0,27427.0,27218.0,26896.0,26929.0,26759.0,26554.0,26644.0,26251.0,26016.0,25703.0,25306.0,25155.0,24880.0,24539.0,24023.0,23816.0,23516.0,23120.0,22847.0,22771.0,22376.0,22287.0,22042.0,21909.0,21535.0,21303.0,21185.0,21166.0,29423,29063.0,28662.0,28559.0,28357.0,27982,27571.0
M,71,42311.0,42225.0,41459.0,40967.0,41075.0,41034.0,40105.0,39295.0,39418.0,39230.0,37394.0,36200.0,36828.0,37370.0,36810.0,37769.0,37665.0,38699.0,38988.0,38282.0,37408.0,36921.0,35742.0,35824.0,35595.0,35674.0,34030.0,33267.0,32804.0,31725.0,33140.0,30526.0,30521.0,30285.0,30039,29614.0,29387.0,29168.0,28882.0,28518.0,28083.0,27748.0,27757.0,27459.0,27365.0,27160.0,26857.0,26867.0,26683.0,26494.0,26601.0,26195.0,25948.0,25639.0,25228.0,25100.0,24823.0,24475.0,23958.0,23764.0,23463.0,23076.0,22795.0,22702.0,22316.0,22223.0,21997.0,21854.0,21484.0,21245.0,21123.0,21110,29323.0,28986.0,28585.0,28466.0,28267,27906.0
M,72,42200.0,42158.0,42083.0,41335.0,40875.0,40977.0,40946.0,40008.0,39201.0,39325.0,39140.0,37315.0,36130.0,36751.0,37298.0,36723.0,37701.0,37590.0,38607.0,38908.0,38195.0,37328.0,36852.0,35678.0,35758.0,35507.0,35608.0,33961.0,33199.0,32729.0,31664.0,33077.0,30456.0,30459.0,30236,29987.0,29552.0,29329.0,29098.0,28824.0,28460.0,28035.0,27687.0,27676.0,27404.0,27311.0,27099.0,26784.0,26814.0,26615.0,26430.0,26535.0,26128.0,25888.0,25570.0,25171.0,25039.0,24759.0,24411.0,23897.0,23701.0,23412.0,23021.0,22748.0,22661.0,22257.0,22172.0,21940.0,21783.0,21429.0,21194.0,21056,21045.0,29257.0,28896.0,28506.0,28383,28184.0
M,73,41173.0,42069.0,42024.0,41974.0,41234.0,40784.0,40895.0,40862.0,39927.0,39131.0,39244.0,39071.0,37241.0,36047.0,36676.0,37229.0,36666.0,37619.0,37530.0,38541.0,38829.0,38118.0,37255.0,36782.0,35596.0,35691.0,35443.0,35536.0,33884.0,33127.0,32654.0,31601.0,33003.0,30396.0,30395,30173.0,29926.0,29499.0,29260.0,29028.0,28754.0,28391.0,27980.0,27631.0,27617.0,27343.0,27260.0,27041.0,26740.0,26732.0,26560.0,26365.0,26471.0,26063.0,25833.0,25502.0,25109.0,24975.0,24704.0,24340.0,23846.0,23631.0,23353.0,22958.0,22687.0,22620.0,22215.0,22115.0,21882.0,21729.0,21363.0,21134,21007.0,20981.0,29179.0,28828.0,28441,28298.0
M,74,40551.0,41027.0,41940.0,41909.0,41861.0,41144.0,40694.0,40793.0,40788.0,39858.0,39041.0,39163.0,38986.0,37164.0,35964.0,36599.0,37158.0,36608.0,37551.0,37443.0,38455.0,38734.0,38046.0,37189.0,36693.0,35522.0,35625.0,35369.0,35461.0,33829.0,33058.0,32582.0,31536.0,32940.0,30335,30333.0,30104.0,29861.0,29439.0,29214.0,28968.0,28691.0,28336.0,27914.0,27568.0,27547.0,27288.0,27201.0,26984.0,26678.0,26676.0,26494.0,26320.0,26413.0,26005.0,25759.0,25449.0,25045.0,24901.0,24638.0,24287.0,23770.0,23556.0,23299.0,22900.0,22629.0,22561.0,22166.0,22061.0,21819.0,21675.0,21311,21076.0,20956.0,20927.0,29092.0,28745,28366.0
M,75,38037.0,40270.0,40763.0,41713.0,41702.0,41667.0,40951.0,40487.0,40586.0,40611.0,39702.0,38898.0,39008.0,38822.0,36999.0,35834.0,36428.0,37018.0,36467.0,37423.0,37301.0,38303.0,38594.0,37896.0,37025.0,36529.0,35376.0,35481.0,35246.0,35322.0,33683.0,32911.0,32439.0,31401.0,32826,30223.0,30232.0,29997.0,29725.0,29314.0,29095.0,28837.0,28569.0,28222.0,27781.0,27437.0,27416.0,27166.0,27082.0,26853.0,26572.0,26549.0,26377.0,26191.0,26287.0,25877.0,25648.0,25339.0,24928.0,24773.0,24518.0,24170.0,23641.0,23437.0,23172.0,22762.0,22489.0,22445.0,22046.0,21945.0,21715.0,21555,21191.0,20945.0,20851.0,20801.0,28929,28585.0
M,76,37367.0,37775.0,40046.0,40525.0,41508.0,41524.0,41464.0,40762.0,40312.0,40424.0,40444.0,39532.0,38731.0,38839.0,38654.0,36849.0,35690.0,36279.0,36863.0,36331.0,37281.0,37169.0,38146.0,38441.0,37763.0,36890.0,36394.0,35227.0,35351.0,35108.0,35180.0,33554.0,32747.0,32321.0,31287,32697.0,30094.0,30097.0,29890.0,29612.0,29195.0,28962.0,28716.0,28425.0,28112.0,27673.0,27295.0,27300.0,27044.0,26955.0,26720.0,26442.0,26425.0,26242.0,26079.0,26169.0,25755.0,25515.0,25211.0,24796.0,24658.0,24387.0,24051.0,23531.0,23324.0,23042.0,22634.0,22365.0,22318.0,21937.0,21831.0,21603,21424.0,21080.0,20833.0,20728.0,20688,28771.0
M,77,35943.0,37107.0,37550.0,39801.0,40323.0,41315.0,41329.0,41262.0,40590.0,40148.0,40257.0,40274.0,39369.0,38579.0,38704.0,38498.0,36701.0,35559.0,36127.0,36723.0,36220.0,37139.0,37028.0,37999.0,38307.0,37603.0,36760.0,36249.0,35076.0,35211.0,34967.0,35026.0,33425.0,32603.0,32172,31170.0,32555.0,29977.0,29993.0,29768.0,29488.0,29078.0,28841.0,28598.0,28282.0,27982.0,27556.0,27193.0,27160.0,26929.0,26845.0,26604.0,26317.0,26301.0,26113.0,25951.0,26038.0,25616.0,25382.0,25087.0,24677.0,24522.0,24256.0,23950.0,23413.0,23200.0,22931.0,22510.0,22256.0,22191.0,21831.0,21720,21483.0,21305.0,20977.0,20708.0,20621,20583.0
M,78,34420.0,35706.0,36877.0,37343.0,39598.0,40140.0,41106.0,41167.0,41084.0,40438.0,39992.0,40080.0,40121.0,39199.0,38417.0,38539.0,38354.0,36510.0,35411.0,36005.0,36588.0,36079.0,36982.0,36875.0,37840.0,38157.0,37462.0,36598.0,36114.0,34928.0,35072.0,34827.0,34891.0,33288.0,32476,32072.0,31040.0,32424.0,29853.0,29883.0,29634.0,29373.0,28961.0,28737.0,28463.0,28185.0,27855.0,27441.0,27056.0,27039.0,26803.0,26719.0,26466.0,26198.0,26177.0,26003.0,25814.0,25920.0,25480.0,25257.0,24960.0,24562.0,24392.0,24116.0,23820.0,23282.0,23098.0,22805.0,22401.0,22143.0,22077.0,21719,21608.0,21356.0,21201.0,20843.0,20590,20499.0
M,79,33876.0,34177.0,35465.0,36677.0,37148.0,39412.0,39959.0,40916.0,40976.0,40906.0,40294.0,39845.0,39904.0,39956.0,39050.0,38254.0,38385.0,38209.0,36372.0,35250.0,35866.0,36441.0,35950.0,36820.0,36721.0,37703.0,38006.0,37306.0,36438.0,35978.0,34778.0,34928.0,34679.0,34740.0,33152,32358.0,31950.0,30922.0,32257.0,29735.0,29768.0,29497.0,29232.0,28852.0,28601.0,28326.0,28047.0,27733.0,27314.0,26932.0,26919.0,26667.0,26601.0,26358.0,26074.0,26063.0,25907.0,25692.0,25793.0,25375.0,25127.0,24826.0,24447.0,24275.0,23991.0,23696.0,23152.0,22977.0,22680.0,22278.0,22014.0,21933,21613.0,21482.0,21246.0,21078.0,20730,20490.0
M,80,32355.0,33403.0,33749.0,35051.0,36330.0,36824.0,39093.0,39614.0,40575.0,40626.0,40575.0,39968.0,39541.0,39559.0,39627.0,38735.0,37981.0,38104.0,37922.0,36105.0,34954.0,35608.0,36141.0,35648.0,36517.0,36420.0,37408.0,37713.0,37001.0,36149.0,35673.0,34491.0,34635.0,34417.0,34475,32893.0,32110.0,31687.0,30680.0,31999.0,29450.0,29535.0,29252.0,29001.0,28574.0,28336.0,28090.0,27820.0,27491.0,27073.0,26667.0,26685.0,26431.0,26374.0,26115.0,25848.0,25838.0,25662.0,25430.0,25554.0,25122.0,24858.0,24601.0,24198.0,24005.0,23728.0,23427.0,22890.0,22740.0,22451.0,22036.0,21785,21710.0,21385.0,21260.0,21001.0,20849,20519.0
M,81,29717.0,31936.0,32977.0,33364.0,34676.0,36004.0,36476.0,38734.0,39272.0,40228.0,40269.0,40273.0,39635.0,39249.0,39269.0,39317.0,38425.0,37667.0,37817.0,37591.0,35816.0,34679.0,35324.0,35841.0,35381.0,36196.0,36150.0,37110.0,37430.0,36716.0,35858.0,35405.0,34197.0,34365.0,34159,34198.0,32644.0,31868.0,31413.0,30438.0,31756.0,29208.0,29265.0,28985.0,28771.0,28306.0,28088.0,27848.0,27578.0,27243.0,26814.0,26418.0,26416.0,26196.0,26090.0,25876.0,25594.0,25594.0,25376.0,25189.0,25297.0,24899.0,24602.0,24365.0,23959.0,23772.0,23487.0,23169.0,22668.0,22497.0,22190.0,21793,21531.0,21463.0,21140.0,21053.0,20771,20603.0
M,82,28991.0,29318.0,31538.0,32601.0,33017.0,34335.0,35686.0,36165.0,38413.0,38956.0,39877.0,39965.0,39975.0,39325.0,38924.0,38967.0,39010.0,38105.0,37387.0,37530.0,37310.0,35528.0,34386.0,35034.0,35585.0,35097.0,35918.0,35866.0,36827.0,37116.0,36432.0,35546.0,35146.0,33924.0,34090,33898.0,33914.0,32378.0,31606.0,31160.0,30179.0,31490.0,28939.0,28997.0,28750.0,28534.0,28053.0,27829.0,27593.0,27319.0,27006.0,26609.0,26168.0,26180.0,25940.0,25844.0,25607.0,25370.0,25341.0,25121.0,24952.0,25044.0,24647.0,24371.0,24120.0,23742.0,23539.0,23238.0,22920.0,22440.0,22263.0,21950,21587.0,21287.0,21187.0,20910.0,20794,20539.0
M,83,26888.0,28602.0,28972.0,31153.0,32277.0,32714.0,34026.0,35380.0,35873.0,38105.0,38627.0,39538.0,39627.0,39675.0,39018.0,38611.0,38629.0,38716.0,37807.0,37106.0,37197.0,37018.0,35249.0,34121.0,34770.0,35313.0,34784.0,35650.0,35606.0,36534.0,36843.0,36134.0,35265.0,34889.0,33652,33819.0,33632.0,33623.0,32098.0,31366.0,30875.0,29913.0,31213.0,28693.0,28722.0,28503.0,28254.0,27798.0,27555.0,27330.0,27069.0,26751.0,26345.0,25943.0,25935.0,25692.0,25569.0,25355.0,25136.0,25101.0,24871.0,24682.0,24819.0,24400.0,24104.0,23870.0,23459.0,23276.0,23005.0,22685.0,22188.0,22035,21717.0,21356.0,21030.0,20964.0,20680,20562.0
M,84,25574.0,26531.0,28230.0,28639.0,30856.0,31990.0,32428.0,33733.0,35115.0,35583.0,37787.0,38299.0,39223.0,39305.0,39386.0,38686.0,38305.0,38336.0,38406.0,37537.0,36824.0,36906.0,36734.0,34973.0,33843.0,34516.0,35011.0,34524.0,35378.0,35310.0,36235.0,36560.0,35855.0,34994.0,34597,33351.0,33504.0,33355.0,33337.0,31830.0,31102.0,30623.0,29672.0,30911.0,28427.0,28450.0,28249.0,27977.0,27540.0,27285.0,27070.0,26831.0,26506.0,26080.0,25695.0,25663.0,25451.0,25338.0,25106.0,24905.0,24856.0,24624.0,24440.0,24556.0,24170.0,23884.0,23624.0,23236.0,23031.0,22773.0,22424.0,21951,21830.0,21463.0,21142.0,20821.0,20716,20422.0
M,85,22777.0,24884.0,25868.0,27606.0,28094.0,30289.0,31418.0,31859.0,33131.0,34497.0,34982.0,37185.0,37677.0,38603.0,38675.0,38763.0,38118.0,37706.0,37767.0,37820.0,36911.0,36263.0,36302.0,36153.0,34425.0,33284.0,33948.0,34480.0,33937.0,34821.0,34717.0,35735.0,35976.0,35228.0,34410,34039.0,32793.0,32964.0,32776.0,32772.0,31324.0,30561.0,30105.0,29135.0,30392.0,27934.0,27958.0,27774.0,27452.0,27011.0,26806.0,26584.0,26324.0,26012.0,25569.0,25217.0,25173.0,24965.0,24879.0,24592.0,24443.0,24347.0,24119.0,23964.0,24074.0,23703.0,23383.0,23120.0,22780.0,22547.0,22263.0,21963,21456.0,21347.0,20983.0,20667.0,20350,20280.0
M,86,20807.0,22170.0,24245.0,25286.0,27016.0,27590.0,29721.0,30845.0,31296.0,32555.0,33951.0,34440.0,36620.0,37121.0,38022.0,38121.0,38146.0,37535.0,37113.0,37201.0,37272.0,36308.0,35699.0,35707.0,35591.0,33877.0,32754.0,33402.0,33963.0,33379.0,34303.0,34188.0,35171.0,35437.0,34721,33860.0,33522.0,32223.0,32455.0,32216.0,32215.0,30788.0,30053.0,29562.0,28632.0,29861.0,27434.0,27441.0,27271.0,26945.0,26511.0,26361.0,26093.0,25855.0,25553.0,25118.0,24734.0,24691.0,24478.0,24390.0,24119.0,23981.0,23903.0,23639.0,23441.0,23592.0,23271.0,22904.0,22622.0,22336.0,22033.0,21775,21481.0,20967.0,20884.0,20503.0,20180,19897.0
M,87,19525.0,20288.0,21598.0,23689.0,24762.0,26521.0,27093.0,29172.0,30280.0,30741.0,31997.0,33375.0,33900.0,36040.0,36504.0,37417.0,37513.0,37554.0,36948.0,36527.0,36631.0,36668.0,35750.0,35170.0,35170.0,35031.0,33346.0,32224.0,32840.0,33447.0,32856.0,33761.0,33656.0,34596.0,34883,34189.0,33327.0,32976.0,31700.0,31925.0,31673.0,31663.0,30253.0,29555.0,29051.0,28132.0,29329.0,26941.0,26957.0,26759.0,26423.0,25997.0,25895.0,25608.0,25386.0,25049.0,24622.0,24283.0,24203.0,23991.0,23940.0,23628.0,23478.0,23413.0,23155.0,22995.0,23088.0,22793.0,22398.0,22093.0,21869.0,21544,21326.0,21036.0,20475.0,20410.0,20033,19704.0
M,88,18007.0,19017.0,19752.0,21094.0,23172.0,24278.0,26069.0,26609.0,28664.0,29744.0,30235.0,31458.0,32841.0,33346.0,35491.0,35940.0,36826.0,36963.0,36973.0,36363.0,35961.0,36073.0,36110.0,35182.0,34629.0,34659.0,34484.0,32799.0,31701.0,32368.0,32941.0,32355.0,33243.0,33142.0,34059,34338.0,33619.0,32840.0,32461.0,31151.0,31384.0,31147.0,31109.0,29749.0,29053.0,28530.0,27663.0,28822.0,26444.0,26465.0,26258.0,25897.0,25477.0,25416.0,25129.0,24887.0,24615.0,24132.0,23801.0,23717.0,23526.0,23487.0,23139.0,23046.0,22938.0,22691.0,22526.0,22624.0,22292.0,21891.0,21660.0,21381,21088.0,20865.0,20572.0,20008.0,19958,19597.0
M,89,16409.0,17557.0,18544.0,19360.0,20657.0,22723.0,23828.0,25610.0,26171.0,28156.0,29252.0,29740.0,30947.0,32326.0,32818.0,34940.0,35393.0,36275.0,36370.0,36398.0,35801.0,35379.0,35502.0,35526.0,34642.0,34062.0,34097.0,33924.0,32288.0,31211.0,31817.0,32447.0,31845.0,32728.0,32613,33495.0,33805.0,33068.0,32312.0,31898.0,30620.0,30836.0,30615.0,30587.0,29246.0,28504.0,28042.0,27143.0,28307.0,25973.0,25970.0,25731.0,25404.0,24996.0,24904.0,24653.0,24397.0,24149.0,23693.0,23338.0,23258.0,23046.0,22995.0,22683.0,22582.0,22462.0,22240.0,22047.0,22148.0,21812.0,21427.0,21196,20918.0,20644.0,20371.0,20114.0,19570,19539.0
M,90,16718.0,16409.0,17557.0,18544.0,19360.0,20657.0,22723.0,23828.0,25610.0,26171.0,28156.0,29252.0,29740.0,30947.0,32326.0,32818.0,34940.0,35393.0,36275.0,36370.0,36398.0,35801.0,35379.0,35502.0,35526.0,34642.0,34062.0,34097.0,33924.0,32288.0,31211.0,31817.0,32447.0,31845.0,32728,32613.0,33495.0,33805.0,33068.0,32312.0,31898.0,30620.0,30836.0,30615.0,30587.0,29246.0,28504.0,28042.0,27143.0,28307.0,25973.0,25970.0,25731.0,25404.0,24996.0,24904.0,24653.0,24397.0,24149.0,23693.0,23338.0,23258.0,23046.0,22995.0,22683.0,22582.0,22462.0,22240.0,22047.0,22148.0,21812.0,21427,21196.0,20918.0,20644.0,20371.0,20114,19570.0
M,91,12317.0,12518.0,12265.0,13153.0,13881.0,14516.0,15511.0,17106.0,17979.0,19310.0,19739.0,21195.0,22093.0,22452.0,23350.0,24368.0,24687.0,26328.0,26663.0,27318.0,27393.0,27344.0,26899.0,26615.0,26706.0,26700.0,26071.0,25674.0,25746.0,25610.0,24348.0,23611.0,23998.0,24483.0,24007,24642.0,24558.0,25279.0,25501.0,24948.0,24380.0,24032.0,23116.0,23301.0,23136.0,23095.0,22028.0,21475.0,21174.0,20477.0,21320.0,19609.0,19455.0,19338.0,19104.0,18537.0,18575.0,18390.0,18167.0,18087.0,17793.0,17357.0,17331.0,17206.0,17205.0,16866.0,16828.0,16805.0,16655.0,16515.0,16546.0,16334,15997.0,15879.0,15628.0,15393.0,15126,14952.0
M,92,8914.0,9202.0,9331.0,9139.0,9736.0,10373.0,10836.0,11634.0,12897.0,13589.0,14511.0,14933.0,16000.0,16672.0,16931.0,17569.0,18300.0,18517.0,19782.0,20027.0,20454.0,20616.0,20513.0,20222.0,19973.0,20094.0,19949.0,19497.0,19155.0,19227.0,19190.0,18224.0,17655.0,17944.0,18372,18007.0,18416.0,18390.0,18883.0,19005.0,18683.0,18318.0,17930.0,17291.0,17460.0,17362.0,17366.0,16642.0,16255.0,16029.0,15511.0,16074.0,14716.0,14615.0,14561.0,14371.0,14006.0,13983.0,13855.0,13714.0,13613.0,13287.0,13039.0,13061.0,12865.0,12853.0,12652.0,12689.0,12531.0,12556.0,12405.0,12371,12250.0,12114.0,11915.0,11735.0,11537,11387.0
M,93,6576.0,6619.0,6861.0,6958.0,6834.0,7313.0,7908.0,8146.0,8708.0,9636.0,10250.0,10914.0,11129.0,11917.0,12500.0,12636.0,13143.0,13644.0,13788.0,14769.0,15033.0,15315.0,15533.0,15405.0,15086.0,14870.0,14988.0,14983.0,14601.0,14423.0,14413.0,14425.0,13730.0,13199.0,13389,13680.0,13419.0,13792.0,13738.0,14139.0,14188.0,13968.0,13722.0,13441.0,12864.0,13126.0,12983.0,12973.0,12468.0,12167.0,12018.0,11575.0,12064.0,11107.0,10866.0,10948.0,10814.0,10525.0,10528.0,10416.0,10287.0,10246.0,9971.0,9807.0,9833.0,9686.0,9656.0,9482.0,9520.0,9407.0,9376.0,9365,9278.0,9159.0,9092.0,8876.0,8769,8703.0
M,94,4817.0,4944.0,4961.0,5103.0,5206.0,5053.0,5492.0,5942.0,6139.0,6521.0,7197.0,7646.0,8236.0,8435.0,8985.0,9383.0,9486.0,9880.0,10204.0,10392.0,11031.0,11235.0,11506.0,11679.0,11530.0,11273.0,11204.0,11188.0,11284.0,10941.0,10851.0,10798.0,10846.0,10313.0,9898,10139.0,10215.0,10022.0,10405.0,10358.0,10694.0,10647.0,10469.0,10291.0,10131.0,9684.0,9786.0,9752.0,9627.0,9339.0,9095.0,9016.0,8724.0,9005.0,8360.0,8196.0,8224.0,8120.0,7896.0,7934.0,7860.0,7728.0,7743.0,7445.0,7308.0,7335.0,7311.0,7182.0,7112.0,7167.0,7118.0,7079,7058.0,6971.0,6878.0,6876.0,6641,6588.0
M,95,3443.0,3597.0,3712.0,3766.0,3846.0,3897.0,3756.0,4089.0,4392.0,4529.0,4891.0,5354.0,5730.0,6218.0,6278.0,6731.0,7016.0,7061.0,7376.0,7587.0,7802.0,8280.0,8388.0,8639.0,8734.0,8674.0,8419.0,8352.0,8399.0,8433.0,8186.0,8164.0,8114.0,8142.0,7766,7439.0,7644.0,7699.0,7591.0,7802.0,7809.0,8074.0,7971.0,7846.0,7705.0,7532.0,7290.0,7387.0,7370.0,7273.0,7080.0,6868.0,6787.0,6597.0,6864.0,6314.0,6160.0,6212.0,6119.0,5959.0,5943.0,5902.0,5847.0,5803.0,5536.0,5471.0,5478.0,5515.0,5364.0,5300.0,5361.0,5298,5330.0,5263.0,5200.0,5177.0,5141,4940.0
M,96,2630.0,2554.0,2667.0,2783.0,2837.0,2870.0,2892.0,2867.0,3075.0,3237.0,3391.0,3635.0,3963.0,4249.0,4635.0,4663.0,5032.0,5320.0,5306.0,5521.0,5722.0,5849.0,6172.0,6275.0,6423.0,6514.0,6463.0,6197.0,6167.0,6259.0,6309.0,6067.0,6070.0,6036.0,6001,5792.0,5631.0,5688.0,5793.0,5750.0,5844.0,5835.0,5977.0,5942.0,5782.0,5747.0,5643.0,5533.0,5513.0,5518.0,5417.0,5301.0,5092.0,5078.0,4924.0,5155.0,4756.0,4557.0,4549.0,4476.0,4451.0,4407.0,4411.0,4373.0,4309.0,4212.0,4051.0,4098.0,4140.0,4030.0,3926.0,4027,3916.0,3989.0,3899.0,3845.0,3842,3850.0
M,97,1871.0,1944.0,1922.0,1998.0,2103.0,2152.0,2174.0,2164.0,2143.0,2323.0,2437.0,2526.0,2731.0,2972.0,3135.0,3452.0,3434.0,3741.0,3972.0,3978.0,4088.0,4321.0,4360.0,4593.0,4720.0,4816.0,4913.0,4878.0,4642.0,4574.0,4743.0,4709.0,4529.0,4567.0,4534,4456.0,4347.0,4242.0,4330.0,4337.0,4309.0,4315.0,4372.0,4536.0,4483.0,4329.0,4293.0,4177.0,4125.0,4121.0,4113.0,4067.0,3975.0,3821.0,3822.0,3685.0,3869.0,3539.0,3428.0,3440.0,3382.0,3346.0,3315.0,3325.0,3335.0,3224.0,3185.0,3058.0,3083.0,3144.0,3038.0,2942,3075.0,2983.0,3013.0,2968.0,2911,2902.0
M,98,1331.0,1412.0,1482.0,1498.0,1503.0,1582.0,1605.0,1666.0,1620.0,1593.0,1708.0,1820.0,1826.0,2064.0,2247.0,2363.0,2624.0,2610.0,2792.0,3019.0,3011.0,3028.0,3197.0,3255.0,3478.0,3569.0,3616.0,3728.0,3605.0,3409.0,3401.0,3564.0,3544.0,3406.0,3413,3399.0,3309.0,3272.0,3116.0,3217.0,3193.0,3163.0,3192.0,3244.0,3373.0,3356.0,3245.0,3201.0,3103.0,3068.0,3023.0,3064.0,3026.0,3012.0,2931.0,2821.0,2799.0,2941.0,2640.0,2578.0,2567.0,2550.0,2508.0,2517.0,2527.0,2529.0,2451.0,2397.0,2291.0,2308.0,2368.0,2269,2233.0,2341.0,2263.0,2293.0,2269,2194.0
M,99,955.0,1007.0,1061.0,1127.0,1101.0,1137.0,1183.0,1163.0,1244.0,1227.0,1204.0,1274.0,1361.0,1399.0,1518.0,1672.0,1756.0,1960.0,1971.0,2083.0,2264.0,2231.0,2237.0,2373.0,2407.0,2605.0,2612.0,2681.0,2811.0,2696.0,2508.0,2524.0,2654.0,2663.0,2535,2567.0,2541.0,2464.0,2426.0,2345.0,2422.0,2386.0,2352.0,2404.0,2403.0,2519.0,2487.0,2408.0,2393.0,2302.0,2282.0,2232.0,2304.0,2286.0,2284.0,2200.0,2111.0,2082.0,2205.0,1962.0,1954.0,1969.0,1950.0,1895.0,1902.0,1930.0,1921.0,1830.0,1815.0,1737.0,1760.0,1810,1703.0,1675.0,1781.0,1728.0,1724,1675.0
M,100,677.0,704.0,732.0,780.0,851.0,817.0,849.0,907.0,863.0,923.0,924.0,896.0,960.0,1031.0,1067.0,1138.0,1242.0,1323.0,1441.0,1415.0,1548.0,1676.0,1667.0,1681.0,1796.0,1793.0,1958.0,1906.0,1967.0,2090.0,1972.0,1887.0,1884.0,1979.0,1995,1852.0,1902.0,1872.0,1849.0,1800.0,1772.0,1815.0,1778.0,1749.0,1774.0,1792.0,1907.0,1832.0,1811.0,1784.0,1763.0,1706.0,1701.0,1707.0,1706.0,1706.0,1603.0,1582.0,1581.0,1655.0,1474.0,1469.0,1492.0,1468.0,1444.0,1458.0,1465.0,1441.0,1410.0,1374.0,1338.0,1331,1375.0,1280.0,1250.0,1385.0,1330,1328.0
M,101,224.0,252.0,252.0,260.0,294.0,305.0,297.0,301.0,324.0,311.0,319.0,326.0,310.0,351.0,370.0,381.0,423.0,455.0,483.0,508.0,500.0,564.0,627.0,608.0,623.0,666.0,663.0,742.0,696.0,727.0,768.0,732.0,701.0,688.0,743,753.0,685.0,718.0,700.0,670.0,661.0,650.0,676.0,659.0,650.0,635.0,652.0,719.0,668.0,669.0,658.0,654.0,629.0,638.0,629.0,642.0,639.0,619.0,605.0,611.0,623.0,545.0,541.0,541.0,545.0,552.0,557.0,568.0,559.0,562.0,557.0,519,524.0,514.0,495.0,463.0,533,500.0
M,102,88.0,92.0,108.0,101.0,101.0,125.0,122.0,102.0,99.0,124.0,118.0,132.0,126.0,118.0,137.0,122.0,144.0,167.0,173.0,200.0,206.0,200.0,229.0,237.0,217.0,242.0,242.0,257.0,293.0,281.0,306.0,303.0,275.0,269.0,270,286.0,284.0,256.0,275.0,268.0,240.0,224.0,231.0,236.0,234.0,218.0,231.0,240.0,266.0,231.0,230.0,222.0,233.0,226.0,231.0,209.0,217.0,232.0,237.0,225.0,203.0,247.0,197.0,206.0,203.0,193.0,198.0,193.0,201.0,200.0,190.0,203,188.0,193.0,181.0,171.0,166,182.0
M,103,25.0,33.0,33.0,33.0,35.0,35.0,49.0,40.0,36.0,30.0,40.0,39.0,55.0,46.0,47.0,60.0,43.0,58.0,67.0,65.0,76.0,71.0,75.0,95.0,96.0,79.0,92.0,89.0,101.0,92.0,107.0,126.0,109.0,94.0,87,85.0,95.0,99.0,101.0,96.0,111.0,97.0,86.0,89.0,93.0,96.0,81.0,83.0,97.0,110.0,89.0,91.0,86.0,89.0,94.0,92.0,81.0,85.0,97.0,92.0,88.0,81.0,97.0,73.0,76.0,71.0,58.0,69.0,73.0,74.0,70.0,70,68.0,70.0,68.0,60.0,60,56.0
M,104,13.0,13.0,11.0,13.0,11.0,15.0,13.0,21.0,18.0,16.0,11.0,19.0,17.0,21.0,20.0,17.0,27.0,20.0,25.0,26.0,23.0,28.0,25.0,36.0,34.0,35.0,23.0,36.0,28.0,39.0,34.0,32.0,50.0,46.0,33,33.0,33.0,37.0,44.0,34.0,34.0,48.0,45.0,36.0,37.0,33.0,27.0,26.0,35.0,35.0,41.0,34.0,42.0,33.0,34.0,40.0,35.0,34.0,33.0,38.0,34.0,32.0,29.0,29.0,32.0,25.0,32.0,23.0,26.0,24.0,26.0,27,30.0,24.0,27.0,28.0,19,20.0
M,105,1.0,3.0,4.0,3.0,6.0,7.0,6.0,8.0,9.0,7.0,7.0,3.0,9.0,11.0,10.0,5.0,7.0,9.0,6.0,6.0,12.0,6.0,7.0,11.0,21.0,13.0,12.0,12.0,15.0,11.0,10.0,12.0,14.0,20.0,15,16.0,13.0,13.0,16.0,13.0,11.0,12.0,14.0,20.0,15.0,15.0,11.0,13.0,7.0,13.0,9.0,19.0,16.0,17.0,11.0,16.0,19.0,16.0,13.0,17.0,13.0,13.0,8.0,13.0,12.0,13.0,10.0,14.0,9.0,8.0,11.0,10,11.0,14.0,11.0,16.0,14,9.0
M,106,,1.0,1.0,2.0,,2.0,2.0,2.0,5.0,3.0,5.0,2.0,1.0,,4.0,4.0,4.0,1.0,3.0,3.0,3.0,6.0,2.0,3.0,4.0,7.0,4.0,5.0,2.0,8.0,5.0,5.0,6.0,5.0,8,8.0,8.0,4.0,5.0,6.0,3.0,4.0,6.0,5.0,8.0,4.0,7.0,5.0,4.0,5.0,4.0,2.0,7.0,8.0,3.0,5.0,8.0,9.0,7.0,5.0,8.0,5.0,3.0,6.0,7.0,7.0,7.0,3.0,6.0,3.0,1.0,4,1.0,5.0,3.0,3.0,7,4.0
M,107,,,,1.0,,,,1.0,,,,,1.0,1.0,,1.0,1.0,1.0,,,1.0,2.0,,1.0,1.0,3.0,3.0,4.0,2.0,,4.0,2.0,3.0,4.0,2,4.0,5.0,4.0,3.0,1.0,3.0,1.0,3.0,3.0,3.0,2.0,1.0,5.0,3.0,,3.0,2.0,1.0,4.0,4.0,,3.0,1.0,3.0,4.0,1.0,3.0,2.0,,1.0,2.0,4.0,5.0,,2.0,1.0,1,1.0,,2.0,1.0,1,5.0
M,108,,,,,,,,,,,,,,,,,1.0,,,,,,1.0,,1.0,,,2.0,3.0,1.0,,2.0,,1.0,1,,2.0,,1.0,1.0,1.0,,,2.0,2.0,1.0,,1.0,3.0,2.0,,2.0,,,2.0,1.0,,,,,1.0,,,1.0,,,1.0,2.0,2.0,,2.0,1,,1.0,,2.0,1,1.0
M,109,,,,,,,,,,,,,,,,,,,,,,,,,,,,,2.0,2.0,,,1.0,,1,,,1.0,,,1.0,1.0,,,1.0,1.0,,,,,1.0,,2.0,,,,1.0,,,,,,,,,,,1.0,2.0,,,1,1.0,,1.0,,1,1.0
