sex,alder,pop_2023,pop_4047,pop_4048,pop_4049,pop_4050,pop_4051,pop_4052,pop_4053,pop_4054,pop_4055,pop_4056,pop_4057,pop_4058,pop_4059,pop_4060,pop_4061,pop_4062,pop_4063,pop_4064,pop_4065,pop_4066,pop_4067,pop_4068,pop_4069,pop_4070,pop_4071,pop_4072,pop_4073,pop_4074,pop_4075,pop_4076,pop_4077,pop_4078,pop_4079,pop_4080,pop_4081,pop_4082,pop_4083,pop_4084,pop_4085,pop_4086,pop_4087,pop_4088,pop_4089,pop_4090,pop_4091,pop_4092,pop_4093,pop_4094,pop_4095,pop_4096,pop_4097,pop_4098,pop_4099,pop_4100,pop_4101,pop_4102,pop_4103,pop_4104,pop_4105,pop_4106,pop_4107,pop_4108,pop_4109,pop_4110,pop_4111,pop_4112,pop_4113,pop_4114,pop_4115,pop_4116,pop_4117,pop_4118,pop_4119,pop_4120,pop_4121,pop_4122,pop_4123,pop_4124,pop_4125,pop_4126,pop_4127,pop_4128,pop_4129,pop_4130,pop_4131,pop_4132,pop_4133,pop_4134,pop_4135,pop_4136,pop_4137,pop_4138,pop_4139,pop_4140,pop_4141,pop_4142,pop_4143,pop_4144,pop_4145,pop_4146
K,0,253.0,257.0,316.0,328.0,345.0,342.0,367.0,396.0,399.0,438.0,434.0,456.0,464.0,447.0,500.0,538.0,516.0,551.0,569.0,581.0,592.0,657.0,623.0,657.0,631.0,614.0,638.0,675.0,658.0,721.0,729.0,755.0,746.0,796.0,767.0,814.0,822.0,815.0,849.0,851.0,843.0,885.0,895.0,904.0,948.0,861.0,957.0,907.0,922.0,933.0,1001.0,986.0,979.0,1022.0,1012.0,1025.0,1021.0,1038.0,1060.0,1041.0,1058.0,1059.0,1047.0,1082.0,1103.0,1103.0,1158.0,1095.0,1136.0,1116.0,1155.0,1175.0,1178.0,1191.0,1176.0,1247.0,1229.0,1212.0,1269.0,1234.0,1245.0,1246.0,1249.0,1298.0,1282.0,1249.0,1337.0,1337.0,1298.0,1306.0,1296.0,1302.0,1360.0,1396.0,1372.0,1325.0,1360.0,1371.0,1415.0,1395.0,1409.0
K,1,280.0,277.0,283.0,333.0,351.0,372.0,364.0,387.0,421.0,417.0,461.0,458.0,483.0,484.0,459.0,526.0,561.0,532.0,574.0,589.0,599.0,611.0,687.0,643.0,675.0,653.0,637.0,658.0,696.0,679.0,746.0,748.0,775.0,767.0,820.0,787.0,828.0,842.0,831.0,868.0,869.0,858.0,908.0,908.0,918.0,976.0,882.0,971.0,937.0,948.0,951.0,1028.0,1003.0,1000.0,1041.0,1031.0,1044.0,1041.0,1062.0,1082.0,1066.0,1075.0,1075.0,1071.0,1103.0,1120.0,1128.0,1175.0,1117.0,1152.0,1132.0,1184.0,1195.0,1196.0,1215.0,1191.0,1263.0,1246.0,1225.0,1291.0,1248.0,1265.0,1253.0,1271.0,1318.0,1304.0,1266.0,1356.0,1360.0,1319.0,1332.0,1311.0,1319.0,1385.0,1416.0,1396.0,1339.0,1381.0,1391.0,1439.0,1416.0
K,2,268.0,295.0,296.0,301.0,357.0,369.0,390.0,384.0,407.0,435.0,442.0,482.0,476.0,505.0,507.0,482.0,545.0,584.0,548.0,602.0,621.0,617.0,623.0,703.0,671.0,686.0,670.0,663.0,679.0,712.0,704.0,767.0,762.0,795.0,796.0,833.0,807.0,849.0,870.0,846.0,893.0,891.0,871.0,927.0,944.0,937.0,997.0,905.0,997.0,951.0,961.0,973.0,1048.0,1021.0,1017.0,1056.0,1056.0,1061.0,1065.0,1089.0,1106.0,1081.0,1098.0,1093.0,1088.0,1124.0,1140.0,1148.0,1191.0,1147.0,1172.0,1157.0,1206.0,1219.0,1210.0,1233.0,1213.0,1282.0,1268.0,1237.0,1307.0,1270.0,1292.0,1277.0,1299.0,1336.0,1336.0,1292.0,1376.0,1378.0,1336.0,1355.0,1328.0,1339.0,1400.0,1434.0,1410.0,1364.0,1392.0,1412.0,1466.0
K,3,275.0,286.0,315.0,309.0,320.0,375.0,387.0,407.0,400.0,426.0,461.0,465.0,505.0,493.0,528.0,520.0,495.0,564.0,605.0,569.0,621.0,647.0,638.0,642.0,725.0,693.0,704.0,685.0,683.0,702.0,726.0,722.0,782.0,784.0,813.0,816.0,852.0,826.0,869.0,894.0,865.0,909.0,909.0,888.0,954.0,960.0,957.0,1018.0,924.0,1019.0,968.0,979.0,997.0,1064.0,1047.0,1033.0,1076.0,1079.0,1072.0,1085.0,1111.0,1123.0,1108.0,1115.0,1114.0,1103.0,1140.0,1160.0,1167.0,1209.0,1174.0,1185.0,1184.0,1221.0,1240.0,1232.0,1252.0,1233.0,1309.0,1281.0,1257.0,1326.0,1294.0,1310.0,1293.0,1314.0,1354.0,1364.0,1310.0,1391.0,1401.0,1357.0,1369.0,1350.0,1358.0,1418.0,1450.0,1430.0,1381.0,1417.0,1426.0
K,4,277.0,296.0,305.0,338.0,327.0,336.0,389.0,408.0,429.0,416.0,452.0,483.0,489.0,525.0,516.0,555.0,544.0,507.0,584.0,627.0,584.0,649.0,664.0,661.0,658.0,749.0,709.0,730.0,709.0,701.0,711.0,746.0,738.0,807.0,809.0,831.0,834.0,880.0,843.0,879.0,916.0,882.0,925.0,931.0,908.0,972.0,976.0,977.0,1032.0,939.0,1038.0,989.0,1001.0,1011.0,1077.0,1071.0,1051.0,1091.0,1094.0,1081.0,1102.0,1133.0,1145.0,1120.0,1129.0,1135.0,1131.0,1157.0,1183.0,1190.0,1225.0,1189.0,1207.0,1201.0,1244.0,1253.0,1255.0,1271.0,1254.0,1335.0,1301.0,1268.0,1341.0,1317.0,1333.0,1306.0,1334.0,1375.0,1388.0,1330.0,1403.0,1426.0,1374.0,1386.0,1371.0,1385.0,1433.0,1467.0,1441.0,1401.0,1431.0
K,5,285.0,311.0,316.0,325.0,361.0,344.0,357.0,402.0,425.0,449.0,435.0,471.0,496.0,517.0,546.0,544.0,576.0,556.0,529.0,602.0,645.0,606.0,681.0,683.0,684.0,675.0,766.0,724.0,749.0,735.0,729.0,731.0,765.0,767.0,828.0,832.0,856.0,856.0,905.0,872.0,909.0,931.0,904.0,947.0,952.0,931.0,994.0,990.0,1008.0,1050.0,962.0,1064.0,1008.0,1026.0,1036.0,1092.0,1094.0,1078.0,1113.0,1119.0,1095.0,1117.0,1158.0,1164.0,1140.0,1151.0,1148.0,1146.0,1176.0,1202.0,1217.0,1246.0,1215.0,1227.0,1230.0,1273.0,1287.0,1278.0,1290.0,1279.0,1352.0,1321.0,1291.0,1360.0,1328.0,1349.0,1330.0,1355.0,1393.0,1406.0,1343.0,1418.0,1445.0,1390.0,1410.0,1388.0,1409.0,1453.0,1492.0,1465.0,1424.0
K,6,297.0,302.0,336.0,335.0,350.0,381.0,364.0,385.0,420.0,445.0,468.0,459.0,500.0,517.0,539.0,566.0,565.0,593.0,575.0,548.0,618.0,661.0,627.0,704.0,707.0,715.0,690.0,791.0,745.0,763.0,760.0,747.0,748.0,791.0,793.0,848.0,862.0,871.0,870.0,921.0,891.0,932.0,954.0,926.0,969.0,971.0,954.0,1010.0,1017.0,1025.0,1074.0,988.0,1089.0,1025.0,1050.0,1069.0,1115.0,1112.0,1093.0,1129.0,1133.0,1114.0,1140.0,1185.0,1183.0,1158.0,1177.0,1177.0,1170.0,1200.0,1222.0,1238.0,1263.0,1238.0,1245.0,1249.0,1303.0,1305.0,1291.0,1306.0,1300.0,1382.0,1341.0,1306.0,1376.0,1351.0,1383.0,1353.0,1376.0,1420.0,1441.0,1369.0,1437.0,1469.0,1412.0,1432.0,1419.0,1427.0,1476.0,1513.0,1484.0
K,7,300.0,321.0,328.0,364.0,367.0,375.0,398.0,382.0,410.0,439.0,463.0,489.0,479.0,520.0,540.0,559.0,593.0,588.0,611.0,597.0,569.0,640.0,693.0,653.0,730.0,725.0,733.0,713.0,820.0,761.0,785.0,781.0,769.0,772.0,815.0,819.0,878.0,879.0,898.0,896.0,944.0,908.0,950.0,975.0,950.0,994.0,996.0,968.0,1027.0,1038.0,1051.0,1092.0,1009.0,1110.0,1045.0,1075.0,1094.0,1133.0,1137.0,1110.0,1147.0,1149.0,1132.0,1155.0,1202.0,1209.0,1174.0,1204.0,1204.0,1191.0,1228.0,1239.0,1261.0,1280.0,1262.0,1275.0,1271.0,1320.0,1328.0,1315.0,1320.0,1320.0,1403.0,1362.0,1324.0,1399.0,1370.0,1406.0,1373.0,1395.0,1442.0,1460.0,1384.0,1455.0,1488.0,1428.0,1452.0,1443.0,1452.0,1498.0,1532.0
K,8,302.0,331.0,338.0,347.0,382.0,386.0,401.0,418.0,412.0,436.0,455.0,485.0,507.0,503.0,540.0,568.0,587.0,605.0,607.0,634.0,613.0,587.0,662.0,708.0,675.0,755.0,745.0,746.0,737.0,835.0,783.0,812.0,799.0,785.0,800.0,833.0,843.0,898.0,901.0,913.0,921.0,970.0,927.0,971.0,998.0,971.0,1019.0,1012.0,986.0,1055.0,1059.0,1072.0,1113.0,1035.0,1136.0,1064.0,1100.0,1117.0,1149.0,1159.0,1135.0,1162.0,1183.0,1151.0,1171.0,1228.0,1238.0,1201.0,1224.0,1228.0,1219.0,1251.0,1260.0,1286.0,1300.0,1294.0,1302.0,1287.0,1341.0,1348.0,1338.0,1345.0,1335.0,1425.0,1380.0,1345.0,1421.0,1394.0,1436.0,1395.0,1422.0,1472.0,1478.0,1411.0,1477.0,1511.0,1452.0,1477.0,1468.0,1481.0,1517.0
K,9,306.0,325.0,344.0,357.0,369.0,408.0,413.0,421.0,435.0,438.0,463.0,480.0,507.0,532.0,519.0,566.0,590.0,611.0,621.0,624.0,656.0,635.0,608.0,693.0,733.0,689.0,784.0,761.0,762.0,760.0,858.0,801.0,838.0,823.0,802.0,822.0,851.0,861.0,916.0,928.0,931.0,947.0,990.0,948.0,991.0,1020.0,997.0,1043.0,1038.0,1010.0,1075.0,1078.0,1096.0,1127.0,1054.0,1156.0,1087.0,1111.0,1135.0,1176.0,1180.0,1161.0,1187.0,1209.0,1168.0,1193.0,1260.0,1258.0,1224.0,1245.0,1247.0,1246.0,1274.0,1281.0,1309.0,1322.0,1326.0,1327.0,1312.0,1369.0,1368.0,1356.0,1372.0,1349.0,1439.0,1409.0,1357.0,1438.0,1417.0,1453.0,1416.0,1447.0,1497.0,1495.0,1433.0,1496.0,1530.0,1476.0,1496.0,1490.0,1506.0
K,10,314.0,329.0,352.0,370.0,388.0,397.0,426.0,437.0,445.0,461.0,469.0,481.0,503.0,528.0,556.0,542.0,588.0,610.0,633.0,640.0,652.0,682.0,655.0,630.0,722.0,755.0,719.0,810.0,782.0,791.0,784.0,875.0,824.0,858.0,836.0,823.0,846.0,865.0,879.0,933.0,946.0,953.0,969.0,1015.0,968.0,1017.0,1051.0,1017.0,1064.0,1052.0,1037.0,1102.0,1108.0,1117.0,1147.0,1074.0,1184.0,1107.0,1131.0,1166.0,1201.0,1209.0,1181.0,1215.0,1239.0,1194.0,1219.0,1279.0,1270.0,1245.0,1261.0,1266.0,1269.0,1294.0,1303.0,1327.0,1350.0,1349.0,1342.0,1335.0,1392.0,1385.0,1390.0,1401.0,1370.0,1464.0,1433.0,1382.0,1471.0,1446.0,1478.0,1446.0,1469.0,1523.0,1519.0,1459.0,1513.0,1555.0,1501.0,1518.0,1523.0
K,11,315.0,336.0,354.0,380.0,396.0,414.0,418.0,459.0,460.0,470.0,486.0,496.0,497.0,523.0,547.0,581.0,567.0,617.0,623.0,647.0,658.0,673.0,702.0,685.0,650.0,751.0,786.0,743.0,836.0,803.0,821.0,802.0,906.0,856.0,888.0,858.0,846.0,868.0,896.0,895.0,961.0,971.0,980.0,988.0,1042.0,989.0,1052.0,1075.0,1040.0,1085.0,1066.0,1059.0,1131.0,1129.0,1159.0,1169.0,1104.0,1204.0,1135.0,1155.0,1191.0,1223.0,1234.0,1206.0,1242.0,1262.0,1215.0,1234.0,1303.0,1290.0,1270.0,1286.0,1291.0,1289.0,1317.0,1332.0,1342.0,1372.0,1373.0,1362.0,1356.0,1415.0,1410.0,1416.0,1432.0,1396.0,1489.0,1455.0,1401.0,1494.0,1473.0,1501.0,1472.0,1490.0,1544.0,1544.0,1476.0,1540.0,1582.0,1518.0,1542.0
K,12,326.0,344.0,350.0,374.0,402.0,423.0,442.0,438.0,478.0,488.0,502.0,510.0,520.0,517.0,544.0,577.0,607.0,595.0,641.0,646.0,667.0,685.0,693.0,727.0,717.0,668.0,768.0,802.0,764.0,862.0,838.0,844.0,824.0,928.0,877.0,904.0,879.0,861.0,883.0,923.0,922.0,993.0,992.0,1012.0,1007.0,1070.0,1019.0,1075.0,1105.0,1055.0,1108.0,1083.0,1083.0,1167.0,1156.0,1179.0,1194.0,1121.0,1227.0,1158.0,1181.0,1219.0,1251.0,1249.0,1233.0,1269.0,1282.0,1233.0,1254.0,1318.0,1313.0,1293.0,1308.0,1313.0,1319.0,1339.0,1359.0,1358.0,1395.0,1402.0,1387.0,1377.0,1444.0,1439.0,1433.0,1461.0,1410.0,1518.0,1482.0,1432.0,1514.0,1494.0,1522.0,1505.0,1510.0,1577.0,1577.0,1500.0,1561.0,1602.0,1552.0
K,13,330.0,339.0,371.0,376.0,402.0,432.0,438.0,468.0,460.0,494.0,518.0,533.0,532.0,547.0,543.0,564.0,597.0,637.0,621.0,670.0,670.0,691.0,714.0,723.0,759.0,736.0,706.0,782.0,821.0,782.0,879.0,869.0,865.0,843.0,946.0,893.0,929.0,913.0,882.0,901.0,951.0,948.0,1023.0,1017.0,1033.0,1028.0,1087.0,1048.0,1107.0,1132.0,1082.0,1142.0,1107.0,1107.0,1186.0,1173.0,1203.0,1219.0,1138.0,1247.0,1192.0,1208.0,1249.0,1281.0,1278.0,1263.0,1297.0,1308.0,1256.0,1278.0,1341.0,1336.0,1322.0,1331.0,1335.0,1337.0,1366.0,1384.0,1380.0,1424.0,1424.0,1413.0,1403.0,1468.0,1460.0,1452.0,1497.0,1441.0,1539.0,1500.0,1459.0,1541.0,1518.0,1547.0,1535.0,1530.0,1599.0,1594.0,1530.0,1582.0,1624.0
K,14,326.0,346.0,363.0,395.0,405.0,424.0,456.0,451.0,500.0,488.0,510.0,549.0,558.0,555.0,557.0,572.0,598.0,628.0,666.0,649.0,696.0,703.0,714.0,735.0,743.0,786.0,756.0,728.0,808.0,848.0,813.0,900.0,888.0,890.0,866.0,974.0,919.0,946.0,943.0,905.0,925.0,965.0,983.0,1046.0,1037.0,1056.0,1054.0,1116.0,1068.0,1121.0,1161.0,1101.0,1159.0,1129.0,1140.0,1211.0,1192.0,1225.0,1240.0,1164.0,1267.0,1209.0,1237.0,1270.0,1309.0,1314.0,1283.0,1322.0,1331.0,1280.0,1298.0,1365.0,1361.0,1349.0,1351.0,1353.0,1352.0,1388.0,1412.0,1408.0,1448.0,1442.0,1438.0,1426.0,1480.0,1486.0,1475.0,1515.0,1463.0,1554.0,1528.0,1482.0,1570.0,1546.0,1571.0,1558.0,1550.0,1621.0,1618.0,1552.0,1601.0
K,15,319.0,357.0,362.0,393.0,422.0,428.0,445.0,473.0,490.0,523.0,506.0,530.0,563.0,591.0,581.0,579.0,600.0,630.0,656.0,684.0,678.0,719.0,727.0,729.0,755.0,762.0,814.0,778.0,759.0,826.0,864.0,838.0,920.0,904.0,912.0,896.0,999.0,940.0,971.0,968.0,926.0,950.0,990.0,1009.0,1061.0,1062.0,1082.0,1078.0,1138.0,1085.0,1136.0,1180.0,1121.0,1177.0,1151.0,1165.0,1236.0,1207.0,1251.0,1260.0,1183.0,1287.0,1241.0,1258.0,1285.0,1323.0,1339.0,1312.0,1345.0,1353.0,1304.0,1320.0,1383.0,1389.0,1376.0,1375.0,1369.0,1375.0,1412.0,1433.0,1430.0,1466.0,1457.0,1472.0,1445.0,1505.0,1515.0,1493.0,1540.0,1490.0,1575.0,1553.0,1514.0,1589.0,1572.0,1594.0,1591.0,1571.0,1647.0,1644.0,1573.0
K,16,321.0,348.0,388.0,389.0,408.0,451.0,457.0,467.0,497.0,511.0,558.0,528.0,546.0,584.0,626.0,599.0,616.0,624.0,653.0,681.0,710.0,706.0,746.0,752.0,757.0,770.0,785.0,833.0,810.0,784.0,844.0,884.0,857.0,942.0,928.0,931.0,928.0,1020.0,972.0,993.0,1001.0,951.0,968.0,1015.0,1038.0,1081.0,1075.0,1112.0,1100.0,1162.0,1104.0,1160.0,1205.0,1144.0,1196.0,1171.0,1185.0,1255.0,1222.0,1277.0,1284.0,1210.0,1309.0,1270.0,1285.0,1306.0,1351.0,1360.0,1332.0,1368.0,1379.0,1333.0,1345.0,1405.0,1426.0,1403.0,1400.0,1402.0,1389.0,1436.0,1462.0,1463.0,1502.0,1475.0,1489.0,1470.0,1531.0,1539.0,1515.0,1560.0,1515.0,1599.0,1578.0,1532.0,1603.0,1593.0,1615.0,1613.0,1590.0,1665.0,1670.0
K,17,315.0,347.0,363.0,419.0,421.0,434.0,482.0,484.0,494.0,532.0,535.0,584.0,559.0,571.0,602.0,646.0,616.0,639.0,639.0,675.0,700.0,745.0,734.0,763.0,774.0,778.0,797.0,817.0,855.0,834.0,814.0,867.0,902.0,879.0,969.0,952.0,948.0,947.0,1041.0,996.0,1025.0,1033.0,979.0,991.0,1046.0,1065.0,1101.0,1093.0,1140.0,1124.0,1183.0,1125.0,1185.0,1231.0,1168.0,1215.0,1191.0,1208.0,1276.0,1240.0,1303.0,1305.0,1237.0,1337.0,1295.0,1306.0,1332.0,1369.0,1380.0,1357.0,1389.0,1410.0,1354.0,1373.0,1423.0,1453.0,1428.0,1423.0,1424.0,1414.0,1460.0,1480.0,1486.0,1522.0,1494.0,1519.0,1501.0,1554.0,1563.0,1540.0,1582.0,1533.0,1621.0,1605.0,1554.0,1636.0,1617.0,1639.0,1633.0,1613.0,1695.0
K,18,316.0,340.0,373.0,391.0,436.0,446.0,456.0,508.0,508.0,513.0,555.0,557.0,618.0,588.0,598.0,633.0,665.0,637.0,655.0,667.0,694.0,720.0,755.0,757.0,786.0,812.0,804.0,836.0,845.0,884.0,852.0,834.0,889.0,925.0,903.0,995.0,989.0,977.0,968.0,1063.0,1008.0,1047.0,1063.0,995.0,1015.0,1067.0,1088.0,1129.0,1125.0,1164.0,1148.0,1202.0,1141.0,1207.0,1251.0,1193.0,1237.0,1214.0,1231.0,1299.0,1265.0,1335.0,1331.0,1256.0,1363.0,1326.0,1335.0,1365.0,1392.0,1405.0,1381.0,1411.0,1443.0,1376.0,1392.0,1450.0,1474.0,1459.0,1455.0,1452.0,1445.0,1491.0,1513.0,1506.0,1541.0,1519.0,1543.0,1526.0,1573.0,1591.0,1560.0,1610.0,1563.0,1649.0,1635.0,1577.0,1654.0,1643.0,1660.0,1641.0,1636.0
K,19,314.0,342.0,359.0,399.0,410.0,464.0,464.0,484.0,522.0,528.0,538.0,575.0,580.0,640.0,611.0,625.0,663.0,688.0,656.0,675.0,702.0,714.0,746.0,783.0,780.0,806.0,833.0,827.0,862.0,875.0,901.0,874.0,861.0,913.0,955.0,928.0,1020.0,1008.0,994.0,992.0,1089.0,1032.0,1076.0,1088.0,1018.0,1035.0,1099.0,1115.0,1157.0,1152.0,1180.0,1169.0,1225.0,1166.0,1225.0,1281.0,1222.0,1269.0,1241.0,1250.0,1332.0,1284.0,1357.0,1358.0,1281.0,1379.0,1350.0,1357.0,1390.0,1416.0,1434.0,1400.0,1443.0,1466.0,1396.0,1411.0,1474.0,1488.0,1484.0,1478.0,1476.0,1475.0,1525.0,1534.0,1533.0,1559.0,1545.0,1570.0,1548.0,1592.0,1609.0,1580.0,1635.0,1585.0,1682.0,1661.0,1599.0,1685.0,1666.0,1676.0,1664.0
K,20,311.0,335.0,372.0,391.0,428.0,437.0,487.0,490.0,510.0,549.0,553.0,553.0,601.0,600.0,660.0,635.0,652.0,685.0,709.0,676.0,699.0,722.0,734.0,765.0,806.0,810.0,832.0,862.0,857.0,886.0,903.0,922.0,909.0,891.0,937.0,979.0,950.0,1044.0,1037.0,1017.0,1018.0,1110.0,1047.0,1101.0,1110.0,1041.0,1059.0,1114.0,1132.0,1177.0,1177.0,1208.0,1199.0,1251.0,1195.0,1247.0,1307.0,1252.0,1288.0,1260.0,1269.0,1361.0,1305.0,1382.0,1378.0,1306.0,1402.0,1373.0,1375.0,1415.0,1444.0,1455.0,1434.0,1475.0,1487.0,1431.0,1431.0,1504.0,1511.0,1514.0,1496.0,1506.0,1498.0,1556.0,1553.0,1559.0,1582.0,1569.0,1591.0,1568.0,1618.0,1630.0,1602.0,1655.0,1606.0,1700.0,1681.0,1617.0,1715.0,1683.0,1708.0
K,21,316.0,330.0,357.0,396.0,413.0,451.0,457.0,519.0,510.0,534.0,570.0,573.0,584.0,622.0,631.0,679.0,659.0,674.0,706.0,740.0,711.0,726.0,748.0,762.0,794.0,831.0,829.0,856.0,882.0,879.0,912.0,923.0,949.0,932.0,924.0,961.0,999.0,979.0,1065.0,1058.0,1052.0,1041.0,1137.0,1072.0,1131.0,1137.0,1065.0,1083.0,1135.0,1160.0,1194.0,1205.0,1233.0,1221.0,1276.0,1220.0,1272.0,1341.0,1276.0,1317.0,1281.0,1294.0,1378.0,1337.0,1406.0,1404.0,1330.0,1428.0,1399.0,1405.0,1440.0,1470.0,1479.0,1461.0,1496.0,1523.0,1455.0,1451.0,1531.0,1533.0,1542.0,1521.0,1525.0,1510.0,1593.0,1574.0,1576.0,1603.0,1590.0,1613.0,1590.0,1641.0,1653.0,1627.0,1682.0,1628.0,1720.0,1708.0,1647.0,1734.0,1707.0
K,22,329.0,336.0,348.0,378.0,423.0,435.0,484.0,476.0,549.0,542.0,555.0,589.0,600.0,598.0,647.0,656.0,702.0,667.0,699.0,728.0,774.0,736.0,753.0,774.0,788.0,819.0,846.0,859.0,884.0,902.0,897.0,940.0,950.0,975.0,965.0,956.0,973.0,1027.0,1000.0,1092.0,1079.0,1073.0,1061.0,1153.0,1104.0,1146.0,1159.0,1090.0,1107.0,1164.0,1189.0,1230.0,1230.0,1261.0,1251.0,1309.0,1243.0,1293.0,1362.0,1305.0,1335.0,1304.0,1323.0,1395.0,1365.0,1429.0,1427.0,1361.0,1459.0,1431.0,1421.0,1463.0,1495.0,1509.0,1486.0,1523.0,1552.0,1476.0,1473.0,1561.0,1558.0,1567.0,1550.0,1554.0,1539.0,1617.0,1598.0,1597.0,1630.0,1623.0,1631.0,1615.0,1659.0,1684.0,1650.0,1708.0,1657.0,1735.0,1724.0,1678.0,1760.0
K,23,331.0,349.0,363.0,372.0,403.0,447.0,453.0,516.0,500.0,569.0,560.0,573.0,608.0,627.0,622.0,677.0,680.0,723.0,681.0,720.0,756.0,805.0,754.0,776.0,803.0,809.0,847.0,870.0,884.0,909.0,922.0,915.0,967.0,965.0,998.0,984.0,983.0,998.0,1042.0,1023.0,1120.0,1102.0,1090.0,1087.0,1170.0,1127.0,1173.0,1182.0,1120.0,1135.0,1184.0,1211.0,1251.0,1249.0,1278.0,1275.0,1333.0,1265.0,1317.0,1385.0,1324.0,1363.0,1319.0,1345.0,1422.0,1387.0,1457.0,1452.0,1383.0,1494.0,1455.0,1443.0,1488.0,1526.0,1526.0,1514.0,1558.0,1579.0,1499.0,1494.0,1596.0,1572.0,1592.0,1574.0,1569.0,1562.0,1645.0,1636.0,1621.0,1652.0,1643.0,1662.0,1636.0,1676.0,1696.0,1687.0,1724.0,1680.0,1761.0,1749.0,1707.0
K,24,334.0,347.0,370.0,386.0,402.0,427.0,464.0,467.0,539.0,525.0,591.0,593.0,594.0,636.0,650.0,650.0,700.0,711.0,745.0,704.0,746.0,777.0,828.0,778.0,804.0,824.0,836.0,867.0,896.0,899.0,928.0,952.0,940.0,995.0,984.0,1029.0,1002.0,1012.0,1016.0,1063.0,1049.0,1140.0,1129.0,1117.0,1110.0,1196.0,1162.0,1189.0,1209.0,1145.0,1154.0,1208.0,1229.0,1270.0,1277.0,1305.0,1303.0,1358.0,1297.0,1337.0,1411.0,1342.0,1389.0,1346.0,1371.0,1439.0,1415.0,1476.0,1479.0,1403.0,1518.0,1474.0,1461.0,1505.0,1548.0,1552.0,1535.0,1579.0,1598.0,1528.0,1526.0,1623.0,1593.0,1613.0,1598.0,1589.0,1586.0,1679.0,1667.0,1648.0,1670.0,1666.0,1691.0,1665.0,1699.0,1718.0,1711.0,1747.0,1708.0,1790.0,1777.0
K,25,344.0,358.0,378.0,392.0,419.0,432.0,447.0,491.0,489.0,573.0,550.0,615.0,621.0,621.0,660.0,670.0,674.0,723.0,745.0,766.0,727.0,771.0,797.0,853.0,806.0,834.0,846.0,859.0,896.0,923.0,926.0,953.0,970.0,966.0,1021.0,1004.0,1062.0,1034.0,1031.0,1047.0,1082.0,1073.0,1163.0,1158.0,1145.0,1136.0,1218.0,1186.0,1217.0,1236.0,1179.0,1176.0,1236.0,1264.0,1300.0,1308.0,1334.0,1325.0,1395.0,1328.0,1362.0,1440.0,1378.0,1437.0,1370.0,1396.0,1459.0,1441.0,1501.0,1500.0,1427.0,1546.0,1497.0,1494.0,1535.0,1581.0,1573.0,1559.0,1611.0,1621.0,1551.0,1551.0,1661.0,1621.0,1640.0,1621.0,1610.0,1622.0,1703.0,1705.0,1675.0,1695.0,1686.0,1718.0,1689.0,1735.0,1755.0,1733.0,1773.0,1728.0,1818.0
K,26,357.0,363.0,383.0,411.0,431.0,444.0,458.0,471.0,512.0,514.0,604.0,567.0,644.0,644.0,643.0,690.0,691.0,696.0,745.0,773.0,791.0,756.0,801.0,819.0,865.0,833.0,858.0,882.0,879.0,927.0,955.0,955.0,985.0,1002.0,997.0,1037.0,1033.0,1091.0,1062.0,1063.0,1077.0,1109.0,1099.0,1196.0,1191.0,1171.0,1156.0,1247.0,1211.0,1246.0,1254.0,1205.0,1202.0,1271.0,1285.0,1317.0,1342.0,1358.0,1353.0,1428.0,1356.0,1386.0,1465.0,1405.0,1459.0,1388.0,1426.0,1480.0,1464.0,1523.0,1538.0,1463.0,1563.0,1523.0,1524.0,1565.0,1602.0,1597.0,1575.0,1633.0,1650.0,1580.0,1576.0,1693.0,1654.0,1662.0,1644.0,1634.0,1653.0,1726.0,1735.0,1699.0,1716.0,1713.0,1746.0,1713.0,1764.0,1780.0,1763.0,1803.0,1756.0
K,27,359.0,382.0,396.0,419.0,442.0,463.0,472.0,484.0,498.0,533.0,540.0,630.0,591.0,674.0,673.0,668.0,710.0,716.0,725.0,784.0,799.0,816.0,788.0,828.0,848.0,892.0,853.0,879.0,916.0,908.0,957.0,981.0,995.0,1015.0,1024.0,1015.0,1069.0,1062.0,1120.0,1091.0,1092.0,1108.0,1139.0,1128.0,1216.0,1221.0,1194.0,1182.0,1274.0,1229.0,1275.0,1285.0,1234.0,1228.0,1297.0,1316.0,1339.0,1372.0,1374.0,1381.0,1460.0,1390.0,1401.0,1500.0,1429.0,1481.0,1421.0,1450.0,1518.0,1492.0,1558.0,1568.0,1495.0,1593.0,1554.0,1559.0,1596.0,1631.0,1621.0,1601.0,1652.0,1678.0,1611.0,1604.0,1724.0,1685.0,1691.0,1680.0,1660.0,1681.0,1749.0,1757.0,1727.0,1738.0,1739.0,1765.0,1739.0,1794.0,1810.0,1794.0,1836.0
K,28,364.0,401.0,405.0,418.0,448.0,475.0,483.0,493.0,504.0,528.0,558.0,565.0,650.0,617.0,693.0,701.0,693.0,734.0,740.0,762.0,810.0,828.0,839.0,806.0,849.0,877.0,915.0,880.0,903.0,936.0,932.0,977.0,1008.0,1017.0,1043.0,1048.0,1043.0,1106.0,1103.0,1141.0,1119.0,1120.0,1142.0,1165.0,1156.0,1246.0,1249.0,1216.0,1212.0,1302.0,1251.0,1308.0,1320.0,1261.0,1252.0,1325.0,1348.0,1369.0,1400.0,1412.0,1396.0,1491.0,1411.0,1424.0,1528.0,1451.0,1503.0,1449.0,1482.0,1545.0,1518.0,1584.0,1596.0,1526.0,1620.0,1575.0,1590.0,1623.0,1665.0,1647.0,1620.0,1681.0,1705.0,1633.0,1633.0,1750.0,1711.0,1718.0,1701.0,1686.0,1697.0,1771.0,1784.0,1751.0,1759.0,1765.0,1788.0,1770.0,1824.0,1832.0,1819.0
K,29,370.0,394.0,432.0,430.0,448.0,472.0,502.0,505.0,530.0,530.0,560.0,586.0,592.0,681.0,645.0,711.0,720.0,719.0,760.0,763.0,782.0,844.0,856.0,874.0,830.0,880.0,916.0,937.0,902.0,929.0,962.0,960.0,1010.0,1034.0,1041.0,1071.0,1079.0,1069.0,1139.0,1129.0,1170.0,1141.0,1149.0,1172.0,1190.0,1187.0,1267.0,1267.0,1243.0,1233.0,1326.0,1275.0,1335.0,1341.0,1289.0,1267.0,1346.0,1378.0,1408.0,1428.0,1446.0,1419.0,1515.0,1434.0,1447.0,1554.0,1479.0,1526.0,1475.0,1513.0,1576.0,1541.0,1597.0,1630.0,1556.0,1653.0,1601.0,1612.0,1646.0,1685.0,1671.0,1642.0,1700.0,1728.0,1671.0,1657.0,1773.0,1725.0,1741.0,1730.0,1713.0,1727.0,1797.0,1806.0,1770.0,1784.0,1795.0,1809.0,1796.0,1853.0,1852.0
K,30,377.0,396.0,427.0,463.0,462.0,474.0,498.0,535.0,535.0,565.0,555.0,590.0,613.0,626.0,706.0,676.0,749.0,754.0,746.0,786.0,792.0,802.0,879.0,889.0,885.0,857.0,904.0,943.0,961.0,920.0,952.0,994.0,994.0,1041.0,1062.0,1074.0,1094.0,1108.0,1104.0,1172.0,1164.0,1192.0,1165.0,1180.0,1201.0,1224.0,1211.0,1286.0,1300.0,1274.0,1259.0,1349.0,1306.0,1364.0,1367.0,1319.0,1302.0,1382.0,1409.0,1434.0,1450.0,1467.0,1444.0,1542.0,1467.0,1481.0,1579.0,1515.0,1551.0,1501.0,1543.0,1605.0,1574.0,1622.0,1656.0,1587.0,1679.0,1640.0,1637.0,1667.0,1720.0,1689.0,1662.0,1728.0,1760.0,1704.0,1679.0,1803.0,1752.0,1771.0,1767.0,1740.0,1760.0,1831.0,1834.0,1804.0,1811.0,1819.0,1840.0,1823.0,1893.0
K,31,386.0,405.0,422.0,460.0,488.0,488.0,497.0,529.0,553.0,564.0,591.0,588.0,625.0,642.0,669.0,728.0,704.0,775.0,778.0,772.0,826.0,828.0,825.0,904.0,912.0,909.0,886.0,939.0,969.0,985.0,953.0,987.0,1030.0,1030.0,1070.0,1084.0,1104.0,1125.0,1131.0,1147.0,1202.0,1198.0,1216.0,1197.0,1208.0,1236.0,1250.0,1243.0,1312.0,1321.0,1309.0,1276.0,1371.0,1334.0,1392.0,1394.0,1351.0,1337.0,1417.0,1435.0,1458.0,1472.0,1487.0,1479.0,1572.0,1494.0,1505.0,1611.0,1546.0,1582.0,1529.0,1574.0,1631.0,1605.0,1658.0,1679.0,1618.0,1715.0,1667.0,1670.0,1692.0,1747.0,1718.0,1686.0,1746.0,1798.0,1730.0,1701.0,1819.0,1778.0,1805.0,1791.0,1771.0,1786.0,1868.0,1866.0,1823.0,1849.0,1844.0,1869.0,1848.0
K,32,394.0,423.0,439.0,452.0,487.0,522.0,511.0,529.0,552.0,579.0,591.0,613.0,622.0,660.0,661.0,699.0,747.0,739.0,804.0,812.0,799.0,853.0,855.0,853.0,939.0,942.0,934.0,907.0,979.0,997.0,1010.0,980.0,1029.0,1050.0,1058.0,1099.0,1108.0,1142.0,1148.0,1159.0,1175.0,1229.0,1226.0,1256.0,1226.0,1234.0,1266.0,1278.0,1276.0,1336.0,1350.0,1346.0,1311.0,1394.0,1360.0,1418.0,1416.0,1384.0,1367.0,1441.0,1455.0,1487.0,1512.0,1515.0,1503.0,1602.0,1514.0,1544.0,1636.0,1576.0,1607.0,1555.0,1602.0,1661.0,1632.0,1682.0,1720.0,1637.0,1754.0,1695.0,1689.0,1720.0,1766.0,1747.0,1716.0,1764.0,1822.0,1761.0,1725.0,1838.0,1810.0,1825.0,1812.0,1790.0,1814.0,1900.0,1894.0,1847.0,1876.0,1870.0,1894.0
K,33,389.0,421.0,452.0,471.0,481.0,517.0,553.0,540.0,564.0,574.0,606.0,624.0,649.0,648.0,685.0,688.0,740.0,784.0,771.0,838.0,843.0,821.0,885.0,886.0,886.0,963.0,965.0,960.0,933.0,1002.0,1022.0,1044.0,1001.0,1057.0,1076.0,1086.0,1130.0,1135.0,1158.0,1178.0,1194.0,1200.0,1245.0,1255.0,1292.0,1260.0,1262.0,1297.0,1310.0,1308.0,1359.0,1378.0,1367.0,1330.0,1427.0,1389.0,1451.0,1446.0,1404.0,1393.0,1465.0,1485.0,1523.0,1542.0,1550.0,1530.0,1628.0,1540.0,1573.0,1667.0,1606.0,1633.0,1589.0,1642.0,1691.0,1661.0,1705.0,1752.0,1673.0,1786.0,1718.0,1717.0,1734.0,1793.0,1776.0,1743.0,1805.0,1849.0,1791.0,1745.0,1861.0,1838.0,1853.0,1844.0,1818.0,1845.0,1921.0,1920.0,1861.0,1903.0,1890.0
K,34,386.0,422.0,448.0,480.0,501.0,511.0,547.0,589.0,568.0,598.0,600.0,630.0,649.0,681.0,672.0,711.0,721.0,763.0,799.0,802.0,870.0,880.0,847.0,919.0,920.0,918.0,994.0,989.0,985.0,962.0,1023.0,1057.0,1074.0,1025.0,1085.0,1105.0,1128.0,1154.0,1165.0,1187.0,1202.0,1220.0,1223.0,1279.0,1283.0,1321.0,1289.0,1293.0,1331.0,1341.0,1335.0,1392.0,1401.0,1408.0,1355.0,1465.0,1415.0,1488.0,1477.0,1434.0,1426.0,1488.0,1526.0,1554.0,1575.0,1591.0,1555.0,1665.0,1570.0,1590.0,1687.0,1631.0,1657.0,1619.0,1675.0,1716.0,1692.0,1736.0,1787.0,1703.0,1819.0,1756.0,1750.0,1764.0,1826.0,1805.0,1760.0,1833.0,1882.0,1819.0,1774.0,1892.0,1872.0,1882.0,1876.0,1843.0,1878.0,1953.0,1945.0,1887.0,1920.0
K,35,374.0,418.0,452.0,470.0,507.0,524.0,541.0,586.0,621.0,610.0,623.0,622.0,648.0,691.0,708.0,696.0,747.0,750.0,788.0,813.0,823.0,899.0,911.0,879.0,941.0,949.0,950.0,1024.0,1011.0,1008.0,986.0,1052.0,1089.0,1114.0,1052.0,1112.0,1130.0,1159.0,1188.0,1188.0,1206.0,1240.0,1238.0,1250.0,1304.0,1316.0,1351.0,1311.0,1322.0,1354.0,1369.0,1368.0,1418.0,1428.0,1436.0,1378.0,1493.0,1442.0,1513.0,1510.0,1464.0,1454.0,1518.0,1550.0,1572.0,1608.0,1615.0,1580.0,1694.0,1600.0,1611.0,1721.0,1657.0,1681.0,1649.0,1704.0,1740.0,1713.0,1755.0,1809.0,1734.0,1854.0,1780.0,1769.0,1787.0,1862.0,1831.0,1786.0,1857.0,1909.0,1839.0,1802.0,1923.0,1894.0,1910.0,1900.0,1873.0,1897.0,1981.0,1971.0,1924.0
K,36,367.0,396.0,437.0,476.0,493.0,528.0,549.0,570.0,608.0,660.0,632.0,659.0,650.0,674.0,718.0,730.0,722.0,781.0,783.0,809.0,837.0,844.0,925.0,940.0,915.0,962.0,980.0,978.0,1058.0,1040.0,1029.0,1012.0,1072.0,1118.0,1135.0,1088.0,1140.0,1152.0,1183.0,1222.0,1213.0,1231.0,1269.0,1269.0,1281.0,1334.0,1341.0,1378.0,1345.0,1350.0,1384.0,1392.0,1399.0,1451.0,1453.0,1454.0,1406.0,1524.0,1479.0,1546.0,1531.0,1490.0,1479.0,1547.0,1579.0,1595.0,1633.0,1642.0,1606.0,1728.0,1632.0,1649.0,1745.0,1684.0,1716.0,1679.0,1729.0,1770.0,1751.0,1783.0,1835.0,1774.0,1872.0,1806.0,1798.0,1818.0,1881.0,1855.0,1815.0,1891.0,1935.0,1873.0,1831.0,1947.0,1923.0,1938.0,1923.0,1889.0,1941.0,2015.0,1994.0
K,37,362.0,399.0,424.0,469.0,496.0,521.0,554.0,572.0,600.0,627.0,686.0,657.0,685.0,687.0,706.0,743.0,751.0,745.0,812.0,804.0,829.0,855.0,875.0,958.0,972.0,944.0,990.0,1003.0,1010.0,1089.0,1074.0,1058.0,1037.0,1105.0,1140.0,1166.0,1111.0,1175.0,1178.0,1212.0,1250.0,1237.0,1254.0,1298.0,1292.0,1303.0,1369.0,1363.0,1403.0,1373.0,1377.0,1412.0,1417.0,1427.0,1475.0,1483.0,1484.0,1435.0,1557.0,1499.0,1580.0,1560.0,1515.0,1503.0,1578.0,1609.0,1621.0,1676.0,1671.0,1631.0,1761.0,1666.0,1667.0,1768.0,1705.0,1741.0,1705.0,1758.0,1790.0,1772.0,1810.0,1862.0,1806.0,1890.0,1839.0,1825.0,1842.0,1903.0,1899.0,1843.0,1921.0,1969.0,1907.0,1855.0,1971.0,1954.0,1962.0,1951.0,1914.0,1973.0,2043.0
K,38,358.0,391.0,423.0,450.0,498.0,529.0,550.0,585.0,607.0,624.0,641.0,717.0,692.0,718.0,709.0,730.0,766.0,772.0,771.0,841.0,835.0,846.0,881.0,899.0,983.0,1000.0,965.0,1024.0,1022.0,1027.0,1114.0,1096.0,1081.0,1064.0,1137.0,1167.0,1196.0,1135.0,1205.0,1204.0,1239.0,1270.0,1264.0,1282.0,1328.0,1328.0,1325.0,1398.0,1387.0,1440.0,1407.0,1403.0,1445.0,1442.0,1451.0,1497.0,1517.0,1515.0,1466.0,1588.0,1526.0,1606.0,1590.0,1547.0,1530.0,1605.0,1636.0,1646.0,1701.0,1700.0,1655.0,1786.0,1698.0,1698.0,1812.0,1728.0,1766.0,1741.0,1784.0,1820.0,1803.0,1840.0,1892.0,1834.0,1917.0,1870.0,1853.0,1862.0,1931.0,1931.0,1869.0,1952.0,1993.0,1925.0,1883.0,1994.0,1988.0,1981.0,1974.0,1936.0,1989.0
K,39,352.0,385.0,421.0,458.0,486.0,530.0,565.0,585.0,614.0,634.0,656.0,675.0,749.0,717.0,736.0,738.0,760.0,789.0,802.0,806.0,864.0,859.0,868.0,908.0,929.0,1016.0,1028.0,1005.0,1045.0,1042.0,1052.0,1138.0,1130.0,1101.0,1089.0,1171.0,1199.0,1223.0,1167.0,1232.0,1228.0,1268.0,1303.0,1293.0,1306.0,1353.0,1352.0,1348.0,1422.0,1417.0,1464.0,1432.0,1429.0,1466.0,1468.0,1471.0,1524.0,1544.0,1540.0,1488.0,1611.0,1550.0,1637.0,1619.0,1583.0,1554.0,1636.0,1659.0,1665.0,1731.0,1725.0,1692.0,1820.0,1729.0,1721.0,1834.0,1748.0,1794.0,1772.0,1813.0,1846.0,1830.0,1860.0,1913.0,1859.0,1951.0,1900.0,1886.0,1896.0,1954.0,1954.0,1894.0,1982.0,2026.0,1955.0,1910.0,2027.0,2013.0,2009.0,1999.0,1977.0
K,40,355.0,379.0,405.0,439.0,486.0,517.0,551.0,598.0,616.0,638.0,658.0,677.0,693.0,782.0,751.0,765.0,772.0,782.0,815.0,823.0,832.0,886.0,887.0,902.0,933.0,949.0,1043.0,1054.0,1029.0,1071.0,1065.0,1079.0,1158.0,1149.0,1128.0,1114.0,1197.0,1218.0,1250.0,1204.0,1246.0,1248.0,1298.0,1323.0,1315.0,1336.0,1383.0,1385.0,1374.0,1455.0,1439.0,1489.0,1460.0,1447.0,1490.0,1498.0,1488.0,1545.0,1565.0,1570.0,1511.0,1641.0,1568.0,1670.0,1644.0,1609.0,1579.0,1663.0,1683.0,1681.0,1765.0,1754.0,1718.0,1851.0,1748.0,1745.0,1853.0,1767.0,1823.0,1797.0,1844.0,1868.0,1860.0,1888.0,1942.0,1879.0,1981.0,1926.0,1915.0,1921.0,1987.0,1977.0,1911.0,2005.0,2050.0,1984.0,1950.0,2052.0,2031.0,2032.0,2031.0
K,41,350.0,380.0,405.0,426.0,461.0,515.0,546.0,581.0,624.0,640.0,654.0,678.0,705.0,719.0,812.0,779.0,785.0,794.0,801.0,843.0,851.0,855.0,921.0,913.0,930.0,952.0,975.0,1072.0,1070.0,1060.0,1102.0,1085.0,1096.0,1177.0,1171.0,1150.0,1134.0,1221.0,1247.0,1272.0,1239.0,1280.0,1272.0,1318.0,1359.0,1340.0,1365.0,1403.0,1409.0,1395.0,1477.0,1460.0,1524.0,1478.0,1484.0,1518.0,1531.0,1506.0,1577.0,1595.0,1609.0,1549.0,1664.0,1597.0,1701.0,1679.0,1640.0,1610.0,1691.0,1705.0,1707.0,1789.0,1777.0,1748.0,1877.0,1777.0,1774.0,1882.0,1793.0,1850.0,1824.0,1865.0,1890.0,1878.0,1905.0,1962.0,1905.0,2010.0,1942.0,1948.0,1955.0,2010.0,2010.0,1939.0,2035.0,2079.0,2008.0,1977.0,2075.0,2068.0,2050.0
K,42,351.0,376.0,402.0,422.0,444.0,486.0,540.0,571.0,606.0,652.0,663.0,674.0,709.0,727.0,749.0,842.0,804.0,806.0,820.0,827.0,873.0,873.0,873.0,948.0,930.0,967.0,975.0,995.0,1091.0,1099.0,1084.0,1129.0,1113.0,1118.0,1207.0,1195.0,1171.0,1157.0,1249.0,1271.0,1301.0,1268.0,1309.0,1297.0,1345.0,1384.0,1371.0,1386.0,1427.0,1442.0,1422.0,1509.0,1494.0,1552.0,1498.0,1518.0,1545.0,1550.0,1534.0,1603.0,1624.0,1630.0,1585.0,1708.0,1617.0,1734.0,1702.0,1670.0,1643.0,1713.0,1730.0,1730.0,1813.0,1816.0,1776.0,1903.0,1799.0,1806.0,1914.0,1819.0,1881.0,1849.0,1894.0,1918.0,1900.0,1926.0,1985.0,1931.0,2035.0,1965.0,1978.0,1976.0,2036.0,2047.0,1972.0,2064.0,2106.0,2037.0,2007.0,2097.0,2095.0
K,43,346.0,369.0,410.0,419.0,444.0,470.0,512.0,572.0,592.0,629.0,678.0,686.0,698.0,729.0,762.0,773.0,870.0,835.0,829.0,851.0,845.0,890.0,902.0,893.0,970.0,948.0,991.0,1002.0,1023.0,1121.0,1125.0,1120.0,1146.0,1135.0,1142.0,1231.0,1220.0,1198.0,1185.0,1272.0,1293.0,1322.0,1302.0,1335.0,1315.0,1372.0,1400.0,1401.0,1412.0,1459.0,1466.0,1441.0,1529.0,1513.0,1575.0,1523.0,1537.0,1569.0,1582.0,1560.0,1635.0,1641.0,1658.0,1606.0,1737.0,1634.0,1757.0,1725.0,1693.0,1670.0,1734.0,1752.0,1753.0,1837.0,1840.0,1802.0,1930.0,1825.0,1838.0,1948.0,1848.0,1905.0,1876.0,1916.0,1954.0,1922.0,1943.0,2011.0,1949.0,2059.0,1981.0,1997.0,1997.0,2069.0,2078.0,2001.0,2096.0,2136.0,2060.0,2022.0,2127.0
K,44,342.0,368.0,400.0,429.0,445.0,471.0,496.0,534.0,591.0,617.0,657.0,706.0,714.0,721.0,758.0,779.0,807.0,898.0,860.0,853.0,878.0,879.0,913.0,927.0,920.0,999.0,965.0,1019.0,1033.0,1047.0,1148.0,1156.0,1142.0,1172.0,1167.0,1175.0,1254.0,1256.0,1215.0,1213.0,1299.0,1324.0,1351.0,1330.0,1364.0,1337.0,1395.0,1431.0,1427.0,1448.0,1482.0,1493.0,1471.0,1556.0,1536.0,1594.0,1550.0,1567.0,1594.0,1613.0,1588.0,1671.0,1669.0,1683.0,1638.0,1763.0,1645.0,1786.0,1748.0,1723.0,1691.0,1765.0,1777.0,1780.0,1862.0,1870.0,1828.0,1958.0,1851.0,1866.0,1977.0,1880.0,1938.0,1899.0,1942.0,1989.0,1940.0,1976.0,2039.0,1982.0,2084.0,2000.0,2021.0,2025.0,2096.0,2098.0,2029.0,2117.0,2167.0,2090.0,2054.0
K,45,335.0,361.0,393.0,427.0,450.0,472.0,497.0,516.0,558.0,615.0,640.0,679.0,735.0,749.0,748.0,780.0,803.0,833.0,928.0,883.0,879.0,906.0,917.0,935.0,959.0,939.0,1024.0,994.0,1038.0,1056.0,1075.0,1165.0,1174.0,1166.0,1203.0,1194.0,1195.0,1283.0,1286.0,1235.0,1237.0,1324.0,1349.0,1375.0,1361.0,1384.0,1365.0,1418.0,1448.0,1451.0,1471.0,1503.0,1516.0,1499.0,1583.0,1551.0,1619.0,1582.0,1595.0,1607.0,1643.0,1615.0,1696.0,1699.0,1704.0,1659.0,1782.0,1667.0,1816.0,1775.0,1741.0,1718.0,1792.0,1805.0,1804.0,1889.0,1895.0,1861.0,1983.0,1880.0,1894.0,2011.0,1908.0,1976.0,1917.0,1973.0,2017.0,1964.0,2001.0,2057.0,2008.0,2102.0,2020.0,2042.0,2052.0,2123.0,2123.0,2050.0,2136.0,2201.0,2120.0
K,46,340.0,360.0,387.0,414.0,458.0,478.0,504.0,517.0,536.0,587.0,643.0,668.0,695.0,753.0,773.0,776.0,800.0,834.0,867.0,954.0,905.0,904.0,936.0,936.0,960.0,979.0,962.0,1048.0,1016.0,1062.0,1084.0,1098.0,1185.0,1202.0,1193.0,1236.0,1227.0,1216.0,1308.0,1316.0,1256.0,1256.0,1355.0,1372.0,1403.0,1381.0,1410.0,1400.0,1447.0,1474.0,1478.0,1495.0,1524.0,1543.0,1522.0,1610.0,1578.0,1647.0,1618.0,1616.0,1637.0,1674.0,1638.0,1722.0,1727.0,1720.0,1684.0,1811.0,1695.0,1846.0,1805.0,1762.0,1753.0,1813.0,1826.0,1834.0,1913.0,1919.0,1889.0,1998.0,1904.0,1929.0,2040.0,1931.0,2010.0,1942.0,2001.0,2054.0,1986.0,2028.0,2070.0,2029.0,2125.0,2048.0,2074.0,2081.0,2144.0,2147.0,2081.0,2167.0,2230.0
K,47,352.0,367.0,382.0,410.0,436.0,489.0,501.0,533.0,538.0,563.0,620.0,665.0,685.0,721.0,778.0,810.0,807.0,821.0,858.0,884.0,984.0,930.0,916.0,962.0,966.0,991.0,1006.0,981.0,1081.0,1043.0,1093.0,1117.0,1121.0,1204.0,1222.0,1221.0,1259.0,1255.0,1243.0,1333.0,1344.0,1282.0,1283.0,1381.0,1399.0,1425.0,1418.0,1433.0,1429.0,1475.0,1494.0,1495.0,1515.0,1551.0,1571.0,1548.0,1636.0,1601.0,1666.0,1646.0,1645.0,1663.0,1705.0,1658.0,1754.0,1755.0,1738.0,1711.0,1845.0,1715.0,1883.0,1828.0,1788.0,1784.0,1842.0,1858.0,1860.0,1937.0,1961.0,1921.0,2032.0,1928.0,1956.0,2069.0,1951.0,2032.0,1969.0,2033.0,2077.0,2010.0,2046.0,2088.0,2056.0,2162.0,2072.0,2101.0,2101.0,2168.0,2171.0,2114.0,2178.0
K,48,366.0,378.0,397.0,407.0,442.0,462.0,520.0,529.0,559.0,559.0,590.0,649.0,685.0,710.0,744.0,803.0,837.0,825.0,848.0,878.0,927.0,1007.0,961.0,941.0,997.0,983.0,1013.0,1032.0,1005.0,1111.0,1065.0,1121.0,1142.0,1142.0,1236.0,1238.0,1254.0,1280.0,1283.0,1267.0,1356.0,1370.0,1308.0,1312.0,1415.0,1434.0,1449.0,1452.0,1461.0,1451.0,1501.0,1516.0,1516.0,1538.0,1573.0,1594.0,1579.0,1669.0,1628.0,1686.0,1676.0,1679.0,1686.0,1727.0,1682.0,1773.0,1786.0,1771.0,1737.0,1860.0,1746.0,1909.0,1861.0,1814.0,1817.0,1862.0,1887.0,1890.0,1958.0,1985.0,1938.0,2059.0,1948.0,1986.0,2099.0,1981.0,2062.0,1990.0,2058.0,2101.0,2036.0,2084.0,2110.0,2080.0,2189.0,2104.0,2127.0,2137.0,2189.0,2192.0,2134.0
K,49,362.0,386.0,401.0,421.0,428.0,465.0,486.0,549.0,556.0,584.0,591.0,618.0,667.0,711.0,743.0,762.0,837.0,855.0,859.0,872.0,906.0,948.0,1026.0,979.0,971.0,1025.0,1010.0,1033.0,1057.0,1036.0,1140.0,1086.0,1143.0,1166.0,1156.0,1265.0,1267.0,1285.0,1300.0,1304.0,1291.0,1380.0,1391.0,1345.0,1338.0,1441.0,1455.0,1478.0,1481.0,1484.0,1477.0,1523.0,1540.0,1538.0,1563.0,1606.0,1620.0,1599.0,1697.0,1667.0,1714.0,1712.0,1710.0,1707.0,1765.0,1716.0,1794.0,1811.0,1805.0,1759.0,1877.0,1764.0,1929.0,1890.0,1848.0,1851.0,1887.0,1921.0,1920.0,1977.0,2021.0,1969.0,2087.0,1973.0,2010.0,2119.0,2007.0,2083.0,2011.0,2076.0,2124.0,2058.0,2103.0,2133.0,2109.0,2218.0,2135.0,2155.0,2166.0,2219.0,2217.0
K,50,374.0,392.0,413.0,415.0,448.0,449.0,489.0,507.0,574.0,588.0,614.0,620.0,654.0,693.0,742.0,764.0,788.0,870.0,883.0,893.0,900.0,923.0,979.0,1044.0,1008.0,993.0,1060.0,1030.0,1057.0,1080.0,1065.0,1155.0,1119.0,1172.0,1189.0,1186.0,1287.0,1301.0,1316.0,1330.0,1325.0,1315.0,1408.0,1429.0,1374.0,1366.0,1475.0,1482.0,1502.0,1509.0,1514.0,1508.0,1547.0,1569.0,1578.0,1589.0,1632.0,1649.0,1630.0,1732.0,1696.0,1737.0,1738.0,1743.0,1732.0,1793.0,1740.0,1820.0,1829.0,1825.0,1793.0,1901.0,1788.0,1965.0,1922.0,1880.0,1881.0,1916.0,1943.0,1949.0,2001.0,2045.0,1991.0,2119.0,2001.0,2051.0,2143.0,2039.0,2108.0,2043.0,2105.0,2155.0,2082.0,2123.0,2156.0,2137.0,2244.0,2162.0,2183.0,2186.0,2248.0
K,51,375.0,399.0,415.0,436.0,438.0,479.0,472.0,513.0,527.0,610.0,615.0,646.0,651.0,681.0,725.0,772.0,795.0,817.0,901.0,904.0,919.0,930.0,964.0,1010.0,1067.0,1042.0,1011.0,1084.0,1061.0,1088.0,1107.0,1086.0,1185.0,1135.0,1198.0,1217.0,1223.0,1316.0,1327.0,1348.0,1358.0,1358.0,1345.0,1439.0,1473.0,1402.0,1397.0,1500.0,1499.0,1526.0,1536.0,1537.0,1542.0,1576.0,1588.0,1612.0,1631.0,1653.0,1681.0,1653.0,1761.0,1719.0,1761.0,1762.0,1760.0,1767.0,1825.0,1769.0,1845.0,1850.0,1858.0,1820.0,1933.0,1800.0,1990.0,1952.0,1917.0,1912.0,1954.0,1973.0,1978.0,2017.0,2069.0,2019.0,2150.0,2027.0,2074.0,2162.0,2066.0,2133.0,2063.0,2123.0,2177.0,2111.0,2142.0,2182.0,2163.0,2273.0,2182.0,2207.0,2205.0
K,52,370.0,406.0,434.0,440.0,460.0,458.0,508.0,505.0,546.0,554.0,635.0,640.0,674.0,676.0,699.0,757.0,805.0,817.0,853.0,930.0,936.0,942.0,955.0,986.0,1034.0,1086.0,1075.0,1033.0,1114.0,1091.0,1105.0,1130.0,1119.0,1211.0,1161.0,1217.0,1241.0,1253.0,1335.0,1369.0,1379.0,1385.0,1381.0,1377.0,1468.0,1495.0,1426.0,1413.0,1524.0,1526.0,1545.0,1564.0,1556.0,1575.0,1603.0,1612.0,1641.0,1659.0,1681.0,1707.0,1677.0,1786.0,1750.0,1804.0,1793.0,1795.0,1792.0,1857.0,1798.0,1875.0,1881.0,1908.0,1847.0,1953.0,1834.0,2018.0,1976.0,1951.0,1934.0,1988.0,1998.0,2014.0,2041.0,2097.0,2039.0,2181.0,2060.0,2105.0,2186.0,2091.0,2165.0,2080.0,2152.0,2208.0,2138.0,2170.0,2219.0,2191.0,2306.0,2208.0,2243.0
K,53,377.0,402.0,429.0,454.0,469.0,489.0,484.0,540.0,534.0,562.0,577.0,659.0,671.0,699.0,701.0,732.0,783.0,833.0,850.0,873.0,955.0,964.0,973.0,978.0,1019.0,1064.0,1112.0,1103.0,1056.0,1146.0,1121.0,1127.0,1163.0,1142.0,1242.0,1184.0,1245.0,1271.0,1278.0,1362.0,1393.0,1405.0,1418.0,1410.0,1401.0,1492.0,1528.0,1455.0,1446.0,1549.0,1548.0,1581.0,1596.0,1588.0,1598.0,1630.0,1637.0,1668.0,1687.0,1706.0,1742.0,1702.0,1817.0,1783.0,1828.0,1824.0,1816.0,1824.0,1880.0,1830.0,1906.0,1915.0,1942.0,1871.0,1981.0,1868.0,2040.0,2003.0,1980.0,1948.0,2016.0,2030.0,2035.0,2064.0,2120.0,2063.0,2205.0,2083.0,2138.0,2215.0,2120.0,2186.0,2105.0,2178.0,2229.0,2167.0,2203.0,2250.0,2220.0,2335.0,2237.0
K,54,372.0,404.0,427.0,459.0,478.0,487.0,516.0,509.0,560.0,559.0,591.0,597.0,686.0,697.0,729.0,737.0,756.0,816.0,857.0,878.0,906.0,984.0,999.0,1002.0,1003.0,1041.0,1091.0,1145.0,1127.0,1091.0,1178.0,1146.0,1156.0,1191.0,1165.0,1261.0,1211.0,1274.0,1308.0,1301.0,1383.0,1428.0,1435.0,1446.0,1444.0,1431.0,1515.0,1552.0,1485.0,1469.0,1579.0,1571.0,1612.0,1631.0,1617.0,1621.0,1659.0,1668.0,1705.0,1714.0,1738.0,1771.0,1733.0,1840.0,1814.0,1848.0,1854.0,1839.0,1848.0,1910.0,1863.0,1926.0,1943.0,1973.0,1898.0,2003.0,1899.0,2068.0,2029.0,2004.0,1968.0,2041.0,2057.0,2057.0,2089.0,2141.0,2083.0,2243.0,2117.0,2155.0,2245.0,2145.0,2216.0,2128.0,2206.0,2261.0,2199.0,2224.0,2280.0,2253.0,2350.0
K,55,362.0,407.0,431.0,458.0,488.0,497.0,506.0,533.0,534.0,585.0,586.0,627.0,612.0,718.0,729.0,752.0,762.0,788.0,842.0,887.0,904.0,933.0,1007.0,1021.0,1043.0,1028.0,1062.0,1114.0,1175.0,1145.0,1120.0,1218.0,1167.0,1181.0,1226.0,1193.0,1285.0,1231.0,1297.0,1334.0,1328.0,1414.0,1459.0,1465.0,1474.0,1474.0,1457.0,1542.0,1578.0,1510.0,1493.0,1613.0,1601.0,1633.0,1656.0,1647.0,1648.0,1687.0,1697.0,1737.0,1743.0,1766.0,1802.0,1763.0,1869.0,1837.0,1872.0,1876.0,1870.0,1872.0,1930.0,1881.0,1952.0,1970.0,1998.0,1929.0,2031.0,1923.0,2100.0,2066.0,2036.0,1996.0,2088.0,2082.0,2079.0,2114.0,2177.0,2114.0,2272.0,2142.0,2177.0,2272.0,2171.0,2238.0,2154.0,2229.0,2284.0,2228.0,2246.0,2303.0,2282.0
K,56,355.0,392.0,431.0,458.0,473.0,506.0,517.0,533.0,558.0,559.0,609.0,616.0,657.0,641.0,740.0,763.0,779.0,791.0,809.0,869.0,905.0,927.0,963.0,1035.0,1044.0,1069.0,1057.0,1090.0,1133.0,1196.0,1178.0,1140.0,1243.0,1190.0,1209.0,1252.0,1220.0,1308.0,1261.0,1321.0,1358.0,1364.0,1431.0,1486.0,1484.0,1494.0,1511.0,1489.0,1567.0,1606.0,1539.0,1509.0,1633.0,1626.0,1653.0,1673.0,1666.0,1668.0,1712.0,1725.0,1761.0,1766.0,1794.0,1831.0,1784.0,1899.0,1858.0,1893.0,1908.0,1902.0,1898.0,1954.0,1918.0,1978.0,2002.0,2026.0,1966.0,2056.0,1955.0,2126.0,2095.0,2053.0,2015.0,2123.0,2110.0,2104.0,2138.0,2201.0,2152.0,2299.0,2166.0,2201.0,2304.0,2207.0,2274.0,2174.0,2263.0,2311.0,2246.0,2277.0,2333.0
K,57,349.0,377.0,420.0,460.0,482.0,501.0,537.0,541.0,554.0,580.0,585.0,626.0,639.0,681.0,667.0,768.0,785.0,807.0,824.0,839.0,908.0,932.0,951.0,981.0,1059.0,1077.0,1099.0,1078.0,1116.0,1160.0,1217.0,1204.0,1162.0,1264.0,1212.0,1238.0,1279.0,1239.0,1332.0,1288.0,1346.0,1386.0,1387.0,1461.0,1510.0,1516.0,1524.0,1543.0,1515.0,1596.0,1635.0,1561.0,1544.0,1664.0,1660.0,1670.0,1696.0,1691.0,1692.0,1737.0,1751.0,1796.0,1782.0,1828.0,1861.0,1815.0,1923.0,1889.0,1921.0,1928.0,1917.0,1921.0,1977.0,1942.0,2004.0,2021.0,2058.0,1989.0,2081.0,1986.0,2153.0,2118.0,2080.0,2046.0,2152.0,2137.0,2139.0,2166.0,2229.0,2184.0,2323.0,2202.0,2224.0,2334.0,2237.0,2304.0,2198.0,2287.0,2344.0,2270.0,2303.0
K,58,343.0,378.0,409.0,437.0,488.0,507.0,528.0,558.0,569.0,575.0,599.0,605.0,653.0,661.0,703.0,695.0,795.0,813.0,843.0,846.0,865.0,937.0,953.0,973.0,1006.0,1080.0,1095.0,1129.0,1111.0,1133.0,1186.0,1242.0,1226.0,1194.0,1284.0,1236.0,1268.0,1302.0,1266.0,1365.0,1318.0,1384.0,1412.0,1419.0,1494.0,1545.0,1550.0,1546.0,1558.0,1549.0,1622.0,1664.0,1597.0,1574.0,1696.0,1680.0,1698.0,1723.0,1720.0,1724.0,1760.0,1772.0,1815.0,1812.0,1852.0,1888.0,1837.0,1944.0,1920.0,1953.0,1956.0,1942.0,1941.0,2002.0,1963.0,2034.0,2051.0,2085.0,2015.0,2108.0,2009.0,2175.0,2149.0,2105.0,2071.0,2179.0,2175.0,2170.0,2183.0,2254.0,2205.0,2354.0,2226.0,2249.0,2369.0,2262.0,2333.0,2221.0,2310.0,2378.0,2294.0
K,59,332.0,369.0,406.0,436.0,469.0,510.0,533.0,554.0,588.0,594.0,604.0,641.0,639.0,680.0,688.0,721.0,724.0,821.0,851.0,856.0,874.0,892.0,970.0,986.0,996.0,1033.0,1111.0,1122.0,1146.0,1138.0,1163.0,1212.0,1263.0,1259.0,1217.0,1301.0,1261.0,1294.0,1340.0,1295.0,1391.0,1349.0,1406.0,1437.0,1441.0,1528.0,1566.0,1586.0,1570.0,1591.0,1584.0,1649.0,1691.0,1624.0,1608.0,1723.0,1711.0,1723.0,1754.0,1746.0,1743.0,1782.0,1789.0,1831.0,1848.0,1886.0,1916.0,1864.0,1964.0,1947.0,1982.0,1984.0,1968.0,1974.0,2030.0,1986.0,2071.0,2078.0,2116.0,2042.0,2133.0,2035.0,2201.0,2174.0,2136.0,2096.0,2200.0,2199.0,2199.0,2212.0,2287.0,2233.0,2381.0,2256.0,2267.0,2392.0,2284.0,2355.0,2245.0,2341.0,2401.0
K,60,320.0,355.0,391.0,430.0,453.0,490.0,538.0,558.0,582.0,608.0,613.0,627.0,666.0,664.0,703.0,711.0,744.0,744.0,847.0,878.0,875.0,898.0,912.0,996.0,1004.0,1025.0,1055.0,1140.0,1152.0,1175.0,1160.0,1192.0,1235.0,1294.0,1277.0,1244.0,1329.0,1288.0,1305.0,1361.0,1317.0,1408.0,1371.0,1434.0,1460.0,1462.0,1552.0,1583.0,1612.0,1599.0,1619.0,1602.0,1678.0,1716.0,1651.0,1638.0,1750.0,1734.0,1743.0,1780.0,1760.0,1768.0,1803.0,1804.0,1850.0,1870.0,1912.0,1935.0,1880.0,1985.0,1963.0,2014.0,2008.0,1989.0,2000.0,2051.0,2007.0,2097.0,2108.0,2137.0,2067.0,2165.0,2057.0,2234.0,2208.0,2164.0,2120.0,2219.0,2228.0,2213.0,2237.0,2312.0,2253.0,2407.0,2271.0,2297.0,2416.0,2313.0,2394.0,2267.0,2370.0
K,61,315.0,337.0,371.0,419.0,463.0,480.0,512.0,565.0,578.0,607.0,620.0,638.0,648.0,687.0,693.0,727.0,734.0,772.0,760.0,864.0,902.0,893.0,917.0,937.0,1021.0,1022.0,1048.0,1078.0,1162.0,1182.0,1192.0,1187.0,1218.0,1258.0,1328.0,1296.0,1262.0,1357.0,1307.0,1319.0,1384.0,1333.0,1426.0,1396.0,1451.0,1475.0,1489.0,1587.0,1601.0,1634.0,1626.0,1638.0,1618.0,1696.0,1729.0,1676.0,1671.0,1776.0,1754.0,1769.0,1808.0,1782.0,1788.0,1828.0,1828.0,1873.0,1895.0,1930.0,1957.0,1900.0,2007.0,1987.0,2038.0,2028.0,2009.0,2025.0,2074.0,2031.0,2121.0,2128.0,2154.0,2088.0,2187.0,2080.0,2256.0,2223.0,2181.0,2141.0,2244.0,2256.0,2234.0,2263.0,2335.0,2286.0,2428.0,2296.0,2311.0,2434.0,2328.0,2417.0,2288.0
K,62,310.0,337.0,356.0,386.0,437.0,483.0,500.0,536.0,584.0,605.0,627.0,641.0,664.0,677.0,714.0,713.0,745.0,761.0,794.0,786.0,888.0,920.0,920.0,939.0,967.0,1047.0,1043.0,1076.0,1098.0,1187.0,1207.0,1209.0,1217.0,1241.0,1278.0,1355.0,1318.0,1277.0,1379.0,1330.0,1350.0,1417.0,1354.0,1452.0,1421.0,1473.0,1495.0,1516.0,1612.0,1630.0,1657.0,1643.0,1650.0,1640.0,1728.0,1742.0,1696.0,1682.0,1792.0,1778.0,1794.0,1835.0,1806.0,1809.0,1850.0,1845.0,1896.0,1916.0,1955.0,1976.0,1921.0,2031.0,2014.0,2070.0,2045.0,2030.0,2049.0,2093.0,2065.0,2146.0,2159.0,2175.0,2117.0,2206.0,2101.0,2278.0,2237.0,2208.0,2166.0,2260.0,2280.0,2256.0,2282.0,2364.0,2314.0,2457.0,2316.0,2335.0,2448.0,2343.0,2447.0
K,63,308.0,321.0,359.0,370.0,413.0,459.0,505.0,521.0,560.0,604.0,624.0,647.0,667.0,685.0,697.0,731.0,744.0,761.0,793.0,815.0,808.0,907.0,945.0,952.0,971.0,992.0,1071.0,1065.0,1102.0,1117.0,1216.0,1224.0,1223.0,1236.0,1263.0,1297.0,1377.0,1338.0,1300.0,1404.0,1351.0,1367.0,1439.0,1374.0,1476.0,1453.0,1495.0,1521.0,1539.0,1636.0,1668.0,1682.0,1660.0,1675.0,1660.0,1755.0,1765.0,1715.0,1717.0,1813.0,1807.0,1817.0,1859.0,1830.0,1827.0,1879.0,1864.0,1915.0,1944.0,1976.0,2002.0,1953.0,2050.0,2037.0,2085.0,2061.0,2048.0,2073.0,2114.0,2088.0,2175.0,2175.0,2196.0,2142.0,2221.0,2130.0,2300.0,2264.0,2231.0,2195.0,2280.0,2303.0,2282.0,2302.0,2396.0,2346.0,2478.0,2334.0,2368.0,2470.0,2361.0
K,64,307.0,328.0,341.0,376.0,389.0,428.0,478.0,528.0,545.0,584.0,636.0,639.0,668.0,695.0,708.0,718.0,762.0,765.0,792.0,811.0,836.0,831.0,932.0,963.0,972.0,1002.0,1014.0,1094.0,1080.0,1129.0,1138.0,1237.0,1255.0,1240.0,1262.0,1287.0,1327.0,1400.0,1361.0,1321.0,1430.0,1378.0,1389.0,1454.0,1397.0,1496.0,1472.0,1518.0,1543.0,1561.0,1664.0,1687.0,1701.0,1685.0,1702.0,1679.0,1769.0,1790.0,1735.0,1742.0,1836.0,1827.0,1846.0,1895.0,1852.0,1856.0,1899.0,1888.0,1938.0,1959.0,1998.0,2030.0,1979.0,2066.0,2056.0,2108.0,2083.0,2065.0,2099.0,2131.0,2106.0,2202.0,2197.0,2222.0,2169.0,2244.0,2149.0,2329.0,2284.0,2255.0,2224.0,2295.0,2326.0,2304.0,2322.0,2411.0,2370.0,2501.0,2354.0,2397.0,2491.0
K,65,299.0,324.0,342.0,358.0,382.0,409.0,443.0,492.0,549.0,560.0,609.0,649.0,651.0,685.0,707.0,728.0,742.0,777.0,790.0,814.0,830.0,848.0,843.0,952.0,981.0,983.0,1012.0,1032.0,1111.0,1102.0,1139.0,1162.0,1254.0,1272.0,1254.0,1285.0,1310.0,1347.0,1413.0,1387.0,1339.0,1457.0,1400.0,1412.0,1473.0,1414.0,1522.0,1495.0,1534.0,1563.0,1584.0,1675.0,1718.0,1723.0,1703.0,1722.0,1702.0,1794.0,1811.0,1755.0,1763.0,1856.0,1847.0,1857.0,1914.0,1870.0,1873.0,1916.0,1909.0,1960.0,1984.0,2010.0,2046.0,1986.0,2080.0,2068.0,2123.0,2102.0,2078.0,2116.0,2145.0,2136.0,2216.0,2216.0,2238.0,2186.0,2261.0,2173.0,2345.0,2296.0,2274.0,2237.0,2326.0,2348.0,2325.0,2343.0,2424.0,2387.0,2522.0,2370.0,2412.0
K,66,301.0,322.0,346.0,362.0,363.0,390.0,428.0,455.0,512.0,570.0,582.0,635.0,677.0,666.0,703.0,726.0,742.0,759.0,789.0,812.0,838.0,844.0,863.0,857.0,975.0,999.0,1002.0,1031.0,1049.0,1133.0,1122.0,1153.0,1178.0,1272.0,1293.0,1277.0,1306.0,1329.0,1365.0,1434.0,1408.0,1356.0,1480.0,1422.0,1433.0,1492.0,1438.0,1539.0,1511.0,1558.0,1574.0,1599.0,1683.0,1731.0,1750.0,1720.0,1748.0,1718.0,1813.0,1828.0,1774.0,1787.0,1878.0,1864.0,1869.0,1938.0,1890.0,1884.0,1935.0,1931.0,1976.0,2009.0,2030.0,2071.0,2009.0,2095.0,2082.0,2146.0,2118.0,2093.0,2138.0,2179.0,2152.0,2238.0,2243.0,2264.0,2210.0,2283.0,2190.0,2364.0,2318.0,2301.0,2259.0,2340.0,2367.0,2339.0,2361.0,2441.0,2413.0,2551.0,2384.0
K,67,291.0,323.0,345.0,359.0,383.0,378.0,403.0,440.0,475.0,536.0,588.0,600.0,653.0,697.0,675.0,724.0,748.0,760.0,778.0,808.0,828.0,855.0,868.0,884.0,874.0,993.0,1021.0,1029.0,1044.0,1066.0,1141.0,1142.0,1175.0,1197.0,1288.0,1314.0,1301.0,1329.0,1340.0,1380.0,1445.0,1430.0,1378.0,1508.0,1434.0,1456.0,1512.0,1460.0,1557.0,1543.0,1575.0,1598.0,1620.0,1702.0,1751.0,1761.0,1742.0,1767.0,1729.0,1829.0,1855.0,1789.0,1802.0,1902.0,1880.0,1880.0,1955.0,1914.0,1900.0,1953.0,1952.0,1996.0,2035.0,2043.0,2090.0,2018.0,2112.0,2107.0,2171.0,2139.0,2112.0,2160.0,2198.0,2179.0,2256.0,2262.0,2278.0,2225.0,2304.0,2210.0,2381.0,2338.0,2319.0,2272.0,2360.0,2385.0,2364.0,2380.0,2464.0,2424.0,2570.0
K,68,285.0,312.0,344.0,368.0,372.0,401.0,394.0,419.0,462.0,495.0,555.0,604.0,614.0,666.0,712.0,688.0,748.0,760.0,779.0,789.0,818.0,853.0,865.0,885.0,900.0,905.0,1018.0,1033.0,1040.0,1064.0,1079.0,1165.0,1163.0,1191.0,1214.0,1298.0,1331.0,1320.0,1351.0,1361.0,1391.0,1468.0,1454.0,1400.0,1532.0,1454.0,1475.0,1540.0,1477.0,1573.0,1557.0,1598.0,1617.0,1644.0,1726.0,1769.0,1774.0,1763.0,1777.0,1752.0,1849.0,1876.0,1818.0,1820.0,1921.0,1895.0,1901.0,1975.0,1931.0,1911.0,1976.0,1966.0,2016.0,2053.0,2065.0,2110.0,2031.0,2131.0,2126.0,2193.0,2152.0,2128.0,2179.0,2222.0,2204.0,2274.0,2286.0,2299.0,2241.0,2324.0,2226.0,2398.0,2362.0,2328.0,2290.0,2380.0,2396.0,2385.0,2395.0,2481.0,2435.0
K,69,280.0,303.0,328.0,369.0,384.0,391.0,415.0,411.0,437.0,474.0,511.0,562.0,626.0,632.0,672.0,724.0,710.0,765.0,778.0,795.0,801.0,835.0,869.0,881.0,907.0,923.0,921.0,1038.0,1046.0,1060.0,1085.0,1100.0,1187.0,1174.0,1214.0,1231.0,1322.0,1358.0,1348.0,1383.0,1381.0,1410.0,1492.0,1474.0,1425.0,1551.0,1460.0,1499.0,1556.0,1495.0,1587.0,1575.0,1611.0,1633.0,1662.0,1751.0,1783.0,1790.0,1784.0,1796.0,1774.0,1865.0,1899.0,1834.0,1837.0,1941.0,1912.0,1919.0,1997.0,1961.0,1927.0,1991.0,1984.0,2034.0,2068.0,2091.0,2138.0,2048.0,2153.0,2151.0,2207.0,2179.0,2147.0,2206.0,2247.0,2227.0,2294.0,2297.0,2316.0,2257.0,2347.0,2242.0,2414.0,2380.0,2350.0,2304.0,2407.0,2411.0,2399.0,2418.0,2506.0
K,70,272.0,298.0,317.0,343.0,383.0,400.0,405.0,437.0,425.0,445.0,498.0,522.0,576.0,643.0,646.0,679.0,742.0,723.0,773.0,788.0,797.0,830.0,851.0,880.0,890.0,910.0,937.0,927.0,1068.0,1061.0,1079.0,1102.0,1108.0,1204.0,1192.0,1232.0,1250.0,1339.0,1375.0,1362.0,1398.0,1384.0,1423.0,1500.0,1494.0,1436.0,1571.0,1472.0,1506.0,1562.0,1509.0,1597.0,1589.0,1625.0,1653.0,1675.0,1758.0,1796.0,1807.0,1805.0,1805.0,1794.0,1888.0,1917.0,1844.0,1851.0,1947.0,1925.0,1939.0,2014.0,1975.0,1943.0,2007.0,1990.0,2044.0,2081.0,2113.0,2155.0,2057.0,2171.0,2176.0,2217.0,2196.0,2164.0,2226.0,2268.0,2233.0,2314.0,2312.0,2325.0,2275.0,2368.0,2260.0,2421.0,2401.0,2358.0,2317.0,2426.0,2422.0,2405.0,2431.0
K,71,255.0,292.0,310.0,320.0,356.0,392.0,406.0,421.0,451.0,442.0,464.0,511.0,542.0,585.0,652.0,659.0,691.0,750.0,742.0,776.0,803.0,803.0,838.0,868.0,898.0,902.0,926.0,950.0,946.0,1073.0,1072.0,1092.0,1106.0,1127.0,1222.0,1205.0,1246.0,1266.0,1361.0,1389.0,1383.0,1412.0,1397.0,1441.0,1512.0,1511.0,1449.0,1580.0,1489.0,1515.0,1571.0,1517.0,1603.0,1596.0,1638.0,1665.0,1690.0,1774.0,1812.0,1818.0,1824.0,1820.0,1809.0,1889.0,1930.0,1861.0,1866.0,1966.0,1944.0,1955.0,2029.0,1991.0,1959.0,2022.0,2009.0,2059.0,2095.0,2129.0,2176.0,2075.0,2188.0,2192.0,2232.0,2218.0,2177.0,2240.0,2285.0,2252.0,2336.0,2332.0,2337.0,2285.0,2380.0,2266.0,2435.0,2421.0,2373.0,2337.0,2441.0,2443.0,2423.0
K,72,259.0,274.0,306.0,332.0,338.0,372.0,400.0,421.0,435.0,459.0,461.0,474.0,521.0,556.0,606.0,663.0,673.0,707.0,756.0,747.0,783.0,814.0,814.0,862.0,877.0,906.0,911.0,942.0,960.0,971.0,1084.0,1086.0,1107.0,1115.0,1137.0,1239.0,1225.0,1265.0,1284.0,1371.0,1407.0,1404.0,1430.0,1414.0,1456.0,1519.0,1533.0,1467.0,1585.0,1500.0,1529.0,1589.0,1534.0,1623.0,1606.0,1657.0,1677.0,1700.0,1791.0,1820.0,1826.0,1834.0,1828.0,1825.0,1896.0,1947.0,1870.0,1873.0,1987.0,1959.0,1961.0,2059.0,2012.0,1971.0,2040.0,2010.0,2069.0,2107.0,2142.0,2188.0,2094.0,2199.0,2202.0,2236.0,2235.0,2184.0,2250.0,2294.0,2260.0,2344.0,2348.0,2349.0,2305.0,2388.0,2277.0,2449.0,2428.0,2383.0,2354.0,2462.0,2455.0
K,73,256.0,285.0,281.0,321.0,344.0,346.0,378.0,416.0,430.0,446.0,468.0,469.0,485.0,537.0,576.0,625.0,674.0,687.0,717.0,766.0,760.0,798.0,826.0,821.0,862.0,893.0,912.0,926.0,960.0,972.0,984.0,1097.0,1100.0,1123.0,1125.0,1146.0,1255.0,1241.0,1278.0,1298.0,1389.0,1414.0,1410.0,1448.0,1433.0,1467.0,1528.0,1548.0,1485.0,1600.0,1510.0,1546.0,1606.0,1556.0,1630.0,1632.0,1666.0,1686.0,1721.0,1801.0,1833.0,1838.0,1847.0,1853.0,1845.0,1912.0,1972.0,1881.0,1887.0,2008.0,1974.0,1975.0,2080.0,2024.0,1986.0,2050.0,2025.0,2080.0,2128.0,2160.0,2206.0,2106.0,2203.0,2223.0,2247.0,2243.0,2196.0,2266.0,2313.0,2274.0,2357.0,2360.0,2364.0,2314.0,2405.0,2290.0,2456.0,2441.0,2390.0,2363.0,2474.0
K,74,254.0,271.0,300.0,296.0,336.0,356.0,370.0,386.0,432.0,436.0,458.0,486.0,476.0,494.0,545.0,601.0,634.0,690.0,703.0,723.0,782.0,767.0,803.0,827.0,825.0,878.0,910.0,922.0,936.0,973.0,987.0,996.0,1108.0,1108.0,1138.0,1139.0,1162.0,1275.0,1256.0,1292.0,1319.0,1403.0,1424.0,1430.0,1466.0,1448.0,1482.0,1542.0,1563.0,1504.0,1617.0,1527.0,1559.0,1623.0,1572.0,1654.0,1645.0,1681.0,1693.0,1748.0,1823.0,1846.0,1857.0,1870.0,1874.0,1855.0,1918.0,1982.0,1890.0,1901.0,2023.0,1983.0,1994.0,2096.0,2040.0,2001.0,2063.0,2038.0,2094.0,2132.0,2171.0,2224.0,2119.0,2217.0,2246.0,2257.0,2253.0,2213.0,2284.0,2323.0,2285.0,2370.0,2371.0,2384.0,2328.0,2422.0,2309.0,2477.0,2458.0,2395.0,2370.0
K,75,258.0,256.0,274.0,314.0,306.0,345.0,364.0,377.0,390.0,441.0,455.0,468.0,493.0,480.0,504.0,546.0,603.0,632.0,693.0,699.0,734.0,779.0,768.0,801.0,841.0,831.0,888.0,911.0,931.0,950.0,977.0,991.0,1001.0,1115.0,1122.0,1154.0,1144.0,1170.0,1279.0,1276.0,1302.0,1330.0,1416.0,1439.0,1439.0,1475.0,1461.0,1496.0,1554.0,1575.0,1518.0,1629.0,1540.0,1568.0,1643.0,1577.0,1663.0,1654.0,1690.0,1694.0,1758.0,1835.0,1849.0,1871.0,1874.0,1885.0,1863.0,1919.0,1992.0,1903.0,1912.0,2029.0,1994.0,2003.0,2101.0,2044.0,2014.0,2083.0,2039.0,2102.0,2135.0,2180.0,2245.0,2129.0,2224.0,2247.0,2270.0,2270.0,2221.0,2290.0,2326.0,2289.0,2369.0,2386.0,2397.0,2338.0,2428.0,2312.0,2484.0,2471.0,2403.0
K,76,262.0,270.0,270.0,279.0,321.0,310.0,350.0,370.0,378.0,396.0,440.0,456.0,467.0,492.0,497.0,506.0,551.0,613.0,637.0,694.0,706.0,738.0,790.0,777.0,805.0,843.0,830.0,888.0,920.0,932.0,954.0,987.0,997.0,1011.0,1136.0,1136.0,1155.0,1164.0,1189.0,1290.0,1279.0,1310.0,1344.0,1420.0,1447.0,1447.0,1483.0,1473.0,1497.0,1556.0,1588.0,1537.0,1640.0,1553.0,1583.0,1653.0,1580.0,1664.0,1662.0,1695.0,1696.0,1772.0,1836.0,1854.0,1881.0,1884.0,1894.0,1867.0,1919.0,2002.0,1912.0,1913.0,2041.0,1996.0,2010.0,2106.0,2057.0,2024.0,2096.0,2052.0,2117.0,2142.0,2192.0,2247.0,2136.0,2238.0,2254.0,2281.0,2282.0,2233.0,2292.0,2339.0,2294.0,2376.0,2388.0,2409.0,2360.0,2442.0,2314.0,2488.0,2477.0
K,77,230.0,266.0,278.0,280.0,289.0,333.0,314.0,356.0,380.0,388.0,404.0,441.0,464.0,478.0,495.0,506.0,514.0,556.0,612.0,643.0,695.0,706.0,745.0,793.0,784.0,808.0,845.0,834.0,886.0,936.0,947.0,961.0,1000.0,1005.0,1025.0,1148.0,1146.0,1165.0,1176.0,1208.0,1293.0,1293.0,1319.0,1362.0,1429.0,1457.0,1450.0,1500.0,1480.0,1511.0,1555.0,1604.0,1542.0,1650.0,1558.0,1593.0,1658.0,1588.0,1669.0,1670.0,1710.0,1708.0,1778.0,1845.0,1865.0,1889.0,1891.0,1907.0,1877.0,1934.0,2011.0,1923.0,1919.0,2052.0,1998.0,2016.0,2120.0,2057.0,2029.0,2106.0,2055.0,2122.0,2153.0,2187.0,2257.0,2141.0,2249.0,2258.0,2283.0,2290.0,2236.0,2296.0,2347.0,2302.0,2386.0,2392.0,2424.0,2371.0,2443.0,2322.0,2496.0
K,78,216.0,238.0,284.0,283.0,294.0,303.0,339.0,323.0,355.0,393.0,388.0,414.0,444.0,475.0,486.0,498.0,510.0,510.0,558.0,613.0,639.0,694.0,717.0,750.0,793.0,795.0,813.0,852.0,835.0,897.0,940.0,954.0,970.0,1010.0,1018.0,1038.0,1159.0,1160.0,1179.0,1186.0,1218.0,1308.0,1301.0,1326.0,1367.0,1444.0,1472.0,1462.0,1512.0,1484.0,1514.0,1569.0,1611.0,1549.0,1661.0,1570.0,1609.0,1675.0,1589.0,1683.0,1679.0,1726.0,1720.0,1791.0,1856.0,1868.0,1899.0,1897.0,1913.0,1891.0,1944.0,2019.0,1936.0,1930.0,2055.0,2007.0,2026.0,2129.0,2061.0,2042.0,2114.0,2065.0,2138.0,2159.0,2193.0,2266.0,2148.0,2257.0,2268.0,2299.0,2297.0,2240.0,2300.0,2354.0,2304.0,2397.0,2397.0,2432.0,2378.0,2458.0,2330.0
K,79,186.0,225.0,253.0,291.0,291.0,302.0,316.0,353.0,330.0,364.0,397.0,396.0,418.0,455.0,481.0,495.0,506.0,512.0,508.0,560.0,620.0,648.0,705.0,722.0,756.0,803.0,810.0,825.0,858.0,840.0,906.0,952.0,954.0,982.0,1017.0,1030.0,1048.0,1165.0,1173.0,1193.0,1192.0,1231.0,1324.0,1313.0,1339.0,1378.0,1454.0,1488.0,1472.0,1527.0,1496.0,1525.0,1575.0,1622.0,1558.0,1668.0,1572.0,1618.0,1684.0,1614.0,1695.0,1687.0,1734.0,1728.0,1801.0,1854.0,1870.0,1918.0,1899.0,1921.0,1893.0,1955.0,2019.0,1943.0,1942.0,2063.0,2012.0,2033.0,2138.0,2072.0,2044.0,2125.0,2070.0,2149.0,2163.0,2198.0,2269.0,2160.0,2258.0,2272.0,2300.0,2312.0,2245.0,2305.0,2362.0,2310.0,2394.0,2410.0,2441.0,2392.0,2461.0
K,80,169.0,179.0,221.0,253.0,287.0,288.0,289.0,310.0,346.0,325.0,359.0,378.0,393.0,412.0,449.0,467.0,483.0,497.0,503.0,507.0,555.0,618.0,640.0,696.0,709.0,746.0,800.0,797.0,832.0,844.0,836.0,901.0,947.0,953.0,984.0,1017.0,1021.0,1044.0,1162.0,1166.0,1194.0,1195.0,1227.0,1322.0,1306.0,1331.0,1371.0,1449.0,1487.0,1470.0,1527.0,1494.0,1525.0,1575.0,1610.0,1554.0,1671.0,1572.0,1613.0,1673.0,1610.0,1690.0,1694.0,1731.0,1724.0,1797.0,1848.0,1864.0,1915.0,1887.0,1916.0,1892.0,1954.0,2014.0,1941.0,1932.0,2058.0,2003.0,2018.0,2133.0,2059.0,2040.0,2115.0,2056.0,2133.0,2160.0,2194.0,2247.0,2148.0,2247.0,2274.0,2297.0,2310.0,2243.0,2303.0,2343.0,2304.0,2379.0,2400.0,2433.0,2384.0
K,81,144.0,163.0,179.0,215.0,255.0,280.0,288.0,284.0,310.0,337.0,322.0,351.0,377.0,383.0,405.0,450.0,443.0,467.0,488.0,496.0,511.0,545.0,605.0,636.0,686.0,695.0,738.0,793.0,786.0,826.0,833.0,824.0,898.0,935.0,951.0,973.0,1020.0,1022.0,1033.0,1160.0,1167.0,1192.0,1196.0,1220.0,1315.0,1302.0,1325.0,1363.0,1442.0,1494.0,1462.0,1523.0,1488.0,1511.0,1567.0,1608.0,1541.0,1671.0,1558.0,1605.0,1664.0,1595.0,1687.0,1698.0,1727.0,1722.0,1789.0,1837.0,1855.0,1908.0,1884.0,1908.0,1881.0,1949.0,2008.0,1934.0,1915.0,2056.0,1991.0,2014.0,2119.0,2046.0,2031.0,2106.0,2043.0,2126.0,2151.0,2188.0,2249.0,2131.0,2238.0,2262.0,2289.0,2301.0,2230.0,2299.0,2328.0,2299.0,2371.0,2394.0,2420.0
K,82,143.0,144.0,167.0,182.0,202.0,249.0,273.0,284.0,282.0,297.0,332.0,312.0,344.0,377.0,382.0,401.0,438.0,428.0,462.0,476.0,492.0,494.0,528.0,599.0,626.0,682.0,693.0,721.0,788.0,781.0,820.0,827.0,816.0,901.0,938.0,944.0,968.0,1015.0,1034.0,1029.0,1156.0,1166.0,1195.0,1196.0,1215.0,1312.0,1304.0,1323.0,1360.0,1437.0,1483.0,1456.0,1519.0,1488.0,1520.0,1572.0,1601.0,1540.0,1662.0,1553.0,1598.0,1665.0,1585.0,1684.0,1696.0,1731.0,1705.0,1781.0,1833.0,1840.0,1893.0,1882.0,1901.0,1865.0,1939.0,2003.0,1925.0,1912.0,2042.0,1981.0,2008.0,2110.0,2037.0,2027.0,2093.0,2033.0,2112.0,2139.0,2171.0,2236.0,2128.0,2227.0,2254.0,2290.0,2298.0,2218.0,2296.0,2326.0,2288.0,2361.0,2383.0
K,83,132.0,152.0,145.0,170.0,170.0,204.0,250.0,265.0,282.0,280.0,291.0,330.0,305.0,336.0,374.0,370.0,397.0,434.0,424.0,460.0,474.0,481.0,489.0,529.0,597.0,621.0,676.0,679.0,711.0,772.0,769.0,814.0,820.0,814.0,897.0,937.0,943.0,963.0,1016.0,1028.0,1029.0,1162.0,1167.0,1188.0,1199.0,1213.0,1307.0,1300.0,1319.0,1357.0,1444.0,1488.0,1464.0,1513.0,1485.0,1526.0,1577.0,1600.0,1530.0,1656.0,1544.0,1593.0,1663.0,1580.0,1680.0,1685.0,1733.0,1707.0,1773.0,1830.0,1823.0,1888.0,1876.0,1900.0,1863.0,1933.0,1996.0,1915.0,1903.0,2033.0,1976.0,1994.0,2096.0,2032.0,2027.0,2077.0,2026.0,2113.0,2138.0,2159.0,2229.0,2126.0,2216.0,2245.0,2284.0,2292.0,2209.0,2285.0,2313.0,2271.0,2350.0
K,84,121.0,126.0,157.0,157.0,172.0,175.0,203.0,252.0,272.0,275.0,274.0,286.0,330.0,301.0,339.0,370.0,367.0,392.0,432.0,419.0,452.0,466.0,475.0,491.0,523.0,597.0,613.0,673.0,680.0,707.0,770.0,770.0,805.0,811.0,811.0,896.0,936.0,952.0,960.0,1013.0,1028.0,1024.0,1157.0,1163.0,1189.0,1199.0,1218.0,1307.0,1293.0,1314.0,1349.0,1435.0,1485.0,1461.0,1506.0,1483.0,1521.0,1563.0,1594.0,1531.0,1649.0,1544.0,1589.0,1657.0,1565.0,1671.0,1679.0,1732.0,1709.0,1759.0,1819.0,1815.0,1874.0,1871.0,1894.0,1857.0,1932.0,1978.0,1904.0,1902.0,2028.0,1976.0,1984.0,2091.0,2021.0,2012.0,2072.0,2022.0,2105.0,2134.0,2147.0,2215.0,2115.0,2199.0,2234.0,2266.0,2293.0,2203.0,2280.0,2316.0,2268.0
K,85,107.0,109.0,122.0,138.0,142.0,165.0,159.0,189.0,233.0,253.0,256.0,251.0,272.0,306.0,289.0,320.0,348.0,340.0,375.0,418.0,403.0,438.0,447.0,461.0,476.0,491.0,575.0,594.0,654.0,659.0,684.0,752.0,737.0,793.0,789.0,791.0,875.0,918.0,936.0,941.0,1004.0,1023.0,1012.0,1141.0,1148.0,1170.0,1189.0,1199.0,1281.0,1273.0,1297.0,1331.0,1407.0,1469.0,1443.0,1486.0,1458.0,1503.0,1539.0,1575.0,1513.0,1638.0,1524.0,1565.0,1646.0,1540.0,1646.0,1645.0,1710.0,1686.0,1737.0,1786.0,1787.0,1845.0,1838.0,1863.0,1821.0,1909.0,1946.0,1880.0,1882.0,1987.0,1945.0,1947.0,2053.0,1987.0,1977.0,2050.0,1993.0,2071.0,2102.0,2105.0,2187.0,2086.0,2172.0,2196.0,2233.0,2259.0,2165.0,2255.0,2280.0
K,86,97.0,102.0,100.0,112.0,134.0,140.0,158.0,154.0,172.0,215.0,242.0,243.0,231.0,251.0,283.0,269.0,298.0,328.0,324.0,361.0,402.0,381.0,415.0,428.0,444.0,463.0,472.0,545.0,569.0,625.0,636.0,675.0,736.0,721.0,770.0,771.0,785.0,863.0,899.0,925.0,919.0,984.0,1010.0,998.0,1116.0,1136.0,1144.0,1174.0,1189.0,1259.0,1252.0,1272.0,1320.0,1390.0,1444.0,1423.0,1465.0,1436.0,1484.0,1524.0,1563.0,1484.0,1614.0,1498.0,1544.0,1621.0,1523.0,1623.0,1606.0,1688.0,1666.0,1713.0,1766.0,1757.0,1816.0,1813.0,1833.0,1790.0,1871.0,1910.0,1865.0,1853.0,1958.0,1920.0,1923.0,2027.0,1971.0,1954.0,2031.0,1969.0,2042.0,2069.0,2082.0,2149.0,2050.0,2133.0,2164.0,2207.0,2224.0,2136.0,2213.0
K,87,86.0,93.0,96.0,90.0,99.0,128.0,125.0,146.0,146.0,167.0,201.0,224.0,228.0,223.0,245.0,261.0,248.0,272.0,303.0,311.0,347.0,390.0,365.0,408.0,406.0,429.0,443.0,460.0,523.0,554.0,599.0,610.0,659.0,712.0,705.0,753.0,759.0,772.0,842.0,890.0,917.0,904.0,963.0,994.0,984.0,1101.0,1126.0,1135.0,1151.0,1170.0,1239.0,1246.0,1253.0,1312.0,1381.0,1422.0,1402.0,1439.0,1422.0,1455.0,1504.0,1538.0,1459.0,1593.0,1476.0,1525.0,1594.0,1500.0,1606.0,1582.0,1668.0,1637.0,1684.0,1741.0,1730.0,1790.0,1780.0,1804.0,1770.0,1847.0,1881.0,1847.0,1826.0,1937.0,1898.0,1893.0,1991.0,1946.0,1926.0,2001.0,1946.0,2016.0,2054.0,2055.0,2116.0,2024.0,2097.0,2125.0,2184.0,2182.0,2104.0
K,88,77.0,82.0,88.0,95.0,85.0,91.0,124.0,120.0,136.0,135.0,154.0,193.0,208.0,213.0,209.0,233.0,253.0,236.0,262.0,289.0,307.0,327.0,372.0,346.0,399.0,389.0,417.0,426.0,442.0,506.0,538.0,579.0,594.0,644.0,699.0,686.0,731.0,744.0,760.0,832.0,877.0,895.0,888.0,951.0,983.0,966.0,1083.0,1110.0,1115.0,1132.0,1149.0,1211.0,1231.0,1227.0,1295.0,1358.0,1398.0,1390.0,1415.0,1409.0,1438.0,1491.0,1515.0,1432.0,1575.0,1450.0,1494.0,1571.0,1478.0,1584.0,1554.0,1641.0,1613.0,1654.0,1712.0,1717.0,1754.0,1750.0,1780.0,1746.0,1820.0,1856.0,1822.0,1788.0,1896.0,1873.0,1858.0,1962.0,1926.0,1895.0,1971.0,1912.0,1979.0,2021.0,2022.0,2073.0,1997.0,2069.0,2079.0,2152.0,2156.0
K,89,69.0,71.0,79.0,83.0,90.0,78.0,90.0,115.0,117.0,123.0,122.0,150.0,188.0,183.0,193.0,204.0,221.0,241.0,224.0,251.0,275.0,290.0,315.0,352.0,338.0,388.0,379.0,409.0,404.0,423.0,496.0,518.0,565.0,578.0,633.0,685.0,683.0,720.0,721.0,753.0,813.0,858.0,887.0,874.0,934.0,976.0,956.0,1070.0,1099.0,1089.0,1117.0,1135.0,1193.0,1209.0,1210.0,1276.0,1337.0,1378.0,1372.0,1387.0,1385.0,1408.0,1467.0,1497.0,1411.0,1544.0,1433.0,1480.0,1550.0,1465.0,1555.0,1532.0,1617.0,1588.0,1634.0,1697.0,1693.0,1734.0,1724.0,1750.0,1723.0,1795.0,1828.0,1794.0,1762.0,1866.0,1847.0,1825.0,1927.0,1900.0,1863.0,1947.0,1876.0,1959.0,1978.0,1996.0,2048.0,1971.0,2037.0,2045.0,2118.0
K,90,64.0,72.0,74.0,81.0,88.0,93.0,81.0,93.0,120.0,118.0,127.0,123.0,153.0,188.0,187.0,196.0,205.0,221.0,243.0,228.0,252.0,279.0,293.0,318.0,356.0,339.0,390.0,380.0,410.0,406.0,427.0,497.0,518.0,565.0,581.0,638.0,689.0,683.0,724.0,723.0,758.0,816.0,860.0,887.0,874.0,936.0,976.0,960.0,1074.0,1102.0,1092.0,1118.0,1136.0,1196.0,1213.0,1215.0,1280.0,1339.0,1379.0,1374.0,1391.0,1385.0,1411.0,1468.0,1500.0,1412.0,1549.0,1435.0,1481.0,1552.0,1467.0,1556.0,1538.0,1617.0,1589.0,1635.0,1698.0,1695.0,1741.0,1724.0,1752.0,1729.0,1799.0,1828.0,1799.0,1763.0,1866.0,1848.0,1830.0,1936.0,1901.0,1868.0,1948.0,1877.0,1961.0,1981.0,1997.0,2049.0,1973.0,2039.0,2045.0
K,91,56.0,51.0,54.0,61.0,64.0,65.0,72.0,61.0,71.0,95.0,85.0,104.0,96.0,116.0,138.0,145.0,153.0,159.0,168.0,181.0,175.0,190.0,196.0,230.0,253.0,280.0,258.0,306.0,274.0,314.0,305.0,338.0,372.0,387.0,410.0,462.0,471.0,502.0,497.0,566.0,546.0,570.0,609.0,649.0,676.0,665.0,702.0,733.0,730.0,816.0,819.0,810.0,868.0,859.0,899.0,910.0,928.0,961.0,1009.0,1020.0,1051.0,1051.0,1050.0,1040.0,1087.0,1128.0,1052.0,1138.0,1083.0,1119.0,1173.0,1088.0,1151.0,1154.0,1226.0,1217.0,1197.0,1288.0,1241.0,1310.0,1286.0,1308.0,1340.0,1376.0,1395.0,1344.0,1323.0,1422.0,1366.0,1369.0,1467.0,1440.0,1397.0,1468.0,1423.0,1455.0,1504.0,1523.0,1545.0,1484.0,1536.0
K,92,48.0,42.0,41.0,45.0,55.0,50.0,57.0,60.0,41.0,56.0,74.0,61.0,82.0,77.0,88.0,107.0,109.0,117.0,124.0,131.0,142.0,139.0,142.0,148.0,169.0,202.0,213.0,190.0,231.0,193.0,251.0,244.0,260.0,292.0,284.0,310.0,357.0,354.0,380.0,384.0,424.0,411.0,408.0,471.0,483.0,501.0,506.0,530.0,542.0,541.0,624.0,616.0,615.0,634.0,659.0,667.0,689.0,688.0,725.0,758.0,781.0,796.0,762.0,793.0,787.0,827.0,842.0,800.0,872.0,793.0,845.0,889.0,816.0,889.0,849.0,918.0,925.0,879.0,992.0,919.0,995.0,959.0,997.0,1021.0,1048.0,1035.0,1010.0,977.0,1113.0,1020.0,1050.0,1080.0,1102.0,1038.0,1092.0,1075.0,1083.0,1133.0,1146.0,1178.0,1102.0
K,93,37.0,34.0,33.0,29.0,37.0,43.0,41.0,39.0,48.0,33.0,44.0,60.0,45.0,67.0,61.0,67.0,80.0,83.0,92.0,96.0,107.0,104.0,101.0,101.0,106.0,127.0,151.0,165.0,157.0,175.0,140.0,191.0,178.0,211.0,225.0,207.0,238.0,270.0,278.0,297.0,281.0,308.0,312.0,311.0,364.0,367.0,377.0,362.0,390.0,420.0,421.0,489.0,454.0,468.0,493.0,497.0,490.0,505.0,507.0,545.0,564.0,592.0,602.0,575.0,597.0,597.0,614.0,653.0,581.0,647.0,586.0,628.0,682.0,601.0,664.0,633.0,697.0,700.0,650.0,733.0,691.0,751.0,705.0,750.0,780.0,793.0,790.0,773.0,737.0,820.0,758.0,801.0,771.0,817.0,801.0,832.0,814.0,813.0,853.0,846.0,870.0
K,94,30.0,36.0,27.0,28.0,24.0,31.0,37.0,35.0,31.0,36.0,31.0,42.0,45.0,34.0,49.0,47.0,57.0,66.0,66.0,71.0,72.0,85.0,78.0,73.0,75.0,82.0,87.0,106.0,126.0,122.0,134.0,117.0,140.0,141.0,160.0,174.0,156.0,186.0,208.0,208.0,229.0,206.0,236.0,235.0,224.0,269.0,269.0,272.0,260.0,284.0,333.0,321.0,372.0,340.0,340.0,386.0,377.0,373.0,375.0,397.0,427.0,428.0,441.0,451.0,419.0,434.0,446.0,456.0,485.0,441.0,472.0,440.0,460.0,507.0,466.0,515.0,479.0,506.0,504.0,492.0,557.0,528.0,556.0,551.0,557.0,579.0,577.0,588.0,577.0,549.0,612.0,571.0,600.0,570.0,592.0,593.0,634.0,622.0,609.0,651.0,642.0
K,95,23.0,23.0,28.0,21.0,22.0,15.0,20.0,25.0,27.0,23.0,30.0,28.0,31.0,37.0,23.0,37.0,37.0,39.0,55.0,47.0,54.0,54.0,69.0,64.0,62.0,55.0,68.0,66.0,86.0,93.0,91.0,101.0,87.0,102.0,114.0,119.0,126.0,124.0,140.0,152.0,157.0,177.0,153.0,183.0,172.0,169.0,194.0,206.0,203.0,196.0,224.0,258.0,234.0,273.0,259.0,259.0,296.0,288.0,275.0,287.0,285.0,323.0,337.0,349.0,333.0,310.0,328.0,339.0,363.0,352.0,335.0,358.0,323.0,335.0,382.0,340.0,408.0,352.0,387.0,366.0,365.0,401.0,398.0,412.0,412.0,422.0,446.0,440.0,437.0,423.0,420.0,464.0,434.0,457.0,411.0,443.0,439.0,477.0,458.0,467.0,489.0
K,96,18.0,16.0,20.0,21.0,19.0,19.0,15.0,20.0,22.0,22.0,20.0,22.0,20.0,23.0,30.0,18.0,33.0,26.0,31.0,46.0,33.0,48.0,42.0,49.0,49.0,40.0,48.0,52.0,47.0,65.0,74.0,64.0,74.0,65.0,80.0,82.0,88.0,97.0,87.0,100.0,122.0,122.0,131.0,114.0,140.0,126.0,123.0,153.0,147.0,162.0,136.0,166.0,186.0,184.0,204.0,206.0,202.0,224.0,221.0,210.0,206.0,232.0,252.0,265.0,261.0,241.0,234.0,240.0,250.0,279.0,258.0,250.0,274.0,250.0,247.0,289.0,250.0,306.0,280.0,287.0,280.0,265.0,293.0,299.0,307.0,304.0,317.0,328.0,335.0,349.0,319.0,314.0,342.0,323.0,331.0,312.0,339.0,330.0,358.0,330.0,352.0
K,97,13.0,14.0,13.0,18.0,15.0,19.0,17.0,12.0,16.0,18.0,18.0,13.0,19.0,17.0,18.0,25.0,16.0,29.0,20.0,26.0,38.0,25.0,41.0,35.0,38.0,38.0,32.0,37.0,41.0,38.0,45.0,57.0,52.0,53.0,47.0,62.0,65.0,66.0,70.0,63.0,78.0,92.0,97.0,109.0,85.0,113.0,104.0,99.0,123.0,119.0,115.0,95.0,131.0,138.0,138.0,142.0,154.0,141.0,165.0,173.0,162.0,146.0,161.0,190.0,209.0,198.0,173.0,174.0,175.0,190.0,213.0,200.0,190.0,196.0,194.0,188.0,211.0,192.0,228.0,202.0,227.0,216.0,199.0,213.0,227.0,239.0,234.0,247.0,264.0,249.0,265.0,230.0,247.0,264.0,245.0,253.0,226.0,245.0,251.0,264.0,253.0
K,98,10.0,12.0,10.0,10.0,12.0,10.0,16.0,13.0,7.0,17.0,16.0,14.0,12.0,17.0,16.0,15.0,20.0,15.0,20.0,15.0,23.0,29.0,22.0,33.0,28.0,29.0,31.0,27.0,31.0,33.0,35.0,37.0,43.0,40.0,43.0,37.0,51.0,44.0,51.0,54.0,44.0,59.0,73.0,68.0,82.0,65.0,86.0,77.0,75.0,96.0,94.0,89.0,76.0,100.0,107.0,116.0,108.0,108.0,110.0,123.0,137.0,126.0,103.0,126.0,139.0,163.0,150.0,142.0,133.0,134.0,138.0,161.0,151.0,142.0,153.0,148.0,139.0,157.0,144.0,171.0,154.0,167.0,165.0,155.0,163.0,165.0,178.0,174.0,194.0,201.0,193.0,206.0,191.0,180.0,197.0,193.0,187.0,163.0,190.0,184.0,206.0
K,99,6.0,5.0,9.0,8.0,3.0,12.0,6.0,12.0,10.0,5.0,14.0,12.0,10.0,10.0,14.0,15.0,10.0,17.0,14.0,13.0,12.0,13.0,23.0,16.0,23.0,20.0,21.0,24.0,23.0,26.0,20.0,24.0,28.0,28.0,35.0,34.0,28.0,42.0,34.0,32.0,42.0,29.0,48.0,51.0,45.0,62.0,52.0,63.0,60.0,51.0,64.0,63.0,65.0,60.0,66.0,72.0,90.0,83.0,77.0,79.0,92.0,106.0,110.0,75.0,97.0,106.0,133.0,122.0,106.0,93.0,106.0,104.0,118.0,119.0,106.0,109.0,108.0,99.0,119.0,112.0,121.0,116.0,122.0,126.0,119.0,122.0,123.0,124.0,129.0,161.0,148.0,143.0,146.0,150.0,136.0,162.0,136.0,140.0,121.0,153.0,150.0
K,100,4.0,4.0,3.0,8.0,5.0,3.0,8.0,4.0,9.0,8.0,3.0,11.0,9.0,8.0,6.0,10.0,12.0,6.0,11.0,11.0,9.0,10.0,10.0,15.0,9.0,17.0,17.0,16.0,18.0,21.0,21.0,15.0,19.0,23.0,20.0,26.0,29.0,23.0,30.0,29.0,22.0,28.0,19.0,33.0,37.0,38.0,43.0,37.0,52.0,46.0,39.0,49.0,44.0,46.0,40.0,54.0,56.0,68.0,60.0,62.0,57.0,68.0,83.0,84.0,56.0,79.0,76.0,101.0,97.0,80.0,70.0,75.0,79.0,96.0,85.0,74.0,85.0,76.0,77.0,85.0,92.0,95.0,86.0,90.0,91.0,93.0,97.0,96.0,95.0,98.0,116.0,113.0,103.0,113.0,115.0,107.0,130.0,96.0,107.0,87.0,114.0
K,101,3.0,3.0,3.0,2.0,3.0,1.0,2.0,2.0,1.0,2.0,1.0,2.0,3.0,3.0,2.0,3.0,2.0,5.0,4.0,4.0,5.0,4.0,3.0,4.0,6.0,2.0,3.0,5.0,7.0,6.0,11.0,11.0,8.0,7.0,9.0,6.0,7.0,11.0,7.0,12.0,15.0,10.0,10.0,3.0,15.0,15.0,16.0,19.0,11.0,23.0,14.0,17.0,22.0,13.0,16.0,18.0,19.0,26.0,21.0,20.0,23.0,23.0,22.0,28.0,32.0,22.0,41.0,25.0,33.0,37.0,25.0,28.0,28.0,35.0,40.0,26.0,30.0,33.0,31.0,34.0,35.0,31.0,30.0,25.0,34.0,40.0,36.0,35.0,35.0,37.0,31.0,41.0,44.0,40.0,34.0,41.0,33.0,44.0,42.0,51.0,28.0
K,102,2.0,2.0,,2.0,,1.0,,1.0,1.0,,1.0,,1.0,,2.0,1.0,2.0,1.0,1.0,2.0,,4.0,1.0,,2.0,2.0,1.0,1.0,1.0,1.0,2.0,4.0,3.0,3.0,4.0,5.0,5.0,2.0,2.0,2.0,5.0,5.0,2.0,3.0,2.0,6.0,6.0,5.0,11.0,3.0,10.0,6.0,6.0,9.0,7.0,4.0,5.0,8.0,10.0,11.0,5.0,6.0,6.0,8.0,10.0,10.0,7.0,16.0,13.0,14.0,13.0,7.0,8.0,7.0,11.0,19.0,5.0,11.0,18.0,17.0,13.0,18.0,16.0,12.0,14.0,10.0,15.0,14.0,14.0,12.0,11.0,15.0,22.0,21.0,15.0,8.0,21.0,11.0,15.0,16.0,21.0
K,103,1.0,1.0,2.0,,,,1.0,,,1.0,,1.0,,,,,,,,1.0,,,2.0,2.0,,1.0,,,,,,,,1.0,1.0,,2.0,2.0,2.0,,,2.0,3.0,1.0,,,3.0,3.0,4.0,2.0,2.0,2.0,5.0,2.0,5.0,1.0,,,4.0,2.0,5.0,1.0,2.0,2.0,2.0,2.0,2.0,2.0,7.0,6.0,5.0,6.0,2.0,2.0,4.0,5.0,6.0,3.0,3.0,7.0,5.0,5.0,7.0,7.0,5.0,10.0,6.0,5.0,4.0,5.0,7.0,5.0,7.0,12.0,7.0,5.0,4.0,7.0,5.0,4.0,4.0
K,104,,,,1.0,,,,1.0,,,,,,,,,,,,,2.0,,,2.0,1.0,,,,,,,,,,,1.0,,,,1.0,,,1.0,,,,,2.0,,2.0,2.0,,,2.0,,4.0,,,,2.0,1.0,2.0,,,,2.0,1.0,1.0,3.0,3.0,2.0,4.0,3.0,2.0,1.0,1.0,2.0,2.0,,3.0,4.0,3.0,4.0,3.0,1.0,1.0,3.0,2.0,2.0,,1.0,1.0,2.0,1.0,6.0,3.0,2.0,2.0,2.0,1.0,2.0
K,105,1.0,,,,,,,,,,,,,,,,,,,,,,,,,1.0,,,,,,,,,,,,,,,,,,1.0,,,,,1.0,,2.0,1.0,,,,,1.0,,,,2.0,1.0,1.0,,,,1.0,1.0,,2.0,2.0,,2.0,,2.0,1.0,,1.0,,,1.0,2.0,1.0,2.0,2.0,1.0,1.0,1.0,,,,,1.0,,,4.0,1.0,1.0,1.0,1.0,1.0
K,106,,,,,,,,,,,,,,,,,,,,,,,,,,,,,,,,,,,,,,,,,,,,,1.0,,,,,,,,,,,,,,,,,,1.0,,,,,,,,,1.0,,,,1.0,,,,,,,2.0,,1.0,,,1.0,,,,,,1.0,,,3.0,1.0,,1.0,
K,107,,,,,,,,,,,,,,,,,,,,,,,,,,,,,,,,,,,,1.0,,,,,,,,,,,,,,,,,,,,,,,,,,,,1.0,2.0,,1.0,,,,,,,,,,,,,,,,,,,,,,,,,,,,,,,1.0,,,
K,108,,,,,,,,,,,,,,,,,,,,,,,,,,,,,,,,,,,,,1.0,,,,,,,,,,,,,,,,,,,,,,,,,,,,,,,,,,,,,,,,,,,,,,,,,,,,,,,,,,,,,,1.0,,
K,109,,,,,,,,,,,,,,,,,,,,,,,,,,,,,,,,,,,,,,,,,,,,,,,,,,,,,,,,,,,,,,,,,,,,,,,,,,,,,,,,,,,,,,,,,,,,,,,,,,,,,
M,0,267.0,294.0,290.0,305.0,328.0,353.0,379.0,367.0,399.0,384.0,445.0,443.0,469.0,505.0,493.0,504.0,544.0,540.0,554.0,567.0,581.0,570.0,625.0,618.0,668.0,715.0,699.0,708.0,743.0,708.0,722.0,725.0,758.0,742.0,791.0,765.0,787.0,822.0,819.0,832.0,871.0,860.0,863.0,873.0,872.0,971.0,897.0,967.0,965.0,984.0,920.0,962.0,991.0,972.0,1004.0,997.0,1024.0,1021.0,1033.0,1077.0,1087.0,1099.0,1128.0,1118.0,1129.0,1143.0,1083.0,1191.0,1156.0,1195.0,1177.0,1175.0,1201.0,1200.0,1217.0,1194.0,1229.0,1250.0,1220.0,1264.0,1271.0,1289.0,1282.0,1245.0,1266.0,1324.0,1262.0,1267.0,1315.0,1333.0,1345.0,1347.0,1299.0,1280.0,1329.0,1385.0,1360.0,1355.0,1344.0,1386.0,1364.0
M,1,294.0,294.0,310.0,309.0,321.0,348.0,374.0,397.0,377.0,413.0,408.0,467.0,461.0,483.0,525.0,508.0,525.0,563.0,559.0,575.0,583.0,603.0,584.0,648.0,637.0,696.0,745.0,715.0,730.0,763.0,733.0,738.0,744.0,780.0,772.0,819.0,778.0,804.0,840.0,837.0,853.0,887.0,873.0,884.0,898.0,891.0,987.0,918.0,995.0,989.0,1013.0,935.0,978.0,1020.0,989.0,1031.0,1016.0,1048.0,1037.0,1057.0,1088.0,1115.0,1115.0,1147.0,1138.0,1147.0,1161.0,1105.0,1224.0,1176.0,1221.0,1200.0,1200.0,1219.0,1230.0,1241.0,1221.0,1241.0,1270.0,1245.0,1282.0,1289.0,1312.0,1303.0,1264.0,1281.0,1345.0,1276.0,1285.0,1334.0,1362.0,1365.0,1368.0,1317.0,1300.0,1347.0,1407.0,1379.0,1385.0,1363.0,1411.0
M,2,280.0,319.0,318.0,327.0,328.0,339.0,372.0,391.0,421.0,401.0,431.0,430.0,488.0,488.0,502.0,553.0,528.0,537.0,576.0,581.0,596.0,603.0,624.0,596.0,664.0,658.0,719.0,769.0,735.0,752.0,785.0,761.0,756.0,765.0,791.0,788.0,850.0,794.0,823.0,863.0,853.0,865.0,910.0,896.0,902.0,911.0,904.0,1009.0,937.0,1005.0,1014.0,1034.0,945.0,998.0,1042.0,1010.0,1050.0,1038.0,1066.0,1060.0,1073.0,1098.0,1137.0,1133.0,1159.0,1151.0,1162.0,1175.0,1124.0,1236.0,1192.0,1249.0,1222.0,1217.0,1240.0,1247.0,1263.0,1241.0,1269.0,1286.0,1266.0,1306.0,1307.0,1326.0,1324.0,1280.0,1303.0,1359.0,1289.0,1305.0,1349.0,1389.0,1384.0,1400.0,1331.0,1315.0,1368.0,1432.0,1398.0,1403.0,1381.0
M,3,290.0,301.0,348.0,342.0,349.0,343.0,362.0,383.0,413.0,451.0,422.0,457.0,454.0,508.0,506.0,523.0,569.0,545.0,558.0,598.0,604.0,613.0,619.0,647.0,616.0,681.0,682.0,738.0,789.0,762.0,770.0,803.0,781.0,773.0,780.0,810.0,809.0,868.0,820.0,835.0,877.0,866.0,883.0,925.0,917.0,912.0,927.0,924.0,1020.0,958.0,1029.0,1028.0,1046.0,968.0,1012.0,1065.0,1030.0,1068.0,1065.0,1085.0,1082.0,1085.0,1119.0,1160.0,1158.0,1180.0,1176.0,1176.0,1207.0,1144.0,1251.0,1215.0,1256.0,1236.0,1234.0,1263.0,1265.0,1281.0,1265.0,1287.0,1308.0,1284.0,1326.0,1327.0,1344.0,1351.0,1307.0,1311.0,1369.0,1301.0,1325.0,1368.0,1408.0,1402.0,1418.0,1354.0,1335.0,1385.0,1460.0,1425.0,1419.0
M,4,295.0,304.0,324.0,368.0,363.0,368.0,363.0,386.0,402.0,431.0,469.0,442.0,469.0,471.0,536.0,527.0,538.0,593.0,565.0,584.0,619.0,626.0,635.0,635.0,661.0,633.0,701.0,703.0,761.0,804.0,777.0,789.0,817.0,797.0,796.0,808.0,830.0,833.0,891.0,833.0,861.0,894.0,885.0,899.0,948.0,937.0,935.0,944.0,939.0,1036.0,977.0,1049.0,1047.0,1072.0,987.0,1042.0,1086.0,1049.0,1087.0,1083.0,1104.0,1104.0,1098.0,1134.0,1172.0,1182.0,1194.0,1193.0,1192.0,1223.0,1170.0,1261.0,1237.0,1276.0,1252.0,1258.0,1286.0,1278.0,1303.0,1285.0,1306.0,1332.0,1299.0,1343.0,1342.0,1364.0,1373.0,1326.0,1329.0,1383.0,1326.0,1344.0,1393.0,1429.0,1416.0,1436.0,1373.0,1357.0,1396.0,1487.0,1443.0
M,5,303.0,320.0,326.0,335.0,389.0,381.0,389.0,379.0,408.0,428.0,450.0,498.0,475.0,494.0,497.0,553.0,545.0,557.0,613.0,586.0,603.0,648.0,652.0,659.0,659.0,678.0,648.0,722.0,722.0,781.0,822.0,794.0,812.0,838.0,815.0,825.0,826.0,856.0,849.0,916.0,859.0,888.0,920.0,908.0,916.0,964.0,965.0,952.0,961.0,964.0,1060.0,1013.0,1079.0,1079.0,1087.0,1003.0,1071.0,1109.0,1074.0,1105.0,1103.0,1130.0,1125.0,1127.0,1153.0,1188.0,1204.0,1211.0,1217.0,1217.0,1244.0,1191.0,1280.0,1256.0,1303.0,1267.0,1285.0,1311.0,1291.0,1316.0,1304.0,1320.0,1355.0,1325.0,1369.0,1367.0,1383.0,1392.0,1346.0,1351.0,1407.0,1349.0,1370.0,1411.0,1456.0,1430.0,1455.0,1397.0,1376.0,1414.0,1505.0
M,6,318.0,326.0,348.0,358.0,361.0,415.0,404.0,408.0,400.0,436.0,448.0,471.0,515.0,501.0,518.0,517.0,572.0,568.0,574.0,634.0,608.0,635.0,675.0,680.0,676.0,687.0,694.0,669.0,747.0,742.0,809.0,846.0,818.0,832.0,862.0,833.0,854.0,855.0,884.0,869.0,927.0,886.0,908.0,946.0,919.0,940.0,980.0,983.0,968.0,988.0,988.0,1087.0,1027.0,1106.0,1101.0,1108.0,1017.0,1100.0,1125.0,1097.0,1129.0,1128.0,1144.0,1147.0,1149.0,1170.0,1203.0,1226.0,1227.0,1235.0,1234.0,1260.0,1209.0,1307.0,1288.0,1328.0,1293.0,1301.0,1325.0,1316.0,1337.0,1327.0,1341.0,1376.0,1340.0,1388.0,1393.0,1405.0,1408.0,1378.0,1372.0,1430.0,1373.0,1391.0,1435.0,1475.0,1454.0,1471.0,1419.0,1397.0,1442.0
M,7,317.0,340.0,348.0,377.0,377.0,384.0,446.0,428.0,432.0,421.0,455.0,464.0,494.0,538.0,516.0,544.0,536.0,602.0,587.0,597.0,656.0,629.0,654.0,698.0,701.0,708.0,701.0,720.0,696.0,775.0,763.0,824.0,870.0,840.0,852.0,882.0,856.0,882.0,889.0,906.0,886.0,951.0,906.0,929.0,965.0,938.0,968.0,1006.0,1010.0,991.0,1017.0,1009.0,1101.0,1048.0,1126.0,1128.0,1126.0,1049.0,1127.0,1150.0,1121.0,1156.0,1148.0,1159.0,1170.0,1176.0,1199.0,1213.0,1247.0,1253.0,1260.0,1260.0,1281.0,1234.0,1325.0,1313.0,1347.0,1311.0,1325.0,1347.0,1329.0,1360.0,1347.0,1364.0,1397.0,1369.0,1412.0,1414.0,1430.0,1427.0,1400.0,1386.0,1456.0,1397.0,1415.0,1453.0,1496.0,1470.0,1495.0,1442.0,1413.0
M,8,319.0,339.0,364.0,378.0,399.0,403.0,401.0,479.0,457.0,458.0,445.0,470.0,488.0,521.0,571.0,540.0,561.0,563.0,621.0,613.0,620.0,675.0,649.0,682.0,730.0,726.0,733.0,723.0,737.0,720.0,796.0,783.0,850.0,889.0,869.0,876.0,911.0,875.0,910.0,913.0,921.0,905.0,974.0,927.0,951.0,987.0,962.0,992.0,1026.0,1025.0,1010.0,1043.0,1030.0,1120.0,1067.0,1150.0,1148.0,1146.0,1069.0,1145.0,1178.0,1145.0,1179.0,1176.0,1188.0,1192.0,1203.0,1224.0,1238.0,1272.0,1278.0,1282.0,1285.0,1297.0,1256.0,1344.0,1341.0,1361.0,1336.0,1347.0,1360.0,1350.0,1379.0,1365.0,1379.0,1416.0,1386.0,1433.0,1439.0,1449.0,1449.0,1420.0,1405.0,1483.0,1424.0,1429.0,1468.0,1515.0,1488.0,1514.0,1458.0
M,9,318.0,340.0,365.0,391.0,403.0,422.0,420.0,419.0,501.0,470.0,483.0,465.0,488.0,511.0,537.0,595.0,556.0,581.0,586.0,643.0,634.0,638.0,698.0,669.0,706.0,750.0,760.0,749.0,743.0,763.0,738.0,815.0,805.0,871.0,906.0,890.0,900.0,935.0,891.0,929.0,931.0,948.0,934.0,992.0,946.0,975.0,1014.0,991.0,1015.0,1047.0,1046.0,1038.0,1065.0,1062.0,1148.0,1089.0,1173.0,1173.0,1170.0,1095.0,1168.0,1202.0,1167.0,1206.0,1198.0,1209.0,1216.0,1233.0,1247.0,1262.0,1298.0,1300.0,1291.0,1306.0,1333.0,1273.0,1366.0,1363.0,1381.0,1364.0,1377.0,1388.0,1378.0,1403.0,1385.0,1400.0,1445.0,1406.0,1448.0,1457.0,1472.0,1466.0,1441.0,1428.0,1509.0,1443.0,1443.0,1499.0,1535.0,1515.0,1537.0
M,10,330.0,344.0,366.0,393.0,415.0,422.0,453.0,437.0,441.0,521.0,490.0,511.0,495.0,511.0,540.0,564.0,620.0,578.0,603.0,611.0,664.0,654.0,666.0,717.0,697.0,727.0,783.0,789.0,770.0,770.0,790.0,760.0,842.0,834.0,883.0,945.0,912.0,931.0,959.0,905.0,955.0,961.0,968.0,957.0,1013.0,966.0,1002.0,1047.0,1019.0,1037.0,1077.0,1068.0,1066.0,1084.0,1083.0,1178.0,1110.0,1207.0,1192.0,1197.0,1112.0,1178.0,1220.0,1186.0,1231.0,1223.0,1234.0,1238.0,1259.0,1266.0,1282.0,1320.0,1322.0,1314.0,1326.0,1350.0,1297.0,1392.0,1386.0,1397.0,1393.0,1401.0,1412.0,1401.0,1422.0,1407.0,1412.0,1478.0,1432.0,1473.0,1481.0,1496.0,1476.0,1459.0,1452.0,1527.0,1483.0,1468.0,1533.0,1553.0,1544.0
M,11,335.0,354.0,368.0,388.0,415.0,438.0,444.0,471.0,456.0,467.0,549.0,510.0,535.0,518.0,533.0,555.0,592.0,638.0,603.0,626.0,628.0,689.0,680.0,689.0,740.0,716.0,750.0,810.0,813.0,789.0,805.0,811.0,790.0,863.0,852.0,905.0,966.0,933.0,943.0,974.0,931.0,976.0,987.0,987.0,980.0,1037.0,987.0,1026.0,1069.0,1046.0,1059.0,1104.0,1084.0,1092.0,1106.0,1102.0,1195.0,1127.0,1234.0,1220.0,1227.0,1136.0,1204.0,1243.0,1206.0,1258.0,1248.0,1252.0,1262.0,1293.0,1289.0,1305.0,1342.0,1344.0,1340.0,1339.0,1380.0,1316.0,1419.0,1404.0,1415.0,1416.0,1422.0,1441.0,1425.0,1455.0,1428.0,1443.0,1500.0,1460.0,1494.0,1507.0,1525.0,1498.0,1485.0,1476.0,1547.0,1510.0,1488.0,1552.0,1577.0
M,12,343.0,360.0,385.0,396.0,404.0,447.0,470.0,467.0,505.0,479.0,486.0,578.0,539.0,551.0,539.0,555.0,580.0,608.0,664.0,628.0,655.0,649.0,725.0,703.0,710.0,766.0,733.0,774.0,832.0,837.0,815.0,833.0,834.0,819.0,886.0,885.0,929.0,987.0,957.0,966.0,999.0,956.0,998.0,1000.0,1009.0,1002.0,1065.0,1017.0,1053.0,1081.0,1062.0,1083.0,1121.0,1111.0,1115.0,1131.0,1131.0,1209.0,1141.0,1260.0,1245.0,1246.0,1156.0,1224.0,1272.0,1225.0,1276.0,1269.0,1281.0,1279.0,1317.0,1310.0,1337.0,1368.0,1365.0,1359.0,1363.0,1407.0,1340.0,1441.0,1429.0,1438.0,1440.0,1444.0,1464.0,1439.0,1487.0,1455.0,1474.0,1536.0,1482.0,1512.0,1525.0,1553.0,1525.0,1502.0,1493.0,1567.0,1533.0,1515.0,1580.0
M,13,350.0,360.0,381.0,406.0,419.0,428.0,460.0,491.0,501.0,530.0,501.0,510.0,599.0,572.0,569.0,580.0,578.0,601.0,636.0,688.0,655.0,680.0,677.0,747.0,731.0,737.0,790.0,759.0,798.0,853.0,866.0,838.0,853.0,861.0,844.0,908.0,901.0,950.0,1019.0,982.0,985.0,1025.0,988.0,1020.0,1025.0,1043.0,1021.0,1080.0,1041.0,1078.0,1107.0,1083.0,1113.0,1147.0,1137.0,1137.0,1157.0,1158.0,1240.0,1162.0,1280.0,1272.0,1276.0,1175.0,1240.0,1306.0,1250.0,1297.0,1299.0,1305.0,1298.0,1354.0,1338.0,1377.0,1395.0,1382.0,1376.0,1385.0,1431.0,1366.0,1464.0,1454.0,1466.0,1466.0,1470.0,1489.0,1468.0,1504.0,1484.0,1493.0,1558.0,1506.0,1535.0,1555.0,1572.0,1541.0,1526.0,1515.0,1592.0,1561.0,1536.0
M,14,347.0,379.0,381.0,401.0,430.0,440.0,456.0,486.0,519.0,525.0,555.0,529.0,529.0,625.0,593.0,595.0,603.0,600.0,626.0,659.0,713.0,674.0,705.0,706.0,775.0,756.0,752.0,816.0,777.0,829.0,885.0,896.0,865.0,879.0,881.0,863.0,930.0,923.0,981.0,1045.0,1000.0,1010.0,1051.0,1011.0,1046.0,1049.0,1057.0,1047.0,1100.0,1062.0,1104.0,1127.0,1108.0,1145.0,1163.0,1156.0,1163.0,1174.0,1182.0,1266.0,1180.0,1303.0,1298.0,1295.0,1204.0,1264.0,1326.0,1280.0,1320.0,1331.0,1323.0,1318.0,1377.0,1364.0,1400.0,1413.0,1408.0,1398.0,1416.0,1456.0,1391.0,1491.0,1480.0,1495.0,1484.0,1489.0,1516.0,1503.0,1528.0,1509.0,1516.0,1586.0,1523.0,1554.0,1587.0,1593.0,1571.0,1553.0,1545.0,1621.0,1584.0
M,15,337.0,376.0,407.0,403.0,423.0,449.0,454.0,483.0,515.0,544.0,554.0,571.0,544.0,555.0,653.0,613.0,617.0,634.0,627.0,650.0,685.0,736.0,696.0,719.0,729.0,801.0,781.0,781.0,842.0,801.0,867.0,920.0,917.0,895.0,910.0,904.0,887.0,952.0,941.0,1013.0,1068.0,1026.0,1035.0,1080.0,1034.0,1074.0,1066.0,1076.0,1071.0,1127.0,1086.0,1123.0,1160.0,1139.0,1166.0,1197.0,1174.0,1190.0,1200.0,1203.0,1296.0,1208.0,1326.0,1334.0,1325.0,1228.0,1293.0,1345.0,1304.0,1338.0,1353.0,1343.0,1337.0,1401.0,1391.0,1426.0,1437.0,1433.0,1427.0,1430.0,1478.0,1415.0,1511.0,1504.0,1515.0,1510.0,1515.0,1537.0,1518.0,1556.0,1540.0,1535.0,1614.0,1542.0,1582.0,1611.0,1623.0,1596.0,1577.0,1568.0,1642.0
M,16,339.0,366.0,396.0,430.0,418.0,450.0,477.0,478.0,506.0,539.0,573.0,577.0,589.0,574.0,581.0,683.0,633.0,636.0,652.0,658.0,669.0,714.0,759.0,723.0,744.0,757.0,829.0,806.0,800.0,861.0,824.0,894.0,942.0,937.0,916.0,938.0,921.0,910.0,978.0,955.0,1031.0,1095.0,1047.0,1054.0,1102.0,1055.0,1101.0,1084.0,1098.0,1097.0,1152.0,1111.0,1151.0,1175.0,1173.0,1187.0,1224.0,1199.0,1210.0,1224.0,1231.0,1324.0,1238.0,1344.0,1347.0,1352.0,1256.0,1321.0,1367.0,1334.0,1370.0,1374.0,1365.0,1364.0,1416.0,1418.0,1449.0,1465.0,1457.0,1447.0,1459.0,1507.0,1441.0,1537.0,1537.0,1538.0,1533.0,1546.0,1566.0,1543.0,1580.0,1574.0,1567.0,1637.0,1562.0,1604.0,1633.0,1648.0,1620.0,1607.0,1599.0
M,17,330.0,359.0,382.0,423.0,461.0,440.0,465.0,501.0,507.0,531.0,565.0,599.0,603.0,617.0,601.0,606.0,705.0,654.0,668.0,679.0,679.0,688.0,734.0,790.0,746.0,760.0,784.0,858.0,836.0,819.0,886.0,840.0,913.0,966.0,968.0,945.0,965.0,952.0,929.0,998.0,981.0,1054.0,1130.0,1079.0,1082.0,1123.0,1081.0,1122.0,1101.0,1124.0,1118.0,1175.0,1138.0,1177.0,1213.0,1196.0,1206.0,1249.0,1218.0,1233.0,1250.0,1251.0,1345.0,1260.0,1367.0,1369.0,1379.0,1279.0,1349.0,1390.0,1358.0,1396.0,1395.0,1390.0,1393.0,1435.0,1442.0,1476.0,1482.0,1484.0,1473.0,1480.0,1532.0,1474.0,1570.0,1561.0,1561.0,1558.0,1570.0,1586.0,1569.0,1610.0,1600.0,1587.0,1667.0,1585.0,1624.0,1664.0,1664.0,1639.0,1643.0
M,18,333.0,355.0,381.0,401.0,447.0,490.0,462.0,488.0,532.0,532.0,543.0,592.0,617.0,634.0,641.0,624.0,627.0,716.0,678.0,692.0,700.0,710.0,718.0,760.0,806.0,773.0,786.0,797.0,881.0,860.0,836.0,905.0,872.0,936.0,988.0,991.0,967.0,988.0,970.0,956.0,1026.0,1000.0,1077.0,1153.0,1106.0,1118.0,1145.0,1108.0,1139.0,1134.0,1146.0,1145.0,1201.0,1165.0,1206.0,1244.0,1227.0,1233.0,1268.0,1240.0,1268.0,1275.0,1277.0,1371.0,1286.0,1385.0,1394.0,1406.0,1308.0,1376.0,1418.0,1376.0,1420.0,1414.0,1410.0,1407.0,1449.0,1465.0,1493.0,1507.0,1513.0,1495.0,1504.0,1562.0,1499.0,1603.0,1585.0,1574.0,1575.0,1602.0,1617.0,1605.0,1630.0,1625.0,1607.0,1691.0,1608.0,1643.0,1685.0,1683.0,1661.0
M,19,329.0,352.0,382.0,410.0,427.0,474.0,516.0,485.0,514.0,553.0,552.0,575.0,614.0,639.0,650.0,661.0,650.0,648.0,738.0,698.0,710.0,722.0,732.0,741.0,785.0,833.0,799.0,822.0,825.0,911.0,889.0,860.0,931.0,903.0,964.0,1014.0,1018.0,987.0,1019.0,998.0,973.0,1056.0,1025.0,1101.0,1175.0,1129.0,1140.0,1163.0,1131.0,1161.0,1157.0,1170.0,1175.0,1237.0,1194.0,1231.0,1267.0,1250.0,1256.0,1291.0,1270.0,1288.0,1306.0,1292.0,1399.0,1301.0,1394.0,1415.0,1422.0,1330.0,1395.0,1435.0,1398.0,1439.0,1434.0,1432.0,1421.0,1472.0,1488.0,1511.0,1536.0,1552.0,1515.0,1521.0,1590.0,1524.0,1634.0,1609.0,1599.0,1595.0,1619.0,1639.0,1632.0,1654.0,1649.0,1632.0,1709.0,1637.0,1664.0,1708.0,1698.0
M,20,324.0,359.0,374.0,413.0,440.0,449.0,502.0,536.0,501.0,541.0,579.0,575.0,599.0,636.0,659.0,679.0,689.0,666.0,665.0,773.0,725.0,744.0,744.0,749.0,765.0,810.0,853.0,828.0,851.0,845.0,934.0,912.0,880.0,954.0,924.0,992.0,1038.0,1046.0,1010.0,1044.0,1026.0,994.0,1076.0,1042.0,1122.0,1198.0,1162.0,1170.0,1191.0,1153.0,1195.0,1182.0,1192.0,1194.0,1259.0,1216.0,1255.0,1287.0,1274.0,1286.0,1311.0,1292.0,1313.0,1328.0,1317.0,1422.0,1326.0,1425.0,1444.0,1438.0,1353.0,1410.0,1454.0,1430.0,1470.0,1459.0,1455.0,1447.0,1502.0,1507.0,1537.0,1562.0,1572.0,1533.0,1556.0,1612.0,1547.0,1668.0,1635.0,1626.0,1627.0,1639.0,1660.0,1668.0,1677.0,1681.0,1661.0,1729.0,1663.0,1693.0,1736.0
M,21,334.0,344.0,378.0,395.0,432.0,460.0,483.0,534.0,565.0,525.0,565.0,612.0,600.0,617.0,657.0,680.0,704.0,725.0,693.0,691.0,788.0,750.0,769.0,771.0,773.0,785.0,842.0,871.0,861.0,884.0,867.0,964.0,945.0,908.0,970.0,941.0,1018.0,1061.0,1061.0,1028.0,1074.0,1046.0,1012.0,1107.0,1056.0,1147.0,1223.0,1184.0,1205.0,1217.0,1178.0,1216.0,1207.0,1223.0,1215.0,1287.0,1246.0,1277.0,1310.0,1302.0,1309.0,1340.0,1311.0,1341.0,1346.0,1344.0,1444.0,1342.0,1448.0,1459.0,1461.0,1376.0,1439.0,1473.0,1453.0,1497.0,1478.0,1480.0,1463.0,1522.0,1530.0,1556.0,1593.0,1599.0,1557.0,1577.0,1633.0,1570.0,1688.0,1663.0,1650.0,1653.0,1666.0,1685.0,1691.0,1696.0,1701.0,1677.0,1752.0,1697.0,1714.0
M,22,352.0,363.0,369.0,409.0,418.0,462.0,483.0,497.0,555.0,589.0,546.0,590.0,634.0,627.0,645.0,679.0,702.0,724.0,754.0,727.0,720.0,821.0,766.0,788.0,788.0,792.0,813.0,866.0,891.0,882.0,909.0,885.0,992.0,964.0,932.0,992.0,967.0,1031.0,1085.0,1089.0,1050.0,1096.0,1065.0,1036.0,1139.0,1079.0,1172.0,1247.0,1214.0,1223.0,1239.0,1207.0,1248.0,1236.0,1248.0,1233.0,1318.0,1266.0,1294.0,1335.0,1329.0,1335.0,1367.0,1330.0,1364.0,1366.0,1366.0,1466.0,1381.0,1476.0,1486.0,1479.0,1400.0,1453.0,1498.0,1485.0,1530.0,1504.0,1505.0,1483.0,1539.0,1553.0,1578.0,1626.0,1620.0,1584.0,1601.0,1657.0,1598.0,1718.0,1694.0,1675.0,1678.0,1683.0,1707.0,1719.0,1724.0,1725.0,1692.0,1775.0,1718.0
M,23,356.0,382.0,385.0,388.0,444.0,443.0,490.0,511.0,533.0,580.0,617.0,572.0,616.0,663.0,653.0,669.0,701.0,725.0,745.0,783.0,751.0,750.0,848.0,793.0,812.0,807.0,814.0,834.0,896.0,915.0,915.0,943.0,913.0,1025.0,995.0,962.0,1024.0,986.0,1050.0,1123.0,1113.0,1074.0,1120.0,1093.0,1068.0,1162.0,1106.0,1198.0,1272.0,1237.0,1243.0,1256.0,1231.0,1272.0,1266.0,1277.0,1251.0,1339.0,1277.0,1311.0,1355.0,1356.0,1357.0,1387.0,1365.0,1387.0,1397.0,1392.0,1497.0,1408.0,1510.0,1508.0,1505.0,1419.0,1470.0,1517.0,1513.0,1559.0,1527.0,1529.0,1502.0,1573.0,1569.0,1603.0,1659.0,1647.0,1604.0,1626.0,1677.0,1627.0,1745.0,1721.0,1702.0,1715.0,1711.0,1734.0,1748.0,1745.0,1752.0,1712.0,1797.0
M,24,354.0,372.0,411.0,407.0,410.0,471.0,473.0,508.0,539.0,560.0,603.0,640.0,593.0,635.0,688.0,671.0,700.0,718.0,744.0,771.0,819.0,774.0,783.0,872.0,819.0,834.0,827.0,834.0,853.0,906.0,939.0,932.0,963.0,939.0,1045.0,1024.0,986.0,1046.0,1018.0,1078.0,1139.0,1133.0,1095.0,1136.0,1111.0,1095.0,1184.0,1125.0,1223.0,1298.0,1262.0,1279.0,1280.0,1256.0,1292.0,1290.0,1295.0,1275.0,1367.0,1300.0,1334.0,1380.0,1386.0,1383.0,1414.0,1387.0,1411.0,1416.0,1414.0,1536.0,1431.0,1527.0,1531.0,1529.0,1448.0,1497.0,1538.0,1531.0,1586.0,1549.0,1560.0,1520.0,1604.0,1591.0,1631.0,1686.0,1673.0,1624.0,1648.0,1694.0,1655.0,1774.0,1744.0,1723.0,1739.0,1734.0,1761.0,1766.0,1775.0,1774.0,1734.0
M,25,366.0,378.0,391.0,436.0,441.0,434.0,491.0,495.0,540.0,570.0,584.0,634.0,667.0,619.0,660.0,714.0,695.0,730.0,750.0,771.0,801.0,838.0,799.0,814.0,889.0,843.0,865.0,856.0,858.0,885.0,934.0,965.0,954.0,996.0,964.0,1068.0,1049.0,1013.0,1075.0,1043.0,1109.0,1166.0,1156.0,1126.0,1174.0,1141.0,1118.0,1208.0,1158.0,1247.0,1323.0,1283.0,1307.0,1304.0,1292.0,1316.0,1316.0,1329.0,1289.0,1387.0,1328.0,1356.0,1405.0,1407.0,1408.0,1435.0,1410.0,1437.0,1446.0,1442.0,1558.0,1448.0,1556.0,1558.0,1553.0,1475.0,1521.0,1559.0,1557.0,1603.0,1566.0,1594.0,1544.0,1629.0,1622.0,1658.0,1711.0,1698.0,1644.0,1680.0,1722.0,1687.0,1802.0,1779.0,1759.0,1756.0,1752.0,1785.0,1786.0,1799.0,1801.0
M,26,376.0,393.0,411.0,421.0,466.0,469.0,465.0,520.0,521.0,559.0,599.0,614.0,661.0,688.0,644.0,686.0,748.0,718.0,743.0,772.0,802.0,833.0,868.0,818.0,839.0,918.0,882.0,898.0,882.0,879.0,911.0,957.0,987.0,982.0,1030.0,993.0,1093.0,1074.0,1040.0,1106.0,1072.0,1134.0,1191.0,1187.0,1149.0,1197.0,1163.0,1146.0,1230.0,1175.0,1272.0,1351.0,1307.0,1336.0,1329.0,1316.0,1342.0,1336.0,1357.0,1313.0,1417.0,1361.0,1387.0,1439.0,1428.0,1443.0,1461.0,1435.0,1456.0,1468.0,1468.0,1588.0,1475.0,1587.0,1577.0,1583.0,1500.0,1549.0,1590.0,1592.0,1631.0,1605.0,1616.0,1576.0,1656.0,1646.0,1672.0,1738.0,1727.0,1670.0,1700.0,1756.0,1704.0,1825.0,1805.0,1780.0,1776.0,1775.0,1819.0,1809.0,1825.0
M,27,379.0,406.0,413.0,442.0,443.0,484.0,499.0,494.0,546.0,550.0,587.0,616.0,643.0,687.0,714.0,669.0,706.0,780.0,745.0,765.0,812.0,830.0,849.0,903.0,848.0,871.0,950.0,911.0,920.0,906.0,914.0,933.0,981.0,1014.0,1011.0,1056.0,1026.0,1115.0,1103.0,1066.0,1127.0,1103.0,1155.0,1211.0,1209.0,1177.0,1223.0,1189.0,1179.0,1250.0,1199.0,1302.0,1367.0,1336.0,1367.0,1364.0,1339.0,1372.0,1369.0,1388.0,1343.0,1441.0,1404.0,1410.0,1464.0,1450.0,1471.0,1491.0,1461.0,1483.0,1499.0,1490.0,1611.0,1504.0,1613.0,1611.0,1610.0,1536.0,1573.0,1618.0,1609.0,1656.0,1629.0,1645.0,1601.0,1677.0,1671.0,1702.0,1758.0,1751.0,1701.0,1725.0,1780.0,1740.0,1844.0,1827.0,1806.0,1796.0,1796.0,1851.0,1827.0
M,28,381.0,409.0,434.0,442.0,465.0,473.0,502.0,526.0,521.0,570.0,568.0,622.0,636.0,666.0,719.0,732.0,697.0,731.0,812.0,773.0,789.0,835.0,849.0,872.0,923.0,873.0,902.0,980.0,939.0,943.0,931.0,936.0,958.0,1007.0,1034.0,1031.0,1074.0,1054.0,1139.0,1127.0,1095.0,1153.0,1128.0,1185.0,1242.0,1234.0,1203.0,1254.0,1217.0,1210.0,1273.0,1227.0,1334.0,1396.0,1361.0,1391.0,1395.0,1364.0,1399.0,1399.0,1417.0,1373.0,1467.0,1432.0,1427.0,1497.0,1481.0,1498.0,1514.0,1478.0,1524.0,1522.0,1512.0,1636.0,1534.0,1642.0,1633.0,1633.0,1561.0,1596.0,1651.0,1645.0,1686.0,1654.0,1671.0,1626.0,1708.0,1695.0,1733.0,1786.0,1789.0,1723.0,1754.0,1801.0,1768.0,1874.0,1860.0,1839.0,1829.0,1823.0,1885.0
M,29,386.0,408.0,433.0,471.0,472.0,497.0,498.0,523.0,560.0,552.0,602.0,591.0,646.0,651.0,692.0,743.0,755.0,728.0,758.0,842.0,798.0,821.0,859.0,876.0,905.0,951.0,908.0,922.0,1005.0,964.0,969.0,959.0,960.0,978.0,1018.0,1056.0,1062.0,1099.0,1082.0,1162.0,1157.0,1124.0,1173.0,1157.0,1214.0,1275.0,1260.0,1228.0,1279.0,1237.0,1236.0,1298.0,1250.0,1354.0,1429.0,1388.0,1412.0,1423.0,1387.0,1425.0,1422.0,1443.0,1394.0,1491.0,1458.0,1449.0,1525.0,1510.0,1520.0,1545.0,1503.0,1548.0,1549.0,1537.0,1665.0,1559.0,1668.0,1675.0,1653.0,1590.0,1617.0,1673.0,1678.0,1710.0,1678.0,1700.0,1647.0,1743.0,1727.0,1768.0,1809.0,1819.0,1747.0,1781.0,1823.0,1794.0,1901.0,1889.0,1872.0,1853.0,1860.0
M,30,398.0,422.0,438.0,457.0,501.0,501.0,521.0,525.0,548.0,585.0,582.0,627.0,621.0,668.0,686.0,715.0,774.0,780.0,766.0,791.0,864.0,825.0,848.0,887.0,910.0,938.0,980.0,937.0,953.0,1042.0,996.0,1003.0,991.0,992.0,1012.0,1049.0,1079.0,1092.0,1124.0,1109.0,1186.0,1190.0,1145.0,1203.0,1176.0,1256.0,1299.0,1290.0,1254.0,1308.0,1265.0,1264.0,1333.0,1283.0,1373.0,1454.0,1414.0,1438.0,1455.0,1413.0,1454.0,1446.0,1472.0,1412.0,1520.0,1491.0,1474.0,1558.0,1528.0,1541.0,1579.0,1524.0,1570.0,1583.0,1565.0,1700.0,1592.0,1699.0,1701.0,1682.0,1614.0,1646.0,1700.0,1711.0,1747.0,1705.0,1718.0,1676.0,1773.0,1753.0,1793.0,1835.0,1842.0,1785.0,1811.0,1853.0,1833.0,1928.0,1926.0,1890.0,1877.0
M,31,403.0,422.0,447.0,473.0,482.0,532.0,528.0,551.0,559.0,574.0,613.0,604.0,660.0,646.0,697.0,716.0,745.0,804.0,812.0,801.0,811.0,896.0,857.0,871.0,932.0,933.0,969.0,1003.0,963.0,981.0,1067.0,1025.0,1033.0,1011.0,1012.0,1045.0,1075.0,1113.0,1118.0,1147.0,1136.0,1215.0,1221.0,1173.0,1225.0,1203.0,1285.0,1328.0,1316.0,1282.0,1339.0,1290.0,1290.0,1358.0,1304.0,1400.0,1478.0,1443.0,1468.0,1501.0,1451.0,1485.0,1476.0,1496.0,1441.0,1545.0,1530.0,1500.0,1585.0,1554.0,1569.0,1608.0,1551.0,1598.0,1621.0,1594.0,1727.0,1623.0,1729.0,1733.0,1711.0,1647.0,1675.0,1725.0,1737.0,1772.0,1733.0,1753.0,1705.0,1801.0,1789.0,1827.0,1861.0,1874.0,1812.0,1841.0,1883.0,1861.0,1957.0,1949.0,1917.0
M,32,407.0,426.0,445.0,474.0,502.0,511.0,559.0,560.0,577.0,590.0,606.0,644.0,624.0,685.0,669.0,717.0,748.0,770.0,836.0,844.0,840.0,837.0,919.0,897.0,894.0,967.0,954.0,1004.0,1024.0,993.0,1014.0,1096.0,1065.0,1061.0,1046.0,1034.0,1075.0,1098.0,1146.0,1153.0,1176.0,1167.0,1239.0,1246.0,1210.0,1252.0,1222.0,1313.0,1353.0,1344.0,1309.0,1367.0,1317.0,1310.0,1386.0,1337.0,1427.0,1502.0,1472.0,1490.0,1521.0,1478.0,1510.0,1506.0,1530.0,1462.0,1577.0,1559.0,1531.0,1616.0,1575.0,1596.0,1637.0,1579.0,1627.0,1642.0,1624.0,1763.0,1653.0,1747.0,1756.0,1737.0,1682.0,1708.0,1758.0,1765.0,1796.0,1758.0,1786.0,1729.0,1823.0,1817.0,1857.0,1882.0,1896.0,1847.0,1872.0,1910.0,1898.0,1991.0,1972.0
M,33,403.0,437.0,453.0,477.0,499.0,534.0,528.0,580.0,588.0,614.0,619.0,642.0,673.0,658.0,720.0,697.0,749.0,780.0,795.0,859.0,873.0,877.0,874.0,946.0,927.0,923.0,999.0,981.0,1029.0,1045.0,1015.0,1041.0,1118.0,1094.0,1077.0,1085.0,1061.0,1110.0,1141.0,1167.0,1177.0,1204.0,1200.0,1272.0,1278.0,1239.0,1272.0,1258.0,1336.0,1386.0,1383.0,1335.0,1402.0,1347.0,1346.0,1419.0,1369.0,1457.0,1535.0,1491.0,1518.0,1544.0,1493.0,1537.0,1536.0,1551.0,1486.0,1607.0,1585.0,1556.0,1651.0,1599.0,1624.0,1667.0,1604.0,1663.0,1672.0,1646.0,1791.0,1686.0,1773.0,1783.0,1774.0,1712.0,1743.0,1787.0,1795.0,1821.0,1787.0,1819.0,1755.0,1846.0,1844.0,1886.0,1907.0,1921.0,1888.0,1897.0,1947.0,1933.0,2018.0
M,34,401.0,428.0,465.0,488.0,501.0,525.0,574.0,559.0,602.0,618.0,643.0,657.0,665.0,700.0,691.0,752.0,731.0,781.0,800.0,811.0,892.0,892.0,906.0,913.0,970.0,950.0,955.0,1035.0,1012.0,1058.0,1075.0,1050.0,1073.0,1147.0,1128.0,1102.0,1116.0,1079.0,1138.0,1173.0,1198.0,1208.0,1237.0,1217.0,1293.0,1308.0,1271.0,1301.0,1289.0,1366.0,1416.0,1412.0,1357.0,1421.0,1373.0,1366.0,1439.0,1401.0,1499.0,1569.0,1517.0,1552.0,1571.0,1513.0,1577.0,1574.0,1579.0,1512.0,1640.0,1614.0,1589.0,1678.0,1628.0,1659.0,1696.0,1629.0,1690.0,1695.0,1679.0,1823.0,1712.0,1793.0,1826.0,1798.0,1743.0,1765.0,1813.0,1826.0,1844.0,1816.0,1850.0,1782.0,1866.0,1880.0,1904.0,1940.0,1942.0,1916.0,1931.0,1966.0,1967.0
M,35,384.0,423.0,454.0,497.0,516.0,521.0,559.0,596.0,586.0,628.0,651.0,674.0,695.0,687.0,726.0,722.0,775.0,765.0,805.0,826.0,839.0,924.0,907.0,940.0,939.0,995.0,976.0,974.0,1059.0,1042.0,1088.0,1102.0,1077.0,1100.0,1173.0,1150.0,1117.0,1150.0,1112.0,1168.0,1200.0,1221.0,1226.0,1274.0,1241.0,1317.0,1341.0,1301.0,1335.0,1320.0,1400.0,1447.0,1445.0,1377.0,1447.0,1399.0,1392.0,1461.0,1425.0,1522.0,1593.0,1543.0,1586.0,1592.0,1539.0,1597.0,1611.0,1610.0,1532.0,1674.0,1635.0,1618.0,1716.0,1657.0,1680.0,1725.0,1656.0,1711.0,1725.0,1701.0,1848.0,1735.0,1816.0,1851.0,1825.0,1769.0,1792.0,1838.0,1854.0,1873.0,1846.0,1871.0,1812.0,1892.0,1914.0,1927.0,1969.0,1976.0,1943.0,1958.0,1992.0
M,36,387.0,404.0,455.0,476.0,527.0,549.0,544.0,590.0,616.0,610.0,659.0,684.0,695.0,733.0,709.0,756.0,753.0,804.0,798.0,845.0,857.0,866.0,951.0,936.0,961.0,968.0,1027.0,1000.0,1006.0,1088.0,1066.0,1113.0,1134.0,1101.0,1128.0,1200.0,1173.0,1147.0,1181.0,1139.0,1196.0,1226.0,1259.0,1259.0,1294.0,1268.0,1344.0,1373.0,1328.0,1360.0,1350.0,1422.0,1477.0,1480.0,1403.0,1468.0,1421.0,1410.0,1491.0,1453.0,1563.0,1617.0,1574.0,1611.0,1615.0,1559.0,1619.0,1630.0,1642.0,1565.0,1696.0,1670.0,1646.0,1736.0,1677.0,1710.0,1753.0,1686.0,1727.0,1753.0,1729.0,1876.0,1760.0,1849.0,1878.0,1851.0,1796.0,1823.0,1864.0,1880.0,1908.0,1878.0,1899.0,1834.0,1922.0,1937.0,1952.0,1995.0,1998.0,1968.0,1988.0
M,37,380.0,412.0,435.0,485.0,505.0,561.0,573.0,576.0,613.0,647.0,635.0,678.0,702.0,721.0,761.0,739.0,781.0,781.0,830.0,819.0,864.0,888.0,893.0,973.0,961.0,990.0,997.0,1052.0,1029.0,1037.0,1106.0,1093.0,1153.0,1164.0,1131.0,1149.0,1233.0,1200.0,1176.0,1207.0,1164.0,1231.0,1247.0,1288.0,1293.0,1318.0,1306.0,1364.0,1398.0,1362.0,1383.0,1375.0,1447.0,1508.0,1507.0,1426.0,1495.0,1451.0,1438.0,1511.0,1473.0,1584.0,1637.0,1597.0,1644.0,1645.0,1587.0,1648.0,1660.0,1675.0,1592.0,1719.0,1699.0,1676.0,1758.0,1710.0,1732.0,1781.0,1706.0,1761.0,1788.0,1760.0,1902.0,1791.0,1874.0,1901.0,1879.0,1826.0,1849.0,1892.0,1902.0,1938.0,1903.0,1927.0,1858.0,1961.0,1959.0,1989.0,2018.0,2032.0,1996.0
M,38,372.0,408.0,434.0,463.0,509.0,529.0,583.0,597.0,596.0,640.0,673.0,665.0,714.0,726.0,746.0,791.0,767.0,805.0,810.0,865.0,852.0,899.0,927.0,916.0,1005.0,976.0,1014.0,1022.0,1091.0,1064.0,1060.0,1136.0,1120.0,1176.0,1194.0,1169.0,1176.0,1266.0,1230.0,1198.0,1226.0,1190.0,1260.0,1273.0,1324.0,1324.0,1344.0,1339.0,1387.0,1428.0,1383.0,1417.0,1417.0,1478.0,1536.0,1543.0,1462.0,1523.0,1476.0,1472.0,1530.0,1500.0,1612.0,1666.0,1628.0,1670.0,1675.0,1627.0,1668.0,1692.0,1706.0,1622.0,1746.0,1716.0,1701.0,1788.0,1738.0,1756.0,1810.0,1730.0,1796.0,1814.0,1791.0,1927.0,1812.0,1900.0,1929.0,1899.0,1857.0,1879.0,1923.0,1928.0,1963.0,1928.0,1954.0,1884.0,1982.0,1989.0,2012.0,2047.0,2059.0
M,39,374.0,401.0,439.0,464.0,489.0,535.0,555.0,612.0,623.0,635.0,668.0,693.0,693.0,755.0,762.0,769.0,822.0,796.0,826.0,842.0,886.0,876.0,930.0,961.0,940.0,1040.0,1005.0,1040.0,1050.0,1118.0,1093.0,1092.0,1160.0,1155.0,1209.0,1218.0,1189.0,1200.0,1289.0,1255.0,1232.0,1250.0,1225.0,1283.0,1295.0,1348.0,1353.0,1369.0,1379.0,1418.0,1454.0,1413.0,1441.0,1442.0,1504.0,1572.0,1572.0,1495.0,1551.0,1507.0,1490.0,1550.0,1530.0,1630.0,1693.0,1657.0,1712.0,1703.0,1656.0,1697.0,1721.0,1730.0,1647.0,1761.0,1745.0,1724.0,1814.0,1765.0,1796.0,1835.0,1758.0,1818.0,1839.0,1823.0,1954.0,1845.0,1921.0,1964.0,1934.0,1881.0,1909.0,1955.0,1957.0,1989.0,1953.0,1976.0,1926.0,2010.0,2020.0,2029.0,2073.0
M,40,374.0,399.0,428.0,471.0,488.0,510.0,569.0,575.0,637.0,644.0,661.0,689.0,711.0,719.0,776.0,789.0,789.0,842.0,819.0,851.0,869.0,914.0,903.0,958.0,996.0,965.0,1060.0,1031.0,1062.0,1084.0,1145.0,1124.0,1121.0,1194.0,1189.0,1239.0,1249.0,1221.0,1227.0,1323.0,1281.0,1253.0,1281.0,1250.0,1306.0,1317.0,1385.0,1374.0,1388.0,1409.0,1447.0,1475.0,1434.0,1463.0,1459.0,1526.0,1590.0,1595.0,1530.0,1576.0,1534.0,1522.0,1584.0,1554.0,1654.0,1721.0,1684.0,1738.0,1726.0,1686.0,1726.0,1751.0,1762.0,1671.0,1788.0,1773.0,1751.0,1843.0,1787.0,1818.0,1861.0,1781.0,1846.0,1865.0,1853.0,1976.0,1872.0,1943.0,1991.0,1959.0,1902.0,1940.0,1990.0,1981.0,2013.0,1981.0,1999.0,1950.0,2035.0,2050.0,2065.0
M,41,362.0,398.0,431.0,451.0,500.0,517.0,535.0,590.0,602.0,661.0,680.0,686.0,711.0,741.0,736.0,801.0,827.0,820.0,862.0,851.0,873.0,893.0,941.0,932.0,987.0,1026.0,983.0,1100.0,1061.0,1093.0,1115.0,1166.0,1151.0,1147.0,1220.0,1210.0,1265.0,1275.0,1251.0,1250.0,1353.0,1307.0,1283.0,1314.0,1267.0,1326.0,1339.0,1411.0,1396.0,1411.0,1432.0,1475.0,1505.0,1451.0,1497.0,1483.0,1543.0,1620.0,1618.0,1557.0,1602.0,1565.0,1544.0,1614.0,1570.0,1681.0,1741.0,1712.0,1768.0,1746.0,1707.0,1752.0,1779.0,1797.0,1709.0,1815.0,1800.0,1771.0,1869.0,1812.0,1846.0,1886.0,1800.0,1873.0,1898.0,1893.0,2001.0,1894.0,1968.0,2023.0,1992.0,1927.0,1973.0,2019.0,2004.0,2040.0,2004.0,2020.0,1975.0,2067.0,2079.0
M,42,370.0,389.0,423.0,459.0,478.0,524.0,540.0,565.0,621.0,632.0,691.0,711.0,710.0,736.0,765.0,768.0,827.0,855.0,845.0,891.0,875.0,902.0,919.0,966.0,960.0,1023.0,1045.0,1008.0,1128.0,1083.0,1116.0,1148.0,1187.0,1178.0,1169.0,1239.0,1246.0,1291.0,1294.0,1286.0,1277.0,1382.0,1334.0,1303.0,1338.0,1296.0,1357.0,1358.0,1431.0,1420.0,1433.0,1456.0,1495.0,1529.0,1475.0,1528.0,1516.0,1569.0,1644.0,1640.0,1583.0,1619.0,1597.0,1573.0,1638.0,1594.0,1713.0,1772.0,1744.0,1791.0,1766.0,1740.0,1763.0,1812.0,1824.0,1738.0,1843.0,1821.0,1799.0,1893.0,1846.0,1865.0,1913.0,1815.0,1895.0,1921.0,1917.0,2036.0,1923.0,1996.0,2055.0,2013.0,1952.0,1997.0,2038.0,2027.0,2064.0,2030.0,2044.0,1997.0,2096.0
M,43,362.0,401.0,412.0,440.0,483.0,507.0,556.0,571.0,581.0,642.0,646.0,720.0,742.0,738.0,761.0,802.0,788.0,856.0,880.0,872.0,911.0,901.0,927.0,947.0,984.0,986.0,1050.0,1073.0,1036.0,1154.0,1118.0,1144.0,1171.0,1215.0,1203.0,1187.0,1268.0,1271.0,1316.0,1312.0,1309.0,1307.0,1405.0,1352.0,1327.0,1359.0,1311.0,1385.0,1378.0,1458.0,1444.0,1459.0,1492.0,1519.0,1558.0,1486.0,1549.0,1543.0,1598.0,1672.0,1661.0,1598.0,1636.0,1622.0,1600.0,1666.0,1620.0,1747.0,1790.0,1755.0,1820.0,1798.0,1767.0,1799.0,1835.0,1858.0,1761.0,1870.0,1844.0,1840.0,1912.0,1865.0,1892.0,1948.0,1838.0,1927.0,1945.0,1938.0,2068.0,1955.0,2020.0,2082.0,2030.0,1977.0,2032.0,2063.0,2059.0,2082.0,2061.0,2062.0,2028.0
M,44,360.0,387.0,422.0,438.0,465.0,509.0,531.0,576.0,596.0,612.0,664.0,678.0,743.0,771.0,760.0,788.0,829.0,818.0,884.0,911.0,895.0,943.0,929.0,944.0,967.0,1006.0,1014.0,1079.0,1098.0,1065.0,1179.0,1143.0,1169.0,1195.0,1245.0,1230.0,1219.0,1291.0,1298.0,1340.0,1338.0,1335.0,1334.0,1419.0,1378.0,1346.0,1388.0,1333.0,1414.0,1405.0,1485.0,1461.0,1496.0,1518.0,1536.0,1582.0,1511.0,1570.0,1576.0,1622.0,1702.0,1699.0,1624.0,1662.0,1644.0,1631.0,1693.0,1644.0,1768.0,1813.0,1779.0,1841.0,1822.0,1794.0,1824.0,1863.0,1883.0,1787.0,1899.0,1874.0,1867.0,1937.0,1893.0,1916.0,1971.0,1870.0,1944.0,1969.0,1967.0,2092.0,1984.0,2039.0,2113.0,2054.0,1998.0,2059.0,2095.0,2079.0,2108.0,2086.0,2085.0
M,45,349.0,390.0,409.0,449.0,460.0,488.0,535.0,553.0,605.0,624.0,647.0,693.0,709.0,771.0,785.0,774.0,811.0,859.0,843.0,915.0,930.0,928.0,971.0,954.0,966.0,994.0,1026.0,1044.0,1099.0,1132.0,1095.0,1209.0,1170.0,1190.0,1215.0,1271.0,1257.0,1249.0,1318.0,1326.0,1368.0,1365.0,1367.0,1359.0,1448.0,1397.0,1376.0,1417.0,1361.0,1438.0,1434.0,1503.0,1479.0,1513.0,1546.0,1567.0,1604.0,1530.0,1599.0,1597.0,1641.0,1728.0,1731.0,1641.0,1685.0,1667.0,1657.0,1718.0,1673.0,1806.0,1837.0,1805.0,1863.0,1849.0,1827.0,1858.0,1902.0,1904.0,1809.0,1922.0,1892.0,1893.0,1957.0,1918.0,1935.0,2001.0,1895.0,1971.0,1997.0,1992.0,2114.0,2016.0,2066.0,2134.0,2084.0,2029.0,2091.0,2117.0,2095.0,2127.0,2104.0
M,46,358.0,373.0,423.0,438.0,465.0,490.0,518.0,565.0,575.0,630.0,651.0,674.0,718.0,736.0,795.0,809.0,798.0,839.0,880.0,871.0,939.0,955.0,946.0,997.0,974.0,1001.0,1024.0,1049.0,1079.0,1128.0,1159.0,1121.0,1232.0,1200.0,1218.0,1237.0,1290.0,1283.0,1272.0,1354.0,1347.0,1394.0,1393.0,1389.0,1395.0,1470.0,1417.0,1399.0,1446.0,1395.0,1468.0,1470.0,1539.0,1500.0,1538.0,1568.0,1598.0,1631.0,1557.0,1615.0,1619.0,1675.0,1752.0,1756.0,1657.0,1707.0,1696.0,1677.0,1741.0,1697.0,1838.0,1862.0,1825.0,1889.0,1875.0,1847.0,1886.0,1932.0,1927.0,1847.0,1947.0,1925.0,1912.0,1976.0,1941.0,1950.0,2021.0,1923.0,1997.0,2017.0,2021.0,2138.0,2038.0,2094.0,2164.0,2112.0,2057.0,2114.0,2149.0,2124.0,2153.0
M,47,365.0,384.0,409.0,442.0,468.0,481.0,514.0,549.0,586.0,599.0,661.0,676.0,698.0,746.0,764.0,814.0,833.0,816.0,864.0,904.0,894.0,956.0,989.0,980.0,1017.0,994.0,1026.0,1051.0,1079.0,1105.0,1152.0,1181.0,1154.0,1264.0,1225.0,1243.0,1264.0,1316.0,1309.0,1300.0,1384.0,1367.0,1427.0,1419.0,1413.0,1424.0,1496.0,1438.0,1426.0,1470.0,1420.0,1492.0,1496.0,1560.0,1531.0,1559.0,1591.0,1626.0,1655.0,1579.0,1645.0,1645.0,1698.0,1783.0,1783.0,1692.0,1737.0,1720.0,1695.0,1773.0,1715.0,1859.0,1877.0,1851.0,1918.0,1905.0,1866.0,1918.0,1961.0,1950.0,1871.0,1968.0,1950.0,1942.0,1997.0,1970.0,1974.0,2042.0,1940.0,2015.0,2033.0,2052.0,2167.0,2064.0,2120.0,2193.0,2139.0,2087.0,2143.0,2177.0,2143.0
M,48,378.0,385.0,417.0,437.0,468.0,495.0,504.0,537.0,574.0,612.0,622.0,686.0,710.0,729.0,771.0,787.0,850.0,854.0,843.0,884.0,932.0,922.0,981.0,1005.0,1002.0,1044.0,1016.0,1055.0,1066.0,1108.0,1136.0,1182.0,1206.0,1177.0,1286.0,1257.0,1265.0,1291.0,1345.0,1336.0,1330.0,1402.0,1387.0,1445.0,1450.0,1437.0,1438.0,1517.0,1467.0,1450.0,1501.0,1441.0,1525.0,1519.0,1587.0,1549.0,1584.0,1617.0,1660.0,1681.0,1598.0,1676.0,1669.0,1730.0,1804.0,1813.0,1719.0,1760.0,1740.0,1720.0,1800.0,1735.0,1882.0,1901.0,1873.0,1937.0,1927.0,1889.0,1952.0,1980.0,1970.0,1885.0,1994.0,1969.0,1961.0,2020.0,1992.0,1995.0,2073.0,1963.0,2039.0,2051.0,2070.0,2196.0,2088.0,2143.0,2216.0,2169.0,2115.0,2165.0,2204.0
M,49,381.0,396.0,414.0,437.0,469.0,499.0,521.0,530.0,561.0,601.0,637.0,647.0,708.0,739.0,754.0,797.0,813.0,884.0,872.0,872.0,907.0,961.0,942.0,1003.0,1028.0,1035.0,1071.0,1047.0,1086.0,1099.0,1135.0,1167.0,1204.0,1225.0,1206.0,1315.0,1278.0,1290.0,1318.0,1372.0,1363.0,1353.0,1443.0,1407.0,1466.0,1473.0,1456.0,1456.0,1542.0,1501.0,1479.0,1530.0,1464.0,1554.0,1544.0,1610.0,1570.0,1610.0,1640.0,1688.0,1698.0,1626.0,1710.0,1691.0,1776.0,1827.0,1850.0,1747.0,1789.0,1757.0,1754.0,1827.0,1753.0,1897.0,1916.0,1895.0,1959.0,1954.0,1911.0,1981.0,2011.0,1990.0,1912.0,2021.0,1997.0,1982.0,2046.0,2004.0,2017.0,2104.0,1988.0,2079.0,2073.0,2089.0,2226.0,2109.0,2168.0,2247.0,2197.0,2140.0,2204.0
M,50,392.0,418.0,418.0,435.0,464.0,512.0,534.0,554.0,557.0,589.0,624.0,665.0,671.0,733.0,763.0,785.0,817.0,844.0,910.0,900.0,894.0,937.0,989.0,972.0,1031.0,1061.0,1061.0,1104.0,1068.0,1116.0,1124.0,1165.0,1202.0,1223.0,1252.0,1231.0,1331.0,1310.0,1310.0,1347.0,1397.0,1398.0,1378.0,1471.0,1434.0,1486.0,1504.0,1480.0,1478.0,1565.0,1527.0,1517.0,1560.0,1490.0,1576.0,1574.0,1631.0,1599.0,1634.0,1666.0,1705.0,1718.0,1647.0,1735.0,1715.0,1801.0,1859.0,1869.0,1778.0,1813.0,1788.0,1785.0,1857.0,1773.0,1925.0,1947.0,1917.0,1987.0,1973.0,1941.0,2015.0,2033.0,2026.0,1934.0,2046.0,2027.0,2015.0,2064.0,2027.0,2047.0,2129.0,2018.0,2105.0,2099.0,2119.0,2255.0,2132.0,2196.0,2280.0,2226.0,2171.0
M,51,390.0,424.0,445.0,449.0,463.0,496.0,539.0,559.0,586.0,579.0,614.0,643.0,696.0,697.0,767.0,786.0,807.0,840.0,876.0,937.0,921.0,922.0,955.0,1028.0,1000.0,1048.0,1088.0,1088.0,1133.0,1094.0,1151.0,1155.0,1193.0,1229.0,1239.0,1277.0,1254.0,1358.0,1339.0,1336.0,1375.0,1414.0,1429.0,1393.0,1504.0,1469.0,1512.0,1537.0,1502.0,1504.0,1591.0,1547.0,1544.0,1588.0,1525.0,1595.0,1605.0,1654.0,1626.0,1661.0,1688.0,1726.0,1739.0,1672.0,1755.0,1742.0,1829.0,1884.0,1901.0,1809.0,1841.0,1810.0,1809.0,1882.0,1798.0,1953.0,1976.0,1939.0,2006.0,2006.0,1964.0,2041.0,2063.0,2049.0,1962.0,2065.0,2064.0,2037.0,2090.0,2052.0,2074.0,2166.0,2053.0,2129.0,2131.0,2150.0,2279.0,2156.0,2229.0,2307.0,2259.0
M,52,385.0,419.0,447.0,479.0,469.0,488.0,532.0,567.0,585.0,615.0,610.0,642.0,672.0,714.0,720.0,798.0,816.0,839.0,872.0,911.0,962.0,955.0,947.0,979.0,1056.0,1035.0,1063.0,1120.0,1122.0,1155.0,1127.0,1184.0,1189.0,1211.0,1257.0,1267.0,1302.0,1281.0,1397.0,1360.0,1372.0,1401.0,1441.0,1458.0,1415.0,1523.0,1495.0,1542.0,1567.0,1534.0,1542.0,1617.0,1577.0,1577.0,1615.0,1546.0,1625.0,1638.0,1682.0,1648.0,1692.0,1727.0,1751.0,1767.0,1698.0,1790.0,1786.0,1850.0,1905.0,1937.0,1826.0,1870.0,1848.0,1847.0,1906.0,1837.0,1977.0,1999.0,1964.0,2032.0,2035.0,1989.0,2065.0,2085.0,2072.0,1986.0,2098.0,2091.0,2060.0,2121.0,2083.0,2097.0,2196.0,2081.0,2147.0,2153.0,2193.0,2320.0,2176.0,2258.0,2331.0
M,53,391.0,413.0,450.0,472.0,503.0,490.0,517.0,566.0,594.0,604.0,640.0,629.0,683.0,698.0,740.0,746.0,822.0,839.0,863.0,898.0,940.0,992.0,972.0,971.0,1007.0,1078.0,1055.0,1081.0,1143.0,1151.0,1180.0,1158.0,1203.0,1223.0,1233.0,1283.0,1295.0,1335.0,1306.0,1423.0,1403.0,1398.0,1434.0,1473.0,1480.0,1446.0,1548.0,1523.0,1571.0,1589.0,1563.0,1571.0,1642.0,1603.0,1613.0,1645.0,1577.0,1649.0,1666.0,1702.0,1676.0,1727.0,1745.0,1780.0,1789.0,1717.0,1818.0,1808.0,1872.0,1930.0,1968.0,1847.0,1897.0,1873.0,1873.0,1933.0,1864.0,1998.0,2027.0,1986.0,2064.0,2056.0,2018.0,2087.0,2116.0,2110.0,2013.0,2131.0,2113.0,2080.0,2154.0,2108.0,2127.0,2222.0,2108.0,2172.0,2191.0,2214.0,2348.0,2195.0,2280.0
M,54,387.0,423.0,440.0,472.0,503.0,524.0,517.0,538.0,599.0,630.0,626.0,662.0,653.0,711.0,713.0,768.0,774.0,853.0,879.0,891.0,927.0,966.0,1019.0,996.0,994.0,1032.0,1107.0,1082.0,1107.0,1165.0,1176.0,1202.0,1177.0,1234.0,1243.0,1261.0,1309.0,1319.0,1353.0,1338.0,1454.0,1434.0,1420.0,1465.0,1503.0,1506.0,1471.0,1579.0,1548.0,1592.0,1624.0,1591.0,1591.0,1678.0,1632.0,1640.0,1666.0,1603.0,1679.0,1693.0,1730.0,1711.0,1756.0,1773.0,1807.0,1823.0,1739.0,1843.0,1848.0,1900.0,1966.0,1993.0,1877.0,1929.0,1900.0,1895.0,1954.0,1878.0,2027.0,2062.0,2012.0,2091.0,2079.0,2038.0,2113.0,2140.0,2147.0,2039.0,2157.0,2142.0,2110.0,2185.0,2144.0,2152.0,2250.0,2130.0,2206.0,2218.0,2239.0,2372.0,2231.0
M,55,374.0,415.0,445.0,480.0,502.0,522.0,548.0,545.0,563.0,619.0,662.0,662.0,685.0,670.0,739.0,735.0,792.0,805.0,880.0,907.0,917.0,956.0,998.0,1049.0,1009.0,1011.0,1053.0,1131.0,1117.0,1134.0,1189.0,1199.0,1226.0,1203.0,1265.0,1268.0,1284.0,1336.0,1342.0,1374.0,1375.0,1484.0,1452.0,1449.0,1486.0,1524.0,1528.0,1506.0,1607.0,1580.0,1623.0,1653.0,1621.0,1613.0,1696.0,1660.0,1661.0,1685.0,1627.0,1697.0,1720.0,1751.0,1731.0,1789.0,1801.0,1838.0,1849.0,1762.0,1870.0,1880.0,1927.0,1993.0,2019.0,1900.0,1953.0,1916.0,1912.0,1980.0,1903.0,2056.0,2097.0,2033.0,2114.0,2104.0,2071.0,2147.0,2166.0,2180.0,2078.0,2179.0,2166.0,2149.0,2206.0,2165.0,2174.0,2276.0,2152.0,2231.0,2242.0,2270.0,2399.0
M,56,375.0,401.0,445.0,464.0,498.0,524.0,558.0,580.0,579.0,590.0,653.0,705.0,699.0,709.0,689.0,761.0,759.0,820.0,825.0,906.0,933.0,939.0,981.0,1036.0,1067.0,1038.0,1041.0,1079.0,1153.0,1141.0,1167.0,1218.0,1222.0,1250.0,1231.0,1296.0,1288.0,1324.0,1370.0,1367.0,1398.0,1399.0,1514.0,1475.0,1466.0,1516.0,1550.0,1556.0,1537.0,1636.0,1604.0,1652.0,1674.0,1647.0,1635.0,1731.0,1682.0,1679.0,1711.0,1654.0,1733.0,1745.0,1782.0,1760.0,1817.0,1832.0,1865.0,1876.0,1781.0,1908.0,1899.0,1960.0,2022.0,2048.0,1930.0,1977.0,1949.0,1942.0,1996.0,1933.0,2086.0,2120.0,2055.0,2138.0,2124.0,2092.0,2167.0,2197.0,2209.0,2106.0,2207.0,2186.0,2179.0,2229.0,2190.0,2200.0,2302.0,2182.0,2256.0,2268.0,2296.0
M,57,366.0,402.0,425.0,469.0,497.0,513.0,551.0,583.0,608.0,611.0,610.0,684.0,738.0,728.0,730.0,720.0,787.0,788.0,852.0,856.0,932.0,960.0,966.0,995.0,1066.0,1097.0,1062.0,1063.0,1099.0,1175.0,1164.0,1186.0,1247.0,1248.0,1278.0,1263.0,1319.0,1317.0,1344.0,1390.0,1390.0,1418.0,1427.0,1539.0,1498.0,1500.0,1548.0,1584.0,1588.0,1559.0,1668.0,1639.0,1680.0,1692.0,1674.0,1667.0,1755.0,1720.0,1722.0,1739.0,1684.0,1762.0,1770.0,1808.0,1792.0,1834.0,1862.0,1895.0,1904.0,1806.0,1934.0,1924.0,1992.0,2051.0,2073.0,1954.0,2012.0,1974.0,1966.0,2023.0,1964.0,2108.0,2155.0,2080.0,2158.0,2144.0,2117.0,2192.0,2214.0,2232.0,2126.0,2230.0,2221.0,2206.0,2257.0,2219.0,2226.0,2344.0,2201.0,2278.0,2290.0
M,58,358.0,393.0,431.0,449.0,499.0,524.0,531.0,566.0,604.0,624.0,642.0,643.0,712.0,755.0,761.0,751.0,744.0,818.0,818.0,876.0,894.0,955.0,985.0,991.0,1029.0,1099.0,1118.0,1085.0,1092.0,1126.0,1202.0,1184.0,1215.0,1270.0,1272.0,1301.0,1292.0,1343.0,1339.0,1362.0,1417.0,1426.0,1444.0,1456.0,1564.0,1518.0,1529.0,1575.0,1611.0,1615.0,1593.0,1693.0,1664.0,1707.0,1717.0,1713.0,1692.0,1779.0,1744.0,1739.0,1767.0,1709.0,1786.0,1793.0,1838.0,1814.0,1866.0,1887.0,1926.0,1923.0,1833.0,1964.0,1950.0,2015.0,2080.0,2094.0,1979.0,2041.0,1994.0,1984.0,2055.0,1985.0,2129.0,2186.0,2109.0,2185.0,2172.0,2136.0,2216.0,2232.0,2250.0,2146.0,2263.0,2243.0,2227.0,2278.0,2245.0,2263.0,2369.0,2232.0,2297.0
M,59,339.0,384.0,421.0,464.0,473.0,523.0,549.0,558.0,591.0,631.0,651.0,666.0,665.0,744.0,788.0,779.0,771.0,769.0,852.0,858.0,904.0,918.0,977.0,1028.0,1017.0,1058.0,1130.0,1141.0,1112.0,1117.0,1144.0,1223.0,1206.0,1243.0,1296.0,1299.0,1325.0,1310.0,1374.0,1363.0,1381.0,1449.0,1452.0,1471.0,1481.0,1596.0,1541.0,1554.0,1597.0,1636.0,1637.0,1638.0,1718.0,1695.0,1723.0,1752.0,1735.0,1722.0,1803.0,1780.0,1769.0,1795.0,1732.0,1810.0,1823.0,1870.0,1839.0,1888.0,1910.0,1946.0,1950.0,1863.0,1983.0,1973.0,2047.0,2107.0,2114.0,2015.0,2075.0,2024.0,2012.0,2081.0,2008.0,2163.0,2212.0,2137.0,2213.0,2197.0,2159.0,2235.0,2251.0,2286.0,2179.0,2289.0,2269.0,2266.0,2303.0,2276.0,2282.0,2401.0,2258.0
M,60,332.0,365.0,412.0,434.0,487.0,489.0,554.0,564.0,576.0,613.0,654.0,675.0,691.0,693.0,760.0,811.0,804.0,792.0,797.0,873.0,879.0,921.0,942.0,992.0,1049.0,1040.0,1091.0,1158.0,1162.0,1141.0,1144.0,1174.0,1251.0,1234.0,1267.0,1315.0,1319.0,1346.0,1340.0,1398.0,1384.0,1398.0,1479.0,1472.0,1500.0,1509.0,1628.0,1554.0,1585.0,1620.0,1661.0,1654.0,1656.0,1747.0,1714.0,1755.0,1780.0,1750.0,1737.0,1819.0,1804.0,1786.0,1817.0,1764.0,1836.0,1850.0,1893.0,1862.0,1905.0,1933.0,1964.0,1968.0,1890.0,2003.0,1991.0,2074.0,2132.0,2131.0,2040.0,2093.0,2053.0,2032.0,2107.0,2035.0,2182.0,2236.0,2160.0,2238.0,2216.0,2185.0,2255.0,2273.0,2308.0,2202.0,2312.0,2290.0,2283.0,2323.0,2302.0,2297.0,2419.0
M,61,324.0,351.0,392.0,435.0,451.0,519.0,509.0,585.0,591.0,603.0,637.0,677.0,694.0,702.0,714.0,790.0,836.0,828.0,813.0,820.0,896.0,900.0,939.0,958.0,1011.0,1074.0,1065.0,1111.0,1173.0,1181.0,1167.0,1162.0,1201.0,1267.0,1252.0,1293.0,1345.0,1337.0,1366.0,1363.0,1425.0,1406.0,1423.0,1502.0,1489.0,1518.0,1529.0,1648.0,1579.0,1609.0,1645.0,1682.0,1680.0,1687.0,1773.0,1737.0,1779.0,1804.0,1779.0,1765.0,1846.0,1830.0,1813.0,1834.0,1790.0,1851.0,1873.0,1911.0,1879.0,1931.0,1957.0,1984.0,1989.0,1917.0,2026.0,2009.0,2095.0,2157.0,2160.0,2051.0,2119.0,2080.0,2047.0,2126.0,2064.0,2213.0,2256.0,2173.0,2263.0,2234.0,2217.0,2280.0,2297.0,2329.0,2222.0,2339.0,2302.0,2307.0,2340.0,2324.0,2322.0
M,62,319.0,355.0,375.0,420.0,457.0,467.0,545.0,545.0,611.0,612.0,630.0,657.0,694.0,722.0,730.0,728.0,805.0,862.0,852.0,826.0,842.0,925.0,921.0,966.0,982.0,1034.0,1108.0,1087.0,1136.0,1202.0,1204.0,1184.0,1187.0,1220.0,1289.0,1269.0,1318.0,1369.0,1363.0,1391.0,1392.0,1439.0,1428.0,1448.0,1529.0,1501.0,1537.0,1547.0,1677.0,1595.0,1635.0,1664.0,1706.0,1695.0,1709.0,1790.0,1760.0,1804.0,1825.0,1807.0,1784.0,1864.0,1863.0,1836.0,1853.0,1825.0,1880.0,1895.0,1935.0,1900.0,1952.0,1991.0,2008.0,2018.0,1932.0,2065.0,2032.0,2123.0,2177.0,2185.0,2080.0,2142.0,2107.0,2059.0,2154.0,2079.0,2243.0,2277.0,2195.0,2280.0,2262.0,2236.0,2305.0,2324.0,2359.0,2240.0,2358.0,2325.0,2332.0,2360.0,2354.0
M,63,316.0,346.0,376.0,397.0,444.0,482.0,487.0,566.0,568.0,630.0,633.0,660.0,678.0,717.0,747.0,756.0,754.0,832.0,890.0,877.0,851.0,864.0,958.0,949.0,990.0,1002.0,1056.0,1126.0,1115.0,1157.0,1222.0,1224.0,1205.0,1207.0,1243.0,1306.0,1287.0,1341.0,1391.0,1379.0,1414.0,1405.0,1460.0,1456.0,1473.0,1556.0,1528.0,1566.0,1571.0,1694.0,1617.0,1663.0,1687.0,1726.0,1727.0,1738.0,1822.0,1793.0,1823.0,1858.0,1836.0,1804.0,1884.0,1886.0,1853.0,1878.0,1849.0,1897.0,1917.0,1959.0,1923.0,1984.0,2008.0,2021.0,2046.0,1957.0,2082.0,2059.0,2151.0,2214.0,2213.0,2100.0,2164.0,2138.0,2080.0,2174.0,2103.0,2266.0,2293.0,2216.0,2306.0,2278.0,2258.0,2328.0,2349.0,2384.0,2264.0,2378.0,2347.0,2350.0,2381.0
M,64,309.0,333.0,360.0,405.0,416.0,465.0,507.0,518.0,596.0,598.0,659.0,653.0,679.0,704.0,734.0,766.0,785.0,777.0,854.0,909.0,906.0,877.0,884.0,987.0,973.0,1009.0,1027.0,1079.0,1155.0,1130.0,1176.0,1242.0,1246.0,1227.0,1229.0,1280.0,1330.0,1310.0,1363.0,1419.0,1399.0,1426.0,1422.0,1478.0,1481.0,1494.0,1582.0,1551.0,1586.0,1595.0,1714.0,1651.0,1687.0,1720.0,1746.0,1742.0,1758.0,1855.0,1814.0,1840.0,1889.0,1857.0,1820.0,1905.0,1916.0,1880.0,1896.0,1873.0,1916.0,1935.0,1984.0,1951.0,2005.0,2023.0,2047.0,2070.0,1982.0,2101.0,2081.0,2176.0,2243.0,2232.0,2128.0,2187.0,2165.0,2107.0,2192.0,2123.0,2284.0,2311.0,2245.0,2332.0,2300.0,2280.0,2359.0,2370.0,2414.0,2288.0,2400.0,2374.0,2370.0
M,65,299.0,325.0,349.0,376.0,418.0,430.0,480.0,531.0,535.0,615.0,615.0,680.0,679.0,699.0,717.0,743.0,784.0,803.0,795.0,870.0,935.0,916.0,898.0,896.0,1009.0,991.0,1021.0,1048.0,1100.0,1168.0,1149.0,1198.0,1263.0,1266.0,1244.0,1242.0,1297.0,1349.0,1332.0,1389.0,1437.0,1411.0,1446.0,1444.0,1506.0,1501.0,1509.0,1601.0,1563.0,1602.0,1621.0,1734.0,1675.0,1710.0,1729.0,1760.0,1759.0,1780.0,1868.0,1833.0,1855.0,1906.0,1883.0,1828.0,1922.0,1934.0,1901.0,1913.0,1887.0,1937.0,1952.0,1993.0,1971.0,2031.0,2043.0,2069.0,2085.0,2005.0,2117.0,2097.0,2195.0,2255.0,2253.0,2144.0,2203.0,2187.0,2118.0,2209.0,2142.0,2300.0,2327.0,2260.0,2355.0,2328.0,2301.0,2380.0,2381.0,2434.0,2304.0,2429.0,2396.0
M,66,298.0,319.0,338.0,369.0,395.0,436.0,456.0,509.0,547.0,548.0,625.0,622.0,695.0,692.0,722.0,731.0,765.0,805.0,816.0,808.0,884.0,949.0,933.0,917.0,914.0,1029.0,1006.0,1039.0,1064.0,1117.0,1187.0,1171.0,1212.0,1280.0,1284.0,1266.0,1259.0,1318.0,1365.0,1345.0,1406.0,1459.0,1431.0,1467.0,1459.0,1522.0,1517.0,1530.0,1622.0,1579.0,1622.0,1643.0,1744.0,1688.0,1728.0,1753.0,1771.0,1781.0,1794.0,1882.0,1850.0,1871.0,1923.0,1901.0,1852.0,1945.0,1954.0,1926.0,1942.0,1911.0,1955.0,1965.0,2014.0,1985.0,2042.0,2062.0,2094.0,2106.0,2023.0,2137.0,2105.0,2214.0,2276.0,2280.0,2166.0,2218.0,2202.0,2137.0,2232.0,2160.0,2316.0,2342.0,2285.0,2373.0,2346.0,2329.0,2396.0,2398.0,2450.0,2322.0,2451.0
M,67,288.0,317.0,341.0,351.0,388.0,411.0,460.0,477.0,519.0,577.0,562.0,646.0,643.0,712.0,712.0,750.0,745.0,784.0,821.0,831.0,826.0,910.0,967.0,952.0,925.0,935.0,1049.0,1021.0,1062.0,1075.0,1136.0,1198.0,1191.0,1231.0,1307.0,1314.0,1289.0,1279.0,1332.0,1384.0,1369.0,1424.0,1487.0,1451.0,1486.0,1490.0,1545.0,1539.0,1553.0,1643.0,1602.0,1640.0,1670.0,1764.0,1714.0,1745.0,1781.0,1784.0,1804.0,1817.0,1896.0,1876.0,1891.0,1937.0,1923.0,1872.0,1962.0,1983.0,1942.0,1963.0,1931.0,1971.0,1980.0,2029.0,2009.0,2059.0,2078.0,2112.0,2119.0,2038.0,2150.0,2128.0,2246.0,2295.0,2297.0,2185.0,2232.0,2221.0,2162.0,2254.0,2172.0,2335.0,2354.0,2304.0,2393.0,2366.0,2351.0,2417.0,2420.0,2465.0,2336.0
M,68,277.0,313.0,330.0,356.0,362.0,403.0,430.0,483.0,499.0,543.0,594.0,579.0,657.0,663.0,733.0,726.0,766.0,766.0,799.0,844.0,843.0,849.0,924.0,987.0,971.0,935.0,963.0,1063.0,1031.0,1082.0,1096.0,1158.0,1220.0,1222.0,1255.0,1318.0,1336.0,1304.0,1299.0,1355.0,1400.0,1385.0,1440.0,1513.0,1466.0,1511.0,1499.0,1562.0,1563.0,1571.0,1665.0,1623.0,1658.0,1692.0,1779.0,1731.0,1757.0,1800.0,1811.0,1819.0,1833.0,1911.0,1897.0,1906.0,1955.0,1932.0,1891.0,1979.0,2001.0,1961.0,1984.0,1949.0,1989.0,1999.0,2041.0,2024.0,2074.0,2095.0,2134.0,2135.0,2053.0,2169.0,2144.0,2261.0,2320.0,2318.0,2207.0,2256.0,2242.0,2185.0,2273.0,2196.0,2354.0,2371.0,2322.0,2417.0,2382.0,2378.0,2423.0,2434.0,2487.0
M,69,270.0,293.0,330.0,354.0,378.0,378.0,429.0,444.0,500.0,527.0,559.0,614.0,597.0,671.0,678.0,756.0,746.0,787.0,788.0,813.0,851.0,867.0,864.0,945.0,1002.0,995.0,951.0,978.0,1089.0,1057.0,1104.0,1114.0,1177.0,1238.0,1240.0,1276.0,1330.0,1356.0,1318.0,1323.0,1377.0,1423.0,1408.0,1449.0,1533.0,1479.0,1523.0,1517.0,1580.0,1594.0,1592.0,1686.0,1646.0,1678.0,1706.0,1806.0,1748.0,1781.0,1820.0,1822.0,1841.0,1853.0,1928.0,1923.0,1924.0,1973.0,1951.0,1912.0,1988.0,2024.0,1980.0,2004.0,1964.0,2007.0,2021.0,2054.0,2045.0,2099.0,2120.0,2151.0,2151.0,2084.0,2182.0,2171.0,2284.0,2337.0,2350.0,2230.0,2283.0,2262.0,2199.0,2293.0,2210.0,2371.0,2375.0,2338.0,2427.0,2395.0,2388.0,2438.0,2447.0
M,70,265.0,282.0,307.0,340.0,363.0,396.0,396.0,439.0,463.0,508.0,537.0,575.0,625.0,603.0,687.0,696.0,770.0,772.0,793.0,792.0,824.0,865.0,879.0,869.0,956.0,1012.0,1006.0,979.0,993.0,1097.0,1072.0,1121.0,1133.0,1197.0,1254.0,1250.0,1288.0,1339.0,1361.0,1337.0,1342.0,1397.0,1435.0,1423.0,1468.0,1551.0,1493.0,1543.0,1538.0,1601.0,1603.0,1606.0,1696.0,1655.0,1684.0,1718.0,1823.0,1759.0,1800.0,1838.0,1837.0,1860.0,1863.0,1938.0,1936.0,1933.0,1986.0,1961.0,1938.0,2005.0,2038.0,2002.0,2012.0,1979.0,2012.0,2035.0,2072.0,2054.0,2108.0,2133.0,2164.0,2160.0,2098.0,2195.0,2187.0,2302.0,2349.0,2363.0,2244.0,2299.0,2277.0,2219.0,2303.0,2219.0,2387.0,2388.0,2356.0,2429.0,2409.0,2404.0,2451.0
M,71,252.0,280.0,303.0,324.0,356.0,374.0,419.0,411.0,444.0,473.0,518.0,554.0,585.0,644.0,614.0,698.0,702.0,781.0,782.0,808.0,804.0,834.0,876.0,897.0,882.0,968.0,1020.0,1021.0,992.0,1005.0,1108.0,1087.0,1130.0,1148.0,1205.0,1268.0,1266.0,1306.0,1354.0,1373.0,1349.0,1360.0,1408.0,1454.0,1436.0,1490.0,1566.0,1514.0,1552.0,1550.0,1620.0,1611.0,1618.0,1702.0,1663.0,1703.0,1735.0,1834.0,1768.0,1812.0,1848.0,1858.0,1871.0,1876.0,1950.0,1946.0,1944.0,1999.0,1981.0,1953.0,2014.0,2057.0,2020.0,2033.0,1992.0,2032.0,2040.0,2085.0,2061.0,2119.0,2152.0,2168.0,2169.0,2109.0,2221.0,2204.0,2311.0,2364.0,2374.0,2260.0,2314.0,2290.0,2234.0,2318.0,2226.0,2410.0,2394.0,2370.0,2445.0,2424.0,2418.0
M,72,251.0,270.0,287.0,313.0,337.0,376.0,386.0,440.0,424.0,455.0,486.0,537.0,573.0,591.0,647.0,630.0,703.0,721.0,806.0,792.0,818.0,814.0,844.0,886.0,907.0,897.0,976.0,1043.0,1037.0,1008.0,1021.0,1121.0,1096.0,1142.0,1157.0,1213.0,1283.0,1280.0,1319.0,1367.0,1392.0,1366.0,1370.0,1435.0,1470.0,1447.0,1500.0,1576.0,1532.0,1564.0,1565.0,1636.0,1631.0,1626.0,1714.0,1677.0,1717.0,1759.0,1843.0,1788.0,1824.0,1866.0,1870.0,1891.0,1879.0,1970.0,1963.0,1961.0,2012.0,1999.0,1968.0,2031.0,2072.0,2031.0,2042.0,2006.0,2036.0,2056.0,2104.0,2077.0,2128.0,2167.0,2177.0,2182.0,2116.0,2239.0,2222.0,2316.0,2375.0,2391.0,2275.0,2327.0,2306.0,2245.0,2331.0,2240.0,2424.0,2410.0,2381.0,2455.0,2439.0
M,73,247.0,264.0,284.0,292.0,333.0,354.0,397.0,386.0,454.0,439.0,473.0,493.0,549.0,582.0,608.0,657.0,640.0,715.0,732.0,812.0,800.0,823.0,826.0,861.0,900.0,917.0,913.0,979.0,1056.0,1045.0,1012.0,1049.0,1129.0,1113.0,1165.0,1173.0,1222.0,1293.0,1286.0,1333.0,1377.0,1420.0,1380.0,1379.0,1457.0,1486.0,1461.0,1519.0,1583.0,1548.0,1584.0,1582.0,1651.0,1647.0,1647.0,1727.0,1698.0,1730.0,1771.0,1860.0,1807.0,1837.0,1878.0,1875.0,1902.0,1895.0,1986.0,1982.0,1978.0,2025.0,2012.0,1984.0,2057.0,2078.0,2045.0,2058.0,2017.0,2041.0,2073.0,2111.0,2098.0,2144.0,2182.0,2189.0,2193.0,2124.0,2260.0,2223.0,2333.0,2394.0,2401.0,2287.0,2340.0,2317.0,2254.0,2342.0,2258.0,2441.0,2428.0,2394.0,2470.0
M,74,246.0,260.0,279.0,312.0,313.0,353.0,361.0,410.0,394.0,472.0,452.0,483.0,517.0,566.0,600.0,616.0,679.0,652.0,741.0,749.0,822.0,810.0,833.0,830.0,872.0,907.0,934.0,932.0,984.0,1071.0,1063.0,1030.0,1070.0,1141.0,1130.0,1176.0,1194.0,1233.0,1313.0,1301.0,1352.0,1389.0,1435.0,1390.0,1389.0,1473.0,1502.0,1471.0,1527.0,1599.0,1559.0,1598.0,1592.0,1672.0,1662.0,1662.0,1749.0,1718.0,1747.0,1783.0,1871.0,1832.0,1852.0,1895.0,1886.0,1911.0,1906.0,2006.0,1995.0,1982.0,2038.0,2031.0,1998.0,2071.0,2088.0,2062.0,2061.0,2031.0,2044.0,2092.0,2125.0,2118.0,2148.0,2193.0,2199.0,2212.0,2136.0,2270.0,2240.0,2353.0,2411.0,2415.0,2298.0,2360.0,2337.0,2268.0,2346.0,2280.0,2463.0,2445.0,2410.0
M,75,243.0,256.0,269.0,296.0,315.0,325.0,353.0,374.0,419.0,402.0,468.0,460.0,487.0,513.0,580.0,603.0,622.0,696.0,657.0,741.0,759.0,822.0,814.0,854.0,832.0,871.0,919.0,954.0,935.0,986.0,1068.0,1061.0,1037.0,1078.0,1144.0,1153.0,1195.0,1200.0,1238.0,1322.0,1307.0,1357.0,1398.0,1439.0,1398.0,1394.0,1479.0,1512.0,1481.0,1525.0,1611.0,1567.0,1612.0,1595.0,1680.0,1663.0,1670.0,1759.0,1733.0,1748.0,1796.0,1876.0,1837.0,1868.0,1914.0,1881.0,1918.0,1914.0,2008.0,2007.0,1999.0,2050.0,2037.0,2016.0,2090.0,2086.0,2069.0,2075.0,2032.0,2052.0,2103.0,2144.0,2123.0,2154.0,2199.0,2199.0,2216.0,2134.0,2266.0,2245.0,2347.0,2417.0,2428.0,2306.0,2371.0,2351.0,2269.0,2347.0,2290.0,2466.0,2453.0
M,76,244.0,256.0,266.0,280.0,304.0,323.0,335.0,368.0,382.0,418.0,396.0,477.0,455.0,502.0,521.0,592.0,598.0,635.0,713.0,655.0,741.0,760.0,830.0,814.0,859.0,838.0,871.0,920.0,963.0,947.0,994.0,1074.0,1060.0,1047.0,1087.0,1146.0,1157.0,1207.0,1214.0,1249.0,1337.0,1320.0,1368.0,1400.0,1447.0,1405.0,1406.0,1490.0,1520.0,1499.0,1539.0,1618.0,1579.0,1621.0,1601.0,1682.0,1669.0,1675.0,1768.0,1743.0,1750.0,1796.0,1880.0,1844.0,1879.0,1922.0,1893.0,1922.0,1921.0,2013.0,2012.0,2005.0,2063.0,2047.0,2026.0,2091.0,2102.0,2078.0,2087.0,2036.0,2064.0,2109.0,2161.0,2128.0,2160.0,2216.0,2203.0,2228.0,2139.0,2271.0,2261.0,2361.0,2424.0,2432.0,2312.0,2384.0,2356.0,2281.0,2350.0,2291.0,2468.0
M,77,208.0,248.0,267.0,277.0,282.0,314.0,336.0,341.0,379.0,391.0,436.0,413.0,488.0,454.0,509.0,530.0,593.0,613.0,633.0,714.0,657.0,751.0,772.0,827.0,828.0,869.0,839.0,870.0,935.0,969.0,956.0,1005.0,1079.0,1069.0,1052.0,1103.0,1157.0,1174.0,1210.0,1229.0,1256.0,1348.0,1335.0,1370.0,1410.0,1460.0,1426.0,1419.0,1494.0,1525.0,1509.0,1550.0,1632.0,1592.0,1629.0,1610.0,1700.0,1675.0,1684.0,1783.0,1756.0,1767.0,1809.0,1894.0,1855.0,1882.0,1930.0,1895.0,1929.0,1935.0,2017.0,2011.0,2017.0,2066.0,2060.0,2024.0,2098.0,2108.0,2093.0,2108.0,2045.0,2067.0,2118.0,2170.0,2139.0,2182.0,2223.0,2211.0,2236.0,2142.0,2275.0,2262.0,2365.0,2431.0,2441.0,2322.0,2388.0,2357.0,2299.0,2365.0,2288.0
M,78,195.0,217.0,251.0,277.0,288.0,296.0,314.0,354.0,347.0,388.0,390.0,442.0,421.0,493.0,459.0,503.0,532.0,597.0,619.0,643.0,730.0,660.0,750.0,771.0,835.0,841.0,874.0,838.0,878.0,938.0,973.0,967.0,1021.0,1083.0,1075.0,1063.0,1107.0,1164.0,1182.0,1224.0,1243.0,1275.0,1350.0,1339.0,1380.0,1417.0,1474.0,1442.0,1426.0,1507.0,1528.0,1515.0,1551.0,1633.0,1602.0,1648.0,1622.0,1708.0,1691.0,1695.0,1791.0,1766.0,1777.0,1822.0,1898.0,1864.0,1884.0,1940.0,1904.0,1932.0,1949.0,2026.0,2013.0,2025.0,2079.0,2073.0,2031.0,2103.0,2113.0,2105.0,2114.0,2052.0,2070.0,2135.0,2176.0,2138.0,2200.0,2234.0,2223.0,2247.0,2147.0,2274.0,2268.0,2374.0,2433.0,2441.0,2332.0,2389.0,2362.0,2302.0,2378.0
M,79,166.0,204.0,219.0,256.0,286.0,293.0,308.0,326.0,364.0,354.0,391.0,389.0,447.0,429.0,499.0,467.0,511.0,537.0,601.0,629.0,644.0,732.0,671.0,760.0,784.0,839.0,844.0,878.0,840.0,887.0,943.0,982.0,975.0,1030.0,1104.0,1082.0,1065.0,1123.0,1174.0,1190.0,1233.0,1253.0,1280.0,1369.0,1349.0,1390.0,1425.0,1479.0,1460.0,1440.0,1505.0,1538.0,1517.0,1554.0,1644.0,1611.0,1658.0,1635.0,1716.0,1701.0,1699.0,1798.0,1776.0,1788.0,1833.0,1913.0,1883.0,1902.0,1949.0,1912.0,1945.0,1960.0,2029.0,2017.0,2025.0,2080.0,2085.0,2039.0,2108.0,2109.0,2109.0,2131.0,2060.0,2078.0,2142.0,2183.0,2145.0,2209.0,2236.0,2238.0,2256.0,2156.0,2287.0,2279.0,2374.0,2443.0,2462.0,2336.0,2394.0,2366.0,2305.0
M,80,145.0,164.0,201.0,217.0,255.0,281.0,289.0,302.0,322.0,354.0,348.0,377.0,381.0,434.0,421.0,492.0,458.0,505.0,526.0,587.0,606.0,622.0,716.0,666.0,750.0,776.0,836.0,838.0,871.0,836.0,883.0,939.0,971.0,966.0,1032.0,1105.0,1070.0,1063.0,1120.0,1171.0,1189.0,1222.0,1254.0,1271.0,1362.0,1348.0,1383.0,1420.0,1474.0,1458.0,1443.0,1499.0,1540.0,1519.0,1546.0,1629.0,1611.0,1658.0,1631.0,1703.0,1692.0,1699.0,1794.0,1767.0,1781.0,1821.0,1903.0,1880.0,1900.0,1935.0,1910.0,1933.0,1952.0,2024.0,2017.0,2011.0,2080.0,2075.0,2036.0,2097.0,2090.0,2105.0,2125.0,2051.0,2072.0,2133.0,2190.0,2128.0,2206.0,2218.0,2234.0,2241.0,2152.0,2269.0,2275.0,2362.0,2420.0,2451.0,2337.0,2384.0,2349.0
M,81,118.0,151.0,164.0,198.0,228.0,254.0,272.0,280.0,289.0,326.0,347.0,355.0,366.0,378.0,429.0,415.0,490.0,453.0,499.0,520.0,584.0,592.0,612.0,702.0,662.0,735.0,754.0,830.0,826.0,865.0,818.0,880.0,933.0,969.0,959.0,1033.0,1103.0,1069.0,1063.0,1122.0,1168.0,1193.0,1222.0,1249.0,1272.0,1360.0,1340.0,1367.0,1419.0,1471.0,1455.0,1438.0,1491.0,1536.0,1514.0,1542.0,1626.0,1606.0,1653.0,1625.0,1704.0,1693.0,1693.0,1782.0,1749.0,1784.0,1825.0,1894.0,1873.0,1890.0,1921.0,1893.0,1929.0,1946.0,2016.0,2006.0,2004.0,2073.0,2061.0,2042.0,2079.0,2080.0,2096.0,2115.0,2040.0,2061.0,2131.0,2183.0,2114.0,2188.0,2208.0,2228.0,2231.0,2142.0,2251.0,2263.0,2349.0,2403.0,2432.0,2319.0,2371.0
M,82,115.0,120.0,152.0,160.0,196.0,224.0,261.0,260.0,281.0,278.0,325.0,337.0,355.0,356.0,372.0,424.0,407.0,480.0,449.0,498.0,511.0,574.0,590.0,607.0,699.0,652.0,728.0,743.0,817.0,825.0,852.0,813.0,865.0,926.0,964.0,953.0,1031.0,1099.0,1069.0,1063.0,1111.0,1169.0,1196.0,1220.0,1242.0,1269.0,1362.0,1336.0,1365.0,1416.0,1466.0,1447.0,1431.0,1485.0,1533.0,1511.0,1542.0,1621.0,1602.0,1646.0,1614.0,1692.0,1686.0,1690.0,1772.0,1740.0,1782.0,1823.0,1890.0,1864.0,1888.0,1916.0,1889.0,1912.0,1941.0,2005.0,1999.0,2003.0,2060.0,2057.0,2035.0,2073.0,2072.0,2098.0,2118.0,2032.0,2064.0,2133.0,2169.0,2108.0,2182.0,2202.0,2219.0,2222.0,2128.0,2251.0,2256.0,2339.0,2395.0,2419.0,2307.0
M,83,103.0,124.0,120.0,150.0,162.0,193.0,217.0,259.0,253.0,278.0,274.0,320.0,322.0,345.0,364.0,366.0,415.0,403.0,475.0,449.0,494.0,515.0,559.0,582.0,597.0,690.0,640.0,721.0,747.0,807.0,811.0,836.0,813.0,861.0,922.0,960.0,950.0,1026.0,1106.0,1076.0,1059.0,1108.0,1170.0,1191.0,1218.0,1236.0,1257.0,1356.0,1342.0,1366.0,1417.0,1456.0,1441.0,1421.0,1489.0,1533.0,1506.0,1542.0,1615.0,1601.0,1639.0,1611.0,1690.0,1681.0,1682.0,1769.0,1734.0,1777.0,1813.0,1881.0,1858.0,1893.0,1915.0,1885.0,1906.0,1934.0,1991.0,1989.0,1995.0,2046.0,2040.0,2030.0,2062.0,2060.0,2101.0,2116.0,2020.0,2061.0,2127.0,2165.0,2096.0,2164.0,2196.0,2205.0,2213.0,2118.0,2236.0,2244.0,2329.0,2389.0,2415.0
M,84,91.0,98.0,130.0,124.0,163.0,160.0,192.0,205.0,252.0,244.0,286.0,262.0,321.0,315.0,336.0,363.0,364.0,409.0,402.0,461.0,443.0,486.0,505.0,550.0,582.0,594.0,688.0,630.0,717.0,741.0,803.0,805.0,832.0,807.0,851.0,924.0,955.0,954.0,1026.0,1110.0,1074.0,1063.0,1098.0,1167.0,1188.0,1214.0,1240.0,1263.0,1353.0,1344.0,1364.0,1409.0,1450.0,1442.0,1406.0,1485.0,1535.0,1505.0,1529.0,1609.0,1598.0,1632.0,1604.0,1685.0,1671.0,1667.0,1762.0,1730.0,1775.0,1807.0,1875.0,1847.0,1883.0,1903.0,1878.0,1899.0,1924.0,1976.0,1985.0,1987.0,2039.0,2028.0,2017.0,2045.0,2052.0,2097.0,2112.0,2003.0,2037.0,2120.0,2158.0,2083.0,2153.0,2189.0,2192.0,2201.0,2111.0,2231.0,2239.0,2323.0,2382.0
M,85,78.0,86.0,95.0,121.0,121.0,153.0,146.0,175.0,187.0,237.0,228.0,267.0,252.0,296.0,296.0,315.0,343.0,344.0,382.0,377.0,428.0,424.0,462.0,471.0,528.0,556.0,578.0,657.0,606.0,694.0,721.0,779.0,788.0,821.0,786.0,827.0,910.0,934.0,939.0,1008.0,1094.0,1063.0,1046.0,1082.0,1147.0,1173.0,1193.0,1212.0,1252.0,1334.0,1331.0,1350.0,1383.0,1430.0,1417.0,1392.0,1462.0,1520.0,1494.0,1510.0,1582.0,1573.0,1605.0,1578.0,1663.0,1651.0,1638.0,1742.0,1706.0,1744.0,1772.0,1859.0,1822.0,1858.0,1872.0,1849.0,1876.0,1893.0,1949.0,1963.0,1958.0,2016.0,2006.0,1989.0,2028.0,2025.0,2066.0,2079.0,1982.0,2007.0,2086.0,2134.0,2051.0,2122.0,2160.0,2173.0,2170.0,2080.0,2196.0,2199.0,2286.0
M,86,67.0,73.0,79.0,90.0,113.0,115.0,139.0,135.0,152.0,175.0,218.0,209.0,244.0,237.0,282.0,280.0,294.0,337.0,320.0,359.0,358.0,416.0,413.0,440.0,450.0,509.0,540.0,550.0,628.0,583.0,666.0,700.0,756.0,767.0,792.0,765.0,811.0,897.0,917.0,930.0,989.0,1077.0,1053.0,1043.0,1067.0,1129.0,1154.0,1181.0,1193.0,1234.0,1323.0,1312.0,1325.0,1372.0,1411.0,1395.0,1372.0,1445.0,1502.0,1457.0,1489.0,1555.0,1546.0,1578.0,1557.0,1647.0,1634.0,1615.0,1716.0,1690.0,1728.0,1755.0,1831.0,1795.0,1831.0,1843.0,1824.0,1847.0,1867.0,1918.0,1941.0,1928.0,1990.0,1988.0,1956.0,1988.0,2003.0,2025.0,2054.0,1967.0,1974.0,2069.0,2101.0,2019.0,2091.0,2127.0,2131.0,2140.0,2056.0,2178.0,2164.0
M,87,55.0,64.0,71.0,70.0,86.0,105.0,113.0,136.0,128.0,136.0,169.0,204.0,195.0,228.0,224.0,265.0,265.0,281.0,320.0,308.0,336.0,348.0,397.0,395.0,416.0,433.0,487.0,523.0,525.0,609.0,564.0,650.0,691.0,733.0,747.0,771.0,752.0,797.0,892.0,893.0,923.0,971.0,1062.0,1033.0,1032.0,1048.0,1123.0,1139.0,1170.0,1174.0,1214.0,1305.0,1296.0,1300.0,1351.0,1392.0,1374.0,1341.0,1422.0,1486.0,1431.0,1463.0,1537.0,1524.0,1554.0,1542.0,1619.0,1617.0,1594.0,1703.0,1661.0,1696.0,1730.0,1804.0,1763.0,1806.0,1825.0,1799.0,1822.0,1838.0,1884.0,1904.0,1906.0,1963.0,1952.0,1929.0,1957.0,1958.0,1995.0,2026.0,1951.0,1948.0,2043.0,2065.0,1990.0,2058.0,2094.0,2102.0,2121.0,2035.0,2145.0
M,88,47.0,54.0,56.0,72.0,66.0,85.0,108.0,105.0,130.0,123.0,125.0,151.0,191.0,184.0,220.0,214.0,256.0,256.0,272.0,310.0,299.0,316.0,331.0,378.0,376.0,403.0,418.0,474.0,500.0,508.0,592.0,533.0,633.0,677.0,715.0,735.0,754.0,739.0,791.0,870.0,884.0,907.0,957.0,1049.0,1016.0,1022.0,1037.0,1099.0,1125.0,1161.0,1158.0,1190.0,1286.0,1284.0,1290.0,1326.0,1373.0,1358.0,1314.0,1407.0,1473.0,1406.0,1437.0,1514.0,1509.0,1539.0,1523.0,1597.0,1589.0,1567.0,1677.0,1636.0,1674.0,1716.0,1783.0,1740.0,1778.0,1800.0,1776.0,1799.0,1816.0,1852.0,1874.0,1873.0,1945.0,1918.0,1908.0,1938.0,1927.0,1979.0,2000.0,1918.0,1921.0,2015.0,2048.0,1954.0,2039.0,2063.0,2063.0,2086.0,2016.0
M,89,40.0,46.0,58.0,53.0,71.0,66.0,80.0,99.0,97.0,117.0,118.0,116.0,145.0,177.0,168.0,212.0,195.0,240.0,239.0,261.0,297.0,291.0,304.0,309.0,358.0,360.0,378.0,405.0,456.0,491.0,485.0,577.0,525.0,617.0,667.0,706.0,729.0,739.0,735.0,780.0,862.0,875.0,896.0,940.0,1041.0,1005.0,1003.0,1023.0,1076.0,1105.0,1130.0,1147.0,1176.0,1257.0,1263.0,1267.0,1311.0,1347.0,1337.0,1299.0,1380.0,1446.0,1376.0,1420.0,1488.0,1497.0,1516.0,1502.0,1569.0,1566.0,1536.0,1658.0,1603.0,1647.0,1692.0,1760.0,1716.0,1765.0,1770.0,1750.0,1774.0,1788.0,1827.0,1850.0,1834.0,1920.0,1873.0,1875.0,1921.0,1906.0,1946.0,1969.0,1890.0,1898.0,1997.0,2025.0,1922.0,2013.0,2032.0,2034.0,2062.0
M,90,36.0,45.0,50.0,62.0,56.0,73.0,67.0,85.0,103.0,99.0,120.0,121.0,120.0,147.0,179.0,169.0,215.0,199.0,242.0,243.0,263.0,299.0,295.0,306.0,309.0,358.0,362.0,378.0,407.0,456.0,495.0,492.0,578.0,528.0,618.0,672.0,709.0,730.0,744.0,740.0,781.0,863.0,876.0,899.0,942.0,1043.0,1006.0,1007.0,1027.0,1082.0,1108.0,1132.0,1149.0,1177.0,1259.0,1266.0,1269.0,1313.0,1348.0,1338.0,1304.0,1381.0,1448.0,1379.0,1423.0,1489.0,1501.0,1516.0,1504.0,1570.0,1568.0,1536.0,1660.0,1607.0,1649.0,1696.0,1763.0,1722.0,1768.0,1772.0,1753.0,1776.0,1788.0,1828.0,1853.0,1838.0,1922.0,1875.0,1876.0,1924.0,1907.0,1948.0,1973.0,1897.0,1898.0,1998.0,2025.0,1925.0,2014.0,2034.0,2036.0
M,91,27.0,31.0,36.0,39.0,42.0,40.0,61.0,53.0,72.0,79.0,81.0,91.0,89.0,90.0,101.0,146.0,125.0,155.0,160.0,183.0,186.0,205.0,229.0,221.0,218.0,232.0,274.0,273.0,288.0,313.0,344.0,371.0,365.0,443.0,398.0,470.0,498.0,550.0,563.0,550.0,558.0,598.0,652.0,658.0,691.0,727.0,803.0,758.0,773.0,756.0,767.0,834.0,855.0,843.0,895.0,966.0,938.0,956.0,996.0,1003.0,983.0,983.0,1055.0,1093.0,1018.0,1087.0,1115.0,1163.0,1170.0,1118.0,1214.0,1193.0,1164.0,1239.0,1214.0,1204.0,1286.0,1341.0,1305.0,1343.0,1306.0,1319.0,1327.0,1340.0,1326.0,1397.0,1409.0,1442.0,1382.0,1418.0,1437.0,1403.0,1462.0,1494.0,1436.0,1396.0,1491.0,1538.0,1433.0,1489.0,1536.0
M,92,23.0,26.0,28.0,27.0,37.0,36.0,24.0,44.0,45.0,55.0,58.0,65.0,72.0,71.0,71.0,76.0,112.0,100.0,111.0,121.0,143.0,133.0,159.0,171.0,172.0,169.0,180.0,204.0,206.0,224.0,219.0,262.0,284.0,265.0,339.0,294.0,363.0,371.0,416.0,430.0,420.0,440.0,446.0,481.0,487.0,513.0,552.0,596.0,557.0,570.0,564.0,560.0,626.0,644.0,633.0,672.0,707.0,724.0,719.0,763.0,756.0,726.0,728.0,805.0,836.0,793.0,826.0,833.0,858.0,916.0,827.0,918.0,925.0,870.0,909.0,899.0,925.0,965.0,1017.0,970.0,1005.0,990.0,968.0,978.0,1017.0,1015.0,1026.0,1063.0,1101.0,1038.0,1069.0,1106.0,1029.0,1093.0,1134.0,1097.0,1056.0,1114.0,1151.0,1070.0,1108.0
M,93,17.0,19.0,23.0,22.0,23.0,37.0,29.0,23.0,34.0,36.0,42.0,45.0,53.0,54.0,63.0,50.0,55.0,87.0,68.0,82.0,83.0,114.0,103.0,118.0,127.0,130.0,132.0,142.0,159.0,161.0,178.0,157.0,207.0,211.0,204.0,256.0,220.0,280.0,274.0,306.0,325.0,322.0,338.0,337.0,365.0,367.0,393.0,422.0,449.0,416.0,450.0,426.0,416.0,473.0,478.0,455.0,517.0,548.0,549.0,522.0,579.0,577.0,545.0,554.0,618.0,616.0,613.0,607.0,615.0,623.0,699.0,618.0,698.0,703.0,650.0,692.0,671.0,689.0,721.0,775.0,696.0,743.0,759.0,728.0,741.0,766.0,770.0,759.0,808.0,830.0,746.0,812.0,825.0,799.0,836.0,853.0,846.0,772.0,858.0,887.0,812.0
M,94,13.0,14.0,17.0,18.0,17.0,17.0,30.0,23.0,16.0,33.0,24.0,31.0,36.0,47.0,49.0,47.0,33.0,45.0,69.0,58.0,65.0,63.0,94.0,82.0,97.0,88.0,96.0,100.0,106.0,117.0,120.0,134.0,126.0,164.0,170.0,152.0,184.0,160.0,218.0,196.0,227.0,242.0,250.0,252.0,257.0,281.0,279.0,315.0,325.0,343.0,316.0,340.0,308.0,323.0,357.0,360.0,349.0,403.0,411.0,421.0,387.0,438.0,432.0,405.0,417.0,469.0,445.0,454.0,438.0,468.0,452.0,522.0,478.0,525.0,534.0,489.0,525.0,518.0,541.0,559.0,606.0,540.0,548.0,568.0,547.0,587.0,570.0,579.0,551.0,612.0,634.0,565.0,625.0,606.0,604.0,620.0,643.0,633.0,592.0,647.0,668.0
M,95,9.0,9.0,10.0,12.0,16.0,16.0,14.0,24.0,22.0,12.0,26.0,19.0,27.0,26.0,40.0,37.0,35.0,26.0,35.0,51.0,48.0,49.0,45.0,73.0,68.0,76.0,62.0,77.0,68.0,73.0,90.0,87.0,95.0,96.0,119.0,132.0,125.0,144.0,126.0,161.0,152.0,173.0,190.0,185.0,186.0,186.0,214.0,201.0,253.0,260.0,266.0,230.0,257.0,235.0,252.0,270.0,270.0,255.0,311.0,307.0,313.0,295.0,335.0,320.0,323.0,309.0,346.0,331.0,350.0,335.0,356.0,340.0,375.0,357.0,408.0,416.0,350.0,415.0,370.0,420.0,406.0,455.0,411.0,397.0,410.0,409.0,451.0,414.0,426.0,415.0,452.0,476.0,446.0,494.0,462.0,450.0,467.0,498.0,484.0,447.0,518.0
M,96,7.0,8.0,8.0,11.0,10.0,14.0,14.0,13.0,21.0,17.0,9.0,16.0,16.0,20.0,15.0,30.0,32.0,31.0,22.0,29.0,36.0,39.0,35.0,35.0,60.0,45.0,61.0,47.0,57.0,50.0,61.0,54.0,63.0,65.0,69.0,85.0,100.0,89.0,117.0,93.0,124.0,111.0,133.0,133.0,138.0,149.0,137.0,161.0,157.0,185.0,196.0,201.0,179.0,193.0,177.0,181.0,205.0,200.0,196.0,226.0,229.0,228.0,220.0,236.0,241.0,242.0,238.0,252.0,256.0,272.0,248.0,274.0,248.0,289.0,281.0,319.0,310.0,270.0,320.0,265.0,332.0,308.0,335.0,312.0,317.0,294.0,304.0,336.0,316.0,316.0,324.0,327.0,358.0,335.0,368.0,347.0,339.0,351.0,370.0,360.0,345.0
M,97,5.0,7.0,8.0,5.0,10.0,7.0,13.0,11.0,10.0,17.0,16.0,6.0,13.0,13.0,15.0,12.0,21.0,28.0,24.0,19.0,24.0,27.0,33.0,27.0,33.0,46.0,35.0,49.0,34.0,47.0,36.0,48.0,42.0,47.0,53.0,52.0,64.0,73.0,63.0,86.0,68.0,96.0,90.0,105.0,101.0,96.0,111.0,114.0,126.0,120.0,141.0,151.0,158.0,142.0,141.0,141.0,132.0,148.0,146.0,150.0,172.0,176.0,164.0,161.0,193.0,169.0,186.0,188.0,191.0,199.0,205.0,181.0,206.0,189.0,204.0,205.0,241.0,238.0,192.0,241.0,198.0,244.0,229.0,240.0,242.0,224.0,218.0,237.0,253.0,241.0,231.0,252.0,237.0,244.0,245.0,279.0,258.0,247.0,257.0,286.0,265.0
M,98,3.0,5.0,7.0,8.0,4.0,9.0,6.0,12.0,8.0,9.0,14.0,9.0,7.0,11.0,12.0,11.0,13.0,19.0,18.0,20.0,13.0,16.0,22.0,29.0,17.0,22.0,39.0,27.0,42.0,25.0,38.0,26.0,37.0,32.0,34.0,40.0,41.0,50.0,62.0,48.0,64.0,56.0,67.0,73.0,73.0,73.0,71.0,77.0,89.0,94.0,94.0,112.0,110.0,124.0,109.0,107.0,101.0,92.0,111.0,107.0,117.0,125.0,131.0,121.0,121.0,138.0,133.0,137.0,138.0,141.0,150.0,152.0,139.0,158.0,151.0,150.0,160.0,181.0,170.0,150.0,193.0,150.0,189.0,173.0,175.0,180.0,165.0,170.0,179.0,199.0,188.0,178.0,182.0,180.0,189.0,188.0,194.0,196.0,190.0,192.0,197.0
M,99,2.0,3.0,5.0,3.0,6.0,4.0,11.0,6.0,6.0,7.0,6.0,11.0,6.0,8.0,10.0,8.0,11.0,10.0,14.0,11.0,18.0,11.0,15.0,15.0,23.0,12.0,18.0,31.0,26.0,32.0,16.0,31.0,20.0,27.0,21.0,22.0,30.0,32.0,38.0,54.0,34.0,37.0,40.0,51.0,52.0,52.0,50.0,60.0,58.0,74.0,72.0,75.0,85.0,82.0,86.0,85.0,76.0,80.0,70.0,85.0,80.0,83.0,101.0,96.0,95.0,91.0,108.0,103.0,107.0,103.0,106.0,116.0,116.0,108.0,120.0,110.0,119.0,126.0,143.0,129.0,108.0,152.0,112.0,146.0,123.0,133.0,130.0,125.0,130.0,122.0,152.0,141.0,150.0,128.0,133.0,151.0,141.0,153.0,132.0,148.0,138.0
M,100,1.0,1.0,3.0,5.0,3.0,5.0,4.0,8.0,6.0,5.0,4.0,5.0,8.0,4.0,7.0,8.0,6.0,9.0,8.0,12.0,7.0,12.0,10.0,11.0,11.0,19.0,8.0,12.0,22.0,20.0,28.0,11.0,26.0,15.0,23.0,15.0,19.0,21.0,28.0,33.0,39.0,23.0,28.0,32.0,44.0,35.0,36.0,36.0,45.0,43.0,55.0,57.0,56.0,66.0,58.0,66.0,68.0,60.0,62.0,60.0,67.0,53.0,60.0,70.0,63.0,69.0,69.0,80.0,75.0,74.0,82.0,83.0,84.0,79.0,77.0,96.0,86.0,87.0,102.0,108.0,99.0,77.0,113.0,83.0,113.0,97.0,98.0,97.0,95.0,101.0,95.0,115.0,102.0,117.0,91.0,100.0,105.0,105.0,111.0,88.0,106.0
M,101,1.0,,1.0,,3.0,1.0,2.0,2.0,3.0,2.0,,2.0,2.0,2.0,3.0,3.0,4.0,2.0,4.0,4.0,4.0,2.0,5.0,6.0,4.0,3.0,6.0,4.0,6.0,9.0,6.0,9.0,6.0,13.0,7.0,11.0,7.0,7.0,7.0,11.0,12.0,16.0,10.0,15.0,8.0,17.0,12.0,15.0,11.0,18.0,16.0,27.0,17.0,25.0,28.0,19.0,27.0,28.0,20.0,25.0,21.0,19.0,24.0,24.0,32.0,28.0,21.0,24.0,37.0,27.0,24.0,26.0,33.0,39.0,33.0,27.0,37.0,31.0,34.0,36.0,40.0,37.0,35.0,50.0,30.0,39.0,40.0,37.0,36.0,32.0,43.0,33.0,42.0,37.0,53.0,31.0,37.0,39.0,41.0,41.0,31.0
M,102,,,,,,1.0,,,1.0,1.0,2.0,,2.0,1.0,1.0,1.0,2.0,,,2.0,1.0,2.0,1.0,1.0,2.0,3.0,2.0,2.0,,3.0,4.0,2.0,4.0,2.0,3.0,3.0,,5.0,2.0,5.0,4.0,3.0,9.0,3.0,10.0,2.0,6.0,6.0,6.0,4.0,7.0,4.0,8.0,3.0,6.0,11.0,7.0,8.0,14.0,8.0,10.0,6.0,8.0,11.0,5.0,12.0,7.0,12.0,7.0,14.0,14.0,7.0,8.0,16.0,9.0,16.0,10.0,14.0,11.0,8.0,6.0,16.0,11.0,12.0,21.0,9.0,16.0,13.0,8.0,11.0,11.0,18.0,10.0,15.0,13.0,17.0,13.0,11.0,15.0,15.0,18.0
M,103,,,,,,,1.0,,,,,,,,,,1.0,1.0,,,1.0,,2.0,,,1.0,2.0,1.0,,,1.0,1.0,1.0,2.0,1.0,1.0,1.0,,2.0,,3.0,1.0,1.0,5.0,1.0,4.0,1.0,3.0,1.0,1.0,1.0,4.0,2.0,2.0,,1.0,6.0,1.0,3.0,6.0,3.0,3.0,,4.0,4.0,1.0,6.0,3.0,5.0,3.0,6.0,6.0,4.0,2.0,5.0,6.0,7.0,3.0,5.0,7.0,3.0,1.0,7.0,4.0,3.0,7.0,3.0,5.0,6.0,4.0,4.0,5.0,9.0,8.0,9.0,3.0,7.0,8.0,3.0,7.0,4.0
M,104,,,,,,,,1.0,,,,,,,,,,,,,,1.0,,2.0,,,,1.0,,,,1.0,1.0,1.0,1.0,1.0,,,,1.0,,1.0,1.0,1.0,2.0,,1.0,,,,,,2.0,2.0,2.0,,1.0,2.0,2.0,,1.0,2.0,2.0,,2.0,3.0,1.0,3.0,,2.0,1.0,3.0,3.0,1.0,,3.0,1.0,1.0,2.0,4.0,1.0,2.0,1.0,2.0,1.0,1.0,2.0,1.0,3.0,2.0,1.0,2.0,1.0,2.0,5.0,,1.0,5.0,2.0,,4.0
M,105,,,,,,,,,,,,,,,,,,,,,,,1.0,,1.0,,,,1.0,,,,,,1.0,,,,,,,,1.0,,1.0,2.0,,,,,,,,,1.0,1.0,,,,1.0,,,,,,1.0,,,1.0,1.0,,1.0,1.0,2.0,,,,,1.0,1.0,2.0,1.0,,1.0,1.0,,,1.0,,2.0,2.0,,,,,2.0,,2.0,4.0,1.0,
M,106,,,,,,,,,,,,,,,,,,,,,,,,1.0,,1.0,,,,1.0,,,,,,1.0,,,,,,,,,,,,,,,,1.0,,,,,1.0,,,,,1.0,,,,,1.0,,,1.0,1.0,,1.0,,,,,,,,,1.0,1.0,,1.0,,,,1.0,,1.0,1.0,,,1.0,,,,2.0,3.0,1.0
M,107,,,,,,,,,,,1.0,,,,,,,,,,,,,,1.0,,1.0,,,,,,,,,,,,,,,,,,,,,,,,,,,,,,,,,,,,,,,,,1.0,,,,,,,,,,,,,,,1.0,,,,,,,,,,1.0,,,1.0,,,,,1.0
M,108,,,,,,,,,,,,,,,,,,,,,,,,,,,,,,,,,,,,,,,,,,,,,,,,,,,,,,,,,,,,,,,,,,,,,1.0,,,,1.0,,,,,,,,,,,1.0,,,,,,,,,,,,,,,,,
M,109,,,,,,,,,,,,,,,,,,,,,,,,,,,,,,,,,,,,,,,,,,,,,,,,,,,,,,,,,,,,,,,,,,,,,,,1.0,,,,,,,,,,,,,,,,,,,,,1.0,,,,,,,,,
