sex,alder,pop_2023,pop_4067,pop_4068,pop_4069,pop_4070,pop_4071,pop_4072,pop_4073,pop_4074,pop_4075,pop_4076,pop_4077,pop_4078,pop_4079,pop_4080,pop_4081,pop_4082,pop_4083,pop_4084,pop_4085,pop_4086,pop_4087,pop_4088,pop_4089,pop_4090,pop_4091,pop_4092,pop_4093,pop_4094,pop_4095,pop_4096,pop_4097,pop_4098,pop_4099,pop_4100,pop_4101,pop_4102,pop_4103,pop_4104,pop_4105,pop_4106,pop_4107,pop_4108,pop_4109,pop_4110,pop_4111,pop_4112,pop_4113,pop_4114,pop_4115,pop_4116,pop_4117,pop_4118,pop_4119,pop_4120,pop_4121,pop_4122,pop_4123,pop_4124,pop_4125,pop_4126,pop_4127,pop_4128,pop_4129,pop_4130,pop_4131,pop_4132,pop_4133,pop_4134,pop_4135,pop_4136,pop_4137,pop_4138,pop_4139,pop_4140,pop_4141,pop_4142,pop_4143,pop_4144,pop_4145,pop_4146,pop_4147,pop_4148,pop_4149,pop_4150,pop_4151,pop_4152,pop_4153,pop_4154,pop_4155,pop_4156,pop_4157,pop_4158,pop_4159,pop_4160,pop_4161,pop_4162,pop_4163
K,0,24694.0,34432.0,34065.0,33653.0,32957.0,32564.0,32056.0,31662.0,31442.0,30858.0,30465.0,30187.0,29486.0,29460.0,28982.0,28699.0,28690.0,28120.0,27919.0,27742.0,27660.0,27289.0,27159.0,27188.0,26968.0,27230.0,27632.0,27712.0,27921.0,28634.0,29068.0,29516.0,30267.0,30692.0,30912.0,31417.0,31330.0,32042,31577.0,31455.0,31360.0,31021.0,30985.0,30412.0,30499.0,29914.0,29727.0,29388.0,29301.0,28838.0,28885.0,28671.0,28618.0,28553.0,28533.0,28341.0,28631.0,28848.0,29215.0,29460.0,29852.0,29865.0,30168.0,30580.0,31282.0,30919.0,31126.0,31284.0,31413.0,31804.0,31637.0,31344.0,31044.0,31397.0,31209.0,30844,30800.0,30684.0,30245.0,30001.0,29916.0,29869.0,29844.0,29942.0,29584.0,29600.0,30011.0,29710.0,29732.0,30114.0,30418,30428.0,30765.0,30980.0,31266.0,31275.0,31418.0,31741.0
K,1,24713.0,24694.0,34432.0,34064.0,33653.0,32957.0,32563.0,32056.0,31662.0,31442.0,30858.0,30465.0,30186.0,29486.0,29460.0,28982.0,28699.0,28690.0,28120.0,27919.0,27742.0,27660.0,27289.0,27159.0,27188.0,26968.0,27230.0,27632.0,27712.0,27921.0,28634.0,29068.0,29516.0,30267.0,30692.0,30912.0,31417.0,31330,32042.0,31577.0,31455.0,31360.0,31021.0,30985.0,30412.0,30499.0,29914.0,29727.0,29388.0,29301.0,28838.0,28885.0,28671.0,28618.0,28553.0,28533.0,28341.0,28631.0,28848.0,29215.0,29460.0,29852.0,29865.0,30168.0,30580.0,31282.0,30919.0,31126.0,31284.0,31413.0,31804.0,31637.0,31344.0,31044.0,31397.0,31209,30844.0,30800.0,30684.0,30245.0,30001.0,29916.0,29869.0,29844.0,29942.0,29584.0,29600.0,30011.0,29710.0,29732.0,30114,30418.0,30428.0,30765.0,30979.0,31266.0,31275.0,31418.0
K,2,25297.0,24712.0,24694.0,34431.0,34064.0,33653.0,32957.0,32563.0,32056.0,31662.0,31442.0,30858.0,30465.0,30186.0,29486.0,29460.0,28982.0,28699.0,28690.0,28120.0,27919.0,27742.0,27660.0,27289.0,27159.0,27188.0,26968.0,27230.0,27632.0,27712.0,27921.0,28634.0,29068.0,29516.0,30267.0,30692.0,30912.0,31417,31330.0,32042.0,31577.0,31455.0,31360.0,31021.0,30985.0,30411.0,30499.0,29914.0,29727.0,29388.0,29301.0,28838.0,28885.0,28671.0,28618.0,28553.0,28533.0,28341.0,28631.0,28848.0,29215.0,29460.0,29852.0,29865.0,30168.0,30580.0,31282.0,30919.0,31125.0,31283.0,31413.0,31804.0,31637.0,31344.0,31044.0,31397,31209.0,30844.0,30800.0,30683.0,30245.0,30001.0,29916.0,29869.0,29844.0,29941.0,29584.0,29600.0,30011.0,29710.0,29732,30114.0,30418.0,30427.0,30765.0,30979.0,31266.0,31275.0
K,3,25312.0,25296.0,24712.0,24694.0,34431.0,34064.0,33653.0,32957.0,32563.0,32056.0,31662.0,31442.0,30858.0,30465.0,30186.0,29486.0,29460.0,28982.0,28699.0,28690.0,28120.0,27919.0,27742.0,27660.0,27289.0,27159.0,27187.0,26968.0,27230.0,27631.0,27712.0,27921.0,28633.0,29068.0,29516.0,30267.0,30692.0,30911,31417.0,31330.0,32042.0,31577.0,31455.0,31360.0,31021.0,30985.0,30411.0,30499.0,29914.0,29727.0,29388.0,29301.0,28838.0,28885.0,28671.0,28618.0,28553.0,28533.0,28341.0,28630.0,28848.0,29215.0,29460.0,29852.0,29865.0,30168.0,30580.0,31282.0,30919.0,31125.0,31283.0,31413.0,31804.0,31637.0,31344.0,31043,31397.0,31209.0,30843.0,30800.0,30683.0,30245.0,30001.0,29915.0,29868.0,29844.0,29941.0,29584.0,29600.0,30011.0,29710,29732.0,30114.0,30418.0,30427.0,30765.0,30978.0,31266.0
K,4,25453.0,25312.0,25296.0,24712.0,24694.0,34430.0,34064.0,33653.0,32957.0,32563.0,32056.0,31661.0,31442.0,30858.0,30465.0,30186.0,29486.0,29460.0,28982.0,28699.0,28689.0,28119.0,27919.0,27742.0,27660.0,27289.0,27159.0,27187.0,26968.0,27228.0,27631.0,27712.0,27921.0,28633.0,29068.0,29516.0,30267.0,30692,30911.0,31417.0,31330.0,32042.0,31577.0,31454.0,31360.0,31021.0,30985.0,30411.0,30499.0,29914.0,29727.0,29388.0,29301.0,28838.0,28885.0,28671.0,28618.0,28553.0,28533.0,28341.0,28630.0,28848.0,29215.0,29460.0,29852.0,29865.0,30168.0,30580.0,31282.0,30919.0,31125.0,31283.0,31413.0,31804.0,31637.0,31344,31043.0,31397.0,31209.0,30843.0,30800.0,30683.0,30245.0,30001.0,29915.0,29868.0,29844.0,29941.0,29584.0,29600.0,30011,29710.0,29732.0,30114.0,30418.0,30427.0,30765.0,30978.0
K,5,25922.0,25453.0,25311.0,25296.0,24712.0,24694.0,34429.0,34064.0,33653.0,32957.0,32563.0,32056.0,31661.0,31442.0,30858.0,30465.0,30186.0,29486.0,29460.0,28982.0,28699.0,28689.0,28119.0,27919.0,27742.0,27660.0,27289.0,27159.0,27187.0,26968.0,27228.0,27630.0,27712.0,27921.0,28633.0,29068.0,29516.0,30267,30692.0,30911.0,31417.0,31330.0,32042.0,31577.0,31454.0,31360.0,31021.0,30985.0,30411.0,30499.0,29914.0,29727.0,29388.0,29301.0,28838.0,28885.0,28671.0,28618.0,28552.0,28533.0,28341.0,28630.0,28848.0,29215.0,29460.0,29852.0,29865.0,30168.0,30580.0,31282.0,30919.0,31125.0,31283.0,31413.0,31804.0,31637,31344.0,31043.0,31397.0,31208.0,30843.0,30800.0,30683.0,30245.0,30001.0,29915.0,29868.0,29844.0,29941.0,29584.0,29599,30011.0,29710.0,29732.0,30114.0,30418.0,30427.0,30765.0
K,6,25830.0,25922.0,25453.0,25310.0,25296.0,24711.0,24694.0,34429.0,34063.0,33653.0,32957.0,32563.0,32056.0,31661.0,31442.0,30858.0,30465.0,30186.0,29486.0,29460.0,28982.0,28699.0,28689.0,28119.0,27919.0,27742.0,27660.0,27289.0,27158.0,27187.0,26968.0,27228.0,27630.0,27712.0,27921.0,28633.0,29068.0,29516,30267.0,30692.0,30911.0,31417.0,31330.0,32042.0,31577.0,31454.0,31360.0,31021.0,30985.0,30411.0,30499.0,29914.0,29727.0,29388.0,29301.0,28838.0,28885.0,28671.0,28618.0,28552.0,28533.0,28341.0,28630.0,28848.0,29215.0,29460.0,29852.0,29865.0,30168.0,30580.0,31282.0,30919.0,31125.0,31283.0,31413.0,31804,31637.0,31344.0,31043.0,31397.0,31208.0,30843.0,30800.0,30683.0,30245.0,30001.0,29915.0,29868.0,29844.0,29941.0,29582,29599.0,30011.0,29710.0,29732.0,30114.0,30418.0,30427.0
K,7,25957.0,25830.0,25920.0,25453.0,25310.0,25296.0,24711.0,24694.0,34429.0,34063.0,33653.0,32957.0,32563.0,32056.0,31661.0,31442.0,30858.0,30465.0,30185.0,29486.0,29460.0,28981.0,28699.0,28689.0,28119.0,27919.0,27742.0,27660.0,27289.0,27158.0,27187.0,26968.0,27228.0,27630.0,27712.0,27920.0,28633.0,29068,29516.0,30267.0,30692.0,30911.0,31417.0,31330.0,32041.0,31577.0,31454.0,31360.0,31020.0,30985.0,30411.0,30499.0,29914.0,29727.0,29388.0,29301.0,28838.0,28885.0,28671.0,28618.0,28552.0,28533.0,28341.0,28630.0,28848.0,29215.0,29460.0,29852.0,29865.0,30168.0,30580.0,31282.0,30919.0,31125.0,31283.0,31413,31803.0,31637.0,31344.0,31043.0,31397.0,31208.0,30843.0,30800.0,30683.0,30245.0,30001.0,29915.0,29868.0,29844.0,29941,29582.0,29599.0,30011.0,29710.0,29732.0,30114.0,30418.0
K,8,26001.0,25957.0,25829.0,25919.0,25451.0,25310.0,25296.0,24711.0,24694.0,34429.0,34063.0,33653.0,32956.0,32563.0,32056.0,31661.0,31442.0,30858.0,30465.0,30185.0,29486.0,29460.0,28981.0,28699.0,28688.0,28119.0,27919.0,27742.0,27660.0,27289.0,27158.0,27187.0,26968.0,27228.0,27630.0,27712.0,27920.0,28633,29068.0,29516.0,30267.0,30692.0,30911.0,31417.0,31330.0,32041.0,31577.0,31454.0,31360.0,31020.0,30985.0,30411.0,30499.0,29914.0,29727.0,29388.0,29301.0,28838.0,28885.0,28671.0,28618.0,28551.0,28533.0,28341.0,28629.0,28848.0,29215.0,29460.0,29852.0,29865.0,30168.0,30580.0,31282.0,30919.0,31125.0,31283,31413.0,31803.0,31637.0,31344.0,31043.0,31397.0,31208.0,30843.0,30800.0,30683.0,30245.0,30001.0,29915.0,29868.0,29844,29941.0,29582.0,29599.0,30011.0,29710.0,29732.0,30114.0
K,9,26287.0,26001.0,25957.0,25829.0,25919.0,25450.0,25310.0,25296.0,24711.0,24694.0,34429.0,34063.0,33653.0,32955.0,32563.0,32056.0,31661.0,31442.0,30858.0,30465.0,30185.0,29486.0,29460.0,28981.0,28699.0,28688.0,28119.0,27919.0,27742.0,27660.0,27289.0,27158.0,27187.0,26968.0,27228.0,27630.0,27712.0,27920,28633.0,29068.0,29516.0,30267.0,30692.0,30911.0,31417.0,31330.0,32041.0,31577.0,31454.0,31360.0,31020.0,30985.0,30411.0,30499.0,29914.0,29727.0,29388.0,29301.0,28838.0,28885.0,28671.0,28618.0,28551.0,28533.0,28341.0,28629.0,28848.0,29215.0,29460.0,29852.0,29865.0,30168.0,30580.0,31282.0,30919.0,31125,31283.0,31413.0,31803.0,31637.0,31344.0,31043.0,31397.0,31208.0,30843.0,30800.0,30683.0,30245.0,30001.0,29915.0,29868,29844.0,29941.0,29582.0,29599.0,30011.0,29710.0,29732.0
K,10,26512.0,26287.0,26001.0,25957.0,25829.0,25919.0,25450.0,25310.0,25295.0,24711.0,24694.0,34429.0,34063.0,33653.0,32955.0,32563.0,32056.0,31661.0,31442.0,30858.0,30465.0,30185.0,29486.0,29460.0,28981.0,28699.0,28688.0,28119.0,27919.0,27742.0,27660.0,27289.0,27158.0,27187.0,26968.0,27228.0,27630.0,27712,27920.0,28633.0,29068.0,29516.0,30267.0,30692.0,30911.0,31417.0,31330.0,32041.0,31577.0,31454.0,31360.0,31020.0,30985.0,30411.0,30499.0,29914.0,29727.0,29388.0,29301.0,28838.0,28885.0,28671.0,28618.0,28551.0,28533.0,28340.0,28629.0,28848.0,29215.0,29460.0,29852.0,29865.0,30168.0,30580.0,31282.0,30919,31125.0,31283.0,31413.0,31803.0,31637.0,31344.0,31043.0,31397.0,31207.0,30843.0,30800.0,30683.0,30245.0,30001.0,29915,29868.0,29843.0,29941.0,29581.0,29599.0,30011.0,29710.0
K,11,26692.0,26512.0,26287.0,26001.0,25957.0,25829.0,25919.0,25450.0,25310.0,25295.0,24711.0,24694.0,34429.0,34063.0,33653.0,32955.0,32563.0,32056.0,31661.0,31442.0,30858.0,30465.0,30185.0,29486.0,29460.0,28981.0,28699.0,28688.0,28119.0,27919.0,27742.0,27660.0,27289.0,27158.0,27187.0,26968.0,27228.0,27630,27712.0,27920.0,28633.0,29068.0,29516.0,30267.0,30692.0,30911.0,31417.0,31330.0,32041.0,31577.0,31454.0,31360.0,31020.0,30985.0,30411.0,30499.0,29914.0,29727.0,29388.0,29300.0,28838.0,28885.0,28671.0,28618.0,28551.0,28533.0,28340.0,28629.0,28848.0,29215.0,29460.0,29852.0,29865.0,30168.0,30580.0,31282,30919.0,31125.0,31283.0,31413.0,31802.0,31637.0,31344.0,31043.0,31397.0,31207.0,30842.0,30800.0,30683.0,30245.0,30001,29915.0,29868.0,29843.0,29941.0,29581.0,29599.0,30011.0
K,12,26939.0,26692.0,26512.0,26287.0,26001.0,25957.0,25829.0,25919.0,25450.0,25310.0,25295.0,24711.0,24694.0,34429.0,34063.0,33653.0,32955.0,32563.0,32056.0,31661.0,31442.0,30858.0,30465.0,30185.0,29486.0,29460.0,28981.0,28699.0,28688.0,28119.0,27919.0,27742.0,27660.0,27289.0,27158.0,27187.0,26968.0,27228,27630.0,27712.0,27920.0,28633.0,29068.0,29516.0,30267.0,30692.0,30911.0,31417.0,31330.0,32041.0,31577.0,31454.0,31359.0,31020.0,30985.0,30411.0,30499.0,29914.0,29727.0,29388.0,29300.0,28838.0,28885.0,28671.0,28618.0,28551.0,28533.0,28340.0,28629.0,28848.0,29215.0,29460.0,29852.0,29865.0,30168.0,30580,31282.0,30919.0,31125.0,31283.0,31413.0,31802.0,31637.0,31344.0,31043.0,31397.0,31207.0,30842.0,30800.0,30683.0,30245,30000.0,29915.0,29868.0,29843.0,29941.0,29581.0,29599.0
K,13,27186.0,26938.0,26692.0,26511.0,26287.0,26001.0,25957.0,25829.0,25919.0,25450.0,25310.0,25295.0,24711.0,24694.0,34429.0,34063.0,33653.0,32955.0,32562.0,32056.0,31661.0,31442.0,30858.0,30465.0,30185.0,29485.0,29460.0,28981.0,28699.0,28688.0,28119.0,27919.0,27742.0,27660.0,27289.0,27158.0,27187.0,26968,27228.0,27630.0,27712.0,27920.0,28633.0,29068.0,29516.0,30267.0,30692.0,30911.0,31417.0,31330.0,32041.0,31577.0,31454.0,31359.0,31020.0,30985.0,30411.0,30499.0,29914.0,29727.0,29388.0,29300.0,28838.0,28885.0,28671.0,28618.0,28551.0,28532.0,28340.0,28629.0,28848.0,29215.0,29460.0,29852.0,29865.0,30168,30580.0,31282.0,30919.0,31124.0,31283.0,31413.0,31802.0,31637.0,31344.0,31043.0,31397.0,31206.0,30842.0,30800.0,30683,30245.0,30000.0,29915.0,29868.0,29843.0,29941.0,29581.0
K,14,27442.0,27186.0,26938.0,26692.0,26511.0,26287.0,26001.0,25957.0,25828.0,25919.0,25450.0,25310.0,25295.0,24711.0,24694.0,34429.0,34063.0,33653.0,32955.0,32562.0,32056.0,31661.0,31442.0,30858.0,30465.0,30185.0,29485.0,29460.0,28981.0,28699.0,28688.0,28119.0,27919.0,27742.0,27660.0,27289.0,27158.0,27187,26968.0,27228.0,27630.0,27712.0,27920.0,28633.0,29068.0,29516.0,30267.0,30692.0,30910.0,31417.0,31330.0,32041.0,31577.0,31454.0,31359.0,31020.0,30985.0,30411.0,30499.0,29914.0,29727.0,29388.0,29300.0,28838.0,28885.0,28671.0,28618.0,28551.0,28532.0,28340.0,28629.0,28848.0,29215.0,29460.0,29852.0,29865,30168.0,30580.0,31282.0,30919.0,31124.0,31283.0,31413.0,31802.0,31637.0,31344.0,31043.0,31397.0,31206.0,30842.0,30799,30683.0,30245.0,30000.0,29915.0,29868.0,29843.0,29941.0
K,15,27841.0,27442.0,27186.0,26938.0,26692.0,26511.0,26287.0,26001.0,25957.0,25828.0,25919.0,25450.0,25310.0,25295.0,24711.0,24694.0,34429.0,34063.0,33653.0,32955.0,32562.0,32056.0,31661.0,31442.0,30858.0,30465.0,30185.0,29485.0,29460.0,28981.0,28699.0,28688.0,28119.0,27919.0,27742.0,27660.0,27289.0,27158,27187.0,26968.0,27228.0,27630.0,27712.0,27920.0,28633.0,29068.0,29516.0,30267.0,30692.0,30910.0,31417.0,31330.0,32041.0,31577.0,31454.0,31359.0,31020.0,30985.0,30411.0,30499.0,29913.0,29727.0,29388.0,29300.0,28838.0,28885.0,28671.0,28618.0,28551.0,28532.0,28340.0,28629.0,28848.0,29215.0,29460.0,29852,29865.0,30168.0,30580.0,31282.0,30919.0,31124.0,31283.0,31413.0,31802.0,31637.0,31344.0,31043.0,31397.0,31206.0,30842,30799.0,30683.0,30245.0,30000.0,29915.0,29868.0,29843.0
K,16,28352.0,27841.0,27442.0,27186.0,26938.0,26692.0,26511.0,26287.0,26001.0,25957.0,25828.0,25919.0,25450.0,25310.0,25295.0,24711.0,24694.0,34429.0,34063.0,33653.0,32955.0,32562.0,32056.0,31661.0,31442.0,30858.0,30465.0,30185.0,29485.0,29460.0,28981.0,28699.0,28688.0,28119.0,27919.0,27742.0,27660.0,27289,27158.0,27187.0,26968.0,27228.0,27630.0,27712.0,27920.0,28633.0,29068.0,29516.0,30267.0,30692.0,30909.0,31417.0,31330.0,32041.0,31577.0,31454.0,31359.0,31020.0,30985.0,30411.0,30499.0,29913.0,29727.0,29388.0,29300.0,28838.0,28885.0,28671.0,28618.0,28551.0,28532.0,28340.0,28629.0,28848.0,29215.0,29460,29852.0,29865.0,30168.0,30580.0,31282.0,30919.0,31123.0,31283.0,31413.0,31802.0,31637.0,31344.0,31043.0,31397.0,31206,30842.0,30799.0,30683.0,30245.0,30000.0,29915.0,29868.0
K,17,28270.0,28352.0,27839.0,27442.0,27186.0,26938.0,26692.0,26511.0,26287.0,26001.0,25957.0,25828.0,25918.0,25450.0,25310.0,25295.0,24711.0,24694.0,34429.0,34063.0,33653.0,32955.0,32562.0,32056.0,31661.0,31442.0,30857.0,30465.0,30185.0,29485.0,29460.0,28981.0,28699.0,28688.0,28119.0,27919.0,27742.0,27660,27289.0,27158.0,27187.0,26968.0,27228.0,27630.0,27712.0,27920.0,28633.0,29068.0,29516.0,30267.0,30692.0,30909.0,31417.0,31330.0,32041.0,31577.0,31454.0,31359.0,31020.0,30985.0,30411.0,30499.0,29913.0,29727.0,29388.0,29300.0,28838.0,28885.0,28671.0,28618.0,28551.0,28532.0,28340.0,28629.0,28848.0,29215,29460.0,29852.0,29865.0,30168.0,30580.0,31282.0,30919.0,31123.0,31283.0,31413.0,31802.0,31637.0,31344.0,31043.0,31397,31206.0,30842.0,30799.0,30683.0,30245.0,30000.0,29915.0
K,18,28765.0,28270.0,28352.0,27839.0,27442.0,27186.0,26938.0,26692.0,26511.0,26287.0,26001.0,25957.0,25828.0,25918.0,25450.0,25310.0,25295.0,24711.0,24694.0,34429.0,34063.0,33653.0,32955.0,32562.0,32056.0,31661.0,31442.0,30857.0,30465.0,30185.0,29485.0,29460.0,28980.0,28699.0,28688.0,28119.0,27918.0,27742,27660.0,27289.0,27158.0,27187.0,26968.0,27228.0,27630.0,27712.0,27920.0,28633.0,29068.0,29516.0,30267.0,30692.0,30909.0,31417.0,31330.0,32040.0,31577.0,31454.0,31359.0,31020.0,30985.0,30411.0,30499.0,29913.0,29726.0,29388.0,29300.0,28838.0,28885.0,28671.0,28618.0,28551.0,28532.0,28340.0,28629.0,28848,29215.0,29460.0,29852.0,29865.0,30168.0,30580.0,31281.0,30919.0,31123.0,31283.0,31413.0,31802.0,31637.0,31344.0,31043,31397.0,31206.0,30842.0,30799.0,30683.0,30245.0,30000.0
K,19,29167.0,28765.0,28269.0,28352.0,27839.0,27442.0,27186.0,26938.0,26692.0,26511.0,26287.0,26001.0,25957.0,25827.0,25918.0,25450.0,25310.0,25295.0,24711.0,24694.0,34429.0,34063.0,33653.0,32955.0,32562.0,32056.0,31661.0,31442.0,30857.0,30465.0,30185.0,29485.0,29460.0,28980.0,28699.0,28688.0,28119.0,27918,27741.0,27660.0,27289.0,27158.0,27187.0,26968.0,27228.0,27630.0,27712.0,27920.0,28633.0,29068.0,29516.0,30267.0,30692.0,30909.0,31417.0,31330.0,32040.0,31577.0,31454.0,31359.0,31020.0,30985.0,30411.0,30499.0,29913.0,29726.0,29388.0,29300.0,28838.0,28885.0,28671.0,28618.0,28551.0,28532.0,28340.0,28629,28848.0,29215.0,29460.0,29852.0,29865.0,30168.0,30580.0,31281.0,30919.0,31123.0,31283.0,31413.0,31802.0,31637.0,31344,31043.0,31397.0,31206.0,30842.0,30799.0,30683.0,30245.0
K,20,27537.0,29167.0,28765.0,28269.0,28351.0,27839.0,27442.0,27186.0,26938.0,26692.0,26511.0,26287.0,26001.0,25957.0,25827.0,25918.0,25450.0,25310.0,25295.0,24711.0,24694.0,34429.0,34063.0,33653.0,32955.0,32562.0,32055.0,31661.0,31442.0,30857.0,30465.0,30185.0,29485.0,29460.0,28980.0,28699.0,28688.0,28119,27918.0,27741.0,27660.0,27289.0,27158.0,27187.0,26968.0,27228.0,27630.0,27712.0,27920.0,28633.0,29068.0,29516.0,30267.0,30691.0,30909.0,31417.0,31330.0,32040.0,31577.0,31454.0,31359.0,31020.0,30985.0,30411.0,30499.0,29913.0,29726.0,29388.0,29300.0,28838.0,28885.0,28671.0,28618.0,28551.0,28532.0,28340,28629.0,28848.0,29215.0,29460.0,29852.0,29865.0,30168.0,30580.0,31281.0,30919.0,31123.0,31282.0,31413.0,31802.0,31636,31344.0,31043.0,31397.0,31206.0,30842.0,30798.0,30683.0
K,21,30209.0,27537.0,29167.0,28765.0,28269.0,28350.0,27839.0,27442.0,27186.0,26938.0,26692.0,26511.0,26287.0,26001.0,25957.0,25827.0,25918.0,25450.0,25310.0,25295.0,24711.0,24694.0,34429.0,34063.0,33653.0,32955.0,32562.0,32055.0,31661.0,31442.0,30857.0,30465.0,30185.0,29484.0,29460.0,28980.0,28699.0,28688,28119.0,27918.0,27740.0,27660.0,27289.0,27157.0,27187.0,26968.0,27228.0,27630.0,27712.0,27920.0,28632.0,29068.0,29516.0,30267.0,30691.0,30909.0,31417.0,31330.0,32040.0,31577.0,31454.0,31359.0,31020.0,30985.0,30411.0,30499.0,29913.0,29726.0,29388.0,29300.0,28838.0,28885.0,28671.0,28618.0,28551.0,28532,28340.0,28629.0,28848.0,29215.0,29460.0,29852.0,29865.0,30167.0,30580.0,31281.0,30919.0,31123.0,31282.0,31413.0,31802,31636.0,31344.0,31043.0,31397.0,31206.0,30842.0,30798.0
K,22,28915.0,30209.0,27537.0,29165.0,28765.0,28267.0,28350.0,27839.0,27442.0,27186.0,26938.0,26692.0,26511.0,26287.0,26001.0,25957.0,25827.0,25918.0,25450.0,25310.0,25295.0,24711.0,24694.0,34429.0,34063.0,33653.0,32955.0,32562.0,32055.0,31661.0,31442.0,30857.0,30465.0,30185.0,29484.0,29460.0,28980.0,28699,28688.0,28119.0,27918.0,27739.0,27660.0,27289.0,27157.0,27187.0,26968.0,27228.0,27630.0,27712.0,27920.0,28632.0,29068.0,29516.0,30267.0,30691.0,30908.0,31417.0,31330.0,32040.0,31577.0,31454.0,31359.0,31020.0,30985.0,30411.0,30499.0,29913.0,29726.0,29388.0,29300.0,28838.0,28885.0,28671.0,28618.0,28551,28531.0,28340.0,28629.0,28848.0,29215.0,29460.0,29852.0,29865.0,30167.0,30580.0,31281.0,30919.0,31123.0,31282.0,31413,31801.0,31636.0,31344.0,31043.0,31396.0,31206.0,30842.0
K,23,29682.0,28915.0,30209.0,27536.0,29164.0,28765.0,28267.0,28349.0,27839.0,27441.0,27186.0,26938.0,26692.0,26511.0,26287.0,26001.0,25957.0,25826.0,25918.0,25450.0,25310.0,25295.0,24711.0,24694.0,34429.0,34063.0,33653.0,32955.0,32562.0,32055.0,31661.0,31442.0,30857.0,30465.0,30185.0,29484.0,29460.0,28980,28699.0,28688.0,28119.0,27918.0,27739.0,27660.0,27289.0,27157.0,27187.0,26968.0,27228.0,27630.0,27712.0,27920.0,28632.0,29068.0,29516.0,30267.0,30691.0,30908.0,31417.0,31330.0,32040.0,31577.0,31454.0,31359.0,31020.0,30985.0,30411.0,30499.0,29913.0,29726.0,29388.0,29299.0,28838.0,28885.0,28671.0,28618,28551.0,28531.0,28340.0,28629.0,28848.0,29215.0,29460.0,29852.0,29865.0,30167.0,30580.0,31281.0,30919.0,31123.0,31282,31413.0,31801.0,31636.0,31344.0,31043.0,31396.0,31206.0
K,24,29959.0,29682.0,28915.0,30209.0,27535.0,29164.0,28765.0,28266.0,28349.0,27839.0,27441.0,27186.0,26938.0,26692.0,26511.0,26287.0,26001.0,25956.0,25826.0,25918.0,25450.0,25310.0,25295.0,24711.0,24693.0,34429.0,34063.0,33653.0,32955.0,32562.0,32055.0,31661.0,31442.0,30857.0,30465.0,30185.0,29484.0,29460,28980.0,28698.0,28688.0,28119.0,27918.0,27739.0,27660.0,27289.0,27157.0,27187.0,26968.0,27228.0,27629.0,27712.0,27920.0,28632.0,29068.0,29516.0,30267.0,30691.0,30908.0,31417.0,31330.0,32040.0,31577.0,31454.0,31358.0,31020.0,30985.0,30411.0,30499.0,29913.0,29726.0,29388.0,29298.0,28838.0,28885.0,28671,28618.0,28551.0,28531.0,28340.0,28629.0,28848.0,29215.0,29460.0,29852.0,29865.0,30167.0,30580.0,31281.0,30919.0,31123,31281.0,31413.0,31801.0,31636.0,31344.0,31043.0,31396.0
K,25,30739.0,29958.0,29682.0,28915.0,30209.0,27535.0,29164.0,28765.0,28266.0,28349.0,27838.0,27440.0,27186.0,26938.0,26692.0,26510.0,26287.0,26001.0,25956.0,25826.0,25918.0,25450.0,25310.0,25295.0,24711.0,24693.0,34429.0,34062.0,33653.0,32955.0,32561.0,32055.0,31661.0,31442.0,30857.0,30465.0,30185.0,29484,29460.0,28980.0,28698.0,28688.0,28119.0,27918.0,27739.0,27660.0,27289.0,27157.0,27187.0,26968.0,27228.0,27629.0,27712.0,27920.0,28632.0,29068.0,29516.0,30267.0,30691.0,30908.0,31417.0,31329.0,32040.0,31577.0,31454.0,31358.0,31020.0,30985.0,30411.0,30498.0,29913.0,29726.0,29388.0,29298.0,28838.0,28885,28671.0,28618.0,28551.0,28531.0,28340.0,28629.0,28848.0,29215.0,29460.0,29852.0,29865.0,30167.0,30580.0,31281.0,30919,31123.0,31281.0,31413.0,31801.0,31636.0,31344.0,31043.0
K,26,32001.0,30739.0,29958.0,29681.0,28915.0,30209.0,27535.0,29164.0,28764.0,28266.0,28349.0,27838.0,27439.0,27186.0,26938.0,26692.0,26510.0,26287.0,26001.0,25956.0,25826.0,25918.0,25448.0,25310.0,25295.0,24711.0,24693.0,34429.0,34062.0,33653.0,32955.0,32561.0,32054.0,31661.0,31442.0,30857.0,30465.0,30185,29484.0,29460.0,28980.0,28698.0,28687.0,28119.0,27918.0,27739.0,27660.0,27289.0,27157.0,27187.0,26968.0,27228.0,27629.0,27712.0,27920.0,28632.0,29068.0,29516.0,30267.0,30691.0,30908.0,31417.0,31329.0,32040.0,31577.0,31454.0,31358.0,31020.0,30985.0,30410.0,30497.0,29913.0,29726.0,29388.0,29298.0,28837,28885.0,28671.0,28618.0,28551.0,28531.0,28340.0,28629.0,28848.0,29215.0,29460.0,29852.0,29865.0,30167.0,30580.0,31281,30919.0,31122.0,31281.0,31413.0,31801.0,31636.0,31344.0
K,27,32293.0,32001.0,30739.0,29958.0,29679.0,28915.0,30209.0,27535.0,29164.0,28764.0,28266.0,28349.0,27838.0,27439.0,27186.0,26938.0,26692.0,26510.0,26287.0,26001.0,25956.0,25826.0,25918.0,25448.0,25310.0,25295.0,24711.0,24693.0,34429.0,34061.0,33653.0,32955.0,32561.0,32054.0,31661.0,31442.0,30857.0,30465,30185.0,29484.0,29460.0,28980.0,28698.0,28687.0,28119.0,27918.0,27739.0,27660.0,27289.0,27157.0,27187.0,26968.0,27228.0,27629.0,27712.0,27920.0,28632.0,29068.0,29516.0,30267.0,30691.0,30908.0,31417.0,31328.0,32040.0,31577.0,31454.0,31358.0,31020.0,30984.0,30410.0,30497.0,29913.0,29726.0,29388.0,29298,28836.0,28885.0,28671.0,28618.0,28551.0,28531.0,28340.0,28629.0,28848.0,29215.0,29460.0,29852.0,29865.0,30167.0,30580,31281.0,30919.0,31122.0,31281.0,31413.0,31801.0,31636.0
K,28,32554.0,32293.0,32001.0,30739.0,29958.0,29679.0,28915.0,30209.0,27535.0,29164.0,28764.0,28266.0,28349.0,27838.0,27439.0,27186.0,26937.0,26691.0,26510.0,26286.0,26001.0,25956.0,25826.0,25918.0,25448.0,25309.0,25295.0,24711.0,24693.0,34429.0,34061.0,33653.0,32955.0,32561.0,32054.0,31661.0,31442.0,30857,30465.0,30185.0,29484.0,29460.0,28980.0,28698.0,28687.0,28119.0,27918.0,27739.0,27660.0,27288.0,27157.0,27187.0,26968.0,27228.0,27629.0,27712.0,27920.0,28632.0,29068.0,29516.0,30267.0,30691.0,30908.0,31417.0,31327.0,32040.0,31577.0,31454.0,31358.0,31019.0,30983.0,30410.0,30497.0,29913.0,29726.0,29388,29298.0,28836.0,28885.0,28671.0,28618.0,28551.0,28531.0,28340.0,28629.0,28848.0,29215.0,29460.0,29852.0,29865.0,30167,30580.0,31281.0,30919.0,31121.0,31281.0,31411.0,31801.0
K,29,32992.0,32553.0,32293.0,32001.0,30739.0,29958.0,29679.0,28915.0,30209.0,27535.0,29164.0,28763.0,28265.0,28349.0,27838.0,27439.0,27185.0,26937.0,26691.0,26510.0,26286.0,26001.0,25956.0,25826.0,25918.0,25448.0,25309.0,25293.0,24711.0,24693.0,34429.0,34061.0,33653.0,32955.0,32561.0,32054.0,31661.0,31442,30857.0,30465.0,30185.0,29484.0,29460.0,28980.0,28698.0,28687.0,28119.0,27918.0,27739.0,27660.0,27288.0,27157.0,27187.0,26968.0,27228.0,27629.0,27712.0,27920.0,28632.0,29068.0,29516.0,30267.0,30691.0,30908.0,31417.0,31327.0,32040.0,31577.0,31454.0,31357.0,31019.0,30983.0,30410.0,30497.0,29913.0,29726,29388.0,29298.0,28836.0,28885.0,28671.0,28618.0,28551.0,28530.0,28340.0,28629.0,28848.0,29215.0,29460.0,29852.0,29865,30167.0,30580.0,31281.0,30919.0,31120.0,31281.0,31411.0
K,30,33795.0,32992.0,32553.0,32293.0,32001.0,30738.0,29958.0,29676.0,28915.0,30209.0,27534.0,29163.0,28763.0,28264.0,28349.0,27838.0,27439.0,27185.0,26937.0,26691.0,26510.0,26286.0,26001.0,25956.0,25826.0,25918.0,25447.0,25309.0,25293.0,24711.0,24693.0,34428.0,34061.0,33653.0,32954.0,32561.0,32054.0,31661,31442.0,30857.0,30465.0,30185.0,29484.0,29460.0,28980.0,28698.0,28686.0,28119.0,27918.0,27739.0,27660.0,27288.0,27157.0,27186.0,26968.0,27228.0,27628.0,27712.0,27920.0,28632.0,29068.0,29516.0,30267.0,30691.0,30908.0,31417.0,31327.0,32040.0,31577.0,31453.0,31357.0,31019.0,30983.0,30410.0,30497.0,29913,29726.0,29388.0,29298.0,28836.0,28884.0,28670.0,28618.0,28551.0,28530.0,28340.0,28629.0,28848.0,29215.0,29460.0,29852,29865.0,30167.0,30580.0,31281.0,30919.0,31118.0,31281.0
K,31,33913.0,33794.0,32992.0,32553.0,32293.0,32001.0,30738.0,29958.0,29676.0,28915.0,30208.0,27534.0,29162.0,28763.0,28264.0,28349.0,27838.0,27439.0,27185.0,26937.0,26691.0,26510.0,26286.0,26001.0,25956.0,25826.0,25918.0,25447.0,25309.0,25293.0,24711.0,24693.0,34428.0,34061.0,33653.0,32954.0,32561.0,32053,31661.0,31442.0,30857.0,30465.0,30185.0,29484.0,29460.0,28980.0,28698.0,28686.0,28119.0,27918.0,27739.0,27660.0,27288.0,27157.0,27186.0,26968.0,27228.0,27628.0,27712.0,27920.0,28632.0,29068.0,29516.0,30267.0,30691.0,30908.0,31417.0,31327.0,32040.0,31577.0,31453.0,31356.0,31019.0,30982.0,30410.0,30497,29913.0,29726.0,29388.0,29298.0,28836.0,28883.0,28670.0,28617.0,28551.0,28530.0,28340.0,28629.0,28848.0,29215.0,29460,29852.0,29865.0,30167.0,30579.0,31281.0,30919.0,31118.0
K,32,35003.0,33912.0,33794.0,32992.0,32553.0,32292.0,32001.0,30738.0,29958.0,29676.0,28915.0,30208.0,27532.0,29161.0,28763.0,28264.0,28349.0,27837.0,27439.0,27185.0,26937.0,26691.0,26510.0,26286.0,26001.0,25956.0,25826.0,25918.0,25447.0,25309.0,25293.0,24711.0,24693.0,34428.0,34061.0,33653.0,32954.0,32561,32053.0,31661.0,31442.0,30857.0,30465.0,30185.0,29484.0,29460.0,28980.0,28698.0,28686.0,28118.0,27918.0,27739.0,27660.0,27288.0,27157.0,27186.0,26968.0,27228.0,27628.0,27712.0,27920.0,28632.0,29068.0,29516.0,30267.0,30691.0,30908.0,31417.0,31327.0,32040.0,31576.0,31453.0,31356.0,31019.0,30982.0,30410,30496.0,29913.0,29726.0,29388.0,29298.0,28836.0,28883.0,28670.0,28617.0,28551.0,28530.0,28340.0,28629.0,28848.0,29213,29460.0,29852.0,29865.0,30167.0,30579.0,31281.0,30919.0
K,33,35488.0,35003.0,33912.0,33793.0,32992.0,32553.0,32292.0,32001.0,30738.0,29958.0,29675.0,28915.0,30208.0,27532.0,29161.0,28763.0,28264.0,28349.0,27837.0,27439.0,27185.0,26937.0,26691.0,26510.0,26286.0,26001.0,25955.0,25826.0,25917.0,25447.0,25309.0,25293.0,24711.0,24692.0,34427.0,34061.0,33653.0,32954,32561.0,32053.0,31661.0,31441.0,30857.0,30465.0,30185.0,29484.0,29460.0,28980.0,28698.0,28686.0,28118.0,27918.0,27739.0,27660.0,27288.0,27157.0,27186.0,26968.0,27228.0,27628.0,27712.0,27920.0,28631.0,29068.0,29516.0,30267.0,30690.0,30908.0,31417.0,31326.0,32040.0,31576.0,31453.0,31356.0,31019.0,30982,30410.0,30496.0,29913.0,29726.0,29388.0,29298.0,28836.0,28883.0,28670.0,28617.0,28551.0,28530.0,28340.0,28629.0,28848,29213.0,29460.0,29852.0,29865.0,30167.0,30579.0,31281.0
K,34,35117.0,35487.0,35002.0,33912.0,33793.0,32992.0,32553.0,32291.0,32001.0,30738.0,29958.0,29674.0,28915.0,30208.0,27532.0,29161.0,28763.0,28264.0,28349.0,27837.0,27439.0,27185.0,26937.0,26691.0,26510.0,26286.0,26001.0,25954.0,25826.0,25917.0,25447.0,25309.0,25293.0,24711.0,24692.0,34427.0,34061.0,33652,32954.0,32560.0,32053.0,31661.0,31441.0,30857.0,30465.0,30185.0,29484.0,29460.0,28979.0,28698.0,28686.0,28117.0,27917.0,27739.0,27660.0,27288.0,27157.0,27186.0,26968.0,27227.0,27628.0,27712.0,27920.0,28631.0,29068.0,29516.0,30266.0,30690.0,30908.0,31417.0,31326.0,32039.0,31576.0,31453.0,31356.0,31019,30982.0,30410.0,30496.0,29912.0,29726.0,29388.0,29298.0,28836.0,28883.0,28670.0,28617.0,28551.0,28529.0,28340.0,28629,28848.0,29213.0,29460.0,29852.0,29865.0,30167.0,30579.0
K,35,34322.0,35117.0,35487.0,35002.0,33912.0,33793.0,32992.0,32552.0,32290.0,32001.0,30737.0,29958.0,29674.0,28915.0,30208.0,27532.0,29161.0,28763.0,28264.0,28349.0,27837.0,27439.0,27185.0,26937.0,26691.0,26510.0,26286.0,26000.0,25954.0,25825.0,25917.0,25447.0,25309.0,25293.0,24711.0,24692.0,34427.0,34061,33652.0,32954.0,32559.0,32053.0,31661.0,31441.0,30857.0,30465.0,30185.0,29484.0,29460.0,28979.0,28698.0,28686.0,28117.0,27917.0,27738.0,27660.0,27288.0,27157.0,27185.0,26968.0,27227.0,27628.0,27712.0,27920.0,28630.0,29068.0,29515.0,30265.0,30688.0,30908.0,31417.0,31326.0,32038.0,31575.0,31453.0,31355,31018.0,30982.0,30410.0,30495.0,29912.0,29726.0,29388.0,29298.0,28836.0,28883.0,28669.0,28617.0,28550.0,28529.0,28340,28628.0,28848.0,29213.0,29460.0,29852.0,29864.0,30167.0
K,36,34548.0,34322.0,35117.0,35487.0,35002.0,33912.0,33793.0,32992.0,32552.0,32290.0,32001.0,30737.0,29958.0,29674.0,28915.0,30208.0,27532.0,29161.0,28763.0,28264.0,28349.0,27837.0,27439.0,27185.0,26936.0,26691.0,26509.0,26286.0,26000.0,25954.0,25825.0,25917.0,25446.0,25308.0,25292.0,24711.0,24692.0,34427,34061.0,33652.0,32954.0,32559.0,32053.0,31661.0,31441.0,30855.0,30465.0,30185.0,29484.0,29460.0,28979.0,28697.0,28686.0,28117.0,27917.0,27738.0,27660.0,27288.0,27157.0,27185.0,26968.0,27227.0,27628.0,27712.0,27920.0,28630.0,29068.0,29515.0,30265.0,30688.0,30908.0,31417.0,31326.0,32037.0,31575.0,31453,31355.0,31018.0,30981.0,30410.0,30494.0,29912.0,29726.0,29388.0,29298.0,28836.0,28882.0,28669.0,28617.0,28550.0,28529,28340.0,28628.0,28848.0,29213.0,29460.0,29852.0,29863.0
K,37,33997.0,34548.0,34322.0,35117.0,35486.0,35002.0,33912.0,33793.0,32992.0,32550.0,32289.0,32001.0,30737.0,29958.0,29674.0,28915.0,30208.0,27532.0,29161.0,28763.0,28263.0,28349.0,27837.0,27439.0,27185.0,26936.0,26691.0,26509.0,26285.0,25999.0,25954.0,25825.0,25917.0,25445.0,25308.0,25292.0,24711.0,24692,34427.0,34061.0,33652.0,32954.0,32559.0,32053.0,31660.0,31441.0,30855.0,30465.0,30185.0,29484.0,29460.0,28979.0,28697.0,28686.0,28117.0,27917.0,27738.0,27660.0,27288.0,27157.0,27185.0,26968.0,27227.0,27628.0,27712.0,27920.0,28630.0,29068.0,29515.0,30265.0,30687.0,30908.0,31417.0,31326.0,32037.0,31575,31453.0,31355.0,31018.0,30981.0,30409.0,30494.0,29911.0,29726.0,29388.0,29298.0,28836.0,28882.0,28669.0,28617.0,28549,28529.0,28340.0,28628.0,28848.0,29213.0,29460.0,29852.0
K,38,34099.0,33997.0,34548.0,34322.0,35116.0,35486.0,35002.0,33912.0,33793.0,32992.0,32550.0,32288.0,32000.0,30737.0,29958.0,29674.0,28915.0,30208.0,27532.0,29161.0,28763.0,28263.0,28349.0,27837.0,27439.0,27185.0,26936.0,26691.0,26509.0,26284.0,25999.0,25954.0,25825.0,25917.0,25445.0,25308.0,25292.0,24711,24692.0,34427.0,34061.0,33652.0,32954.0,32559.0,32053.0,31660.0,31441.0,30855.0,30465.0,30185.0,29484.0,29460.0,28979.0,28697.0,28686.0,28117.0,27917.0,27738.0,27660.0,27288.0,27157.0,27185.0,26968.0,27227.0,27628.0,27712.0,27920.0,28630.0,29067.0,29515.0,30265.0,30687.0,30907.0,31417.0,31326.0,32036,31575.0,31453.0,31355.0,31018.0,30981.0,30409.0,30494.0,29911.0,29725.0,29388.0,29298.0,28836.0,28882.0,28669.0,28617,28549.0,28529.0,28340.0,28628.0,28848.0,29212.0,29459.0
K,39,33927.0,34099.0,33997.0,34547.0,34322.0,35115.0,35485.0,35002.0,33912.0,33792.0,32992.0,32549.0,32288.0,32000.0,30737.0,29958.0,29674.0,28914.0,30208.0,27532.0,29161.0,28763.0,28263.0,28349.0,27836.0,27439.0,27185.0,26936.0,26690.0,26509.0,26284.0,25999.0,25954.0,25825.0,25917.0,25445.0,25308.0,25292,24711.0,24692.0,34427.0,34061.0,33651.0,32954.0,32559.0,32053.0,31660.0,31441.0,30855.0,30465.0,30185.0,29484.0,29460.0,28979.0,28697.0,28686.0,28117.0,27917.0,27738.0,27660.0,27288.0,27157.0,27185.0,26968.0,27227.0,27628.0,27711.0,27920.0,28630.0,29067.0,29514.0,30265.0,30687.0,30907.0,31417.0,31326,32036.0,31575.0,31453.0,31355.0,31018.0,30981.0,30409.0,30494.0,29911.0,29725.0,29388.0,29298.0,28836.0,28882.0,28669,28617.0,28549.0,28528.0,28340.0,28628.0,28848.0,29212.0
K,40,33690.0,33926.0,34097.0,33997.0,34546.0,34321.0,35114.0,35483.0,35002.0,33912.0,33791.0,32992.0,32548.0,32288.0,31999.0,30737.0,29958.0,29674.0,28914.0,30207.0,27532.0,29160.0,28763.0,28263.0,28349.0,27836.0,27439.0,27185.0,26936.0,26690.0,26509.0,26283.0,25999.0,25954.0,25825.0,25917.0,25445.0,25308,25292.0,24711.0,24692.0,34427.0,34061.0,33651.0,32954.0,32559.0,32053.0,31659.0,31440.0,30855.0,30465.0,30185.0,29484.0,29460.0,28979.0,28696.0,28686.0,28117.0,27917.0,27738.0,27660.0,27288.0,27157.0,27185.0,26968.0,27227.0,27628.0,27711.0,27920.0,28630.0,29067.0,29514.0,30265.0,30687.0,30907.0,31417,31326.0,32036.0,31575.0,31453.0,31355.0,31017.0,30981.0,30409.0,30494.0,29911.0,29725.0,29388.0,29298.0,28836.0,28881,28669.0,28617.0,28549.0,28528.0,28340.0,28628.0,28848.0
K,41,34131.0,33687.0,33926.0,34096.0,33997.0,34546.0,34321.0,35113.0,35481.0,35002.0,33911.0,33790.0,32991.0,32547.0,32288.0,31999.0,30736.0,29958.0,29673.0,28914.0,30207.0,27532.0,29159.0,28762.0,28263.0,28348.0,27836.0,27439.0,27185.0,26936.0,26689.0,26509.0,26282.0,25999.0,25954.0,25825.0,25917.0,25445,25308.0,25292.0,24711.0,24692.0,34427.0,34061.0,33651.0,32954.0,32558.0,32053.0,31659.0,31439.0,30855.0,30464.0,30185.0,29484.0,29460.0,28979.0,28696.0,28686.0,28117.0,27917.0,27738.0,27659.0,27288.0,27156.0,27185.0,26968.0,27227.0,27628.0,27711.0,27920.0,28630.0,29066.0,29514.0,30265.0,30687.0,30907,31416.0,31326.0,32036.0,31575.0,31453.0,31355.0,31017.0,30981.0,30409.0,30494.0,29911.0,29725.0,29388.0,29298.0,28836,28881.0,28668.0,28617.0,28548.0,28528.0,28340.0,28628.0
K,42,35444.0,34131.0,33685.0,33926.0,34096.0,33997.0,34544.0,34321.0,35113.0,35480.0,35000.0,33909.0,33790.0,32991.0,32547.0,32288.0,31999.0,30736.0,29958.0,29672.0,28914.0,30207.0,27532.0,29159.0,28762.0,28263.0,28348.0,27836.0,27439.0,27185.0,26936.0,26688.0,26509.0,26282.0,25999.0,25954.0,25825.0,25916,25445.0,25308.0,25292.0,24710.0,24692.0,34425.0,34060.0,33651.0,32954.0,32558.0,32053.0,31659.0,31439.0,30855.0,30464.0,30185.0,29484.0,29460.0,28979.0,28696.0,28686.0,28117.0,27917.0,27738.0,27659.0,27288.0,27156.0,27185.0,26968.0,27226.0,27628.0,27711.0,27919.0,28630.0,29066.0,29514.0,30265.0,30687,30907.0,31416.0,31326.0,32035.0,31575.0,31453.0,31355.0,31016.0,30981.0,30409.0,30494.0,29911.0,29725.0,29388.0,29298,28836.0,28881.0,28668.0,28617.0,28548.0,28527.0,28340.0
K,43,35659.0,35443.0,34129.0,33685.0,33926.0,34096.0,33993.0,34542.0,34321.0,35113.0,35479.0,35000.0,33909.0,33790.0,32991.0,32547.0,32287.0,31999.0,30736.0,29958.0,29672.0,28912.0,30207.0,27532.0,29159.0,28762.0,28263.0,28347.0,27836.0,27439.0,27184.0,26935.0,26688.0,26508.0,26282.0,25999.0,25954.0,25824,25915.0,25445.0,25307.0,25292.0,24710.0,24692.0,34425.0,34060.0,33651.0,32954.0,32558.0,32053.0,31659.0,31439.0,30855.0,30464.0,30185.0,29484.0,29460.0,28979.0,28695.0,28686.0,28117.0,27916.0,27738.0,27658.0,27288.0,27156.0,27185.0,26968.0,27226.0,27628.0,27711.0,27919.0,28630.0,29066.0,29513.0,30265,30687.0,30907.0,31416.0,31326.0,32035.0,31574.0,31453.0,31355.0,31016.0,30980.0,30409.0,30494.0,29910.0,29725.0,29388,29298.0,28835.0,28880.0,28668.0,28615.0,28547.0,28526.0
K,44,35920.0,35659.0,35439.0,34128.0,33683.0,33924.0,34095.0,33992.0,34542.0,34319.0,35113.0,35479.0,34999.0,33908.0,33788.0,32991.0,32547.0,32287.0,31999.0,30736.0,29958.0,29672.0,28912.0,30207.0,27532.0,29159.0,28762.0,28263.0,28347.0,27836.0,27439.0,27184.0,26935.0,26688.0,26508.0,26282.0,25999.0,25954,25824.0,25915.0,25445.0,25307.0,25292.0,24710.0,24692.0,34425.0,34060.0,33650.0,32954.0,32558.0,32053.0,31658.0,31439.0,30855.0,30463.0,30185.0,29484.0,29459.0,28976.0,28695.0,28686.0,28117.0,27916.0,27738.0,27657.0,27288.0,27156.0,27185.0,26968.0,27225.0,27628.0,27711.0,27919.0,28630.0,29066.0,29513,30264.0,30687.0,30906.0,31416.0,31326.0,32035.0,31573.0,31452.0,31354.0,31016.0,30980.0,30409.0,30494.0,29909.0,29724,29387.0,29297.0,28835.0,28880.0,28668.0,28615.0,28546.0
K,45,36858.0,35918.0,35659.0,35438.0,34128.0,33683.0,33924.0,34095.0,33992.0,34540.0,34319.0,35113.0,35479.0,34999.0,33907.0,33788.0,32991.0,32547.0,32287.0,31999.0,30736.0,29957.0,29672.0,28911.0,30206.0,27531.0,29159.0,28762.0,28263.0,28347.0,27836.0,27439.0,27184.0,26935.0,26688.0,26508.0,26282.0,25999,25954.0,25824.0,25914.0,25445.0,25307.0,25292.0,24710.0,24691.0,34425.0,34059.0,33650.0,32954.0,32558.0,32053.0,31658.0,31439.0,30855.0,30463.0,30185.0,29484.0,29459.0,28976.0,28695.0,28685.0,28116.0,27916.0,27738.0,27657.0,27288.0,27156.0,27185.0,26968.0,27225.0,27627.0,27710.0,27919.0,28630.0,29066,29511.0,30263.0,30687.0,30906.0,31416.0,31326.0,32035.0,31573.0,31452.0,31354.0,31015.0,30980.0,30408.0,30493.0,29909,29724.0,29387.0,29297.0,28835.0,28880.0,28667.0,28614.0
K,46,38291.0,36857.0,35917.0,35659.0,35437.0,34127.0,33683.0,33923.0,34093.0,33992.0,34539.0,34318.0,35112.0,35479.0,34999.0,33907.0,33788.0,32991.0,32547.0,32287.0,31999.0,30736.0,29957.0,29672.0,28911.0,30206.0,27531.0,29159.0,28762.0,28262.0,28346.0,27836.0,27439.0,27183.0,26935.0,26687.0,26508.0,26282,25999.0,25954.0,25824.0,25914.0,25445.0,25307.0,25292.0,24710.0,24691.0,34425.0,34059.0,33650.0,32954.0,32558.0,32053.0,31657.0,31439.0,30854.0,30463.0,30185.0,29484.0,29458.0,28975.0,28694.0,28685.0,28116.0,27915.0,27738.0,27657.0,27287.0,27156.0,27183.0,26968.0,27225.0,27627.0,27710.0,27919.0,28630,29066.0,29511.0,30262.0,30687.0,30906.0,31415.0,31326.0,32034.0,31573.0,31452.0,31354.0,31015.0,30980.0,30408.0,30493,29909.0,29724.0,29387.0,29297.0,28835.0,28880.0,28666.0
K,47,38412.0,38291.0,36856.0,35916.0,35658.0,35437.0,34127.0,33681.0,33921.0,34091.0,33992.0,34538.0,34318.0,35111.0,35479.0,34999.0,33907.0,33788.0,32991.0,32547.0,32287.0,31998.0,30735.0,29957.0,29672.0,28911.0,30206.0,27531.0,29159.0,28762.0,28262.0,28345.0,27835.0,27439.0,27183.0,26935.0,26687.0,26508,26282.0,25999.0,25954.0,25824.0,25914.0,25445.0,25307.0,25292.0,24709.0,24691.0,34425.0,34059.0,33650.0,32954.0,32558.0,32053.0,31657.0,31439.0,30854.0,30463.0,30185.0,29484.0,29458.0,28975.0,28694.0,28685.0,28116.0,27914.0,27738.0,27656.0,27287.0,27156.0,27182.0,26968.0,27225.0,27627.0,27710.0,27917,28630.0,29066.0,29511.0,30261.0,30686.0,30906.0,31415.0,31326.0,32034.0,31572.0,31451.0,31354.0,31015.0,30980.0,30408,30493.0,29909.0,29724.0,29387.0,29297.0,28835.0,28880.0
K,48,38947.0,38411.0,38290.0,36854.0,35915.0,35657.0,35436.0,34127.0,33680.0,33921.0,34091.0,33991.0,34537.0,34318.0,35111.0,35479.0,34999.0,33907.0,33788.0,32991.0,32547.0,32287.0,31998.0,30735.0,29957.0,29672.0,28911.0,30206.0,27531.0,29158.0,28762.0,28262.0,28345.0,27835.0,27438.0,27183.0,26935.0,26687,26508.0,26282.0,25999.0,25954.0,25824.0,25914.0,25445.0,25307.0,25292.0,24709.0,24691.0,34424.0,34059.0,33650.0,32954.0,32558.0,32053.0,31656.0,31439.0,30854.0,30463.0,30185.0,29484.0,29458.0,28975.0,28692.0,28685.0,28115.0,27914.0,27738.0,27656.0,27287.0,27156.0,27182.0,26968.0,27224.0,27627.0,27709,27917.0,28630.0,29066.0,29510.0,30261.0,30685.0,30906.0,31415.0,31326.0,32034.0,31572.0,31451.0,31354.0,31015.0,30980,30408.0,30493.0,29909.0,29724.0,29387.0,29297.0,28835.0
K,49,39517.0,38947.0,38410.0,38289.0,36854.0,35915.0,35655.0,35435.0,34127.0,33680.0,33921.0,34091.0,33991.0,34537.0,34318.0,35110.0,35479.0,34999.0,33906.0,33788.0,32991.0,32547.0,32287.0,31998.0,30735.0,29957.0,29672.0,28910.0,30206.0,27531.0,29158.0,28762.0,28262.0,28344.0,27835.0,27438.0,27183.0,26935,26687.0,26508.0,26282.0,25999.0,25954.0,25824.0,25914.0,25445.0,25307.0,25292.0,24709.0,24690.0,34424.0,34059.0,33650.0,32954.0,32558.0,32053.0,31656.0,31439.0,30854.0,30463.0,30185.0,29484.0,29458.0,28975.0,28692.0,28685.0,28115.0,27914.0,27737.0,27656.0,27287.0,27154.0,27182.0,26968.0,27224.0,27626,27709.0,27917.0,28630.0,29064.0,29510.0,30261.0,30684.0,30906.0,31415.0,31325.0,32034.0,31572.0,31451.0,31354.0,31015,30979.0,30408.0,30493.0,29909.0,29724.0,29387.0,29296.0
K,50,40247.0,39512.0,38944.0,38408.0,38287.0,36854.0,35914.0,35653.0,35432.0,34127.0,33679.0,33920.0,34091.0,33991.0,34537.0,34318.0,35110.0,35479.0,34995.0,33905.0,33788.0,32991.0,32546.0,32287.0,31998.0,30735.0,29957.0,29672.0,28910.0,30206.0,27529.0,29158.0,28762.0,28262.0,28344.0,27834.0,27438.0,27183,26935.0,26686.0,26508.0,26282.0,25999.0,25954.0,25824.0,25913.0,25445.0,25307.0,25292.0,24709.0,24690.0,34423.0,34059.0,33650.0,32953.0,32558.0,32053.0,31656.0,31438.0,30853.0,30463.0,30183.0,29484.0,29458.0,28974.0,28691.0,28684.0,28115.0,27914.0,27737.0,27656.0,27287.0,27153.0,27181.0,26967.0,27223,27625.0,27709.0,27917.0,28630.0,29064.0,29509.0,30261.0,30683.0,30905.0,31414.0,31325.0,32034.0,31572.0,31451.0,31353,31013.0,30978.0,30407.0,30493.0,29908.0,29723.0,29387.0
K,51,41272.0,40245.0,39508.0,38942.0,38403.0,38285.0,36853.0,35914.0,35650.0,35430.0,34127.0,33679.0,33920.0,34090.0,33989.0,34537.0,34317.0,35110.0,35479.0,34995.0,33905.0,33787.0,32991.0,32546.0,32287.0,31997.0,30735.0,29956.0,29672.0,28909.0,30206.0,27529.0,29158.0,28762.0,28262.0,28344.0,27834.0,27436,27183.0,26935.0,26685.0,26508.0,26282.0,25998.0,25954.0,25823.0,25913.0,25445.0,25306.0,25292.0,24709.0,24690.0,34422.0,34059.0,33649.0,32952.0,32558.0,32053.0,31656.0,31438.0,30853.0,30463.0,30183.0,29483.0,29458.0,28973.0,28691.0,28684.0,28114.0,27914.0,27736.0,27656.0,27287.0,27151.0,27181.0,26967,27222.0,27624.0,27708.0,27916.0,28630.0,29064.0,29509.0,30261.0,30683.0,30905.0,31411.0,31323.0,32034.0,31571.0,31451,31352.0,31013.0,30977.0,30407.0,30493.0,29908.0,29723.0
K,52,41966.0,41269.0,40244.0,39506.0,38940.0,38400.0,38284.0,36852.0,35911.0,35649.0,35428.0,34127.0,33678.0,33920.0,34090.0,33988.0,34536.0,34316.0,35110.0,35478.0,34995.0,33904.0,33787.0,32991.0,32546.0,32286.0,31996.0,30735.0,29956.0,29672.0,28909.0,30206.0,27529.0,29156.0,28762.0,28260.0,28344.0,27834,27435.0,27183.0,26935.0,26685.0,26508.0,26282.0,25998.0,25954.0,25823.0,25913.0,25444.0,25306.0,25292.0,24709.0,24689.0,34421.0,34058.0,33648.0,32952.0,32557.0,32052.0,31655.0,31436.0,30849.0,30463.0,30181.0,29482.0,29457.0,28973.0,28691.0,28684.0,28114.0,27913.0,27736.0,27656.0,27287.0,27151.0,27179,26967.0,27221.0,27624.0,27708.0,27916.0,28629.0,29064.0,29509.0,30259.0,30683.0,30905.0,31411.0,31323.0,32034.0,31571,31451.0,31352.0,31013.0,30977.0,30407.0,30493.0,29906.0
K,53,41353.0,41964.0,41267.0,40242.0,39504.0,38939.0,38398.0,38282.0,36848.0,35910.0,35645.0,35426.0,34127.0,33678.0,33920.0,34089.0,33988.0,34535.0,34315.0,35110.0,35478.0,34995.0,33903.0,33786.0,32990.0,32546.0,32286.0,31996.0,30734.0,29956.0,29671.0,28909.0,30206.0,27528.0,29156.0,28760.0,28259.0,28344,27833.0,27435.0,27183.0,26934.0,26685.0,26508.0,26280.0,25998.0,25954.0,25823.0,25913.0,25444.0,25306.0,25292.0,24708.0,24689.0,34421.0,34057.0,33648.0,32951.0,32557.0,32051.0,31655.0,31436.0,30849.0,30463.0,30180.0,29481.0,29456.0,28973.0,28690.0,28684.0,28114.0,27912.0,27736.0,27656.0,27287.0,27150,27179.0,26967.0,27220.0,27623.0,27708.0,27915.0,28629.0,29062.0,29509.0,30259.0,30682.0,30905.0,31411.0,31323.0,32034,31571.0,31451.0,31352.0,31012.0,30976.0,30407.0,30493.0
K,54,41114.0,41353.0,41962.0,41266.0,40241.0,39501.0,38938.0,38397.0,38280.0,36848.0,35908.0,35645.0,35426.0,34127.0,33676.0,33920.0,34089.0,33986.0,34534.0,34314.0,35110.0,35478.0,34995.0,33903.0,33784.0,32990.0,32545.0,32286.0,31996.0,30734.0,29956.0,29670.0,28909.0,30206.0,27528.0,29156.0,28760.0,28259,28344.0,27833.0,27435.0,27183.0,26933.0,26685.0,26508.0,26279.0,25998.0,25951.0,25823.0,25912.0,25444.0,25306.0,25292.0,24708.0,24689.0,34420.0,34055.0,33647.0,32950.0,32557.0,32049.0,31654.0,31435.0,30848.0,30461.0,30179.0,29481.0,29456.0,28973.0,28690.0,28683.0,28114.0,27910.0,27736.0,27655.0,27286,27150.0,27177.0,26967.0,27220.0,27622.0,27708.0,27915.0,28628.0,29062.0,29509.0,30259.0,30682.0,30905.0,31411.0,31323,32033.0,31571.0,31450.0,31349.0,31012.0,30976.0,30407.0
K,55,39843.0,41111.0,41351.0,41961.0,41265.0,40240.0,39501.0,38937.0,38396.0,38279.0,36847.0,35908.0,35645.0,35425.0,34125.0,33676.0,33920.0,34089.0,33986.0,34534.0,34313.0,35110.0,35476.0,34993.0,33903.0,33784.0,32990.0,32545.0,32286.0,31995.0,30734.0,29956.0,29670.0,28909.0,30206.0,27528.0,29156.0,28760,28259.0,28344.0,27833.0,27435.0,27182.0,26932.0,26685.0,26506.0,26279.0,25998.0,25951.0,25823.0,25912.0,25444.0,25306.0,25292.0,24707.0,24688.0,34420.0,34055.0,33646.0,32950.0,32557.0,32048.0,31653.0,31432.0,30848.0,30459.0,30179.0,29481.0,29456.0,28973.0,28690.0,28683.0,28113.0,27910.0,27735.0,27655,27286.0,27148.0,27177.0,26967.0,27218.0,27622.0,27708.0,27915.0,28628.0,29061.0,29509.0,30259.0,30680.0,30904.0,31411,31323.0,32033.0,31569.0,31449.0,31349.0,31012.0,30976.0
K,56,39237.0,39841.0,41108.0,41350.0,41960.0,41264.0,40240.0,39499.0,38937.0,38396.0,38276.0,36845.0,35907.0,35645.0,35423.0,34125.0,33676.0,33919.0,34086.0,33986.0,34534.0,34313.0,35109.0,35475.0,34993.0,33902.0,33784.0,32989.0,32544.0,32286.0,31995.0,30734.0,29956.0,29670.0,28909.0,30206.0,27528.0,29156,28760.0,28258.0,28344.0,27833.0,27435.0,27181.0,26932.0,26685.0,26506.0,26278.0,25997.0,25951.0,25822.0,25911.0,25444.0,25305.0,25292.0,24707.0,24688.0,34419.0,34054.0,33646.0,32950.0,32556.0,32045.0,31652.0,31432.0,30848.0,30459.0,30179.0,29481.0,29455.0,28973.0,28690.0,28682.0,28112.0,27909.0,27734,27655.0,27284.0,27148.0,27177.0,26967.0,27218.0,27622.0,27708.0,27915.0,28628.0,29061.0,29507.0,30259.0,30679.0,30903,31411.0,31323.0,32033.0,31569.0,31449.0,31349.0,31012.0
K,57,38665.0,39236.0,39840.0,41105.0,41350.0,41955.0,41264.0,40239.0,39498.0,38937.0,38392.0,38274.0,36844.0,35906.0,35645.0,35423.0,34125.0,33676.0,33918.0,34086.0,33986.0,34533.0,34313.0,35109.0,35474.0,34992.0,33900.0,33783.0,32989.0,32542.0,32286.0,31995.0,30734.0,29956.0,29670.0,28909.0,30205.0,27528,29156.0,28759.0,28258.0,28344.0,27833.0,27435.0,27181.0,26931.0,26685.0,26506.0,26278.0,25997.0,25951.0,25822.0,25910.0,25444.0,25305.0,25291.0,24707.0,24688.0,34419.0,34053.0,33646.0,32950.0,32556.0,32045.0,31651.0,31432.0,30847.0,30459.0,30178.0,29480.0,29454.0,28973.0,28690.0,28682.0,28112.0,27909,27734.0,27655.0,27284.0,27148.0,27176.0,26967.0,27217.0,27621.0,27708.0,27915.0,28627.0,29061.0,29507.0,30258.0,30678,30903.0,31410.0,31322.0,32033.0,31568.0,31448.0,31349.0
K,58,38254.0,38664.0,39231.0,39837.0,41103.0,41348.0,41954.0,41264.0,40239.0,39496.0,38936.0,38390.0,38274.0,36843.0,35904.0,35644.0,35421.0,34123.0,33675.0,33918.0,34086.0,33986.0,34533.0,34312.0,35109.0,35474.0,34989.0,33899.0,33783.0,32989.0,32542.0,32286.0,31995.0,30734.0,29955.0,29670.0,28907.0,30203,27527.0,29156.0,28759.0,28258.0,28344.0,27833.0,27435.0,27180.0,26931.0,26684.0,26506.0,26278.0,25997.0,25951.0,25822.0,25910.0,25444.0,25305.0,25291.0,24707.0,24688.0,34418.0,34053.0,33646.0,32950.0,32555.0,32045.0,31651.0,31432.0,30845.0,30458.0,30178.0,29480.0,29454.0,28972.0,28690.0,28681.0,28111,27909.0,27734.0,27654.0,27284.0,27148.0,27176.0,26966.0,27217.0,27621.0,27708.0,27914.0,28627.0,29061.0,29507.0,30257,30678.0,30903.0,31408.0,31322.0,32033.0,31568.0,31447.0
K,59,37760.0,38250.0,38661.0,39229.0,39832.0,41101.0,41346.0,41951.0,41262.0,40239.0,39495.0,38935.0,38388.0,38273.0,36842.0,35904.0,35644.0,35421.0,34122.0,33675.0,33918.0,34086.0,33985.0,34532.0,34311.0,35109.0,35474.0,34989.0,33899.0,33782.0,32989.0,32542.0,32286.0,31995.0,30733.0,29955.0,29670.0,28907,30203.0,27527.0,29155.0,28759.0,28258.0,28343.0,27832.0,27435.0,27180.0,26930.0,26683.0,26506.0,26278.0,25997.0,25951.0,25822.0,25910.0,25444.0,25304.0,25291.0,24707.0,24688.0,34418.0,34052.0,33644.0,32949.0,32555.0,32044.0,31651.0,31432.0,30844.0,30458.0,30178.0,29479.0,29454.0,28971.0,28689.0,28680,28111.0,27908.0,27733.0,27653.0,27284.0,27148.0,27176.0,26965.0,27217.0,27621.0,27708.0,27914.0,28627.0,29061.0,29507,30257.0,30678.0,30903.0,31408.0,31322.0,32033.0,31566.0
K,60,37972.0,37752.0,38244.0,38654.0,39216.0,39831.0,41098.0,41344.0,41947.0,41261.0,40233.0,39491.0,38933.0,38387.0,38270.0,36842.0,35902.0,35644.0,35420.0,34121.0,33672.0,33917.0,34085.0,33983.0,34529.0,34309.0,35108.0,35471.0,34986.0,33898.0,33781.0,32988.0,32538.0,32284.0,31992.0,30731.0,29953.0,29669,28906.0,30203.0,27526.0,29155.0,28759.0,28257.0,28342.0,27831.0,27434.0,27177.0,26930.0,26683.0,26504.0,26277.0,25996.0,25949.0,25822.0,25909.0,25442.0,25302.0,25291.0,24705.0,24688.0,34418.0,34052.0,33644.0,32947.0,32553.0,32044.0,31648.0,31428.0,30843.0,30454.0,30175.0,29478.0,29452.0,28970.0,28688,28679.0,28111.0,27908.0,27733.0,27651.0,27282.0,27145.0,27175.0,26963.0,27216.0,27620.0,27707.0,27913.0,28627.0,29061,29507.0,30257.0,30676.0,30903.0,31405.0,31320.0,32033.0
K,61,37370.0,37966.0,37748.0,38238.0,38646.0,39207.0,39825.0,41092.0,41342.0,41943.0,41258.0,40231.0,39486.0,38928.0,38387.0,38270.0,36838.0,35902.0,35643.0,35417.0,34120.0,33671.0,33916.0,34085.0,33982.0,34526.0,34307.0,35106.0,35469.0,34983.0,33897.0,33780.0,32986.0,32536.0,32282.0,31992.0,30731.0,29953,29668.0,28906.0,30203.0,27524.0,29154.0,28759.0,28256.0,28341.0,27831.0,27433.0,27175.0,26928.0,26683.0,26502.0,26277.0,25996.0,25949.0,25822.0,25907.0,25440.0,25302.0,25291.0,24704.0,24687.0,34415.0,34049.0,33644.0,32946.0,32551.0,32044.0,31644.0,31428.0,30842.0,30452.0,30173.0,29477.0,29452.0,28968,28685.0,28679.0,28107.0,27905.0,27732.0,27650.0,27282.0,27140.0,27174.0,26962.0,27215.0,27620.0,27706.0,27912.0,28625,29061.0,29502.0,30257.0,30675.0,30903.0,31403.0,31320.0
K,62,37451.0,37366.0,37955.0,37740.0,38234.0,38640.0,39197.0,39818.0,41088.0,41338.0,41940.0,41254.0,40230.0,39485.0,38927.0,38386.0,38269.0,36836.0,35902.0,35643.0,35416.0,34119.0,33671.0,33916.0,34085.0,33977.0,34524.0,34304.0,35106.0,35468.0,34981.0,33896.0,33779.0,32983.0,32536.0,32281.0,31990.0,30731,29953.0,29667.0,28906.0,30200.0,27523.0,29152.0,28759.0,28255.0,28340.0,27830.0,27430.0,27175.0,26926.0,26681.0,26501.0,26277.0,25996.0,25949.0,25821.0,25907.0,25440.0,25301.0,25291.0,24704.0,24686.0,34414.0,34049.0,33644.0,32943.0,32551.0,32042.0,31643.0,31428.0,30841.0,30450.0,30172.0,29476.0,29451,28967.0,28685.0,28677.0,28106.0,27905.0,27728.0,27648.0,27281.0,27139.0,27172.0,26961.0,27211.0,27619.0,27706.0,27911,28622.0,29059.0,29502.0,30254.0,30672.0,30901.0,31402.0
K,63,36924.0,37444.0,37359.0,37953.0,37736.0,38232.0,38634.0,39192.0,39812.0,41084.0,41335.0,41938.0,41251.0,40227.0,39479.0,38923.0,38385.0,38267.0,36834.0,35901.0,35641.0,35414.0,34118.0,33670.0,33915.0,34084.0,33974.0,34524.0,34302.0,35103.0,35467.0,34980.0,33895.0,33777.0,32982.0,32535.0,32279.0,31989,30731.0,29952.0,29666.0,28905.0,30200.0,27523.0,29152.0,28759.0,28255.0,28340.0,27828.0,27429.0,27174.0,26924.0,26681.0,26501.0,26277.0,25996.0,25949.0,25819.0,25907.0,25439.0,25301.0,25290.0,24703.0,24685.0,34414.0,34045.0,33644.0,32941.0,32550.0,32041.0,31642.0,31427.0,30839.0,30450.0,30170.0,29475,29450.0,28965.0,28682.0,28677.0,28105.0,27904.0,27727.0,27646.0,27278.0,27138.0,27172.0,26959.0,27210.0,27619.0,27704,27907.0,28621.0,29057.0,29502.0,30252.0,30670.0,30899.0
K,64,36562.0,36918.0,37440.0,37353.0,37945.0,37730.0,38224.0,38629.0,39186.0,39810.0,41083.0,41332.0,41931.0,41248.0,40224.0,39476.0,38922.0,38382.0,38267.0,36832.0,35899.0,35638.0,35411.0,34117.0,33670.0,33914.0,34084.0,33972.0,34523.0,34302.0,35103.0,35466.0,34979.0,33894.0,33777.0,32981.0,32535.0,32279,31986.0,30731.0,29950.0,29665.0,28905.0,30200.0,27523.0,29151.0,28756.0,28255.0,28337.0,27828.0,27428.0,27174.0,26923.0,26679.0,26501.0,26277.0,25996.0,25949.0,25819.0,25907.0,25438.0,25301.0,25290.0,24701.0,24685.0,34414.0,34045.0,33643.0,32941.0,32549.0,32039.0,31642.0,31427.0,30836.0,30446.0,30167,29472.0,29450.0,28964.0,28681.0,28676.0,28103.0,27904.0,27724.0,27646.0,27277.0,27137.0,27172.0,26958.0,27208.0,27619,27704.0,27906.0,28620.0,29057.0,29501.0,30251.0,30667.0
K,65,35539.0,36377.0,36740.0,37273.0,37196.0,37785.0,37603.0,38088.0,38492.0,39076.0,39697.0,40996.0,41239.0,41849.0,41189.0,40158.0,39420.0,38871.0,38334.0,38210.0,36790.0,35857.0,35599.0,35369.0,34082.0,33624.0,33878.0,34048.0,33934.0,34492.0,34275.0,35054.0,35434.0,34942.0,33854.0,33744.0,32950.0,32509,32242.0,31954.0,30700.0,29924.0,29628.0,28860.0,30168.0,27487.0,29110.0,28726.0,28228.0,28302.0,27798.0,27393.0,27148.0,26893.0,26647.0,26476.0,26247.0,25968.0,25931.0,25787.0,25888.0,25415.0,25269.0,25264.0,24675.0,24644.0,34371.0,33999.0,33609.0,32899.0,32508.0,32000.0,31601.0,31388.0,30791.0,30392,30127.0,29438.0,29412.0,28919.0,28649.0,28630.0,28061.0,27876.0,27689.0,27612.0,27224.0,27105.0,27135.0,26925.0,27174,27588.0,27674.0,27868.0,28573.0,29012.0,29465.0,30204.0
K,66,35717.0,35385.0,36198.0,36567.0,37107.0,37034.0,37646.0,37458.0,37976.0,38378.0,38978.0,39596.0,40907.0,41166.0,41771.0,41143.0,40117.0,39359.0,38831.0,38287.0,38170.0,36748.0,35817.0,35553.0,35339.0,34051.0,33579.0,33843.0,34015.0,33905.0,34448.0,34247.0,35022.0,35399.0,34914.0,33826.0,33714.0,32904,32480.0,32214.0,31917.0,30649.0,29885.0,29597.0,28827.0,30128.0,27457.0,29067.0,28696.0,28187.0,28262.0,27770.0,27358.0,27120.0,26861.0,26609.0,26443.0,26209.0,25938.0,25899.0,25750.0,25846.0,25391.0,25233.0,25238.0,24649.0,24616.0,34328.0,33944.0,33568.0,32851.0,32461.0,31943.0,31560.0,31347.0,30756,30356.0,30075.0,29399.0,29376.0,28882.0,28601.0,28592.0,28020.0,27847.0,27649.0,27573.0,27193.0,27064.0,27101.0,26884,27142.0,27552.0,27635.0,27837.0,28533.0,28970.0,29423.0
K,67,36659.0,35528.0,35196.0,36034.0,36396.0,36962.0,36905.0,37524.0,37340.0,37852.0,38280.0,38904.0,39500.0,40836.0,41105.0,41713.0,41087.0,40085.0,39313.0,38779.0,38240.0,38130.0,36712.0,35775.0,35508.0,35299.0,34017.0,33555.0,33805.0,33976.0,33870.0,34408.0,34212.0,34996.0,35374.0,34868.0,33780.0,33679,32871.0,32452.0,32175.0,31885.0,30614.0,29854.0,29569.0,28790.0,30097.0,27422.0,29033.0,28664.0,28165.0,28236.0,27737.0,27324.0,27100.0,26825.0,26573.0,26417.0,26168.0,25899.0,25873.0,25722.0,25801.0,25361.0,25207.0,25209.0,24616.0,24584.0,34286.0,33891.0,33507.0,32807.0,32425.0,31899.0,31510.0,31306,30721.0,30317.0,30038.0,29363.0,29326.0,28841.0,28547.0,28549.0,27977.0,27809.0,27605.0,27543.0,27157.0,27034.0,27080,26851.0,27110.0,27524.0,27598.0,27798.0,28503.0,28929.0
K,68,37664.0,36490.0,35372.0,35008.0,35868.0,36248.0,36818.0,36797.0,37419.0,37228.0,37753.0,38192.0,38809.0,39421.0,40769.0,41059.0,41667.0,41035.0,40035.0,39265.0,38740.0,38184.0,38090.0,36660.0,35736.0,35469.0,35268.0,33991.0,33527.0,33773.0,33945.0,33841.0,34375.0,34178.0,34966.0,35328.0,34835.0,33750,33641.0,32843.0,32413.0,32138.0,31850.0,30572.0,29820.0,29539.0,28760.0,30065.0,27395.0,29001.0,28635.0,28138.0,28203.0,27714.0,27287.0,27066.0,26792.0,26547.0,26385.0,26139.0,25872.0,25832.0,25687.0,25768.0,25327.0,25177.0,25182.0,24586.0,24548.0,34247.0,33855.0,33455.0,32765.0,32382.0,31857.0,31470,31251.0,30670.0,30280.0,29999.0,29321.0,29281.0,28799.0,28500.0,28512.0,27942.0,27768.0,27573.0,27504.0,27126.0,27006,27048.0,26810.0,27077.0,27497.0,27554.0,27762.0,28475.0
K,69,37030.0,37481.0,36297.0,35195.0,34862.0,35708.0,36094.0,36703.0,36669.0,37298.0,37126.0,37673.0,38119.0,38731.0,39363.0,40716.0,41016.0,41617.0,40988.0,39994.0,39213.0,38699.0,38144.0,38046.0,36619.0,35682.0,35443.0,35241.0,33958.0,33493.0,33735.0,33915.0,33811.0,34327.0,34141.0,34931.0,35297.0,34796,33714.0,33605.0,32821.0,32378.0,32104.0,31804.0,30551.0,29787.0,29512.0,28724.0,30036.0,27367.0,28968.0,28598.0,28115.0,28173.0,27688.0,27257.0,27032.0,26754.0,26511.0,26341.0,26106.0,25841.0,25801.0,25654.0,25735.0,25288.0,25148.0,25151.0,24551.0,24510.0,34204.0,33807.0,33403.0,32714.0,32351.0,31815,31419.0,31197.0,30631.0,30234.0,29952.0,29279.0,29252.0,28759.0,28459.0,28478.0,27911.0,27731.0,27536.0,27467.0,27099,26974.0,27006.0,26776.0,27052.0,27464.0,27526.0,27733.0
K,70,37488.0,36684.0,37155.0,35998.0,34884.0,34582.0,35423.0,35843.0,36473.0,36456.0,37071.0,36954.0,37504.0,37944.0,38606.0,39236.0,40612.0,40915.0,41526.0,40903.0,39902.0,39118.0,38608.0,38045.0,37944.0,36542.0,35586.0,35366.0,35167.0,33863.0,33431.0,33671.0,33857.0,33746.0,34265.0,34088.0,34851.0,35237,34724.0,33643.0,33535.0,32746.0,32311.0,32036.0,31727.0,30479.0,29714.0,29453.0,28664.0,29972.0,27301.0,28895.0,28518.0,28046.0,28108.0,27643.0,27195.0,26961.0,26673.0,26464.0,26285.0,26048.0,25779.0,25740.0,25593.0,25666.0,25218.0,25103.0,25076.0,24493.0,24448.0,34104.0,33716.0,33308.0,32631.0,32264,31725.0,31339.0,31095.0,30547.0,30148.0,29869.0,29183.0,29166.0,28688.0,28384.0,28397.0,27852.0,27670.0,27479.0,27405,27044.0,26924.0,26935.0,26707.0,26980.0,27389.0,27452.0
K,71,36980.0,37097.0,36324.0,36803.0,35708.0,34560.0,34320.0,35155.0,35583.0,36248.0,36275.0,36872.0,36793.0,37385.0,37827.0,38506.0,39130.0,40495.0,40814.0,41436.0,40811.0,39807.0,39023.0,38504.0,37954.0,37847.0,36471.0,35517.0,35281.0,35106.0,33796.0,33363.0,33613.0,33780.0,33692.0,34173.0,34012.0,34771,35165.0,34660.0,33576.0,33481.0,32689.0,32238.0,31981.0,31652.0,30422.0,29647.0,29369.0,28602.0,29897.0,27232.0,28831.0,28453.0,27983.0,28036.0,27580.0,27130.0,26904.0,26603.0,26402.0,26224.0,25985.0,25710.0,25681.0,25525.0,25595.0,25143.0,25028.0,25009.0,24416.0,24367.0,34021.0,33622.0,33228.0,32537,32169.0,31631.0,31246.0,30996.0,30456.0,30059.0,29784.0,29110.0,29092.0,28611.0,28318.0,28334.0,27800.0,27619.0,27413,27338.0,26975.0,26842.0,26866.0,26629.0,26912.0,27329.0
K,72,35776.0,36586.0,36731.0,36020.0,36481.0,35434.0,34279.0,34086.0,34925.0,35362.0,36034.0,36099.0,36730.0,36639.0,37268.0,37753.0,38409.0,39042.0,40420.0,40717.0,41345.0,40712.0,39723.0,38934.0,38417.0,37882.0,37769.0,36395.0,35449.0,35223.0,35041.0,33728.0,33313.0,33554.0,33724.0,33625.0,34111.0,33942,34685.0,35082.0,34585.0,33502.0,33414.0,32618.0,32170.0,31901.0,31583.0,30347.0,29587.0,29297.0,28541.0,29833.0,27187.0,28778.0,28373.0,27898.0,27966.0,27513.0,27068.0,26842.0,26546.0,26345.0,26153.0,25899.0,25638.0,25605.0,25459.0,25542.0,25069.0,24955.0,24948.0,24354.0,24308.0,33932.0,33518.0,33139,32462.0,32083.0,31541.0,31165.0,30911.0,30377.0,29968.0,29720.0,29038.0,29012.0,28522.0,28244.0,28259.0,27735.0,27575,27359.0,27264.0,26905.0,26745.0,26799.0,26553.0,26845.0
K,73,35910.0,35380.0,36246.0,36393.0,35697.0,36186.0,35165.0,34060.0,33868.0,34730.0,35165.0,35847.0,35941.0,36586.0,36546.0,37165.0,37652.0,38299.0,38951.0,40343.0,40626.0,41254.0,40607.0,39658.0,38841.0,38333.0,37789.0,37688.0,36327.0,35371.0,35157.0,34953.0,33659.0,33245.0,33477.0,33670.0,33550.0,34031,33884.0,34629.0,34994.0,34504.0,33438.0,33341.0,32550.0,32110.0,31834.0,31497.0,30262.0,29520.0,29225.0,28482.0,29765.0,27128.0,28716.0,28300.0,27834.0,27896.0,27447.0,27009.0,26779.0,26495.0,26280.0,26083.0,25833.0,25564.0,25542.0,25378.0,25471.0,24979.0,24905.0,24870.0,24265.0,24228.0,33830.0,33421,33053.0,32368.0,31992.0,31460.0,31096.0,30810.0,30296.0,29877.0,29636.0,28950.0,28926.0,28439.0,28171.0,28187.0,27671,27516.0,27275.0,27193.0,26841.0,26676.0,26729.0,26478.0
K,74,34766.0,35566.0,35023.0,35928.0,36082.0,35378.0,35915.0,34918.0,33814.0,33674.0,34532.0,34962.0,35687.0,35791.0,36483.0,36447.0,37080.0,37557.0,38200.0,38857.0,40231.0,40533.0,41144.0,40514.0,39581.0,38767.0,38253.0,37704.0,37601.0,36252.0,35286.0,35097.0,34887.0,33605.0,33169.0,33402.0,33600.0,33469,33945.0,33814.0,34540.0,34892.0,34424.0,33373.0,33267.0,32470.0,32036.0,31767.0,31439.0,30179.0,29450.0,29160.0,28428.0,29705.0,27062.0,28655.0,28248.0,27757.0,27839.0,27384.0,26937.0,26706.0,26436.0,26218.0,26015.0,25762.0,25512.0,25474.0,25302.0,25389.0,24897.0,24824.0,24805.0,24202.0,24171.0,33734,33332.0,32975.0,32272.0,31920.0,31383.0,31015.0,30723.0,30221.0,29789.0,29554.0,28873.0,28862.0,28380.0,28115.0,28104,27609.0,27437.0,27199.0,27118.0,26756.0,26603.0,26649.0
K,75,32637.0,34068.0,34883.0,34368.0,35297.0,35473.0,34808.0,35390.0,34464.0,33398.0,33293.0,34230.0,34660.0,35402.0,35575.0,36298.0,36279.0,36915.0,37374.0,38034.0,38696.0,40032.0,40354.0,40979.0,40335.0,39414.0,38591.0,38085.0,37556.0,37448.0,36116.0,35133.0,34966.0,34757.0,33471.0,33060.0,33257.0,33475,33320.0,33790.0,33664.0,34365.0,34730.0,34275.0,33242.0,33136.0,32327.0,31892.0,31622.0,31281.0,30033.0,29300.0,29033.0,28300.0,29555.0,26941.0,28522.0,28138.0,27633.0,27694.0,27247.0,26819.0,26573.0,26324.0,26089.0,25886.0,25629.0,25364.0,25334.0,25173.0,25255.0,24778.0,24682.0,24665.0,24073.0,24035,33531.0,33131.0,32809.0,32096.0,31738.0,31198.0,30855.0,30589.0,30070.0,29642.0,29401.0,28707.0,28720.0,28230.0,27968,27981.0,27471.0,27306.0,27070.0,26964.0,26611.0,26466.0
K,76,30928.0,31999.0,33428.0,34247.0,33756.0,34708.0,34921.0,34316.0,34944.0,34059.0,32999.0,32970.0,33922.0,34405.0,35167.0,35397.0,36126.0,36102.0,36734.0,37204.0,37857.0,38523.0,39857.0,40172.0,40807.0,40153.0,39239.0,38440.0,37925.0,37391.0,37298.0,35970.0,34984.0,34825.0,34600.0,33340.0,32927.0,33129,33352.0,33176.0,33637.0,33501.0,34207.0,34581.0,34117.0,33099.0,33003.0,32180.0,31725.0,31481.0,31137.0,29890.0,29161.0,28918.0,28167.0,29442.0,26815.0,28379.0,28005.0,27496.0,27564.0,27099.0,26707.0,26441.0,26184.0,25959.0,25729.0,25500.0,25224.0,25200.0,25018.0,25131.0,24659.0,24539.0,24535.0,23931,23909.0,33342.0,32965.0,32630.0,31936.0,31560.0,31001.0,30680.0,30422.0,29914.0,29484.0,29262.0,28545.0,28572.0,28101,27823.0,27844.0,27297.0,27145.0,26928.0,26812.0,26484.0
K,77,29426.0,30280.0,31390.0,32761.0,33627.0,33201.0,34186.0,34403.0,33808.0,34499.0,33668.0,32670.0,32667.0,33678.0,34175.0,34983.0,35225.0,35946.0,35921.0,36569.0,37028.0,37662.0,38357.0,39694.0,39989.0,40636.0,39968.0,39086.0,38289.0,37754.0,37251.0,37136.0,35819.0,34857.0,34684.0,34463.0,33203.0,32780,32975.0,33236.0,33024.0,33475.0,33358.0,34061.0,34427.0,33987.0,32946.0,32873.0,32024.0,31567.0,31347.0,31012.0,29748.0,29054.0,28788.0,28042.0,29309.0,26710.0,28250.0,27848.0,27351.0,27423.0,26968.0,26557.0,26304.0,26054.0,25821.0,25593.0,25366.0,25083.0,25084.0,24892.0,24999.0,24528.0,24409.0,24410,23807.0,23767.0,33168.0,32762.0,32456.0,31773.0,31413.0,30823.0,30526.0,30257.0,29749.0,29338.0,29113.0,28404.0,28410,27962.0,27672.0,27731.0,27142.0,27000.0,26786.0,26663.0
K,78,27920.0,28835.0,29660.0,30855.0,32178.0,33066.0,32732.0,33721.0,33973.0,33419.0,34126.0,33341.0,32386.0,32432.0,33472.0,33978.0,34820.0,35042.0,35808.0,35736.0,36402.0,36870.0,37483.0,38199.0,39514.0,39822.0,40428.0,39779.0,38952.0,38127.0,37580.0,37110.0,36982.0,35674.0,34711.0,34542.0,34340.0,33045,32656.0,32820.0,33081.0,32876.0,33329.0,33216.0,33906.0,34286.0,33832.0,32818.0,32720.0,31889.0,31417.0,31223.0,30865.0,29620.0,28910.0,28667.0,27907.0,29174.0,26588.0,28113.0,27695.0,27231.0,27292.0,26816.0,26443.0,26173.0,25908.0,25677.0,25441.0,25212.0,24961.0,24922.0,24756.0,24848.0,24387.0,24260,24289.0,23650.0,23619.0,32991.0,32568.0,32276.0,31636.0,31244.0,30658.0,30372.0,30105.0,29600.0,29184.0,28986.0,28280,28270.0,27840.0,27535.0,27605.0,26995.0,26833.0,26654.0
K,79,26012.0,27353.0,28237.0,29108.0,30347.0,31693.0,32526.0,32282.0,33280.0,33552.0,33039.0,33796.0,33084.0,32142.0,32218.0,33297.0,33825.0,34631.0,34912.0,35642.0,35573.0,36201.0,36697.0,37326.0,38024.0,39356.0,39668.0,40260.0,39595.0,38808.0,37962.0,37446.0,36955.0,36823.0,35521.0,34573.0,34398.0,34196,32903.0,32522.0,32699.0,32945.0,32732.0,33173.0,33068.0,33759.0,34133.0,33665.0,32692.0,32574.0,31745.0,31288.0,31082.0,30735.0,29504.0,28779.0,28558.0,27785.0,29044.0,26438.0,27971.0,27566.0,27077.0,27160.0,26677.0,26304.0,26036.0,25765.0,25547.0,25291.0,25059.0,24799.0,24789.0,24625.0,24707.0,24236,24143.0,24149.0,23506.0,23492.0,32799.0,32375.0,32081.0,31441.0,31098.0,30474.0,30195.0,29943.0,29459.0,29032.0,28849,28156.0,28137.0,27696.0,27395.0,27461.0,26872.0,26710.0
K,80,23723.0,24957.0,26331.0,27209.0,28108.0,29387.0,30811.0,31632.0,31468.0,32486.0,32843.0,32416.0,33203.0,32590.0,31748.0,31864.0,32956.0,33480.0,34295.0,34586.0,35334.0,35217.0,35858.0,36358.0,37014.0,37708.0,39015.0,39338.0,39937.0,39271.0,38507.0,37672.0,37130.0,36603.0,36509.0,35217.0,34278.0,34123,33911.0,32639.0,32225.0,32462.0,32688.0,32434.0,32881.0,32769.0,33461.0,33831.0,33345.0,32404.0,32261.0,31429.0,31013.0,30797.0,30466.0,29238.0,28507.0,28292.0,27533.0,28764.0,26177.0,27689.0,27269.0,26787.0,26877.0,26396.0,26006.0,25748.0,25523.0,25311.0,25017.0,24770.0,24502.0,24513.0,24366.0,24406,23960.0,23869.0,23833.0,23233.0,23208.0,32410.0,32016.0,31713.0,31107.0,30769.0,30175.0,29886.0,29642.0,29182.0,28758,28573.0,27862.0,27826.0,27402.0,27082.0,27165.0,26604.0
K,81,21606.0,22783.0,23946.0,25331.0,26276.0,27193.0,28481.0,29947.0,30800.0,30722.0,31793.0,32200.0,31877.0,32706.0,32156.0,31436.0,31542.0,32624.0,33139.0,33991.0,34266.0,34982.0,34892.0,35566.0,36035.0,36681.0,37363.0,38710.0,38968.0,39621.0,38932.0,38196.0,37342.0,36827.0,36281.0,36204.0,34915.0,34011,33834.0,33620.0,32363.0,31963.0,32180.0,32394.0,32178.0,32625.0,32472.0,33165.0,33552.0,33051.0,32108.0,31964.0,31166.0,30741.0,30494.0,30185.0,28971.0,28223.0,27984.0,27264.0,28515.0,25878.0,27419.0,26981.0,26509.0,26594.0,26137.0,25742.0,25457.0,25255.0,25043.0,24731.0,24513.0,24235.0,24208.0,24075,24153.0,23688.0,23605.0,23575.0,22937.0,22979.0,32065.0,31694.0,31353.0,30800.0,30464.0,29856.0,29609.0,29331.0,28922,28498.0,28297.0,27594.0,27557.0,27105.0,26825.0,26880.0
K,82,19991.0,20693.0,21909.0,23056.0,24459.0,25468.0,26371.0,27662.0,29180.0,30114.0,30073.0,31176.0,31656.0,31399.0,32275.0,31815.0,31122.0,31251.0,32317.0,32844.0,33701.0,33978.0,34697.0,34570.0,35240.0,35728.0,36382.0,37040.0,38389.0,38647.0,39314.0,38606.0,37902.0,37020.0,36513.0,36006.0,35913.0,34598,33744.0,33573.0,33320.0,32107.0,31689.0,31922.0,32124.0,31913.0,32353.0,32166.0,32859.0,33251.0,32754.0,31812.0,31651.0,30888.0,30463.0,30228.0,29902.0,28714.0,27927.0,27712.0,27006.0,28240.0,25621.0,27146.0,26655.0,26209.0,26311.0,25867.0,25441.0,25178.0,24973.0,24791.0,24463.0,24257.0,23962.0,23972,23775.0,23870.0,23408.0,23338.0,23328.0,22671.0,22711.0,31751.0,31383.0,31019.0,30469.0,30153.0,29532.0,29325.0,29065,28637.0,28200.0,28002.0,27306.0,27272.0,26826.0,26535.0
K,83,18342.0,19138.0,19892.0,21105.0,22305.0,23664.0,24692.0,25652.0,26917.0,28453.0,29454.0,29540.0,30631.0,31157.0,30998.0,31965.0,31513.0,30835.0,30969.0,32015.0,32551.0,33396.0,33645.0,34411.0,34256.0,34940.0,35446.0,36084.0,36730.0,38063.0,38306.0,38988.0,38288.0,37589.0,36710.0,36206.0,35746.0,35618,34295.0,33448.0,33298.0,33047.0,31865.0,31437.0,31636.0,31851.0,31641.0,32054.0,31888.0,32580.0,32940.0,32468.0,31519.0,31347.0,30607.0,30212.0,29941.0,29634.0,28458.0,27644.0,27425.0,26743.0,27965.0,25373.0,26887.0,26365.0,25952.0,26017.0,25584.0,25138.0,24921.0,24697.0,24530.0,24195.0,23977.0,23700,23690.0,23511.0,23613.0,23148.0,23101.0,23071.0,22421.0,22504.0,31402.0,31064.0,30738.0,30156.0,29840.0,29242.0,29036,28787.0,28370.0,27933.0,27701.0,27016.0,26993.0,26528.0
K,84,17112.0,17583.0,18401.0,19215.0,20399.0,21588.0,22964.0,23993.0,25006.0,26251.0,27844.0,28897.0,29073.0,30190.0,30773.0,30686.0,31642.0,31229.0,30532.0,30678.0,31739.0,32268.0,33084.0,33335.0,34144.0,33970.0,34634.0,35141.0,35795.0,36424.0,37703.0,38003.0,38662.0,38004.0,37254.0,36399.0,35893.0,35463,35321.0,34030.0,33189.0,33022.0,32776.0,31587.0,31140.0,31352.0,31583.0,31359.0,31780.0,31599.0,32286.0,32614.0,32188.0,31246.0,31078.0,30323.0,29934.0,29632.0,29345.0,28191.0,27351.0,27135.0,26470.0,27670.0,25111.0,26588.0,26088.0,25685.0,25740.0,25297.0,24832.0,24649.0,24410.0,24280.0,23914.0,23710,23449.0,23446.0,23258.0,23337.0,22909.0,22854.0,22829.0,22174.0,22284.0,31024.0,30719.0,30403.0,29854.0,29579.0,28953,28733.0,28498.0,28104.0,27632.0,27441.0,26744.0,26714.0
K,85,14548.0,15746.0,16279.0,17127.0,17946.0,19101.0,20342.0,21692.0,22827.0,23841.0,25131.0,26796.0,27922.0,28216.0,29420.0,30174.0,30121.0,31035.0,30656.0,29949.0,30086.0,31187.0,31674.0,32469.0,32724.0,33565.0,33361.0,34041.0,34534.0,35189.0,35827.0,37087.0,37337.0,38039.0,37405.0,36662.0,35782.0,35278,34854.0,34729.0,33500.0,32603.0,32444.0,32208.0,31031.0,30615.0,30793.0,31026.0,30793.0,31200.0,31013.0,31696.0,32029.0,31579.0,30674.0,30529.0,29761.0,29390.0,29055.0,28760.0,27646.0,26817.0,26623.0,25950.0,27121.0,24602.0,26009.0,25509.0,25140.0,25197.0,24763.0,24301.0,24104.0,23841.0,23724.0,23364,23172.0,22897.0,22900.0,22732.0,22797.0,22401.0,22323.0,22335.0,21724.0,21830.0,30363.0,30086.0,29806.0,29247.0,28993,28387.0,28149.0,27950.0,27566.0,27051.0,26855.0,26190.0
K,86,12988.0,13386.0,14507.0,15060.0,15946.0,16874.0,17902.0,19226.0,20546.0,21781.0,22812.0,24184.0,25842.0,27108.0,27513.0,28768.0,29589.0,29536.0,30414.0,30119.0,29391.0,29554.0,30649.0,31145.0,31896.0,32154.0,32994.0,32807.0,33474.0,33993.0,34570.0,35227.0,36481.0,36738.0,37412.0,36814.0,36064.0,35203,34675.0,34269.0,34127.0,32921.0,32048.0,31933.0,31642.0,30526.0,30076.0,30269.0,30501.0,30207.0,30657.0,30448.0,31134.0,31463.0,30990.0,30161.0,30016.0,29271.0,28852.0,28521.0,28223.0,27101.0,26301.0,26069.0,25387.0,26524.0,24047.0,25439.0,25032.0,24586.0,24651.0,24176.0,23775.0,23592.0,23307.0,23216,22841.0,22671.0,22384.0,22367.0,22229.0,22321.0,21943.0,21827.0,21816.0,21275.0,21385.0,29707.0,29496.0,29220.0,28711,28467.0,27854.0,27566.0,27388.0,26999.0,26515.0,26282.0
K,87,11094.0,11960.0,12414.0,13563.0,14023.0,14937.0,15867.0,16927.0,18214.0,19585.0,20880.0,21949.0,23367.0,25112.0,26436.0,26970.0,28207.0,29049.0,29017.0,29835.0,29579.0,28894.0,29021.0,30119.0,30597.0,31350.0,31610.0,32434.0,32260.0,32902.0,33456.0,34004.0,34663.0,35883.0,36134.0,36814.0,36183.0,35497,34618.0,34077.0,33688.0,33548.0,32370.0,31514.0,31354.0,31105.0,29985.0,29547.0,29696.0,29973.0,29663.0,30171.0,29889.0,30554.0,30923.0,30422.0,29612.0,29479.0,28730.0,28299.0,27939.0,27704.0,26561.0,25763.0,25561.0,24868.0,25973.0,23579.0,24904.0,24496.0,24037.0,24114.0,23629.0,23203.0,23090.0,22788,22700.0,22342.0,22185.0,21902.0,21870.0,21772.0,21861.0,21501.0,21378.0,21366.0,20852.0,20962.0,29109.0,28908.0,28625,28108.0,27951.0,27283.0,27019.0,26871.0,26442.0,25968.0
K,88,9461.0,10217.0,11095.0,11544.0,12670.0,13083.0,14003.0,15001.0,16093.0,17362.0,18790.0,20059.0,21202.0,22697.0,24484.0,25893.0,26468.0,27663.0,28545.0,28510.0,29224.0,29032.0,28361.0,28486.0,29596.0,30110.0,30809.0,31042.0,31874.0,31714.0,32358.0,32924.0,33458.0,34134.0,35371.0,35526.0,36253.0,35605,34903.0,34023.0,33514.0,33103.0,32970.0,31782.0,31007.0,30814.0,30564.0,29436.0,29007.0,29132.0,29435.0,29095.0,29625.0,29341.0,30035.0,30329.0,29866.0,29019.0,28941.0,28198.0,27765.0,27363.0,27134.0,26020.0,25219.0,25027.0,24403.0,25410.0,23060.0,24388.0,23983.0,23538.0,23573.0,23104.0,22658.0,22575,22299.0,22200.0,21855.0,21696.0,21401.0,21355.0,21252.0,21359.0,21019.0,20893.0,20952.0,20420.0,20593.0,28503.0,28381,28083.0,27556.0,27410.0,26759.0,26469.0,26313.0,25914.0
K,89,8104.0,8665.0,9460.0,10323.0,10784.0,11880.0,12281.0,13199.0,14232.0,15351.0,16558.0,18066.0,19358.0,20574.0,22150.0,23972.0,25416.0,25974.0,27165.0,27980.0,27996.0,28719.0,28511.0,27857.0,27962.0,29090.0,29629.0,30306.0,30534.0,31337.0,31220.0,31839.0,32395.0,32963.0,33610.0,34788.0,34944.0,35620,35046.0,34333.0,33463.0,32933.0,32532.0,32407.0,31234.0,30458.0,30275.0,29990.0,28910.0,28529.0,28617.0,28927.0,28577.0,29073.0,28821.0,29457.0,29823.0,29342.0,28453.0,28360.0,27665.0,27188.0,26816.0,26586.0,25507.0,24733.0,24522.0,23861.0,24875.0,22576.0,23873.0,23435.0,23011.0,23043.0,22592.0,22113,22040.0,21844.0,21734.0,21355.0,21194.0,20938.0,20878.0,20789.0,20923.0,20585.0,20442.0,20522.0,20008.0,20175.0,27940,27849.0,27526.0,26995.0,26839.0,26230.0,25900.0,25786.0
K,90,7881.0,8104.0,8665.0,9460.0,10323.0,10784.0,11880.0,12281.0,13199.0,14232.0,15351.0,16558.0,18066.0,19358.0,20574.0,22150.0,23972.0,25416.0,25974.0,27165.0,27980.0,27996.0,28719.0,28511.0,27857.0,27962.0,29090.0,29629.0,30306.0,30534.0,31337.0,31220.0,31839.0,32395.0,32963.0,33610.0,34788.0,34944,35620.0,35046.0,34333.0,33463.0,32933.0,32532.0,32407.0,31234.0,30458.0,30275.0,29990.0,28910.0,28529.0,28617.0,28927.0,28577.0,29073.0,28821.0,29457.0,29823.0,29342.0,28453.0,28360.0,27665.0,27188.0,26816.0,26586.0,25507.0,24733.0,24522.0,23861.0,24875.0,22576.0,23873.0,23435.0,23011.0,23043.0,22592,22113.0,22040.0,21844.0,21734.0,21355.0,21194.0,20938.0,20878.0,20789.0,20923.0,20585.0,20442.0,20522.0,20008.0,20175,27940.0,27849.0,27526.0,26995.0,26839.0,26230.0,25900.0
K,91,5512.0,5896.0,6088.0,6530.0,7118.0,7754.0,8098.0,8968.0,9257.0,9959.0,10695.0,11575.0,12434.0,13576.0,14475.0,15363.0,16534.0,17987.0,18989.0,19436.0,20320.0,20889.0,20898.0,21473.0,21329.0,20829.0,20919.0,21831.0,22215.0,22734.0,22886.0,23481.0,23399.0,23867.0,24294.0,24752.0,25198.0,26124,26211.0,26617.0,26288.0,25744.0,25066.0,24709.0,24395.0,24341.0,23479.0,22823.0,22645.0,22486.0,21638.0,21350.0,21371.0,21645.0,21358.0,21794.0,21600.0,22078.0,22336.0,22003.0,21280.0,21176.0,20712.0,20274.0,20031.0,19813.0,19065.0,18452.0,18319.0,17814.0,18587.0,16835.0,17894.0,17525.0,17181.0,17213,16861.0,16459.0,16417.0,16292.0,16214.0,16061.0,15851.0,15601.0,15618.0,15602.0,15699.0,15481.0,15240.0,15342.0,14981,15177.0,20925.0,20804.0,20677.0,20142.0,20076.0,19572.0
K,92,4198.0,4137.0,4452.0,4610.0,4902.0,5359.0,5784.0,6012.0,6646.0,6862.0,7408.0,7936.0,8677.0,9267.0,10199.0,10938.0,11525.0,12331.0,13360.0,14254.0,14520.0,15250.0,15654.0,15638.0,16081.0,15967.0,15624.0,15743.0,16363.0,16686.0,17020.0,17211.0,17636.0,17666.0,17945.0,18306.0,18641.0,18898,19573.0,19628.0,20039.0,19722.0,19344.0,18898.0,18526.0,18417.0,18425.0,17747.0,17215.0,17074.0,16923.0,16327.0,16091.0,16093.0,16282.0,16040.0,16376.0,16227.0,16559.0,16786.0,16589.0,16047.0,15878.0,15589.0,15225.0,15064.0,14838.0,14302.0,13822.0,13787.0,13376.0,13927.0,12562.0,13455.0,13154.0,12874,12887.0,12708.0,12372.0,12375.0,12236.0,12188.0,12058.0,11832.0,11729.0,11689.0,11715.0,11767.0,11530.0,11397.0,11426,11244.0,11370.0,15774.0,15655.0,15555.0,15070.0,15102.0
K,93,3117.0,3101.0,3099.0,3291.0,3459.0,3669.0,4013.0,4348.0,4537.0,4934.0,5142.0,5571.0,5966.0,6535.0,6990.0,7613.0,8261.0,8644.0,9237.0,10050.0,10746.0,10884.0,11427.0,11746.0,11700.0,12038.0,12101.0,11757.0,11821.0,12300.0,12582.0,12726.0,12988.0,13271.0,13312.0,13422.0,13742.0,14007,14155.0,14709.0,14695.0,14971.0,14786.0,14534.0,14257.0,13877.0,13785.0,13810.0,13347.0,12789.0,12822.0,12658.0,12145.0,11966.0,12107.0,12181.0,12073.0,12278.0,12159.0,12387.0,12575.0,12418.0,11995.0,11865.0,11623.0,11402.0,11291.0,11043.0,10745.0,10436.0,10422.0,10066.0,10506.0,9473.0,10086.0,9908,9618.0,9671.0,9572.0,9264.0,9269.0,9160.0,9106.0,9015.0,8812.0,8753.0,8725.0,8725.0,8749.0,8637.0,8483,8542.0,8395.0,8474.0,11831.0,11670.0,11627.0,11288.0
K,94,2342.0,2339.0,2315.0,2326.0,2439.0,2610.0,2746.0,2949.0,3248.0,3426.0,3659.0,3843.0,4143.0,4456.0,4839.0,5217.0,5710.0,6117.0,6504.0,6844.0,7517.0,8034.0,8110.0,8588.0,8790.0,8773.0,9126.0,9130.0,8847.0,8922.0,9315.0,9492.0,9557.0,9718.0,9960.0,9969.0,10047.0,10194,10461.0,10628.0,11127.0,10928.0,11243.0,11010.0,10849.0,10599.0,10361.0,10317.0,10342.0,10067.0,9660.0,9604.0,9485.0,9062.0,9016.0,9134.0,9209.0,9017.0,9306.0,9163.0,9304.0,9553.0,9380.0,9015.0,8959.0,8781.0,8543.0,8505.0,8389.0,8146.0,7877.0,7800.0,7562.0,7871.0,7134.0,7575,7408.0,7248.0,7275.0,7234.0,6971.0,6968.0,6930.0,6841.0,6737.0,6647.0,6556.0,6549.0,6553.0,6626.0,6556,6347.0,6436.0,6285.0,6352.0,8876.0,8754.0,8724.0
K,95,1820.0,1770.0,1778.0,1762.0,1756.0,1828.0,1951.0,2066.0,2184.0,2435.0,2569.0,2719.0,2875.0,3149.0,3319.0,3670.0,3936.0,4249.0,4619.0,4837.0,5126.0,5595.0,5920.0,6094.0,6437.0,6623.0,6585.0,6809.0,6839.0,6635.0,6656.0,6965.0,7149.0,7233.0,7346.0,7460.0,7459.0,7554,7649.0,7879.0,8004.0,8371.0,8145.0,8407.0,8209.0,8133.0,7880.0,7773.0,7683.0,7723.0,7519.0,7213.0,7161.0,7075.0,6764.0,6719.0,6811.0,6854.0,6671.0,6987.0,6835.0,6989.0,7117.0,7044.0,6754.0,6717.0,6598.0,6396.0,6388.0,6244.0,6063.0,5881.0,5894.0,5715.0,5841.0,5422,5667.0,5615.0,5463.0,5444.0,5491.0,5236.0,5202.0,5233.0,5104.0,5073.0,5004.0,4950.0,4919.0,4914.0,4986,4989.0,4780.0,4823.0,4672.0,4768.0,6653.0,6544.0
K,96,1416.0,1372.0,1339.0,1330.0,1311.0,1313.0,1386.0,1464.0,1541.0,1646.0,1859.0,1947.0,2081.0,2176.0,2397.0,2510.0,2782.0,2908.0,3198.0,3427.0,3634.0,3781.0,4156.0,4373.0,4476.0,4706.0,4878.0,4948.0,5129.0,5134.0,4943.0,4982.0,5243.0,5404.0,5429.0,5518.0,5578.0,5552,5685.0,5783.0,5999.0,6042.0,6271.0,6135.0,6312.0,6202.0,6093.0,5932.0,5837.0,5752.0,5760.0,5613.0,5391.0,5388.0,5280.0,5045.0,5019.0,5145.0,5124.0,5008.0,5265.0,5146.0,5178.0,5301.0,5201.0,4995.0,5016.0,4968.0,4776.0,4743.0,4662.0,4460.0,4410.0,4416.0,4291.0,4421,4126.0,4229.0,4176.0,4013.0,4032.0,4071.0,3932.0,3877.0,3916.0,3860.0,3798.0,3744.0,3730.0,3653.0,3685,3730.0,3726.0,3537.0,3571.0,3506.0,3548.0,4918.0
K,97,939.0,1038.0,1023.0,991.0,1018.0,977.0,972.0,1058.0,1110.0,1164.0,1255.0,1403.0,1489.0,1558.0,1622.0,1829.0,1878.0,2073.0,2219.0,2400.0,2568.0,2722.0,2856.0,3102.0,3238.0,3312.0,3505.0,3613.0,3736.0,3845.0,3865.0,3716.0,3724.0,3908.0,4040.0,4097.0,4103.0,4208,4148.0,4186.0,4267.0,4421.0,4535.0,4676.0,4568.0,4721.0,4610.0,4538.0,4397.0,4325.0,4223.0,4263.0,4175.0,4015.0,3969.0,3893.0,3736.0,3727.0,3879.0,3853.0,3727.0,3886.0,3852.0,3813.0,3940.0,3852.0,3710.0,3707.0,3694.0,3530.0,3513.0,3458.0,3388.0,3278.0,3347.0,3153,3349.0,3129.0,3225.0,3162.0,3050.0,3092.0,3014.0,2959.0,2922.0,2973.0,2915.0,2897.0,2839.0,2812.0,2753,2790.0,2819.0,2786.0,2676.0,2715.0,2665.0,2682.0
K,98,691.0,709.0,772.0,781.0,752.0,770.0,735.0,720.0,779.0,839.0,905.0,941.0,1055.0,1134.0,1183.0,1251.0,1380.0,1408.0,1527.0,1670.0,1809.0,1916.0,2048.0,2167.0,2324.0,2409.0,2469.0,2614.0,2687.0,2804.0,2872.0,2895.0,2793.0,2775.0,2960.0,3037.0,3061.0,3098,3112.0,3102.0,3191.0,3225.0,3364.0,3402.0,3495.0,3387.0,3499.0,3470.0,3391.0,3256.0,3211.0,3165.0,3149.0,3107.0,2983.0,2965.0,2874.0,2776.0,2815.0,2898.0,2863.0,2767.0,2856.0,2870.0,2830.0,2918.0,2852.0,2736.0,2762.0,2782.0,2593.0,2604.0,2586.0,2553.0,2518.0,2540,2392.0,2536.0,2351.0,2410.0,2395.0,2313.0,2346.0,2254.0,2232.0,2212.0,2258.0,2240.0,2212.0,2140.0,2106,2069.0,2120.0,2106.0,2093.0,2007.0,2016.0,1967.0
K,99,483.0,530.0,547.0,599.0,592.0,584.0,571.0,529.0,547.0,584.0,629.0,694.0,704.0,794.0,848.0,887.0,912.0,1034.0,1015.0,1124.0,1257.0,1357.0,1420.0,1530.0,1596.0,1752.0,1760.0,1793.0,1977.0,1959.0,2076.0,2146.0,2127.0,2041.0,2079.0,2167.0,2297.0,2267,2293.0,2314.0,2301.0,2363.0,2385.0,2470.0,2541.0,2606.0,2540.0,2611.0,2598.0,2518.0,2430.0,2425.0,2364.0,2324.0,2305.0,2195.0,2217.0,2156.0,2102.0,2109.0,2171.0,2141.0,2081.0,2132.0,2151.0,2108.0,2163.0,2128.0,2050.0,2056.0,2101.0,1914.0,1965.0,1953.0,1920.0,1875,1884.0,1826.0,1922.0,1747.0,1841.0,1818.0,1765.0,1790.0,1718.0,1729.0,1676.0,1683.0,1706.0,1682.0,1611,1587.0,1571.0,1628.0,1614.0,1577.0,1541.0,1540.0
K,100,332.0,367.0,399.0,409.0,450.0,435.0,431.0,428.0,396.0,419.0,446.0,483.0,530.0,527.0,590.0,610.0,657.0,696.0,768.0,759.0,839.0,954.0,1030.0,1070.0,1144.0,1190.0,1293.0,1338.0,1355.0,1480.0,1483.0,1576.0,1602.0,1595.0,1488.0,1559.0,1644.0,1743,1715.0,1714.0,1736.0,1723.0,1760.0,1757.0,1848.0,1888.0,1934.0,1897.0,1951.0,1943.0,1886.0,1814.0,1809.0,1782.0,1747.0,1734.0,1629.0,1658.0,1599.0,1561.0,1581.0,1633.0,1602.0,1584.0,1601.0,1639.0,1604.0,1625.0,1581.0,1521.0,1529.0,1554.0,1437.0,1492.0,1492.0,1449,1392.0,1433.0,1373.0,1471.0,1302.0,1392.0,1373.0,1358.0,1385.0,1325.0,1323.0,1262.0,1274.0,1307.0,1280,1218.0,1223.0,1195.0,1215.0,1195.0,1174.0,1179.0
K,101,98.0,113.0,135.0,151.0,142.0,143.0,151.0,155.0,149.0,140.0,146.0,154.0,162.0,197.0,204.0,222.0,232.0,243.0,250.0,297.0,287.0,342.0,365.0,390.0,414.0,437.0,457.0,474.0,488.0,485.0,541.0,562.0,586.0,587.0,594.0,551.0,566.0,587,625.0,615.0,636.0,639.0,641.0,623.0,636.0,664.0,697.0,711.0,697.0,707.0,719.0,693.0,658.0,657.0,633.0,623.0,616.0,605.0,621.0,589.0,562.0,600.0,601.0,592.0,586.0,586.0,601.0,593.0,566.0,581.0,542.0,568.0,568.0,540.0,533.0,555,536.0,512.0,514.0,500.0,551.0,488.0,544.0,524.0,526.0,533.0,496.0,518.0,482.0,490.0,478,474.0,447.0,454.0,458.0,458.0,449.0,433.0
K,102,48.0,39.0,46.0,55.0,59.0,59.0,68.0,64.0,62.0,67.0,59.0,66.0,62.0,65.0,66.0,87.0,89.0,85.0,83.0,91.0,115.0,101.0,130.0,140.0,157.0,159.0,165.0,167.0,174.0,179.0,181.0,194.0,212.0,232.0,227.0,217.0,202.0,236,231.0,250.0,237.0,247.0,255.0,258.0,247.0,249.0,257.0,260.0,269.0,297.0,276.0,308.0,272.0,264.0,246.0,244.0,256.0,246.0,238.0,253.0,243.0,220.0,233.0,236.0,231.0,227.0,239.0,241.0,246.0,232.0,242.0,214.0,209.0,209.0,207.0,195,202.0,197.0,195.0,190.0,195.0,208.0,174.0,200.0,201.0,199.0,199.0,172.0,186.0,179.0,186,184.0,166.0,157.0,158.0,163.0,175.0,164.0
K,103,24.0,21.0,18.0,21.0,19.0,23.0,23.0,31.0,32.0,29.0,35.0,24.0,28.0,24.0,30.0,24.0,27.0,34.0,37.0,25.0,31.0,40.0,41.0,49.0,55.0,59.0,63.0,59.0,56.0,65.0,71.0,67.0,80.0,75.0,92.0,98.0,88.0,76,93.0,79.0,96.0,86.0,88.0,91.0,101.0,105.0,93.0,96.0,97.0,96.0,114.0,107.0,112.0,91.0,97.0,92.0,97.0,96.0,94.0,93.0,90.0,95.0,87.0,100.0,99.0,101.0,99.0,94.0,95.0,93.0,96.0,83.0,85.0,85.0,92.0,87,74.0,82.0,90.0,86.0,81.0,87.0,79.0,66.0,80.0,70.0,80.0,73.0,60.0,62.0,56,70.0,68.0,56.0,55.0,56.0,55.0,58.0
K,104,11.0,12.0,10.0,9.0,9.0,5.0,7.0,11.0,9.0,15.0,10.0,18.0,8.0,14.0,8.0,11.0,10.0,12.0,14.0,7.0,7.0,18.0,19.0,14.0,18.0,14.0,20.0,25.0,21.0,19.0,21.0,23.0,29.0,23.0,24.0,30.0,36.0,30,25.0,23.0,24.0,36.0,28.0,34.0,33.0,35.0,36.0,32.0,31.0,35.0,39.0,43.0,33.0,43.0,31.0,38.0,32.0,29.0,37.0,32.0,34.0,35.0,33.0,32.0,39.0,38.0,31.0,44.0,36.0,33.0,28.0,37.0,30.0,27.0,36.0,30,26.0,31.0,33.0,39.0,38.0,28.0,33.0,23.0,28.0,27.0,26.0,29.0,26.0,20.0,16,16.0,29.0,27.0,25.0,20.0,23.0,15.0
K,105,1.0,3.0,4.0,5.0,3.0,2.0,2.0,2.0,3.0,4.0,6.0,5.0,9.0,4.0,6.0,,4.0,3.0,6.0,11.0,3.0,1.0,10.0,7.0,3.0,8.0,7.0,11.0,12.0,11.0,7.0,8.0,11.0,15.0,9.0,8.0,12.0,11,9.0,12.0,9.0,6.0,13.0,12.0,14.0,11.0,11.0,14.0,14.0,14.0,13.0,16.0,17.0,12.0,14.0,13.0,13.0,11.0,10.0,15.0,12.0,16.0,11.0,6.0,11.0,14.0,13.0,13.0,16.0,19.0,14.0,11.0,18.0,14.0,13.0,15,12.0,8.0,9.0,13.0,13.0,18.0,8.0,12.0,7.0,6.0,13.0,16.0,15.0,14.0,10,9.0,5.0,14.0,13.0,11.0,8.0,10.0
K,106,3.0,1.0,1.0,2.0,,2.0,,1.0,,1.0,,2.0,,2.0,2.0,2.0,,2.0,1.0,,6.0,1.0,1.0,5.0,3.0,2.0,3.0,2.0,3.0,4.0,4.0,5.0,3.0,5.0,5.0,5.0,4.0,7,5.0,2.0,3.0,3.0,3.0,5.0,4.0,5.0,4.0,3.0,6.0,4.0,7.0,3.0,7.0,3.0,4.0,3.0,5.0,8.0,5.0,4.0,10.0,5.0,5.0,4.0,4.0,3.0,5.0,7.0,6.0,7.0,8.0,6.0,4.0,4.0,5.0,8,5.0,3.0,4.0,4.0,5.0,6.0,8.0,5.0,8.0,3.0,3.0,5.0,6.0,6.0,6,5.0,3.0,2.0,8.0,6.0,4.0,6.0
K,107,,1.0,1.0,1.0,1.0,,2.0,,,,,,2.0,,2.0,1.0,1.0,,,1.0,,1.0,1.0,1.0,3.0,1.0,2.0,,,,1.0,2.0,3.0,2.0,2.0,1.0,1.0,2,3.0,3.0,1.0,1.0,1.0,1.0,1.0,2.0,3.0,2.0,,5.0,1.0,2.0,1.0,3.0,2.0,,1.0,3.0,2.0,1.0,2.0,4.0,1.0,2.0,1.0,1.0,1.0,1.0,3.0,3.0,2.0,3.0,4.0,2.0,2.0,3,4.0,1.0,1.0,2.0,3.0,2.0,3.0,7.0,3.0,4.0,,3.0,2.0,1.0,2,3.0,1.0,2.0,,4.0,3.0,1.0
K,108,1.0,,,,1.0,,,,,,,,,2.0,,,1.0,,,,1.0,,,,1.0,1.0,,1.0,,,,1.0,1.0,3.0,,1.0,1.0,1,1.0,1.0,2.0,,,,,1.0,,2.0,1.0,,3.0,,,,1.0,1.0,,,2.0,2.0,1.0,,2.0,,1.0,1.0,1.0,1.0,1.0,,3.0,,2.0,2.0,1.0,2,1.0,2.0,,,2.0,1.0,,2.0,2.0,1.0,2.0,,2.0,2.0,1,2.0,3.0,,1.0,,3.0,2.0
K,109,,,,,,1.0,,,,,,,,,1.0,,,1.0,,,,1.0,,,,1.0,,,,,,,,,,,1.0,1,,1.0,,2.0,,,,,,,1.0,,,2.0,,,,,1.0,,,,,1.0,,,,1.0,1.0,,1.0,1.0,,2.0,,,,1,1.0,1.0,2.0,,,,,,,1.0,,1.0,,1.0,1,1.0,2.0,2.0,,,,2.0
M,0,24909.0,34460.0,34158.0,33543.0,33387.0,32742.0,32364.0,31916.0,31179.0,30899.0,30384.0,30015.0,29954.0,29263.0,29186.0,28867.0,28415.0,28264.0,28160.0,27843.0,27413.0,27579.0,27276.0,27100.0,27309.0,27335.0,27195.0,27826.0,28153.0,28468.0,28993.0,29627.0,29882.0,30566.0,31136.0,31395.0,31756.0,31263,31582.0,31547.0,31163.0,31077.0,30694.0,30627.0,30085.0,30017.0,29629.0,29467.0,29102.0,28972.0,28662.0,28522.0,28336.0,28403.0,28563.0,28724.0,28807.0,28809.0,28995.0,29155.0,29316.0,29952.0,30282.0,30443.0,30378.0,31052.0,31402.0,31496.0,31700.0,31412.0,31389.0,31509.0,31739.0,31143.0,31059.0,30961,30658.0,30446.0,30328.0,30325.0,30009.0,29972.0,29681.0,29579.0,29907.0,29869.0,29622.0,29881.0,30311.0,30181.0,30321,30457.0,30602.0,30723.0,30959.0,31306.0,31297.0,31367.0
M,1,25286.0,24909.0,34460.0,34158.0,33543.0,33387.0,32742.0,32364.0,31915.0,31179.0,30899.0,30384.0,30015.0,29954.0,29263.0,29186.0,28867.0,28415.0,28264.0,28160.0,27843.0,27413.0,27579.0,27276.0,27100.0,27309.0,27335.0,27195.0,27825.0,28153.0,28466.0,28993.0,29627.0,29882.0,30566.0,31136.0,31395.0,31756,31263.0,31582.0,31547.0,31163.0,31077.0,30694.0,30627.0,30085.0,30017.0,29629.0,29467.0,29102.0,28972.0,28662.0,28521.0,28336.0,28403.0,28562.0,28724.0,28807.0,28808.0,28995.0,29155.0,29316.0,29952.0,30282.0,30443.0,30378.0,31052.0,31402.0,31496.0,31700.0,31412.0,31389.0,31509.0,31739.0,31143.0,31059,30961.0,30658.0,30446.0,30328.0,30325.0,30009.0,29972.0,29681.0,29579.0,29907.0,29869.0,29621.0,29881.0,30310.0,30181,30321.0,30457.0,30602.0,30723.0,30959.0,31306.0,31297.0
M,2,25179.0,25286.0,24909.0,34460.0,34158.0,33543.0,33387.0,32742.0,32363.0,31915.0,31179.0,30899.0,30383.0,30015.0,29952.0,29263.0,29186.0,28867.0,28415.0,28264.0,28160.0,27843.0,27413.0,27579.0,27276.0,27100.0,27309.0,27335.0,27195.0,27825.0,28153.0,28466.0,28992.0,29627.0,29881.0,30566.0,31136.0,31395,31756.0,31263.0,31582.0,31547.0,31163.0,31077.0,30694.0,30627.0,30085.0,30017.0,29629.0,29467.0,29102.0,28972.0,28662.0,28521.0,28336.0,28403.0,28562.0,28724.0,28807.0,28808.0,28995.0,29155.0,29316.0,29952.0,30282.0,30443.0,30378.0,31052.0,31402.0,31496.0,31700.0,31412.0,31389.0,31509.0,31739.0,31143,31059.0,30961.0,30657.0,30446.0,30328.0,30325.0,30009.0,29971.0,29681.0,29579.0,29907.0,29869.0,29621.0,29881.0,30310,30181.0,30321.0,30457.0,30602.0,30723.0,30959.0,31306.0
M,3,25319.0,25179.0,25286.0,24909.0,34460.0,34158.0,33543.0,33386.0,32742.0,32363.0,31915.0,31179.0,30899.0,30383.0,30015.0,29952.0,29263.0,29186.0,28866.0,28415.0,28264.0,28160.0,27843.0,27413.0,27579.0,27276.0,27100.0,27309.0,27335.0,27195.0,27825.0,28153.0,28466.0,28992.0,29627.0,29881.0,30566.0,31136,31395.0,31756.0,31263.0,31582.0,31547.0,31163.0,31077.0,30694.0,30627.0,30085.0,30017.0,29629.0,29467.0,29102.0,28972.0,28662.0,28521.0,28336.0,28403.0,28562.0,28724.0,28807.0,28808.0,28995.0,29155.0,29316.0,29952.0,30282.0,30443.0,30378.0,31052.0,31402.0,31496.0,31700.0,31412.0,31389.0,31509.0,31739,31143.0,31059.0,30961.0,30657.0,30446.0,30327.0,30325.0,30009.0,29971.0,29681.0,29579.0,29907.0,29869.0,29620.0,29881,30310.0,30181.0,30321.0,30457.0,30602.0,30723.0,30959.0
M,4,25548.0,25319.0,25179.0,25286.0,24908.0,34460.0,34158.0,33542.0,33386.0,32742.0,32363.0,31915.0,31179.0,30899.0,30383.0,30015.0,29952.0,29263.0,29186.0,28866.0,28415.0,28264.0,28160.0,27843.0,27413.0,27579.0,27276.0,27100.0,27309.0,27335.0,27195.0,27825.0,28153.0,28466.0,28992.0,29627.0,29881.0,30566,31136.0,31395.0,31756.0,31263.0,31582.0,31547.0,31163.0,31077.0,30694.0,30627.0,30085.0,30017.0,29629.0,29467.0,29102.0,28972.0,28662.0,28521.0,28336.0,28403.0,28562.0,28723.0,28807.0,28808.0,28995.0,29155.0,29316.0,29952.0,30282.0,30443.0,30378.0,31052.0,31402.0,31496.0,31699.0,31412.0,31389.0,31509,31739.0,31143.0,31059.0,30961.0,30657.0,30446.0,30327.0,30325.0,30009.0,29971.0,29681.0,29579.0,29907.0,29869.0,29620,29881.0,30310.0,30181.0,30321.0,30457.0,30602.0,30723.0
M,5,25460.0,25547.0,25318.0,25179.0,25286.0,24908.0,34460.0,34158.0,33542.0,33386.0,32742.0,32363.0,31915.0,31179.0,30899.0,30383.0,30015.0,29952.0,29263.0,29186.0,28866.0,28415.0,28264.0,28160.0,27843.0,27413.0,27579.0,27276.0,27100.0,27309.0,27335.0,27195.0,27825.0,28153.0,28466.0,28992.0,29627.0,29881,30566.0,31136.0,31395.0,31756.0,31263.0,31582.0,31547.0,31163.0,31077.0,30694.0,30627.0,30085.0,30017.0,29629.0,29467.0,29102.0,28972.0,28662.0,28521.0,28336.0,28403.0,28562.0,28723.0,28807.0,28808.0,28995.0,29155.0,29316.0,29952.0,30282.0,30443.0,30378.0,31051.0,31401.0,31496.0,31699.0,31412.0,31389,31509.0,31738.0,31142.0,31059.0,30961.0,30657.0,30446.0,30327.0,30325.0,30009.0,29971.0,29681.0,29579.0,29907.0,29869,29620.0,29881.0,30310.0,30181.0,30321.0,30457.0,30602.0
M,6,25699.0,25460.0,25547.0,25318.0,25179.0,25286.0,24908.0,34460.0,34158.0,33542.0,33386.0,32742.0,32363.0,31915.0,31179.0,30899.0,30383.0,30015.0,29952.0,29263.0,29186.0,28866.0,28415.0,28263.0,28160.0,27843.0,27413.0,27579.0,27276.0,27100.0,27309.0,27335.0,27195.0,27825.0,28153.0,28466.0,28992.0,29627,29881.0,30566.0,31136.0,31395.0,31756.0,31263.0,31582.0,31547.0,31163.0,31077.0,30694.0,30626.0,30085.0,30017.0,29629.0,29467.0,29102.0,28972.0,28662.0,28521.0,28336.0,28403.0,28562.0,28723.0,28807.0,28808.0,28995.0,29155.0,29316.0,29952.0,30282.0,30443.0,30378.0,31050.0,31401.0,31496.0,31698.0,31412,31389.0,31509.0,31738.0,31142.0,31059.0,30961.0,30657.0,30446.0,30327.0,30325.0,30009.0,29971.0,29681.0,29579.0,29907,29868.0,29620.0,29881.0,30310.0,30181.0,30321.0,30457.0
M,7,25891.0,25698.0,25460.0,25547.0,25318.0,25179.0,25285.0,24908.0,34460.0,34158.0,33542.0,33386.0,32742.0,32363.0,31915.0,31178.0,30899.0,30383.0,30015.0,29952.0,29263.0,29186.0,28866.0,28415.0,28263.0,28160.0,27843.0,27413.0,27579.0,27276.0,27100.0,27309.0,27335.0,27195.0,27824.0,28153.0,28466.0,28992,29627.0,29881.0,30566.0,31135.0,31395.0,31756.0,31263.0,31582.0,31547.0,31163.0,31077.0,30694.0,30626.0,30085.0,30017.0,29629.0,29467.0,29102.0,28971.0,28662.0,28521.0,28336.0,28403.0,28562.0,28723.0,28807.0,28808.0,28995.0,29155.0,29316.0,29952.0,30282.0,30443.0,30378.0,31050.0,31401.0,31496.0,31698,31412.0,31389.0,31509.0,31738.0,31142.0,31058.0,30961.0,30657.0,30446.0,30327.0,30325.0,30009.0,29971.0,29681.0,29579,29907.0,29868.0,29620.0,29881.0,30310.0,30180.0,30321.0
M,8,25995.0,25891.0,25698.0,25460.0,25547.0,25318.0,25179.0,25284.0,24908.0,34459.0,34158.0,33542.0,33386.0,32742.0,32363.0,31915.0,31178.0,30899.0,30383.0,30015.0,29952.0,29262.0,29186.0,28866.0,28415.0,28263.0,28160.0,27843.0,27413.0,27579.0,27276.0,27100.0,27309.0,27335.0,27195.0,27823.0,28151.0,28466,28992.0,29627.0,29881.0,30566.0,31135.0,31395.0,31756.0,31263.0,31582.0,31547.0,31163.0,31077.0,30694.0,30626.0,30085.0,30016.0,29629.0,29467.0,29102.0,28971.0,28662.0,28521.0,28336.0,28403.0,28562.0,28723.0,28807.0,28808.0,28994.0,29155.0,29316.0,29952.0,30282.0,30442.0,30378.0,31050.0,31401.0,31496,31698.0,31412.0,31389.0,31509.0,31738.0,31142.0,31058.0,30961.0,30657.0,30446.0,30327.0,30325.0,30009.0,29971.0,29681,29579.0,29907.0,29867.0,29620.0,29881.0,30310.0,30179.0
M,9,26233.0,25995.0,25891.0,25698.0,25460.0,25547.0,25318.0,25179.0,25284.0,24908.0,34459.0,34158.0,33542.0,33386.0,32742.0,32363.0,31915.0,31178.0,30899.0,30383.0,30015.0,29952.0,29262.0,29186.0,28866.0,28415.0,28262.0,28160.0,27843.0,27413.0,27579.0,27276.0,27100.0,27308.0,27335.0,27195.0,27823.0,28151,28466.0,28992.0,29627.0,29881.0,30566.0,31135.0,31395.0,31756.0,31263.0,31582.0,31547.0,31163.0,31077.0,30694.0,30626.0,30085.0,30016.0,29629.0,29466.0,29102.0,28971.0,28662.0,28521.0,28336.0,28403.0,28562.0,28723.0,28807.0,28808.0,28994.0,29155.0,29316.0,29952.0,30282.0,30442.0,30378.0,31050.0,31401,31496.0,31698.0,31412.0,31389.0,31509.0,31738.0,31142.0,31058.0,30961.0,30657.0,30446.0,30327.0,30325.0,30009.0,29971,29681.0,29578.0,29907.0,29867.0,29620.0,29881.0,30310.0
M,10,26303.0,26233.0,25995.0,25891.0,25697.0,25460.0,25547.0,25318.0,25179.0,25284.0,24908.0,34459.0,34158.0,33542.0,33386.0,32742.0,32363.0,31915.0,31178.0,30899.0,30383.0,30015.0,29952.0,29262.0,29186.0,28866.0,28415.0,28262.0,28160.0,27843.0,27413.0,27579.0,27276.0,27100.0,27308.0,27335.0,27195.0,27823,28151.0,28466.0,28992.0,29627.0,29881.0,30566.0,31135.0,31395.0,31756.0,31263.0,31582.0,31547.0,31163.0,31077.0,30694.0,30625.0,30085.0,30016.0,29629.0,29466.0,29102.0,28971.0,28662.0,28521.0,28336.0,28403.0,28562.0,28723.0,28806.0,28808.0,28994.0,29155.0,29316.0,29952.0,30282.0,30442.0,30377.0,31050,31401.0,31496.0,31698.0,31411.0,31389.0,31509.0,31738.0,31142.0,31058.0,30961.0,30657.0,30446.0,30327.0,30325.0,30009,29971.0,29681.0,29578.0,29907.0,29867.0,29620.0,29881.0
M,11,26613.0,26303.0,26233.0,25995.0,25891.0,25697.0,25460.0,25547.0,25318.0,25179.0,25284.0,24908.0,34459.0,34158.0,33542.0,33386.0,32742.0,32363.0,31915.0,31178.0,30899.0,30383.0,30015.0,29952.0,29262.0,29186.0,28866.0,28415.0,28262.0,28160.0,27843.0,27413.0,27579.0,27276.0,27100.0,27308.0,27335.0,27195,27823.0,28151.0,28466.0,28992.0,29627.0,29881.0,30566.0,31135.0,31395.0,31756.0,31263.0,31582.0,31547.0,31163.0,31077.0,30694.0,30625.0,30085.0,30016.0,29629.0,29466.0,29102.0,28971.0,28662.0,28521.0,28336.0,28403.0,28562.0,28723.0,28806.0,28808.0,28994.0,29155.0,29316.0,29952.0,30282.0,30442.0,30377,31050.0,31401.0,31496.0,31698.0,31411.0,31389.0,31509.0,31738.0,31142.0,31058.0,30961.0,30657.0,30446.0,30327.0,30325,30009.0,29971.0,29681.0,29578.0,29907.0,29867.0,29619.0
M,12,26978.0,26613.0,26302.0,26233.0,25994.0,25891.0,25697.0,25460.0,25547.0,25318.0,25179.0,25284.0,24908.0,34459.0,34158.0,33541.0,33386.0,32742.0,32363.0,31915.0,31178.0,30899.0,30383.0,30015.0,29952.0,29262.0,29186.0,28866.0,28415.0,28262.0,28160.0,27843.0,27413.0,27579.0,27276.0,27100.0,27308.0,27335,27195.0,27823.0,28151.0,28466.0,28992.0,29627.0,29881.0,30566.0,31135.0,31395.0,31756.0,31262.0,31582.0,31547.0,31163.0,31077.0,30694.0,30625.0,30085.0,30016.0,29629.0,29465.0,29102.0,28971.0,28662.0,28521.0,28336.0,28403.0,28562.0,28723.0,28806.0,28808.0,28994.0,29155.0,29316.0,29952.0,30282.0,30442,30377.0,31050.0,31400.0,31496.0,31698.0,31411.0,31389.0,31509.0,31738.0,31142.0,31058.0,30961.0,30657.0,30446.0,30327,30325.0,30009.0,29971.0,29681.0,29578.0,29907.0,29867.0
M,13,27336.0,26978.0,26613.0,26302.0,26233.0,25994.0,25891.0,25697.0,25460.0,25547.0,25318.0,25178.0,25284.0,24908.0,34459.0,34158.0,33541.0,33386.0,32742.0,32363.0,31915.0,31178.0,30899.0,30383.0,30015.0,29952.0,29262.0,29186.0,28866.0,28415.0,28262.0,28160.0,27843.0,27413.0,27579.0,27276.0,27100.0,27308,27335.0,27195.0,27823.0,28151.0,28466.0,28992.0,29627.0,29881.0,30566.0,31135.0,31395.0,31756.0,31262.0,31582.0,31547.0,31163.0,31077.0,30694.0,30625.0,30085.0,30016.0,29629.0,29465.0,29102.0,28971.0,28662.0,28521.0,28336.0,28403.0,28562.0,28723.0,28806.0,28808.0,28994.0,29155.0,29316.0,29952.0,30282,30442.0,30377.0,31050.0,31400.0,31496.0,31698.0,31411.0,31389.0,31509.0,31738.0,31142.0,31058.0,30961.0,30657.0,30446,30327.0,30325.0,30009.0,29971.0,29681.0,29578.0,29907.0
M,14,27556.0,27336.0,26978.0,26613.0,26302.0,26233.0,25994.0,25891.0,25697.0,25460.0,25547.0,25318.0,25178.0,25284.0,24908.0,34459.0,34158.0,33541.0,33386.0,32742.0,32363.0,31915.0,31178.0,30899.0,30383.0,30015.0,29952.0,29262.0,29186.0,28866.0,28415.0,28261.0,28160.0,27843.0,27413.0,27579.0,27276.0,27100,27308.0,27335.0,27195.0,27823.0,28151.0,28466.0,28992.0,29627.0,29881.0,30566.0,31135.0,31395.0,31756.0,31262.0,31581.0,31547.0,31163.0,31077.0,30694.0,30625.0,30085.0,30016.0,29629.0,29465.0,29102.0,28971.0,28662.0,28521.0,28336.0,28403.0,28561.0,28723.0,28806.0,28808.0,28994.0,29155.0,29316.0,29952,30282.0,30442.0,30377.0,31050.0,31400.0,31496.0,31698.0,31411.0,31389.0,31509.0,31738.0,31142.0,31058.0,30961.0,30657,30446.0,30327.0,30325.0,30009.0,29971.0,29681.0,29578.0
M,15,27859.0,27556.0,27336.0,26978.0,26613.0,26302.0,26232.0,25994.0,25891.0,25697.0,25460.0,25547.0,25318.0,25178.0,25284.0,24908.0,34459.0,34158.0,33541.0,33386.0,32742.0,32363.0,31915.0,31178.0,30899.0,30383.0,30015.0,29952.0,29262.0,29186.0,28866.0,28415.0,28261.0,28160.0,27843.0,27413.0,27579.0,27276,27100.0,27308.0,27335.0,27195.0,27823.0,28151.0,28466.0,28992.0,29627.0,29881.0,30566.0,31135.0,31395.0,31756.0,31262.0,31581.0,31547.0,31163.0,31077.0,30694.0,30625.0,30085.0,30016.0,29629.0,29465.0,29102.0,28971.0,28662.0,28521.0,28336.0,28403.0,28561.0,28723.0,28806.0,28808.0,28994.0,29155.0,29316,29952.0,30282.0,30442.0,30377.0,31050.0,31400.0,31496.0,31698.0,31411.0,31389.0,31509.0,31738.0,31142.0,31058.0,30961,30657.0,30446.0,30327.0,30325.0,30009.0,29971.0,29681.0
M,16,28020.0,27858.0,27556.0,27336.0,26978.0,26613.0,26302.0,26232.0,25994.0,25891.0,25697.0,25460.0,25547.0,25318.0,25178.0,25284.0,24908.0,34459.0,34158.0,33541.0,33386.0,32742.0,32363.0,31915.0,31178.0,30899.0,30383.0,30015.0,29952.0,29262.0,29186.0,28866.0,28415.0,28261.0,28160.0,27843.0,27413.0,27579,27276.0,27100.0,27308.0,27335.0,27195.0,27823.0,28151.0,28466.0,28992.0,29627.0,29881.0,30566.0,31135.0,31395.0,31756.0,31262.0,31581.0,31547.0,31163.0,31077.0,30694.0,30625.0,30085.0,30016.0,29629.0,29465.0,29102.0,28971.0,28662.0,28521.0,28336.0,28403.0,28561.0,28723.0,28806.0,28808.0,28994.0,29155,29316.0,29952.0,30282.0,30442.0,30377.0,31050.0,31400.0,31496.0,31698.0,31411.0,31389.0,31509.0,31738.0,31142.0,31058,30961.0,30657.0,30446.0,30327.0,30325.0,30009.0,29971.0
M,17,28471.0,28020.0,27857.0,27556.0,27336.0,26978.0,26613.0,26302.0,26232.0,25994.0,25891.0,25697.0,25460.0,25547.0,25318.0,25178.0,25284.0,24908.0,34459.0,34157.0,33541.0,33386.0,32742.0,32363.0,31915.0,31178.0,30899.0,30383.0,30015.0,29952.0,29262.0,29186.0,28866.0,28415.0,28261.0,28160.0,27843.0,27413,27579.0,27276.0,27100.0,27308.0,27335.0,27195.0,27823.0,28151.0,28466.0,28992.0,29627.0,29881.0,30566.0,31135.0,31395.0,31756.0,31262.0,31581.0,31547.0,31163.0,31077.0,30694.0,30625.0,30085.0,30016.0,29629.0,29465.0,29102.0,28971.0,28662.0,28521.0,28336.0,28403.0,28561.0,28723.0,28806.0,28808.0,28994,29155.0,29316.0,29952.0,30282.0,30442.0,30377.0,31050.0,31400.0,31496.0,31698.0,31411.0,31389.0,31509.0,31738.0,31142,31057.0,30961.0,30657.0,30446.0,30327.0,30325.0,30009.0
M,18,28785.0,28471.0,28020.0,27857.0,27555.0,27336.0,26977.0,26613.0,26302.0,26230.0,25994.0,25891.0,25696.0,25460.0,25547.0,25318.0,25178.0,25284.0,24908.0,34459.0,34157.0,33541.0,33386.0,32742.0,32363.0,31915.0,31178.0,30898.0,30383.0,30015.0,29952.0,29262.0,29186.0,28866.0,28415.0,28261.0,28160.0,27843,27413.0,27579.0,27276.0,27100.0,27308.0,27335.0,27195.0,27823.0,28151.0,28466.0,28992.0,29627.0,29881.0,30566.0,31135.0,31395.0,31756.0,31262.0,31581.0,31547.0,31163.0,31077.0,30694.0,30625.0,30085.0,30016.0,29629.0,29464.0,29102.0,28971.0,28662.0,28521.0,28336.0,28403.0,28561.0,28723.0,28806.0,28808,28994.0,29155.0,29316.0,29952.0,30282.0,30442.0,30377.0,31050.0,31400.0,31496.0,31698.0,31411.0,31389.0,31509.0,31738,31142.0,31057.0,30961.0,30657.0,30446.0,30327.0,30324.0
M,19,28930.0,28785.0,28471.0,28020.0,27857.0,27555.0,27336.0,26976.0,26613.0,26302.0,26230.0,25994.0,25891.0,25696.0,25460.0,25547.0,25318.0,25178.0,25284.0,24908.0,34459.0,34157.0,33541.0,33386.0,32742.0,32363.0,31915.0,31178.0,30898.0,30383.0,30015.0,29952.0,29262.0,29186.0,28866.0,28415.0,28261.0,28160,27843.0,27413.0,27579.0,27276.0,27100.0,27308.0,27335.0,27195.0,27823.0,28151.0,28466.0,28992.0,29627.0,29881.0,30566.0,31135.0,31395.0,31756.0,31262.0,31581.0,31547.0,31162.0,31077.0,30694.0,30625.0,30085.0,30016.0,29629.0,29464.0,29102.0,28971.0,28662.0,28521.0,28335.0,28403.0,28561.0,28723.0,28806,28808.0,28994.0,29155.0,29316.0,29952.0,30282.0,30442.0,30377.0,31050.0,31400.0,31496.0,31698.0,31411.0,31389.0,31509,31738.0,31142.0,31057.0,30961.0,30657.0,30446.0,30327.0
M,20,28830.0,28928.0,28785.0,28471.0,28020.0,27857.0,27555.0,27336.0,26976.0,26613.0,26301.0,26230.0,25994.0,25891.0,25696.0,25459.0,25547.0,25318.0,25178.0,25284.0,24908.0,34459.0,34157.0,33541.0,33386.0,32742.0,32363.0,31915.0,31178.0,30898.0,30382.0,30015.0,29952.0,29261.0,29186.0,28866.0,28415.0,28261,28160.0,27843.0,27413.0,27579.0,27276.0,27100.0,27308.0,27335.0,27195.0,27823.0,28151.0,28466.0,28991.0,29627.0,29881.0,30566.0,31135.0,31394.0,31756.0,31262.0,31581.0,31547.0,31162.0,31077.0,30694.0,30625.0,30085.0,30016.0,29629.0,29464.0,29102.0,28971.0,28662.0,28521.0,28335.0,28403.0,28561.0,28723,28806.0,28808.0,28994.0,29155.0,29316.0,29952.0,30282.0,30442.0,30377.0,31050.0,31400.0,31496.0,31698.0,31411.0,31389,31509.0,31738.0,31142.0,31057.0,30961.0,30657.0,30446.0
M,21,31518.0,28830.0,28928.0,28784.0,28470.0,28020.0,27857.0,27555.0,27336.0,26976.0,26613.0,26301.0,26229.0,25994.0,25891.0,25696.0,25459.0,25546.0,25318.0,25177.0,25284.0,24908.0,34459.0,34157.0,33541.0,33386.0,32742.0,32363.0,31915.0,31178.0,30898.0,30382.0,30015.0,29952.0,29261.0,29186.0,28866.0,28415,28261.0,28160.0,27843.0,27413.0,27579.0,27276.0,27100.0,27308.0,27335.0,27195.0,27823.0,28151.0,28466.0,28991.0,29627.0,29881.0,30566.0,31135.0,31394.0,31756.0,31262.0,31581.0,31547.0,31162.0,31077.0,30694.0,30625.0,30085.0,30016.0,29629.0,29464.0,29102.0,28971.0,28662.0,28521.0,28335.0,28403.0,28560,28723.0,28806.0,28808.0,28994.0,29155.0,29316.0,29952.0,30282.0,30442.0,30377.0,31050.0,31400.0,31496.0,31698.0,31411,31389.0,31509.0,31738.0,31142.0,31057.0,30961.0,30657.0
M,22,30157.0,31518.0,28829.0,28928.0,28784.0,28470.0,28020.0,27857.0,27554.0,27336.0,26976.0,26613.0,26300.0,26229.0,25994.0,25891.0,25696.0,25459.0,25546.0,25318.0,25177.0,25283.0,24908.0,34459.0,34156.0,33541.0,33386.0,32742.0,32363.0,31915.0,31178.0,30898.0,30382.0,30015.0,29952.0,29261.0,29186.0,28866,28414.0,28261.0,28160.0,27843.0,27413.0,27579.0,27276.0,27100.0,27308.0,27335.0,27195.0,27823.0,28151.0,28466.0,28991.0,29627.0,29881.0,30566.0,31135.0,31393.0,31756.0,31262.0,31581.0,31546.0,31162.0,31077.0,30694.0,30624.0,30085.0,30016.0,29629.0,29464.0,29102.0,28971.0,28662.0,28521.0,28335.0,28403,28560.0,28723.0,28806.0,28808.0,28994.0,29155.0,29316.0,29952.0,30282.0,30442.0,30377.0,31050.0,31400.0,31496.0,31698,31411.0,31389.0,31509.0,31738.0,31142.0,31057.0,30961.0
M,23,31201.0,30157.0,31517.0,28829.0,28928.0,28784.0,28470.0,28020.0,27857.0,27554.0,27336.0,26976.0,26612.0,26300.0,26229.0,25994.0,25891.0,25695.0,25459.0,25546.0,25318.0,25177.0,25283.0,24908.0,34459.0,34156.0,33541.0,33386.0,32742.0,32363.0,31915.0,31178.0,30898.0,30382.0,30015.0,29952.0,29261.0,29186,28866.0,28414.0,28261.0,28160.0,27843.0,27413.0,27579.0,27276.0,27100.0,27308.0,27335.0,27195.0,27823.0,28151.0,28466.0,28990.0,29627.0,29881.0,30566.0,31135.0,31393.0,31756.0,31262.0,31581.0,31546.0,31162.0,31077.0,30694.0,30624.0,30085.0,30016.0,29629.0,29464.0,29102.0,28971.0,28662.0,28521.0,28335,28403.0,28560.0,28723.0,28806.0,28808.0,28994.0,29155.0,29316.0,29952.0,30282.0,30442.0,30376.0,31050.0,31400.0,31496,31698.0,31411.0,31389.0,31509.0,31738.0,31142.0,31057.0
M,24,31696.0,31200.0,30157.0,31517.0,28829.0,28928.0,28784.0,28470.0,28020.0,27856.0,27554.0,27336.0,26976.0,26612.0,26300.0,26229.0,25994.0,25891.0,25695.0,25459.0,25546.0,25318.0,25177.0,25283.0,24908.0,34459.0,34156.0,33541.0,33386.0,32742.0,32363.0,31915.0,31178.0,30897.0,30382.0,30014.0,29952.0,29261,29186.0,28866.0,28414.0,28261.0,28160.0,27842.0,27413.0,27578.0,27276.0,27100.0,27308.0,27334.0,27195.0,27823.0,28151.0,28466.0,28990.0,29627.0,29881.0,30566.0,31135.0,31393.0,31756.0,31262.0,31581.0,31546.0,31162.0,31077.0,30694.0,30623.0,30085.0,30016.0,29629.0,29464.0,29102.0,28971.0,28662.0,28520,28335.0,28403.0,28560.0,28723.0,28805.0,28808.0,28994.0,29155.0,29316.0,29952.0,30282.0,30441.0,30376.0,31050.0,31400,31496.0,31698.0,31411.0,31388.0,31509.0,31738.0,31142.0
M,25,32535.0,31695.0,31199.0,30157.0,31517.0,28829.0,28928.0,28784.0,28470.0,28020.0,27856.0,27554.0,27336.0,26976.0,26612.0,26300.0,26229.0,25994.0,25891.0,25695.0,25459.0,25546.0,25318.0,25177.0,25283.0,24907.0,34459.0,34156.0,33541.0,33386.0,32742.0,32363.0,31915.0,31178.0,30897.0,30382.0,30014.0,29952,29261.0,29186.0,28866.0,28414.0,28261.0,28159.0,27842.0,27413.0,27578.0,27276.0,27100.0,27308.0,27334.0,27195.0,27823.0,28151.0,28466.0,28990.0,29627.0,29881.0,30566.0,31135.0,31393.0,31756.0,31262.0,31581.0,31546.0,31162.0,31077.0,30694.0,30623.0,30085.0,30016.0,29629.0,29464.0,29102.0,28971.0,28662,28520.0,28335.0,28403.0,28560.0,28723.0,28805.0,28808.0,28994.0,29155.0,29316.0,29952.0,30282.0,30441.0,30376.0,31049,31400.0,31496.0,31698.0,31411.0,31387.0,31508.0,31738.0
M,26,34047.0,32535.0,31695.0,31199.0,30156.0,31517.0,28828.0,28928.0,28784.0,28470.0,28020.0,27856.0,27554.0,27336.0,26976.0,26612.0,26300.0,26229.0,25994.0,25891.0,25695.0,25459.0,25546.0,25318.0,25177.0,25283.0,24907.0,34459.0,34156.0,33541.0,33386.0,32742.0,32363.0,31914.0,31178.0,30897.0,30382.0,30014,29952.0,29261.0,29186.0,28866.0,28414.0,28261.0,28158.0,27842.0,27413.0,27578.0,27276.0,27100.0,27308.0,27334.0,27195.0,27823.0,28151.0,28466.0,28990.0,29627.0,29881.0,30566.0,31135.0,31393.0,31756.0,31262.0,31581.0,31546.0,31162.0,31077.0,30694.0,30623.0,30085.0,30016.0,29629.0,29464.0,29102.0,28971,28662.0,28520.0,28335.0,28403.0,28560.0,28723.0,28805.0,28808.0,28994.0,29155.0,29316.0,29952.0,30281.0,30441.0,30375,31048.0,31400.0,31496.0,31697.0,31411.0,31387.0,31508.0
M,27,33971.0,34047.0,32534.0,31694.0,31197.0,30156.0,31517.0,28828.0,28928.0,28783.0,28470.0,28020.0,27855.0,27553.0,27336.0,26976.0,26612.0,26300.0,26229.0,25994.0,25890.0,25695.0,25459.0,25546.0,25318.0,25177.0,25283.0,24907.0,34459.0,34156.0,33541.0,33386.0,32742.0,32363.0,31914.0,31178.0,30897.0,30382,30014.0,29952.0,29261.0,29186.0,28866.0,28414.0,28261.0,28158.0,27842.0,27413.0,27578.0,27276.0,27100.0,27308.0,27334.0,27195.0,27823.0,28151.0,28466.0,28990.0,29627.0,29881.0,30566.0,31135.0,31393.0,31756.0,31262.0,31581.0,31546.0,31162.0,31077.0,30694.0,30623.0,30085.0,30016.0,29629.0,29464.0,29102,28971.0,28662.0,28519.0,28335.0,28403.0,28560.0,28723.0,28805.0,28808.0,28993.0,29155.0,29316.0,29952.0,30281.0,30441,30375.0,31047.0,31400.0,31496.0,31697.0,31411.0,31387.0
M,28,34242.0,33970.0,34047.0,32534.0,31694.0,31197.0,30156.0,31517.0,28827.0,28927.0,28783.0,28470.0,28020.0,27855.0,27553.0,27336.0,26976.0,26612.0,26300.0,26229.0,25994.0,25890.0,25695.0,25459.0,25546.0,25318.0,25177.0,25282.0,24907.0,34459.0,34156.0,33541.0,33386.0,32742.0,32363.0,31913.0,31178.0,30897,30382.0,30014.0,29952.0,29261.0,29186.0,28866.0,28414.0,28261.0,28158.0,27842.0,27413.0,27578.0,27276.0,27099.0,27308.0,27334.0,27195.0,27823.0,28150.0,28466.0,28990.0,29627.0,29881.0,30566.0,31135.0,31393.0,31756.0,31261.0,31581.0,31546.0,31162.0,31077.0,30694.0,30623.0,30085.0,30016.0,29629.0,29464,29102.0,28971.0,28662.0,28519.0,28335.0,28403.0,28560.0,28723.0,28805.0,28808.0,28993.0,29155.0,29316.0,29952.0,30281,30441.0,30375.0,31047.0,31400.0,31496.0,31697.0,31411.0
M,29,34186.0,34242.0,33970.0,34047.0,32533.0,31694.0,31197.0,30156.0,31517.0,28827.0,28927.0,28783.0,28470.0,28020.0,27855.0,27553.0,27336.0,26976.0,26612.0,26300.0,26229.0,25994.0,25890.0,25695.0,25459.0,25546.0,25318.0,25176.0,25282.0,24907.0,34459.0,34156.0,33541.0,33386.0,32742.0,32363.0,31913.0,31178,30897.0,30382.0,30014.0,29952.0,29261.0,29186.0,28866.0,28414.0,28261.0,28158.0,27842.0,27413.0,27578.0,27276.0,27099.0,27308.0,27334.0,27195.0,27823.0,28150.0,28466.0,28990.0,29627.0,29881.0,30566.0,31135.0,31393.0,31756.0,31261.0,31581.0,31546.0,31162.0,31077.0,30694.0,30623.0,30085.0,30016.0,29629,29464.0,29102.0,28971.0,28662.0,28519.0,28335.0,28403.0,28560.0,28723.0,28805.0,28808.0,28993.0,29155.0,29316.0,29952,30281.0,30441.0,30375.0,31047.0,31400.0,31496.0,31697.0
M,30,35353.0,34186.0,34242.0,33969.0,34045.0,32533.0,31693.0,31197.0,30155.0,31517.0,28827.0,28927.0,28783.0,28470.0,28020.0,27855.0,27553.0,27336.0,26976.0,26612.0,26300.0,26229.0,25994.0,25890.0,25695.0,25459.0,25546.0,25318.0,25176.0,25282.0,24907.0,34459.0,34156.0,33541.0,33386.0,32742.0,32363.0,31913,31178.0,30897.0,30382.0,30014.0,29952.0,29260.0,29186.0,28865.0,28414.0,28261.0,28158.0,27842.0,27413.0,27578.0,27276.0,27099.0,27308.0,27334.0,27195.0,27823.0,28150.0,28466.0,28990.0,29626.0,29880.0,30566.0,31134.0,31393.0,31756.0,31261.0,31581.0,31546.0,31162.0,31077.0,30694.0,30623.0,30084.0,30016,29629.0,29464.0,29102.0,28971.0,28662.0,28519.0,28335.0,28403.0,28559.0,28723.0,28805.0,28808.0,28993.0,29155.0,29316,29952.0,30281.0,30441.0,30375.0,31047.0,31400.0,31496.0
M,31,35888.0,35353.0,34186.0,34242.0,33969.0,34044.0,32533.0,31693.0,31197.0,30154.0,31517.0,28827.0,28927.0,28782.0,28470.0,28020.0,27855.0,27553.0,27336.0,26976.0,26612.0,26300.0,26228.0,25994.0,25889.0,25695.0,25459.0,25546.0,25318.0,25176.0,25282.0,24907.0,34458.0,34156.0,33541.0,33386.0,32741.0,32363,31913.0,31178.0,30897.0,30382.0,30014.0,29952.0,29260.0,29186.0,28865.0,28414.0,28261.0,28158.0,27842.0,27413.0,27578.0,27276.0,27099.0,27308.0,27334.0,27195.0,27823.0,28150.0,28466.0,28990.0,29626.0,29880.0,30566.0,31134.0,31393.0,31756.0,31261.0,31581.0,31546.0,31162.0,31077.0,30694.0,30623.0,30084,30016.0,29629.0,29464.0,29102.0,28970.0,28662.0,28518.0,28335.0,28403.0,28559.0,28723.0,28805.0,28808.0,28993.0,29155,29316.0,29952.0,30281.0,30440.0,30375.0,31047.0,31400.0
M,32,36692.0,35888.0,35352.0,34184.0,34242.0,33969.0,34043.0,32533.0,31691.0,31197.0,30153.0,31517.0,28827.0,28926.0,28782.0,28470.0,28020.0,27855.0,27553.0,27336.0,26976.0,26612.0,26300.0,26228.0,25994.0,25889.0,25695.0,25459.0,25546.0,25318.0,25176.0,25282.0,24906.0,34458.0,34156.0,33541.0,33386.0,32740,32362.0,31913.0,31178.0,30897.0,30382.0,30014.0,29951.0,29260.0,29186.0,28865.0,28414.0,28261.0,28158.0,27842.0,27413.0,27578.0,27276.0,27099.0,27308.0,27334.0,27195.0,27823.0,28150.0,28466.0,28990.0,29625.0,29880.0,30566.0,31134.0,31393.0,31755.0,31261.0,31581.0,31546.0,31162.0,31077.0,30694.0,30623,30084.0,30016.0,29629.0,29464.0,29102.0,28970.0,28662.0,28518.0,28335.0,28403.0,28558.0,28722.0,28805.0,28808.0,28992,29155.0,29316.0,29952.0,30281.0,30439.0,30375.0,31047.0
M,33,37477.0,36691.0,35888.0,35351.0,34184.0,34242.0,33968.0,34042.0,32533.0,31691.0,31197.0,30151.0,31517.0,28827.0,28926.0,28782.0,28470.0,28020.0,27855.0,27553.0,27336.0,26976.0,26612.0,26300.0,26227.0,25994.0,25889.0,25695.0,25459.0,25546.0,25318.0,25176.0,25282.0,24906.0,34457.0,34156.0,33541.0,33386,32740.0,32362.0,31913.0,31178.0,30897.0,30382.0,30014.0,29951.0,29260.0,29186.0,28865.0,28414.0,28261.0,28157.0,27842.0,27413.0,27578.0,27276.0,27099.0,27307.0,27334.0,27195.0,27823.0,28150.0,28466.0,28990.0,29625.0,29880.0,30566.0,31134.0,31393.0,31755.0,31261.0,31581.0,31546.0,31162.0,31076.0,30694,30623.0,30084.0,30016.0,29629.0,29463.0,29102.0,28970.0,28662.0,28518.0,28335.0,28403.0,28558.0,28722.0,28805.0,28808,28992.0,29155.0,29315.0,29952.0,30281.0,30439.0,30375.0
M,34,37234.0,37475.0,36691.0,35888.0,35350.0,34184.0,34242.0,33967.0,34042.0,32533.0,31691.0,31197.0,30150.0,31517.0,28826.0,28926.0,28782.0,28470.0,28020.0,27855.0,27553.0,27335.0,26976.0,26612.0,26300.0,26227.0,25994.0,25889.0,25695.0,25459.0,25546.0,25318.0,25176.0,25282.0,24906.0,34457.0,34156.0,33541,33386.0,32740.0,32362.0,31913.0,31178.0,30897.0,30382.0,30014.0,29951.0,29260.0,29186.0,28865.0,28414.0,28261.0,28157.0,27842.0,27413.0,27578.0,27276.0,27099.0,27307.0,27334.0,27195.0,27823.0,28150.0,28466.0,28990.0,29625.0,29880.0,30566.0,31134.0,31393.0,31755.0,31260.0,31581.0,31546.0,31162.0,31076,30694.0,30622.0,30084.0,30016.0,29629.0,29463.0,29102.0,28970.0,28661.0,28518.0,28335.0,28402.0,28558.0,28722.0,28805,28808.0,28991.0,29155.0,29315.0,29952.0,30281.0,30439.0
M,35,36193.0,37233.0,37475.0,36690.0,35888.0,35350.0,34183.0,34241.0,33967.0,34042.0,32531.0,31691.0,31195.0,30149.0,31517.0,28826.0,28926.0,28782.0,28470.0,28020.0,27855.0,27553.0,27335.0,26976.0,26612.0,26300.0,26227.0,25994.0,25889.0,25695.0,25459.0,25546.0,25318.0,25176.0,25282.0,24906.0,34457.0,34156,33541.0,33386.0,32740.0,32362.0,31913.0,31177.0,30897.0,30382.0,30014.0,29951.0,29260.0,29185.0,28865.0,28414.0,28261.0,28157.0,27842.0,27413.0,27578.0,27276.0,27099.0,27306.0,27334.0,27195.0,27823.0,28150.0,28466.0,28989.0,29625.0,29880.0,30566.0,31134.0,31393.0,31755.0,31260.0,31581.0,31546.0,31162,31076.0,30694.0,30622.0,30084.0,30016.0,29629.0,29463.0,29102.0,28970.0,28660.0,28518.0,28335.0,28402.0,28558.0,28722,28805.0,28808.0,28991.0,29155.0,29315.0,29952.0,30281.0
M,36,36275.0,36193.0,37232.0,37475.0,36688.0,35887.0,35350.0,34183.0,34241.0,33967.0,34041.0,32531.0,31691.0,31195.0,30149.0,31517.0,28826.0,28926.0,28782.0,28470.0,28020.0,27855.0,27553.0,27335.0,26976.0,26612.0,26299.0,26227.0,25994.0,25889.0,25695.0,25459.0,25546.0,25318.0,25176.0,25282.0,24906.0,34457,34156.0,33541.0,33386.0,32739.0,32362.0,31913.0,31177.0,30897.0,30382.0,30014.0,29951.0,29260.0,29185.0,28864.0,28414.0,28260.0,28157.0,27842.0,27413.0,27578.0,27276.0,27099.0,27306.0,27334.0,27195.0,27823.0,28149.0,28466.0,28989.0,29625.0,29880.0,30566.0,31134.0,31393.0,31755.0,31260.0,31581.0,31546,31162.0,31076.0,30694.0,30622.0,30084.0,30015.0,29628.0,29463.0,29102.0,28970.0,28660.0,28518.0,28335.0,28402.0,28558,28722.0,28805.0,28808.0,28990.0,29155.0,29315.0,29952.0
M,37,35403.0,36273.0,36193.0,37232.0,37475.0,36688.0,35886.0,35350.0,34183.0,34240.0,33967.0,34041.0,32531.0,31691.0,31195.0,30149.0,31517.0,28826.0,28926.0,28781.0,28470.0,28020.0,27855.0,27553.0,27334.0,26976.0,26611.0,26299.0,26226.0,25994.0,25889.0,25695.0,25459.0,25546.0,25318.0,25176.0,25282.0,24905,34457.0,34156.0,33541.0,33386.0,32739.0,32362.0,31913.0,31177.0,30897.0,30382.0,30014.0,29951.0,29260.0,29185.0,28864.0,28414.0,28260.0,28157.0,27842.0,27413.0,27578.0,27276.0,27099.0,27305.0,27334.0,27195.0,27823.0,28148.0,28465.0,28989.0,29624.0,29880.0,30566.0,31134.0,31393.0,31755.0,31260.0,31581,31546.0,31161.0,31076.0,30694.0,30622.0,30084.0,30015.0,29628.0,29463.0,29101.0,28970.0,28660.0,28518.0,28335.0,28402,28558.0,28721.0,28805.0,28808.0,28990.0,29155.0,29315.0
M,38,35897.0,35403.0,36273.0,36192.0,37232.0,37475.0,36688.0,35885.0,35350.0,34182.0,34238.0,33967.0,34041.0,32531.0,31691.0,31195.0,30149.0,31517.0,28826.0,28926.0,28781.0,28470.0,28020.0,27855.0,27553.0,27334.0,26975.0,26611.0,26299.0,26226.0,25994.0,25889.0,25695.0,25459.0,25546.0,25318.0,25176.0,25282,24905.0,34457.0,34156.0,33541.0,33386.0,32739.0,32362.0,31913.0,31177.0,30897.0,30382.0,30014.0,29951.0,29260.0,29185.0,28864.0,28414.0,28260.0,28157.0,27842.0,27413.0,27578.0,27276.0,27099.0,27305.0,27334.0,27195.0,27823.0,28148.0,28465.0,28989.0,29624.0,29880.0,30566.0,31134.0,31393.0,31755.0,31260,31581.0,31545.0,31161.0,31076.0,30693.0,30622.0,30084.0,30015.0,29628.0,29463.0,29101.0,28970.0,28660.0,28518.0,28335,28402.0,28558.0,28721.0,28805.0,28808.0,28990.0,29154.0
M,39,35338.0,35897.0,35403.0,36272.0,36192.0,37231.0,37474.0,36688.0,35885.0,35350.0,34182.0,34238.0,33967.0,34041.0,32531.0,31691.0,31195.0,30149.0,31517.0,28826.0,28926.0,28781.0,28470.0,28019.0,27855.0,27552.0,27334.0,26975.0,26611.0,26299.0,26226.0,25994.0,25889.0,25695.0,25459.0,25546.0,25318.0,25176,25282.0,24905.0,34457.0,34155.0,33541.0,33386.0,32739.0,32362.0,31913.0,31177.0,30897.0,30382.0,30014.0,29951.0,29260.0,29185.0,28864.0,28414.0,28260.0,28157.0,27842.0,27413.0,27578.0,27276.0,27099.0,27305.0,27334.0,27195.0,27823.0,28147.0,28465.0,28989.0,29624.0,29879.0,30566.0,31133.0,31393.0,31755,31260.0,31581.0,31545.0,31161.0,31076.0,30693.0,30622.0,30084.0,30015.0,29628.0,29463.0,29101.0,28970.0,28660.0,28518,28335.0,28402.0,28558.0,28721.0,28805.0,28808.0,28990.0
M,40,34789.0,35338.0,35895.0,35403.0,36271.0,36192.0,37229.0,37471.0,36688.0,35884.0,35350.0,34182.0,34237.0,33967.0,34041.0,32531.0,31690.0,31195.0,30148.0,31517.0,28826.0,28926.0,28781.0,28469.0,28018.0,27855.0,27552.0,27334.0,26975.0,26611.0,26299.0,26226.0,25994.0,25889.0,25695.0,25458.0,25546.0,25318,25176.0,25282.0,24905.0,34457.0,34155.0,33541.0,33386.0,32739.0,32362.0,31913.0,31177.0,30897.0,30382.0,30014.0,29951.0,29260.0,29185.0,28863.0,28412.0,28260.0,28157.0,27842.0,27413.0,27578.0,27275.0,27099.0,27305.0,27334.0,27195.0,27823.0,28146.0,28465.0,28989.0,29624.0,29879.0,30565.0,31133.0,31392,31755.0,31259.0,31581.0,31545.0,31161.0,31076.0,30693.0,30622.0,30084.0,30014.0,29628.0,29462.0,29101.0,28970.0,28660,28518.0,28335.0,28402.0,28558.0,28721.0,28805.0,28808.0
M,41,35937.0,34788.0,35338.0,35892.0,35401.0,36270.0,36192.0,37228.0,37471.0,36688.0,35884.0,35350.0,34182.0,34236.0,33966.0,34040.0,32531.0,31690.0,31195.0,30148.0,31517.0,28825.0,28926.0,28780.0,28469.0,28018.0,27855.0,27552.0,27334.0,26975.0,26611.0,26299.0,26226.0,25994.0,25889.0,25695.0,25458.0,25546,25318.0,25176.0,25282.0,24905.0,34457.0,34154.0,33541.0,33386.0,32739.0,32362.0,31912.0,31177.0,30897.0,30381.0,30013.0,29951.0,29260.0,29184.0,28863.0,28412.0,28260.0,28157.0,27842.0,27411.0,27577.0,27275.0,27099.0,27304.0,27333.0,27195.0,27823.0,28146.0,28465.0,28989.0,29624.0,29878.0,30565.0,31133,31392.0,31755.0,31258.0,31581.0,31544.0,31161.0,31075.0,30693.0,30622.0,30083.0,30014.0,29628.0,29461.0,29101.0,28970,28660.0,28518.0,28335.0,28402.0,28558.0,28721.0,28805.0
M,42,37849.0,35936.0,34786.0,35337.0,35892.0,35399.0,36270.0,36192.0,37228.0,37469.0,36687.0,35882.0,35350.0,34182.0,34236.0,33966.0,34040.0,32531.0,31690.0,31195.0,30148.0,31517.0,28825.0,28925.0,28780.0,28469.0,28018.0,27854.0,27552.0,27334.0,26975.0,26611.0,26299.0,26226.0,25993.0,25889.0,25695.0,25458,25546.0,25318.0,25176.0,25282.0,24904.0,34457.0,34153.0,33541.0,33386.0,32739.0,32362.0,31912.0,31177.0,30897.0,30381.0,30013.0,29951.0,29259.0,29184.0,28862.0,28412.0,28260.0,28157.0,27842.0,27411.0,27577.0,27275.0,27099.0,27304.0,27332.0,27195.0,27823.0,28145.0,28465.0,28989.0,29624.0,29878.0,30565,31133.0,31391.0,31755.0,31258.0,31581.0,31544.0,31160.0,31075.0,30693.0,30622.0,30083.0,30014.0,29628.0,29461.0,29101,28970.0,28660.0,28518.0,28335.0,28401.0,28558.0,28721.0
M,43,38118.0,37848.0,35932.0,34783.0,35337.0,35891.0,35399.0,36269.0,36190.0,37228.0,37469.0,36687.0,35882.0,35350.0,34182.0,34234.0,33966.0,34040.0,32530.0,31690.0,31195.0,30148.0,31517.0,28824.0,28925.0,28780.0,28469.0,28018.0,27854.0,27551.0,27334.0,26974.0,26611.0,26299.0,26226.0,25993.0,25889.0,25694,25458.0,25546.0,25318.0,25175.0,25282.0,24904.0,34456.0,34153.0,33541.0,33386.0,32739.0,32362.0,31912.0,31177.0,30897.0,30381.0,30012.0,29951.0,29259.0,29184.0,28861.0,28412.0,28259.0,28157.0,27842.0,27411.0,27577.0,27274.0,27099.0,27303.0,27332.0,27195.0,27823.0,28145.0,28465.0,28989.0,29624.0,29878,30565.0,31133.0,31391.0,31755.0,31258.0,31581.0,31544.0,31160.0,31075.0,30693.0,30622.0,30083.0,30014.0,29628.0,29460,29101.0,28970.0,28660.0,28518.0,28335.0,28401.0,28558.0
M,44,37985.0,38115.0,37845.0,35931.0,34782.0,35336.0,35891.0,35399.0,36268.0,36189.0,37228.0,37468.0,36687.0,35879.0,35350.0,34182.0,34234.0,33966.0,34040.0,32530.0,31690.0,31194.0,30148.0,31517.0,28824.0,28924.0,28780.0,28467.0,28018.0,27854.0,27551.0,27334.0,26974.0,26611.0,26299.0,26226.0,25993.0,25888,25694.0,25458.0,25546.0,25318.0,25174.0,25281.0,24904.0,34456.0,34153.0,33541.0,33386.0,32739.0,32362.0,31912.0,31177.0,30897.0,30381.0,30012.0,29951.0,29259.0,29184.0,28860.0,28411.0,28259.0,28155.0,27841.0,27411.0,27577.0,27274.0,27099.0,27303.0,27331.0,27195.0,27823.0,28144.0,28465.0,28989.0,29624,29878.0,30565.0,31133.0,31391.0,31755.0,31258.0,31581.0,31544.0,31160.0,31075.0,30693.0,30622.0,30083.0,30013.0,29628,29460.0,29101.0,28969.0,28660.0,28518.0,28335.0,28401.0
M,45,39089.0,37985.0,38114.0,37845.0,35931.0,34781.0,35335.0,35889.0,35399.0,36268.0,36189.0,37227.0,37467.0,36686.0,35877.0,35350.0,34182.0,34234.0,33965.0,34040.0,32530.0,31690.0,31193.0,30147.0,31517.0,28824.0,28924.0,28780.0,28467.0,28018.0,27854.0,27551.0,27334.0,26974.0,26611.0,26298.0,26226.0,25993,25888.0,25694.0,25458.0,25546.0,25318.0,25174.0,25281.0,24904.0,34456.0,34153.0,33541.0,33386.0,32739.0,32362.0,31912.0,31177.0,30897.0,30381.0,30012.0,29951.0,29258.0,29184.0,28860.0,28411.0,28259.0,28155.0,27841.0,27411.0,27576.0,27274.0,27099.0,27303.0,27330.0,27195.0,27823.0,28144.0,28465.0,28989,29622.0,29877.0,30565.0,31131.0,31391.0,31755.0,31257.0,31581.0,31544.0,31160.0,31075.0,30693.0,30622.0,30083.0,30013,29628.0,29460.0,29101.0,28968.0,28660.0,28518.0,28335.0
M,46,40229.0,39088.0,37985.0,38114.0,37845.0,35930.0,34780.0,35333.0,35888.0,35399.0,36268.0,36189.0,37226.0,37467.0,36686.0,35876.0,35350.0,34182.0,34234.0,33965.0,34039.0,32530.0,31689.0,31193.0,30147.0,31517.0,28823.0,28924.0,28780.0,28467.0,28018.0,27854.0,27551.0,27334.0,26974.0,26611.0,26298.0,26226,25993.0,25888.0,25694.0,25457.0,25545.0,25317.0,25174.0,25281.0,24904.0,34456.0,34153.0,33541.0,33385.0,32739.0,32362.0,31912.0,31177.0,30897.0,30380.0,30012.0,29950.0,29258.0,29183.0,28860.0,28411.0,28258.0,28155.0,27841.0,27411.0,27576.0,27274.0,27098.0,27303.0,27330.0,27194.0,27822.0,28144.0,28463,28989.0,29621.0,29877.0,30565.0,31130.0,31391.0,31755.0,31257.0,31580.0,31544.0,31160.0,31074.0,30693.0,30621.0,30083,30013.0,29628.0,29460.0,29101.0,28968.0,28659.0,28518.0
M,47,40452.0,40228.0,39088.0,37984.0,38112.0,37844.0,35930.0,34779.0,35333.0,35888.0,35399.0,36268.0,36189.0,37225.0,37467.0,36686.0,35876.0,35350.0,34182.0,34234.0,33965.0,34038.0,32530.0,31688.0,31193.0,30147.0,31517.0,28822.0,28922.0,28780.0,28467.0,28017.0,27854.0,27550.0,27334.0,26974.0,26611.0,26298,26226.0,25993.0,25888.0,25694.0,25457.0,25544.0,25317.0,25173.0,25281.0,24904.0,34454.0,34153.0,33541.0,33385.0,32739.0,32362.0,31911.0,31177.0,30897.0,30380.0,30011.0,29950.0,29256.0,29183.0,28860.0,28411.0,28258.0,28155.0,27841.0,27411.0,27576.0,27274.0,27098.0,27303.0,27330.0,27194.0,27822.0,28144,28463.0,28989.0,29621.0,29877.0,30564.0,31130.0,31391.0,31755.0,31257.0,31580.0,31543.0,31160.0,31074.0,30693.0,30619,30083.0,30013.0,29628.0,29460.0,29101.0,28967.0,28659.0
M,48,40572.0,40452.0,40227.0,39088.0,37984.0,38111.0,37843.0,35930.0,34778.0,35333.0,35888.0,35399.0,36268.0,36189.0,37225.0,37466.0,36686.0,35876.0,35350.0,34182.0,34234.0,33965.0,34038.0,32528.0,31688.0,31193.0,30147.0,31517.0,28821.0,28922.0,28780.0,28467.0,28017.0,27853.0,27550.0,27333.0,26974.0,26611,26298.0,26226.0,25993.0,25888.0,25694.0,25457.0,25544.0,25317.0,25173.0,25281.0,24902.0,34453.0,34153.0,33541.0,33385.0,32738.0,32362.0,31910.0,31177.0,30897.0,30380.0,30011.0,29950.0,29254.0,29182.0,28860.0,28411.0,28258.0,28155.0,27841.0,27411.0,27576.0,27274.0,27096.0,27303.0,27330.0,27194.0,27822,28144.0,28463.0,28989.0,29621.0,29877.0,30563.0,31130.0,31391.0,31755.0,31256.0,31580.0,31543.0,31160.0,31074.0,30692,30619.0,30083.0,30013.0,29628.0,29460.0,29101.0,28967.0
M,49,41253.0,40569.0,40451.0,40226.0,39086.0,37984.0,38111.0,37842.0,35929.0,34777.0,35332.0,35887.0,35399.0,36268.0,36189.0,37225.0,37465.0,36686.0,35876.0,35350.0,34182.0,34233.0,33965.0,34037.0,32528.0,31688.0,31193.0,30147.0,31517.0,28821.0,28922.0,28780.0,28467.0,28016.0,27853.0,27549.0,27333.0,26973,26611.0,26298.0,26225.0,25993.0,25888.0,25694.0,25457.0,25544.0,25317.0,25173.0,25281.0,24902.0,34453.0,34153.0,33540.0,33385.0,32737.0,32362.0,31910.0,31176.0,30897.0,30380.0,30011.0,29950.0,29254.0,29182.0,28860.0,28411.0,28258.0,28155.0,27839.0,27411.0,27576.0,27274.0,27096.0,27303.0,27330.0,27194,27822.0,28144.0,28463.0,28989.0,29621.0,29877.0,30563.0,31130.0,31391.0,31755.0,31256.0,31580.0,31543.0,31158.0,31074,30692.0,30619.0,30083.0,30013.0,29628.0,29460.0,29100.0
M,50,42346.0,41250.0,40565.0,40449.0,40222.0,39085.0,37982.0,38109.0,37841.0,35928.0,34777.0,35331.0,35886.0,35399.0,36267.0,36189.0,37225.0,37465.0,36685.0,35876.0,35350.0,34182.0,34231.0,33965.0,34037.0,32528.0,31688.0,31193.0,30147.0,31517.0,28821.0,28922.0,28780.0,28467.0,28015.0,27852.0,27549.0,27333,26973.0,26611.0,26298.0,26225.0,25993.0,25888.0,25694.0,25457.0,25544.0,25316.0,25172.0,25281.0,24902.0,34453.0,34153.0,33539.0,33384.0,32737.0,32362.0,31910.0,31175.0,30897.0,30380.0,30011.0,29949.0,29252.0,29181.0,28858.0,28411.0,28258.0,28154.0,27838.0,27410.0,27576.0,27274.0,27095.0,27303.0,27329,27192.0,27821.0,28144.0,28462.0,28989.0,29620.0,29877.0,30562.0,31130.0,31390.0,31755.0,31255.0,31579.0,31543.0,31157,31074.0,30691.0,30619.0,30083.0,30011.0,29628.0,29460.0
M,51,42872.0,42345.0,41247.0,40562.0,40447.0,40217.0,39084.0,37981.0,38109.0,37840.0,35928.0,34777.0,35331.0,35885.0,35398.0,36267.0,36188.0,37225.0,37465.0,36685.0,35876.0,35349.0,34182.0,34231.0,33964.0,34037.0,32527.0,31688.0,31192.0,30147.0,31517.0,28821.0,28921.0,28779.0,28466.0,28014.0,27852.0,27548,27333.0,26973.0,26611.0,26296.0,26224.0,25992.0,25888.0,25694.0,25456.0,25543.0,25316.0,25172.0,25280.0,24902.0,34452.0,34153.0,33539.0,33384.0,32737.0,32362.0,31909.0,31174.0,30897.0,30379.0,30010.0,29947.0,29251.0,29180.0,28858.0,28410.0,28258.0,28154.0,27836.0,27409.0,27576.0,27274.0,27095.0,27303,27328.0,27192.0,27821.0,28144.0,28461.0,28988.0,29620.0,29875.0,30561.0,31129.0,31389.0,31754.0,31255.0,31579.0,31543,31157.0,31074.0,30691.0,30618.0,30082.0,30010.0,29628.0
M,52,43259.0,42870.0,42343.0,41246.0,40558.0,40447.0,40215.0,39083.0,37979.0,38107.0,37838.0,35926.0,34776.0,35331.0,35883.0,35397.0,36267.0,36188.0,37225.0,37463.0,36685.0,35876.0,35348.0,34180.0,34231.0,33964.0,34037.0,32526.0,31687.0,31191.0,30147.0,31517.0,28820.0,28921.0,28779.0,28465.0,28013.0,27852,27548.0,27332.0,26973.0,26611.0,26296.0,26224.0,25991.0,25887.0,25693.0,25456.0,25543.0,25316.0,25172.0,25279.0,24902.0,34451.0,34152.0,33538.0,33383.0,32736.0,32362.0,31909.0,31174.0,30897.0,30379.0,30010.0,29946.0,29251.0,29180.0,28858.0,28410.0,28258.0,28152.0,27835.0,27409.0,27575.0,27273.0,27095,27302.0,27327.0,27190.0,27821.0,28143.0,28461.0,28988.0,29620.0,29874.0,30561.0,31129.0,31388.0,31753.0,31255.0,31579,31543.0,31157.0,31074.0,30690.0,30616.0,30082.0,30010.0
M,53,42810.0,43253.0,42869.0,42336.0,41244.0,40557.0,40443.0,40212.0,39081.0,37979.0,38107.0,37836.0,35923.0,34776.0,35330.0,35883.0,35397.0,36266.0,36188.0,37224.0,37463.0,36685.0,35876.0,35348.0,34177.0,34230.0,33964.0,34037.0,32526.0,31687.0,31191.0,30147.0,31517.0,28819.0,28921.0,28779.0,28464.0,28013,27852.0,27548.0,27332.0,26972.0,26611.0,26296.0,26223.0,25991.0,25887.0,25692.0,25456.0,25543.0,25316.0,25171.0,25278.0,24900.0,34450.0,34152.0,33538.0,33383.0,32736.0,32362.0,31909.0,31173.0,30897.0,30377.0,30010.0,29946.0,29250.0,29180.0,28858.0,28410.0,28257.0,28152.0,27835.0,27409.0,27574.0,27273,27094.0,27301.0,27326.0,27190.0,27821.0,28142.0,28459.0,28987.0,29619.0,29874.0,30561.0,31128.0,31388.0,31753.0,31255,31579.0,31541.0,31154.0,31074.0,30690.0,30616.0,30080.0
M,54,42603.0,42808.0,43249.0,42866.0,42333.0,41242.0,40555.0,40442.0,40210.0,39080.0,37977.0,38103.0,37835.0,35923.0,34776.0,35329.0,35883.0,35396.0,36264.0,36187.0,37224.0,37463.0,36685.0,35876.0,35347.0,34176.0,34230.0,33964.0,34037.0,32525.0,31687.0,31191.0,30145.0,31517.0,28819.0,28920.0,28779.0,28464,28013.0,27852.0,27548.0,27332.0,26970.0,26611.0,26296.0,26223.0,25991.0,25886.0,25691.0,25455.0,25541.0,25316.0,25171.0,25278.0,24900.0,34449.0,34151.0,33537.0,33383.0,32736.0,32361.0,31908.0,31172.0,30897.0,30377.0,30010.0,29945.0,29250.0,29178.0,28857.0,28410.0,28256.0,28151.0,27835.0,27408.0,27574,27273.0,27094.0,27301.0,27326.0,27189.0,27821.0,28141.0,28459.0,28987.0,29619.0,29874.0,30559.0,31128.0,31388.0,31753,31255.0,31579.0,31539.0,31153.0,31074.0,30690.0,30616.0
M,55,40937.0,42600.0,42806.0,43249.0,42861.0,42332.0,41242.0,40554.0,40442.0,40208.0,39078.0,37977.0,38101.0,37835.0,35921.0,34776.0,35328.0,35883.0,35396.0,36262.0,36186.0,37222.0,37463.0,36684.0,35876.0,35346.0,34176.0,34229.0,33964.0,34037.0,32525.0,31687.0,31191.0,30145.0,31517.0,28818.0,28920.0,28779,28464.0,28013.0,27852.0,27548.0,27331.0,26970.0,26610.0,26296.0,26223.0,25991.0,25886.0,25690.0,25455.0,25541.0,25316.0,25171.0,25278.0,24900.0,34449.0,34151.0,33536.0,33382.0,32734.0,32359.0,31907.0,31171.0,30897.0,30377.0,30010.0,29945.0,29250.0,29178.0,28857.0,28407.0,28256.0,28151.0,27835.0,27408,27574.0,27273.0,27094.0,27301.0,27326.0,27189.0,27821.0,28141.0,28458.0,28987.0,29619.0,29873.0,30559.0,31127.0,31386,31753.0,31254.0,31579.0,31539.0,31153.0,31074.0,30690.0
M,56,41046.0,40933.0,42597.0,42801.0,43246.0,42858.0,42328.0,41238.0,40553.0,40441.0,40208.0,39077.0,37977.0,38101.0,37835.0,35920.0,34776.0,35327.0,35883.0,35396.0,36262.0,36185.0,37221.0,37463.0,36683.0,35876.0,35346.0,34176.0,34229.0,33964.0,34036.0,32525.0,31686.0,31191.0,30144.0,31517.0,28817.0,28920,28778.0,28464.0,28013.0,27852.0,27548.0,27330.0,26969.0,26610.0,26296.0,26223.0,25991.0,25886.0,25688.0,25455.0,25541.0,25316.0,25171.0,25278.0,24899.0,34447.0,34151.0,33536.0,33382.0,32733.0,32358.0,31906.0,31171.0,30896.0,30377.0,30010.0,29945.0,29249.0,29178.0,28857.0,28407.0,28256.0,28151.0,27834,27408.0,27574.0,27270.0,27094.0,27301.0,27326.0,27188.0,27821.0,28139.0,28458.0,28987.0,29619.0,29873.0,30559.0,31126,31386.0,31753.0,31254.0,31578.0,31539.0,31153.0,31074.0
M,57,40414.0,41044.0,40927.0,42593.0,42800.0,43243.0,42858.0,42324.0,41235.0,40551.0,40440.0,40208.0,39077.0,37976.0,38101.0,37834.0,35920.0,34776.0,35327.0,35882.0,35396.0,36262.0,36185.0,37221.0,37463.0,36682.0,35875.0,35345.0,34176.0,34228.0,33964.0,34036.0,32523.0,31686.0,31191.0,30141.0,31516.0,28817,28918.0,28778.0,28464.0,28013.0,27851.0,27548.0,27330.0,26968.0,26610.0,26295.0,26222.0,25990.0,25885.0,25688.0,25455.0,25541.0,25315.0,25170.0,25278.0,24899.0,34447.0,34150.0,33535.0,33382.0,32732.0,32357.0,31906.0,31171.0,30895.0,30377.0,30010.0,29944.0,29248.0,29178.0,28857.0,28407.0,28256.0,28151,27834.0,27408.0,27574.0,27270.0,27093.0,27299.0,27326.0,27188.0,27818.0,28139.0,28458.0,28987.0,29618.0,29872.0,30559,31126.0,31386.0,31753.0,31253.0,31577.0,31539.0,31152.0
M,58,39599.0,40411.0,41041.0,40925.0,42591.0,42799.0,43242.0,42857.0,42323.0,41232.0,40547.0,40439.0,40208.0,39076.0,37975.0,38100.0,37834.0,35919.0,34776.0,35327.0,35882.0,35396.0,36262.0,36185.0,37221.0,37463.0,36681.0,35875.0,35345.0,34176.0,34228.0,33964.0,34035.0,32521.0,31686.0,31191.0,30141.0,31515,28817.0,28917.0,28778.0,28464.0,28013.0,27851.0,27547.0,27330.0,26966.0,26610.0,26295.0,26222.0,25989.0,25885.0,25688.0,25455.0,25541.0,25315.0,25170.0,25278.0,24899.0,34446.0,34150.0,33534.0,33381.0,32731.0,32357.0,31906.0,31171.0,30895.0,30376.0,30008.0,29943.0,29248.0,29177.0,28857.0,28407.0,28256,28151.0,27833.0,27408.0,27573.0,27270.0,27092.0,27299.0,27326.0,27187.0,27817.0,28139.0,28458.0,28986.0,29618.0,29872,30557.0,31125.0,31386.0,31753.0,31253.0,31577.0,31539.0
M,59,39956.0,39598.0,40409.0,41034.0,40923.0,42590.0,42793.0,43240.0,42855.0,42321.0,41230.0,40547.0,40438.0,40208.0,39076.0,37975.0,38100.0,37834.0,35918.0,34775.0,35327.0,35882.0,35396.0,36262.0,36185.0,37221.0,37463.0,36681.0,35875.0,35345.0,34176.0,34228.0,33964.0,34034.0,32521.0,31686.0,31191.0,30141,31513.0,28817.0,28917.0,28778.0,28464.0,28012.0,27851.0,27547.0,27329.0,26965.0,26610.0,26295.0,26222.0,25988.0,25885.0,25688.0,25455.0,25541.0,25315.0,25169.0,25277.0,24899.0,34446.0,34150.0,33533.0,33381.0,32731.0,32356.0,31905.0,31171.0,30895.0,30374.0,30006.0,29942.0,29248.0,29176.0,28856.0,28407,28256.0,28151.0,27832.0,27408.0,27572.0,27270.0,27091.0,27299.0,27326.0,27187.0,27817.0,28139.0,28458.0,28985.0,29617,29872.0,30556.0,31125.0,31386.0,31751.0,31253.0,31577.0
M,60,39905.0,39950.0,39592.0,40406.0,41027.0,40917.0,42583.0,42787.0,43239.0,42853.0,42314.0,41226.0,40544.0,40434.0,40208.0,39076.0,37974.0,38100.0,37831.0,35917.0,34775.0,35327.0,35881.0,35394.0,36260.0,36183.0,37221.0,37462.0,36679.0,35874.0,35343.0,34175.0,34226.0,33961.0,34034.0,32521.0,31686.0,31187,30140.0,31511.0,28816.0,28917.0,28776.0,28462.0,28010.0,27850.0,27546.0,27327.0,26963.0,26610.0,26293.0,26221.0,25987.0,25885.0,25687.0,25454.0,25541.0,25314.0,25167.0,25277.0,24898.0,34446.0,34147.0,33531.0,33379.0,32730.0,32355.0,31904.0,31171.0,30895.0,30371.0,30006.0,29942.0,29248.0,29176.0,28854,28406.0,28255.0,28148.0,27828.0,27408.0,27570.0,27270.0,27089.0,27299.0,27326.0,27187.0,27817.0,28137.0,28457.0,28984,29616.0,29871.0,30554.0,31123.0,31385.0,31748.0,31253.0
M,61,38616.0,39896.0,39945.0,39589.0,40401.0,41021.0,40912.0,42579.0,42780.0,43235.0,42848.0,42310.0,41224.0,40541.0,40431.0,40208.0,39075.0,37972.0,38100.0,37829.0,35916.0,34773.0,35326.0,35880.0,35393.0,36260.0,36183.0,37220.0,37459.0,36679.0,35874.0,35342.0,34175.0,34224.0,33958.0,34031.0,32521.0,31686,31185.0,30140.0,31511.0,28815.0,28915.0,28776.0,28462.0,28010.0,27847.0,27545.0,27326.0,26961.0,26609.0,26292.0,26221.0,25986.0,25885.0,25686.0,25454.0,25539.0,25314.0,25165.0,25275.0,24898.0,34442.0,34147.0,33528.0,33376.0,32730.0,32354.0,31903.0,31170.0,30893.0,30370.0,30005.0,29941.0,29246.0,29175,28851.0,28406.0,28254.0,28147.0,27827.0,27408.0,27568.0,27267.0,27088.0,27299.0,27325.0,27186.0,27816.0,28137.0,28454,28981.0,29614.0,29869.0,30554.0,31123.0,31384.0,31747.0
M,62,39408.0,38610.0,39891.0,39936.0,39582.0,40397.0,41016.0,40905.0,42574.0,42771.0,43231.0,42842.0,42305.0,41220.0,40541.0,40428.0,40204.0,39073.0,37971.0,38098.0,37828.0,35915.0,34772.0,35325.0,35877.0,35392.0,36257.0,36183.0,37219.0,37456.0,36679.0,35874.0,35341.0,34174.0,34223.0,33958.0,34029.0,32521,31685.0,31184.0,30140.0,31511.0,28814.0,28915.0,28775.0,28461.0,28010.0,27845.0,27545.0,27324.0,26960.0,26609.0,26292.0,26221.0,25986.0,25885.0,25686.0,25451.0,25539.0,25313.0,25164.0,25273.0,24898.0,34441.0,34146.0,33525.0,33374.0,32730.0,32353.0,31901.0,31169.0,30891.0,30369.0,30003.0,29940.0,29243,29173.0,28849.0,28404.0,28252.0,28146.0,27826.0,27407.0,27568.0,27265.0,27086.0,27297.0,27323.0,27186.0,27816.0,28137,28454.0,28980.0,29611.0,29869.0,30551.0,31122.0,31382.0
M,63,38636.0,39401.0,38602.0,39883.0,39928.0,39575.0,40395.0,41013.0,40903.0,42569.0,42770.0,43228.0,42839.0,42304.0,41217.0,40540.0,40427.0,40203.0,39068.0,37970.0,38097.0,37828.0,35915.0,34770.0,35323.0,35877.0,35392.0,36255.0,36178.0,37218.0,37452.0,36677.0,35873.0,35341.0,34174.0,34222.0,33957.0,34029,32521.0,31684.0,31183.0,30139.0,31511.0,28814.0,28914.0,28775.0,28461.0,28009.0,27843.0,27545.0,27323.0,26960.0,26607.0,26292.0,26221.0,25986.0,25883.0,25685.0,25451.0,25537.0,25311.0,25163.0,25272.0,24898.0,34440.0,34145.0,33522.0,33373.0,32726.0,32353.0,31898.0,31168.0,30890.0,30367.0,30001.0,29940,29241.0,29172.0,28848.0,28403.0,28251.0,28146.0,27825.0,27404.0,27565.0,27265.0,27083.0,27295.0,27322.0,27186.0,27816,28134.0,28452.0,28980.0,29610.0,29867.0,30550.0,31122.0
M,64,38381.0,38628.0,39399.0,38595.0,39881.0,39925.0,39570.0,40392.0,41007.0,40896.0,42566.0,42769.0,43222.0,42839.0,42302.0,41214.0,40538.0,40426.0,40202.0,39064.0,37970.0,38094.0,37826.0,35915.0,34768.0,35322.0,35877.0,35390.0,36254.0,36177.0,37217.0,37451.0,36674.0,35872.0,35341.0,34172.0,34220.0,33957,34027.0,32521.0,31684.0,31183.0,30137.0,31510.0,28814.0,28912.0,28774.0,28461.0,28009.0,27843.0,27545.0,27323.0,26959.0,26606.0,26291.0,26221.0,25985.0,25883.0,25685.0,25451.0,25536.0,25309.0,25163.0,25269.0,24897.0,34436.0,34145.0,33520.0,33372.0,32723.0,32351.0,31897.0,31168.0,30890.0,30367.0,30000,29937.0,29241.0,29170.0,28848.0,28401.0,28251.0,28145.0,27823.0,27402.0,27565.0,27264.0,27081.0,27294.0,27322.0,27182,27815.0,28132.0,28451.0,28980.0,29609.0,29866.0,30548.0
M,65,36881.0,38211.0,38439.0,39209.0,38415.0,39722.0,39775.0,39431.0,40239.0,40883.0,40790.0,42467.0,42665.0,43164.0,42778.0,42248.0,41155.0,40478.0,40389.0,40143.0,39025.0,37923.0,38056.0,37785.0,35882.0,34732.0,35289.0,35843.0,35357.0,36221.0,36152.0,37181.0,37422.0,36629.0,35833.0,35302.0,34138.0,34185,33918.0,33991.0,32496.0,31647.0,31141.0,30093.0,31477.0,28783.0,28877.0,28732.0,28423.0,27977.0,27820.0,27508.0,27290.0,26925.0,26579.0,26256.0,26181.0,25964.0,25850.0,25660.0,25423.0,25502.0,25279.0,25124.0,25237.0,24868.0,34399.0,34093.0,33470.0,33329.0,32678.0,32306.0,31861.0,31138.0,30855.0,30311,29951.0,29906.0,29199.0,29129.0,28793.0,28350.0,28219.0,28107.0,27793.0,27366.0,27531.0,27226.0,27042.0,27261.0,27290,27150.0,27776.0,28095.0,28420.0,28929.0,29574.0,29825.0
M,66,37540.0,36705.0,38014.0,38261.0,39029.0,38265.0,39565.0,39637.0,39285.0,40101.0,40778.0,40696.0,42374.0,42577.0,43085.0,42717.0,42192.0,41108.0,40428.0,40349.0,40095.0,38987.0,37894.0,38013.0,37743.0,35843.0,34692.0,35253.0,35805.0,35318.0,36183.0,36104.0,37139.0,37398.0,36587.0,35783.0,35268.0,34103,34144.0,33886.0,33966.0,32463.0,31610.0,31115.0,30061.0,31440.0,28751.0,28845.0,28692.0,28386.0,27944.0,27782.0,27484.0,27267.0,26898.0,26547.0,26226.0,26153.0,25932.0,25821.0,25638.0,25398.0,25471.0,25244.0,25097.0,25208.0,24835.0,34366.0,34045.0,33429.0,33274.0,32636.0,32253.0,31815.0,31087.0,30815,30275.0,29908.0,29860.0,29155.0,29090.0,28749.0,28319.0,28172.0,28066.0,27757.0,27341.0,27495.0,27182.0,27009.0,27232,27262.0,27109.0,27744.0,28052.0,28393.0,28890.0,29547.0
M,67,37984.0,37355.0,36519.0,37833.0,38117.0,38887.0,38132.0,39434.0,39507.0,39162.0,40011.0,40680.0,40599.0,42295.0,42517.0,43034.0,42679.0,42160.0,41056.0,40383.0,40308.0,40066.0,38941.0,37849.0,37971.0,37712.0,35804.0,34649.0,35210.0,35767.0,35285.0,36147.0,36072.0,37097.0,37362.0,36555.0,35752.0,35231,34073.0,34118.0,33850.0,33928.0,32432.0,31574.0,31091.0,30038.0,31409.0,28730.0,28811.0,28665.0,28352.0,27910.0,27755.0,27456.0,27240.0,26863.0,26521.0,26197.0,26113.0,25904.0,25799.0,25598.0,25362.0,25441.0,25205.0,25059.0,25170.0,24801.0,34309.0,34004.0,33389.0,33224.0,32596.0,32207.0,31777.0,31043,30777.0,30232.0,29878.0,29813.0,29120.0,29054.0,28716.0,28277.0,28137.0,28023.0,27724.0,27310.0,27461.0,27146.0,26975,27209.0,27220.0,27058.0,27703.0,28019.0,28362.0,28847.0
M,68,38832.0,37780.0,37180.0,36343.0,37683.0,37984.0,38765.0,38006.0,39309.0,39405.0,39064.0,39914.0,40589.0,40512.0,42228.0,42456.0,42986.0,42624.0,42110.0,40989.0,40343.0,40268.0,40027.0,38899.0,37807.0,37933.0,37674.0,35772.0,34613.0,35181.0,35732.0,35240.0,36100.0,36044.0,37063.0,37314.0,36508.0,35712,35187.0,34038.0,34081.0,33816.0,33895.0,32397.0,31547.0,31048.0,29996.0,31370.0,28696.0,28774.0,28633.0,28329.0,27881.0,27725.0,27422.0,27207.0,26831.0,26497.0,26162.0,26083.0,25873.0,25768.0,25569.0,25328.0,25401.0,25174.0,25022.0,25145.0,24776.0,34265.0,33955.0,33354.0,33181.0,32557.0,32172.0,31739,30990.0,30743.0,30183.0,29831.0,29779.0,29084.0,29009.0,28687.0,28233.0,28105.0,27991.0,27687.0,27276.0,27421.0,27115,26938.0,27173.0,27185.0,27027.0,27677.0,27973.0,28324.0
M,69,38705.0,38645.0,37617.0,37020.0,36189.0,37544.0,37822.0,38619.0,37877.0,39188.0,39303.0,38964.0,39814.0,40518.0,40435.0,42179.0,42393.0,42949.0,42572.0,42068.0,40949.0,40300.0,40224.0,39983.0,38863.0,37754.0,37888.0,37630.0,35738.0,34582.0,35138.0,35697.0,35202.0,36074.0,36001.0,37034.0,37276.0,36473,35671.0,35157.0,33996.0,34051.0,33783.0,33861.0,32364.0,31501.0,31023.0,29961.0,31334.0,28666.0,28736.0,28601.0,28307.0,27845.0,27695.0,27392.0,27177.0,26803.0,26461.0,26130.0,26049.0,25853.0,25736.0,25533.0,25299.0,25368.0,25144.0,24987.0,25115.0,24746.0,34220.0,33905.0,33311.0,33141.0,32514.0,32131,31695.0,30958.0,30713.0,30153.0,29794.0,29737.0,29045.0,28957.0,28659.0,28198.0,28068.0,27948.0,27644.0,27246.0,27384,27071.0,26894.0,27137.0,27151.0,26996.0,27641.0,27934.0
M,70,39271.0,38303.0,38305.0,37289.0,36696.0,35910.0,37262.0,37551.0,38385.0,37658.0,38983.0,39102.0,38772.0,39672.0,40378.0,40328.0,42074.0,42289.0,42844.0,42468.0,41975.0,40852.0,40214.0,40146.0,39896.0,38781.0,37692.0,37802.0,37559.0,35662.0,34512.0,35055.0,35635.0,35135.0,36003.0,35911.0,36963.0,37189,36396.0,35599.0,35101.0,33930.0,33981.0,33717.0,33791.0,32293.0,31431.0,30939.0,29903.0,31263.0,28606.0,28690.0,28539.0,28230.0,27771.0,27621.0,27321.0,27118.0,26737.0,26391.0,26079.0,25974.0,25804.0,25682.0,25465.0,25236.0,25323.0,25071.0,24912.0,25046.0,24685.0,34138.0,33805.0,33198.0,33044.0,32425,32040.0,31607.0,30881.0,30634.0,30061.0,29727.0,29651.0,28966.0,28883.0,28579.0,28127.0,27991.0,27871.0,27586.0,27170,27329.0,27015.0,26826.0,27057.0,27073.0,26938.0,27566.0
M,71,38291.0,38871.0,37922.0,37958.0,36968.0,36362.0,35644.0,37005.0,37332.0,38174.0,37467.0,38794.0,38913.0,38629.0,39525.0,40266.0,40248.0,41951.0,42191.0,42745.0,42378.0,41896.0,40752.0,40127.0,40054.0,39805.0,38701.0,37614.0,37719.0,37461.0,35580.0,34424.0,34984.0,35562.0,35068.0,35924.0,35836.0,36886,37103.0,36322.0,35524.0,35030.0,33863.0,33899.0,33624.0,33711.0,32204.0,31361.0,30876.0,29836.0,31200.0,28551.0,28629.0,28471.0,28153.0,27712.0,27546.0,27269.0,27060.0,26659.0,26322.0,26009.0,25908.0,25727.0,25612.0,25406.0,25161.0,25256.0,25010.0,24844.0,24973.0,24634.0,34047.0,33718.0,33107.0,32952,32346.0,31956.0,31523.0,30803.0,30551.0,29974.0,29647.0,29586.0,28896.0,28812.0,28497.0,28048.0,27905.0,27805.0,27498,27116.0,27262.0,26936.0,26758.0,26974.0,27002.0,26873.0
M,72,37232.0,37893.0,38507.0,37559.0,37664.0,36678.0,36071.0,35385.0,36773.0,37108.0,37964.0,37269.0,38649.0,38777.0,38526.0,39425.0,40162.0,40143.0,41865.0,42103.0,42634.0,42257.0,41785.0,40676.0,40045.0,39980.0,39726.0,38616.0,37540.0,37648.0,37369.0,35518.0,34366.0,34914.0,35484.0,35001.0,35857.0,35748,36819.0,37015.0,36245.0,35439.0,34939.0,33773.0,33809.0,33556.0,33639.0,32122.0,31285.0,30813.0,29771.0,31133.0,28490.0,28561.0,28415.0,28082.0,27646.0,27488.0,27193.0,26996.0,26592.0,26257.0,25944.0,25842.0,25661.0,25532.0,25325.0,25091.0,25188.0,24944.0,24770.0,24910.0,24555.0,33963.0,33639.0,33026,32852.0,32269.0,31870.0,31424.0,30710.0,30454.0,29891.0,29569.0,29500.0,28832.0,28734.0,28434.0,27978.0,27826.0,27735,27442.0,27053.0,27203.0,26871.0,26687.0,26911.0,26931.0
M,73,37110.0,36854.0,37500.0,38155.0,37220.0,37375.0,36400.0,35790.0,35159.0,36552.0,36910.0,37779.0,37104.0,38484.0,38653.0,38434.0,39322.0,40073.0,40056.0,41769.0,42000.0,42550.0,42162.0,41699.0,40575.0,39966.0,39890.0,39638.0,38537.0,37451.0,37567.0,37292.0,35420.0,34300.0,34841.0,35397.0,34932.0,35804,35692.0,36732.0,36933.0,36176.0,35368.0,34864.0,33702.0,33733.0,33483.0,33535.0,32056.0,31206.0,30733.0,29709.0,31044.0,28424.0,28504.0,28359.0,28010.0,27569.0,27423.0,27102.0,26931.0,26515.0,26198.0,25888.0,25768.0,25608.0,25465.0,25259.0,25024.0,25121.0,24876.0,24712.0,24851.0,24497.0,33860.0,33545,32933.0,32768.0,32192.0,31784.0,31337.0,30636.0,30379.0,29812.0,29479.0,29436.0,28759.0,28646.0,28371.0,27901.0,27758,27672.0,27382.0,26990.0,27132.0,26795.0,26611.0,26844.0
M,74,36030.0,36749.0,36500.0,37115.0,37787.0,36905.0,37120.0,36140.0,35536.0,34944.0,36334.0,36722.0,37626.0,36956.0,38368.0,38556.0,38338.0,39238.0,39983.0,39964.0,41683.0,41896.0,42464.0,42062.0,41601.0,40482.0,39879.0,39805.0,39568.0,38465.0,37375.0,37492.0,37215.0,35359.0,34233.0,34765.0,35323.0,34869,35727.0,35622.0,36649.0,36860.0,36092.0,35281.0,34785.0,33635.0,33664.0,33396.0,33451.0,31984.0,31145.0,30664.0,29641.0,30984.0,28348.0,28438.0,28301.0,27956.0,27507.0,27353.0,27030.0,26872.0,26445.0,26130.0,25835.0,25695.0,25543.0,25400.0,25201.0,24952.0,25051.0,24813.0,24640.0,24774.0,24422.0,33752,33459.0,32839.0,32679.0,32111.0,31705.0,31255.0,30554.0,30278.0,29734.0,29413.0,29363.0,28688.0,28577.0,28306.0,27833,27681.0,27589.0,27300.0,26924.0,27065.0,26730.0,26541.0
M,75,33841.0,35306.0,36010.0,35832.0,36506.0,37201.0,36386.0,36556.0,35669.0,35109.0,34570.0,35949.0,36389.0,37352.0,36719.0,38174.0,38376.0,38131.0,39060.0,39804.0,39805.0,41479.0,41710.0,42243.0,41857.0,41429.0,40313.0,39724.0,39628.0,39406.0,38300.0,37229.0,37357.0,37075.0,35208.0,34096.0,34614.0,35176,34730.0,35564.0,35483.0,36491.0,36712.0,35944.0,35143.0,34634.0,33507.0,33520.0,33231.0,33295.0,31858.0,31011.0,30511.0,29515.0,30849.0,28195.0,28287.0,28181.0,27816.0,27363.0,27196.0,26916.0,26739.0,26320.0,26001.0,25695.0,25546.0,25394.0,25265.0,25070.0,24810.0,24911.0,24660.0,24535.0,24644.0,24292,33569.0,33256.0,32647.0,32464.0,31931.0,31532.0,31074.0,30388.0,30108.0,29572.0,29270.0,29210.0,28542.0,28447.0,28163,27690.0,27550.0,27462.0,27160.0,26791.0,26947.0,26590.0
M,76,32560.0,33116.0,34618.0,35373.0,35197.0,35880.0,36650.0,35877.0,36138.0,35226.0,34701.0,34242.0,35630.0,36073.0,37103.0,36530.0,37992.0,38201.0,37960.0,38890.0,39644.0,39623.0,41306.0,41537.0,42056.0,41660.0,41246.0,40145.0,39546.0,39468.0,39261.0,38156.0,37085.0,37201.0,36937.0,35058.0,33962.0,34473,35022.0,34595.0,35415.0,35317.0,36330.0,36556.0,35777.0,35002.0,34484.0,33361.0,33363.0,33079.0,33149.0,31705.0,30847.0,30370.0,29378.0,30729.0,28055.0,28141.0,28055.0,27689.0,27206.0,27048.0,26799.0,26611.0,26162.0,25863.0,25573.0,25414.0,25266.0,25119.0,24940.0,24692.0,24793.0,24518.0,24409.0,24499,24157.0,33402.0,33051.0,32472.0,32282.0,31756.0,31359.0,30901.0,30235.0,29918.0,29401.0,29121.0,29050.0,28408.0,28331,28021.0,27548.0,27405.0,27326.0,27020.0,26647.0,26801.0
M,77,30944.0,31916.0,32486.0,33941.0,34747.0,34629.0,35354.0,36109.0,35413.0,35753.0,34890.0,34378.0,33943.0,35344.0,35838.0,36907.0,36376.0,37805.0,38018.0,37779.0,38692.0,39473.0,39424.0,41137.0,41364.0,41879.0,41478.0,41085.0,39988.0,39411.0,39317.0,39094.0,37989.0,36939.0,37040.0,36776.0,34915.0,33836,34343.0,34894.0,34448.0,35256.0,35155.0,36177.0,36404.0,35618.0,34846.0,34333.0,33218.0,33213.0,32927.0,33002.0,31574.0,30704.0,30230.0,29257.0,30594.0,27943.0,28023.0,27911.0,27548.0,27084.0,26914.0,26654.0,26482.0,26019.0,25752.0,25435.0,25260.0,25132.0,24994.0,24805.0,24562.0,24652.0,24391.0,24280,24349.0,24032.0,33224.0,32880.0,32277.0,32095.0,31594.0,31174.0,30732.0,30057.0,29772.0,29249.0,28966.0,28916.0,28278,28191.0,27898.0,27411.0,27242.0,27190.0,26887.0,26515.0
M,78,29065.0,30300.0,31314.0,31861.0,33354.0,34143.0,34084.0,34887.0,35617.0,34973.0,35331.0,34566.0,34058.0,33682.0,35112.0,35605.0,36728.0,36193.0,37626.0,37838.0,37589.0,38538.0,39313.0,39227.0,40975.0,41188.0,41705.0,41306.0,40924.0,39820.0,39244.0,39182.0,38907.0,37845.0,36805.0,36890.0,36639.0,34750,33690.0,34213.0,34749.0,34302.0,35095.0,35010.0,36024.0,36232.0,35475.0,34691.0,34176.0,33073.0,33049.0,32774.0,32833.0,31402.0,30545.0,30100.0,29128.0,30461.0,27814.0,27899.0,27791.0,27406.0,26943.0,26766.0,26509.0,26351.0,25878.0,25622.0,25300.0,25123.0,24990.0,24862.0,24649.0,24430.0,24519.0,24268,24146.0,24207.0,23897.0,33025.0,32701.0,32099.0,31905.0,31446.0,30989.0,30563.0,29899.0,29623.0,29097.0,28814.0,28790,28153.0,28037.0,27753.0,27289.0,27098.0,27024.0,26741.0
M,79,26641.0,28454.0,29672.0,30750.0,31317.0,32803.0,33602.0,33613.0,34429.0,35150.0,34577.0,34984.0,34268.0,33810.0,33469.0,34932.0,35416.0,36577.0,36025.0,37448.0,37661.0,37420.0,38380.0,39129.0,39044.0,40809.0,40991.0,41554.0,41105.0,40757.0,39650.0,39077.0,39040.0,38754.0,37710.0,36667.0,36734.0,36461,34648.0,33537.0,34070.0,34601.0,34163.0,34934.0,34839.0,35872.0,36073.0,35314.0,34538.0,34031.0,32933.0,32931.0,32621.0,32677.0,31258.0,30409.0,29961.0,28974.0,30342.0,27704.0,27781.0,27653.0,27270.0,26790.0,26632.0,26385.0,26214.0,25735.0,25494.0,25157.0,24984.0,24829.0,24731.0,24524.0,24296.0,24382,24121.0,24018.0,24068.0,23758.0,32831.0,32500.0,31916.0,31734.0,31260.0,30818.0,30421.0,29743.0,29472.0,28950.0,28664,28669.0,28000.0,27906.0,27617.0,27164.0,26953.0,26851.0
M,80,24328.0,25601.0,27377.0,28586.0,29683.0,30347.0,31835.0,32704.0,32745.0,33578.0,34393.0,33897.0,34401.0,33772.0,33337.0,33118.0,34607.0,35072.0,36228.0,35698.0,37098.0,37321.0,37077.0,38030.0,38766.0,38699.0,40484.0,40612.0,41218.0,40796.0,40425.0,39286.0,38736.0,38750.0,38449.0,37441.0,36371.0,36441,36151.0,34366.0,33252.0,33792.0,34303.0,33864.0,34634.0,34516.0,35562.0,35738.0,35007.0,34217.0,33742.0,32634.0,32627.0,32308.0,32356.0,30992.0,30110.0,29688.0,28710.0,30031.0,27417.0,27521.0,27406.0,26997.0,26515.0,26371.0,26105.0,25961.0,25480.0,25222.0,24883.0,24723.0,24549.0,24450.0,24283.0,24035,24093.0,23841.0,23767.0,23792.0,23505.0,32426.0,32182.0,31558.0,31394.0,30941.0,30479.0,30090.0,29418.0,29200.0,28637,28376.0,28368.0,27714.0,27608.0,27323.0,26896.0,26681.0
M,81,22098.0,23396.0,24627.0,26356.0,27572.0,28674.0,29455.0,30922.0,31895.0,31912.0,32881.0,33684.0,33323.0,33885.0,33383.0,32997.0,32812.0,34315.0,34744.0,35926.0,35360.0,36765.0,37011.0,36720.0,37719.0,38399.0,38395.0,40115.0,40276.0,40898.0,40459.0,40109.0,38980.0,38429.0,38440.0,38128.0,37136.0,36100,36139.0,35846.0,34087.0,32940.0,33473.0,34000.0,33571.0,34325.0,34164.0,35249.0,35436.0,34694.0,33924.0,33487.0,32366.0,32366.0,32018.0,32062.0,30667.0,29824.0,29407.0,28445.0,29765.0,27132.0,27232.0,27153.0,26699.0,26216.0,26076.0,25829.0,25686.0,25185.0,24947.0,24604.0,24394.0,24298.0,24185.0,24029,23764.0,23801.0,23560.0,23520.0,23539.0,23263.0,32075.0,31824.0,31210.0,31041.0,30592.0,30143.0,29791.0,29127.0,28914,28337.0,28056.0,28067.0,27429.0,27351.0,27030.0,26622.0
M,82,20396.0,21255.0,22488.0,23681.0,25448.0,26708.0,27792.0,28637.0,30144.0,31125.0,31205.0,32261.0,33089.0,32857.0,33430.0,33054.0,32711.0,32495.0,34004.0,34422.0,35573.0,35029.0,36441.0,36667.0,36428.0,37364.0,38052.0,38088.0,39831.0,39941.0,40556.0,40124.0,39786.0,38648.0,38137.0,38130.0,37802.0,36847,35804.0,35835.0,35529.0,33812.0,32636.0,33182.0,33700.0,33240.0,34010.0,33898.0,34890.0,35131.0,34378.0,33609.0,33152.0,32066.0,32087.0,31723.0,31781.0,30386.0,29534.0,29151.0,28177.0,29454.0,26838.0,26964.0,26851.0,26448.0,25924.0,25817.0,25531.0,25395.0,24915.0,24692.0,24347.0,24115.0,24032.0,23935,23773.0,23458.0,23509.0,23279.0,23257.0,23289.0,23014.0,31727.0,31475.0,30864.0,30697.0,30277.0,29847.0,29468.0,28848,28638.0,28052.0,27775.0,27772.0,27146.0,27048.0,26744.0
M,83,18875.0,19596.0,20420.0,21656.0,22869.0,24620.0,25861.0,27028.0,27922.0,29448.0,30501.0,30616.0,31708.0,32606.0,32439.0,33091.0,32741.0,32391.0,32199.0,33687.0,34092.0,35246.0,34745.0,36108.0,36353.0,36102.0,37040.0,37735.0,37739.0,39504.0,39622.0,40232.0,39817.0,39484.0,38350.0,37867.0,37823.0,37501,36526.0,35501.0,35507.0,35258.0,33502.0,32340.0,32899.0,33389.0,32941.0,33685.0,33580.0,34566.0,34824.0,34068.0,33306.0,32860.0,31800.0,31766.0,31392.0,31470.0,30065.0,29255.0,28872.0,27912.0,29161.0,26571.0,26705.0,26576.0,26176.0,25654.0,25545.0,25258.0,25115.0,24659.0,24407.0,24085.0,23849.0,23744,23650.0,23507.0,23199.0,23256.0,23001.0,23020.0,23031.0,22764.0,31365.0,31127.0,30568.0,30377.0,29972.0,29537.0,29180,28531.0,28358.0,27776.0,27485.0,27466.0,26833.0,26775.0
M,84,17235.0,18149.0,18845.0,19675.0,20895.0,22119.0,23867.0,25135.0,26320.0,27269.0,28799.0,29903.0,30076.0,31213.0,32172.0,32093.0,32757.0,32436.0,32066.0,31887.0,33378.0,33776.0,34942.0,34440.0,35800.0,36037.0,35818.0,36727.0,37398.0,37423.0,39147.0,39295.0,39919.0,39482.0,39179.0,38066.0,37557.0,37524,37215.0,36196.0,35187.0,35211.0,34956.0,33225.0,32061.0,32598.0,33071.0,32657.0,33391.0,33293.0,34285.0,34506.0,33771.0,33021.0,32560.0,31494.0,31484.0,31085.0,31185.0,29797.0,28932.0,28588.0,27640.0,28868.0,26293.0,26379.0,26305.0,25888.0,25372.0,25294.0,24973.0,24827.0,24395.0,24144.0,23830.0,23582,23471.0,23382.0,23241.0,22958.0,22967.0,22752.0,22780.0,22793.0,22514.0,31035.0,30839.0,30262.0,30081.0,29688.0,29250,28895.0,28225.0,28096.0,27518.0,27196.0,27190.0,26561.0
M,85,14444.0,15836.0,16806.0,17552.0,18325.0,19576.0,20864.0,22559.0,23833.0,25140.0,26094.0,27671.0,28947.0,29218.0,30438.0,31558.0,31492.0,32140.0,31814.0,31472.0,31306.0,32772.0,33148.0,34354.0,33889.0,35144.0,35407.0,35188.0,36145.0,36723.0,36821.0,38508.0,38614.0,39296.0,38827.0,38556.0,37481.0,36909,36881.0,36583.0,35605.0,34606.0,34635.0,34337.0,32623.0,31489.0,31988.0,32551.0,32098.0,32820.0,32690.0,33668.0,33923.0,33120.0,32418.0,31968.0,30906.0,30849.0,30499.0,30564.0,29233.0,28364.0,28026.0,27094.0,28280.0,25735.0,25780.0,25762.0,25338.0,24817.0,24738.0,24423.0,24302.0,23832.0,23599.0,23287,23066.0,22919.0,22820.0,22739.0,22493.0,22482.0,22231.0,22287.0,22318.0,22049.0,30387.0,30269.0,29666.0,29481.0,29088,28653.0,28309.0,27687.0,27515.0,26986.0,26638.0,26642.0
M,86,12667.0,13283.0,14668.0,15619.0,16385.0,17204.0,18434.0,19706.0,21437.0,22750.0,24089.0,25089.0,26720.0,28082.0,28521.0,29836.0,30957.0,30927.0,31514.0,31230.0,30901.0,30769.0,32185.0,32582.0,33793.0,33301.0,34545.0,34787.0,34592.0,35567.0,36125.0,36189.0,37903.0,37963.0,38669.0,38194.0,37961.0,36898,36294.0,36280.0,35963.0,34999.0,33987.0,34022.0,33722.0,32010.0,30919.0,31441.0,31997.0,31523.0,32242.0,32113.0,33057.0,33354.0,32525.0,31847.0,31381.0,30331.0,30227.0,29948.0,29976.0,28712.0,27808.0,27463.0,26532.0,27706.0,25202.0,25257.0,25183.0,24782.0,24283.0,24195.0,23952.0,23779.0,23331.0,23073,22753.0,22570.0,22404.0,22288.0,22254.0,21998.0,22023.0,21759.0,21786.0,21838.0,21581.0,29775.0,29649.0,29085.0,28920,28502.0,28099.0,27767.0,27152.0,26965.0,26408.0,26039.0
M,87,10755.0,11643.0,12260.0,13597.0,14589.0,15274.0,16184.0,17455.0,18708.0,20488.0,21809.0,23119.0,24248.0,25950.0,27378.0,27906.0,29259.0,30401.0,30355.0,30932.0,30621.0,30292.0,30220.0,31598.0,31955.0,33227.0,32741.0,33945.0,34190.0,34039.0,34971.0,35532.0,35601.0,37262.0,37364.0,38079.0,37575.0,37349,36333.0,35663.0,35654.0,35368.0,34385.0,33403.0,33384.0,33123.0,31446.0,30396.0,30890.0,31482.0,30996.0,31685.0,31545.0,32492.0,32746.0,31933.0,31271.0,30765.0,29758.0,29677.0,29379.0,29382.0,28083.0,27236.0,26906.0,25960.0,27135.0,24644.0,24721.0,24633.0,24266.0,23789.0,23643.0,23416.0,23215.0,22793,22555.0,22237.0,22075.0,21889.0,21750.0,21810.0,21501.0,21551.0,21303.0,21275.0,21335.0,21149.0,29163.0,29100.0,28538,28316.0,27968.0,27525.0,27242.0,26614.0,26434.0,25839.0
M,88,9284.0,9916.0,10751.0,11389.0,12614.0,13702.0,14308.0,15302.0,16595.0,17852.0,19610.0,20969.0,22368.0,23532.0,25363.0,26783.0,27343.0,28741.0,29825.0,29777.0,30406.0,30079.0,29737.0,29668.0,31051.0,31414.0,32664.0,32208.0,33361.0,33568.0,33506.0,34403.0,34993.0,34996.0,36626.0,36736.0,37493.0,36984,36725.0,35714.0,35032.0,35041.0,34779.0,33780.0,32843.0,32789.0,32540.0,30903.0,29856.0,30303.0,30909.0,30439.0,31135.0,30996.0,31878.0,32118.0,31364.0,30673.0,30165.0,29225.0,29114.0,28826.0,28769.0,27524.0,26665.0,26392.0,25421.0,26540.0,24138.0,24198.0,24078.0,23727.0,23268.0,23137.0,22879.0,22747,22301.0,22057.0,21720.0,21585.0,21421.0,21266.0,21337.0,20988.0,21113.0,20888.0,20836.0,20946.0,20749.0,28596.0,28569,27941.0,27809.0,27400.0,26929.0,26689.0,26102.0,25871.0
M,89,7881.0,8552.0,9163.0,9949.0,10604.0,11805.0,12875.0,13518.0,14526.0,15826.0,17079.0,18827.0,20237.0,21696.0,22952.0,24830.0,26282.0,26869.0,28215.0,29289.0,29254.0,29868.0,29516.0,29229.0,29147.0,30516.0,30895.0,32127.0,31672.0,32812.0,33027.0,32970.0,33847.0,34392.0,34430.0,36046.0,36109.0,36891,36384.0,36112.0,35137.0,34423.0,34453.0,34200.0,33175.0,32221.0,32216.0,31927.0,30373.0,29336.0,29754.0,30317.0,29924.0,30573.0,30490.0,31310.0,31519.0,30749.0,30146.0,29591.0,28612.0,28518.0,28254.0,28197.0,26984.0,26126.0,25814.0,24888.0,25985.0,23626.0,23688.0,23561.0,23223.0,22728.0,22591.0,22359,22263.0,21824.0,21623.0,21256.0,21119.0,20908.0,20788.0,20877.0,20487.0,20654.0,20465.0,20431.0,20566.0,20341.0,28032,28024.0,27391.0,27267.0,26880.0,26394.0,26147.0,25536.0
M,90,7589.0,7881.0,8552.0,9163.0,9949.0,10604.0,11805.0,12875.0,13518.0,14526.0,15826.0,17079.0,18827.0,20237.0,21696.0,22952.0,24830.0,26282.0,26869.0,28215.0,29289.0,29254.0,29868.0,29516.0,29229.0,29147.0,30516.0,30895.0,32127.0,31672.0,32812.0,33027.0,32970.0,33847.0,34392.0,34430.0,36046.0,36109,36891.0,36384.0,36112.0,35137.0,34423.0,34453.0,34200.0,33175.0,32221.0,32216.0,31927.0,30373.0,29336.0,29754.0,30317.0,29924.0,30573.0,30490.0,31310.0,31519.0,30749.0,30146.0,29591.0,28612.0,28518.0,28254.0,28197.0,26984.0,26126.0,25814.0,24888.0,25985.0,23626.0,23688.0,23561.0,23223.0,22728.0,22591,22359.0,22263.0,21824.0,21623.0,21256.0,21119.0,20908.0,20788.0,20877.0,20487.0,20654.0,20465.0,20431.0,20566.0,20341,28032.0,28024.0,27391.0,27267.0,26880.0,26394.0,26147.0
M,91,5358.0,5680.0,5846.0,6378.0,6868.0,7482.0,7971.0,8864.0,9688.0,10169.0,10919.0,11912.0,12782.0,14149.0,15126.0,16269.0,17280.0,18759.0,19878.0,20317.0,21241.0,22101.0,22151.0,22531.0,22271.0,22073.0,21978.0,22999.0,23248.0,24185.0,23872.0,24797.0,24923.0,24844.0,25472.0,25912.0,25918.0,27127,27187.0,27760.0,27298.0,27124.0,26375.0,25882.0,25890.0,25719.0,24999.0,24314.0,24311.0,24114.0,22876.0,22151.0,22484.0,22887.0,22556.0,23063.0,22958.0,23568.0,23735.0,23162.0,22750.0,22277.0,21612.0,21508.0,21338.0,21267.0,20365.0,19759.0,19510.0,18757.0,19607.0,17811.0,17627.0,17688.0,17358.0,16976,16896.0,16705.0,16643.0,16388.0,16209.0,15767.0,15713.0,15576.0,15510.0,15523.0,15293.0,15397.0,15309.0,15270.0,15375,15213.0,20939.0,20895.0,20409.0,20378.0,20081.0,19712.0
M,92,4087.0,4031.0,4289.0,4401.0,4807.0,5206.0,5646.0,5979.0,6615.0,7202.0,7568.0,8116.0,8864.0,9524.0,10577.0,11263.0,12211.0,13009.0,14139.0,14947.0,15281.0,16010.0,16659.0,16663.0,16992.0,16855.0,16568.0,16486.0,17298.0,17479.0,18181.0,17892.0,18574.0,18653.0,18653.0,19108.0,19370.0,19503,20394.0,20468.0,20856.0,20562.0,20419.0,19789.0,19435.0,19383.0,19222.0,18655.0,18166.0,18143.0,18093.0,17170.0,16635.0,16901.0,17274.0,16975.0,17406.0,17283.0,17726.0,17897.0,17462.0,17134.0,16762.0,16271.0,16280.0,16161.0,16069.0,15409.0,14863.0,14687.0,14125.0,14765.0,13415.0,13293.0,13358.0,13020,12796.0,12721.0,12524.0,12490.0,12327.0,12217.0,11830.0,11876.0,11687.0,11620.0,11621.0,11414.0,11611.0,11428.0,11486,11390.0,11488.0,15749.0,15758.0,15393.0,15353.0,15162.0
M,93,2957.0,3132.0,3027.0,3195.0,3266.0,3592.0,3894.0,4212.0,4505.0,5021.0,5441.0,5623.0,6089.0,6630.0,7124.0,7935.0,8456.0,9194.0,9801.0,10645.0,11175.0,11422.0,11984.0,12457.0,12421.0,12698.0,12575.0,12398.0,12316.0,12884.0,13099.0,13595.0,13325.0,13836.0,13862.0,13982.0,14288.0,14536,14624.0,15347.0,15331.0,15746.0,15467.0,15317.0,14940.0,14540.0,14548.0,14388.0,13973.0,13602.0,13523.0,13595.0,12929.0,12430.0,12617.0,12911.0,12594.0,13013.0,12946.0,13263.0,13320.0,13004.0,12833.0,12565.0,12159.0,12172.0,12094.0,11973.0,11523.0,11055.0,11013.0,10638.0,11051.0,10119.0,9957.0,9959,9762.0,9582.0,9553.0,9364.0,9355.0,9159.0,9227.0,8861.0,8881.0,8789.0,8659.0,8674.0,8537.0,8684.0,8555,8597.0,8513.0,8639.0,11771.0,11841.0,11576.0,11465.0
M,94,2216.0,2218.0,2324.0,2277.0,2335.0,2432.0,2703.0,2973.0,3127.0,3386.0,3773.0,4103.0,4246.0,4564.0,5059.0,5366.0,5873.0,6345.0,6864.0,7305.0,8001.0,8409.0,8648.0,8980.0,9442.0,9354.0,9500.0,9394.0,9254.0,9266.0,9628.0,9827.0,10233.0,10035.0,10380.0,10446.0,10556.0,10747,10932.0,10970.0,11415.0,11454.0,11814.0,11626.0,11499.0,11293.0,10919.0,10959.0,10878.0,10510.0,10212.0,10197.0,10263.0,9760.0,9368.0,9446.0,9704.0,9493.0,9765.0,9748.0,9981.0,9999.0,9776.0,9673.0,9403.0,9068.0,9082.0,9011.0,8989.0,8657.0,8277.0,8316.0,7995.0,8211.0,7590.0,7502,7495.0,7294.0,7197.0,7126.0,6998.0,6998.0,6843.0,7000.0,6706.0,6655.0,6620.0,6552.0,6573.0,6406.0,6489,6487.0,6471.0,6445.0,6526.0,8885.0,8939.0,8767.0
M,95,1710.0,1654.0,1665.0,1736.0,1750.0,1763.0,1805.0,2041.0,2254.0,2314.0,2529.0,2828.0,3087.0,3193.0,3450.0,3798.0,4033.0,4405.0,4747.0,5186.0,5501.0,6009.0,6328.0,6495.0,6751.0,7089.0,7022.0,7124.0,7056.0,6947.0,6884.0,7103.0,7340.0,7600.0,7474.0,7732.0,7826.0,7881,8055.0,8109.0,8221.0,8557.0,8588.0,8886.0,8743.0,8647.0,8449.0,8075.0,8168.0,8160.0,7874.0,7678.0,7731.0,7738.0,7363.0,7068.0,7130.0,7362.0,7138.0,7275.0,7280.0,7477.0,7566.0,7370.0,7318.0,7131.0,6839.0,6835.0,6759.0,6706.0,6494.0,6226.0,6215.0,6001.0,6169.0,5700,5637.0,5588.0,5428.0,5395.0,5267.0,5261.0,5263.0,5115.0,5281.0,5003.0,5019.0,4968.0,4935.0,4962.0,4827,4807.0,4846.0,4866.0,4849.0,4885.0,6661.0,6692.0
M,96,1326.0,1265.0,1224.0,1248.0,1321.0,1284.0,1333.0,1348.0,1536.0,1675.0,1721.0,1897.0,2140.0,2300.0,2435.0,2611.0,2829.0,3017.0,3296.0,3534.0,3870.0,4122.0,4443.0,4728.0,4876.0,5034.0,5296.0,5256.0,5284.0,5229.0,5298.0,5166.0,5283.0,5467.0,5684.0,5597.0,5816.0,5835,5924.0,6026.0,6062.0,6220.0,6407.0,6457.0,6616.0,6476.0,6491.0,6318.0,6081.0,6198.0,6140.0,5929.0,5672.0,5796.0,5757.0,5530.0,5236.0,5320.0,5491.0,5294.0,5414.0,5393.0,5606.0,5669.0,5518.0,5459.0,5415.0,5182.0,5138.0,5083.0,5049.0,4884.0,4658.0,4679.0,4490.0,4621,4273.0,4151.0,4134.0,4045.0,4032.0,3946.0,3895.0,3917.0,3807.0,3894.0,3712.0,3747.0,3694.0,3711.0,3702,3614.0,3573.0,3628.0,3609.0,3578.0,3644.0,5009.0
M,97,843.0,1018.0,966.0,913.0,965.0,1008.0,956.0,1008.0,1050.0,1181.0,1294.0,1313.0,1451.0,1638.0,1721.0,1804.0,1967.0,2142.0,2274.0,2453.0,2598.0,2923.0,3079.0,3349.0,3559.0,3654.0,3762.0,3956.0,3920.0,3914.0,3872.0,3985.0,3818.0,3985.0,4093.0,4218.0,4146.0,4338,4377.0,4483.0,4505.0,4571.0,4700.0,4812.0,4852.0,4958.0,4799.0,4856.0,4766.0,4564.0,4661.0,4557.0,4463.0,4260.0,4358.0,4289.0,4093.0,3878.0,3922.0,4010.0,3929.0,4010.0,3970.0,4139.0,4213.0,4122.0,4008.0,4017.0,3861.0,3847.0,3814.0,3783.0,3671.0,3414.0,3491.0,3373,3503.0,3165.0,3156.0,3141.0,3053.0,3026.0,3038.0,2952.0,2939.0,2856.0,2941.0,2761.0,2813.0,2801.0,2807,2787.0,2749.0,2729.0,2724.0,2734.0,2730.0,2793.0
M,98,608.0,632.0,755.0,704.0,662.0,684.0,760.0,702.0,755.0,774.0,867.0,976.0,965.0,1062.0,1204.0,1273.0,1322.0,1459.0,1579.0,1689.0,1803.0,1936.0,2193.0,2285.0,2492.0,2657.0,2721.0,2822.0,2923.0,2924.0,2871.0,2886.0,2944.0,2819.0,2959.0,3049.0,3134.0,3101,3233.0,3281.0,3317.0,3374.0,3388.0,3508.0,3579.0,3626.0,3770.0,3635.0,3647.0,3598.0,3481.0,3476.0,3393.0,3342.0,3175.0,3282.0,3255.0,3074.0,2899.0,2967.0,3034.0,2917.0,3049.0,2989.0,3104.0,3163.0,3083.0,2995.0,2953.0,2876.0,2801.0,2872.0,2845.0,2717.0,2567.0,2622,2573.0,2652.0,2352.0,2407.0,2350.0,2296.0,2284.0,2306.0,2232.0,2224.0,2155.0,2213.0,2085.0,2149.0,2142,2134.0,2089.0,2079.0,2060.0,2034.0,2064.0,2065.0
M,99,404.0,448.0,472.0,555.0,525.0,473.0,512.0,570.0,527.0,571.0,579.0,650.0,725.0,714.0,794.0,900.0,967.0,997.0,1094.0,1180.0,1291.0,1373.0,1459.0,1647.0,1701.0,1859.0,2000.0,1993.0,2089.0,2186.0,2180.0,2135.0,2163.0,2224.0,2137.0,2237.0,2300.0,2314,2298.0,2412.0,2428.0,2466.0,2461.0,2506.0,2623.0,2664.0,2672.0,2794.0,2710.0,2756.0,2690.0,2540.0,2593.0,2531.0,2469.0,2360.0,2453.0,2421.0,2282.0,2130.0,2228.0,2268.0,2151.0,2281.0,2247.0,2350.0,2373.0,2321.0,2254.0,2231.0,2149.0,2100.0,2174.0,2131.0,2021.0,1931,2009.0,1916.0,2012.0,1747.0,1813.0,1779.0,1729.0,1735.0,1758.0,1662.0,1681.0,1653.0,1663.0,1561.0,1639,1627.0,1606.0,1592.0,1575.0,1578.0,1507.0,1543.0
M,100,314.0,297.0,338.0,360.0,412.0,381.0,360.0,390.0,413.0,390.0,417.0,450.0,471.0,540.0,538.0,604.0,697.0,734.0,739.0,824.0,908.0,956.0,1033.0,1105.0,1247.0,1275.0,1372.0,1499.0,1488.0,1571.0,1621.0,1625.0,1593.0,1606.0,1653.0,1561.0,1670.0,1714,1742.0,1728.0,1792.0,1794.0,1843.0,1848.0,1822.0,1976.0,2019.0,2020.0,2054.0,2003.0,2066.0,1996.0,1917.0,1929.0,1898.0,1857.0,1756.0,1819.0,1782.0,1699.0,1596.0,1684.0,1690.0,1583.0,1659.0,1635.0,1751.0,1785.0,1721.0,1678.0,1677.0,1625.0,1603.0,1611.0,1599.0,1516,1389.0,1546.0,1454.0,1538.0,1292.0,1388.0,1354.0,1291.0,1303.0,1321.0,1252.0,1283.0,1262.0,1249.0,1177,1245.0,1207.0,1200.0,1192.0,1195.0,1197.0,1111.0
M,101,88.0,112.0,109.0,122.0,126.0,154.0,135.0,132.0,148.0,155.0,141.0,154.0,161.0,171.0,200.0,194.0,222.0,256.0,267.0,272.0,304.0,319.0,347.0,372.0,424.0,470.0,483.0,521.0,566.0,538.0,574.0,590.0,619.0,599.0,598.0,609.0,593.0,644,637.0,633.0,626.0,660.0,673.0,679.0,697.0,676.0,745.0,758.0,743.0,764.0,729.0,746.0,761.0,729.0,727.0,711.0,699.0,659.0,691.0,653.0,644.0,610.0,637.0,645.0,593.0,613.0,620.0,651.0,675.0,651.0,621.0,630.0,596.0,584.0,588.0,598,572.0,514.0,572.0,543.0,569.0,459.0,523.0,527.0,495.0,507.0,520.0,466.0,496.0,483.0,498,469.0,471.0,464.0,445.0,453.0,462.0,467.0
M,102,41.0,35.0,38.0,32.0,50.0,51.0,59.0,47.0,52.0,54.0,57.0,53.0,60.0,55.0,71.0,75.0,63.0,78.0,100.0,98.0,108.0,111.0,111.0,133.0,127.0,148.0,178.0,186.0,226.0,238.0,205.0,227.0,203.0,218.0,211.0,213.0,226.0,200,253.0,250.0,233.0,242.0,255.0,268.0,266.0,281.0,270.0,292.0,300.0,278.0,308.0,284.0,292.0,313.0,293.0,294.0,283.0,244.0,245.0,265.0,231.0,221.0,214.0,226.0,251.0,214.0,217.0,244.0,237.0,246.0,238.0,230.0,232.0,224.0,231.0,226,223.0,234.0,209.0,226.0,209.0,230.0,157.0,183.0,185.0,177.0,177.0,196.0,166.0,175.0,167,172.0,187.0,181.0,184.0,180.0,168.0,183.0
M,103,16.0,18.0,15.0,19.0,16.0,28.0,25.0,30.0,25.0,24.0,21.0,23.0,25.0,28.0,20.0,31.0,25.0,25.0,37.0,49.0,37.0,44.0,40.0,48.0,46.0,57.0,58.0,72.0,86.0,99.0,98.0,83.0,94.0,81.0,80.0,74.0,83.0,91,75.0,119.0,101.0,95.0,88.0,97.0,100.0,88.0,92.0,94.0,105.0,97.0,91.0,98.0,94.0,100.0,114.0,109.0,108.0,113.0,91.0,89.0,99.0,92.0,92.0,91.0,91.0,99.0,76.0,82.0,89.0,88.0,95.0,91.0,98.0,92.0,94.0,89,86.0,100.0,92.0,82.0,90.0,69.0,83.0,58.0,58.0,65.0,53.0,59.0,66.0,61.0,66,48.0,56.0,66.0,56.0,56.0,55.0,54.0
M,104,4.0,6.0,6.0,4.0,8.0,8.0,13.0,8.0,10.0,6.0,13.0,9.0,12.0,9.0,9.0,8.0,17.0,11.0,12.0,15.0,19.0,17.0,14.0,17.0,20.0,16.0,16.0,18.0,23.0,32.0,38.0,33.0,30.0,35.0,35.0,35.0,32.0,34,40.0,29.0,53.0,27.0,29.0,29.0,34.0,43.0,40.0,40.0,37.0,43.0,41.0,32.0,45.0,39.0,46.0,47.0,45.0,40.0,37.0,41.0,29.0,43.0,39.0,32.0,27.0,37.0,41.0,26.0,29.0,39.0,40.0,42.0,32.0,36.0,26.0,41,35.0,32.0,39.0,35.0,34.0,37.0,30.0,29.0,22.0,21.0,22.0,18.0,23.0,22.0,26,27.0,14.0,16.0,20.0,20.0,16.0,25.0
M,105,,1.0,,,2.0,2.0,3.0,4.0,3.0,2.0,,5.0,6.0,7.0,4.0,6.0,2.0,7.0,2.0,4.0,2.0,5.0,7.0,3.0,6.0,11.0,5.0,6.0,8.0,11.0,13.0,14.0,14.0,11.0,11.0,12.0,12.0,9,12.0,14.0,14.0,20.0,9.0,12.0,10.0,14.0,13.0,15.0,15.0,13.0,17.0,15.0,12.0,17.0,18.0,21.0,16.0,21.0,12.0,14.0,15.0,7.0,13.0,13.0,7.0,7.0,16.0,13.0,6.0,6.0,15.0,17.0,16.0,8.0,10.0,8,18.0,7.0,11.0,13.0,10.0,10.0,13.0,11.0,8.0,12.0,8.0,8.0,9.0,10.0,11,7.0,14.0,5.0,6.0,9.0,12.0,8.0
M,106,,,1.0,,,1.0,,,,,1.0,,2.0,3.0,4.0,2.0,3.0,2.0,3.0,2.0,2.0,1.0,1.0,,,3.0,6.0,1.0,3.0,4.0,7.0,5.0,2.0,3.0,4.0,5.0,2.0,5,2.0,5.0,5.0,4.0,3.0,3.0,3.0,5.0,6.0,3.0,6.0,4.0,5.0,8.0,4.0,4.0,3.0,8.0,9.0,2.0,8.0,4.0,6.0,6.0,4.0,6.0,3.0,2.0,3.0,7.0,5.0,2.0,2.0,7.0,6.0,5.0,2.0,5,6.0,7.0,4.0,3.0,5.0,4.0,1.0,3.0,4.0,6.0,6.0,2.0,3.0,3.0,3,6.0,4.0,6.0,1.0,2.0,5.0,4.0
M,107,,,,,,,,,,,,,,2.0,1.0,1.0,2.0,1.0,1.0,2.0,,1.0,1.0,,,,,2.0,,2.0,4.0,4.0,3.0,2.0,1.0,2.0,3.0,2,4.0,1.0,2.0,2.0,1.0,,1.0,1.0,2.0,2.0,2.0,3.0,1.0,1.0,1.0,,,1.0,4.0,3.0,1.0,2.0,1.0,4.0,2.0,1.0,1.0,3.0,1.0,1.0,3.0,3.0,2.0,2.0,4.0,4.0,1.0,1,2.0,2.0,3.0,1.0,1.0,2.0,2.0,1.0,,2.0,2.0,3.0,1.0,3.0,1,,4.0,1.0,4.0,1.0,1.0,3.0
M,108,,,,,,,,,,,,,,,1.0,1.0,,2.0,1.0,,1.0,,,,,,,,1.0,,,1.0,2.0,2.0,2.0,,2.0,1,1.0,2.0,,,,,,,,1.0,1.0,,1.0,1.0,,,,,,2.0,1.0,,1.0,,1.0,,,,1.0,1.0,,1.0,1.0,1.0,,1.0,1.0,1,1.0,1.0,1.0,2.0,1.0,1.0,1.0,1.0,,,1.0,,1.0,1.0,2,1.0,,2.0,1.0,3.0,,
M,109,,,,,,,,,,,,,,,,,1.0,,1.0,,,,,,,,,,,,,,1.0,1.0,1.0,1.0,,1,,,2.0,,,,,,,,,,,,,,,,,,1.0,1.0,,,,1.0,,,,,1.0,,,1.0,1.0,,1.0,1,,,,,,,1.0,,,,,1.0,,,1,1.0,,,1.0,,1.0,
