sex,alder,pop_2023,pop_2024,pop_2025,pop_2026,pop_2027,pop_2028,pop_2029,pop_2030,pop_2031,pop_2032,pop_2033,pop_2034,pop_2035,pop_2036,pop_2037,pop_2038,pop_2039,pop_2040,pop_2041,pop_2042,pop_2043,pop_2044,pop_2045,pop_2046,pop_2047,pop_2048,pop_2049,pop_2050,pop_2051,pop_2052,pop_2053,pop_2054,pop_2055,pop_2056,pop_2057,pop_2058,pop_2059,pop_2060,pop_2061,pop_2062,pop_2063,pop_2064,pop_2065,pop_2066,pop_2067,pop_2068,pop_2069,pop_2070,pop_2071,pop_2072,pop_2073,pop_2074,pop_2075,pop_2076,pop_2077,pop_2078,pop_2079,pop_2080,pop_2081,pop_2082,pop_2083,pop_2084,pop_2085,pop_2086,pop_2087,pop_2088,pop_2089,pop_2090,pop_2091,pop_2092,pop_2093,pop_2094,pop_2095,pop_2096,pop_2097,pop_2098,pop_2099,pop_2100,pop_2101,pop_2102,pop_2103,pop_2104,pop_2105,pop_2106,pop_2107,pop_2108,pop_2109,pop_2110,pop_2111,pop_2112,pop_2113,pop_2114,pop_2115,pop_2116,pop_2117,pop_2118,pop_2119,pop_2120,pop_2121,pop_2122,pop_2123
K,0,25310.0,25073.0,25744.0,26484.0,27306.0,27583.0,28226.0,28856.0,29342.0,29816.0,30240.0,30931.0,31539.0,32305.0,32569.0,32355.0,32149.0,31852.0,31370.0,30881.0,30780.0,30564.0,30156.0,29686.0,29437.0,29080.0,28438.0,27919.0,27638.0,27291.0,27133.0,27084.0,26927.0,27123.0,27004.0,27297.0,27586.0,27946.0,28508.0,28644.0,29011.0,29508.0,29775.0,29954.0,30125.0,30361.0,30493.0,30536.0,30171.0,30136.0,30038.0,29928.0,29614.0,29074.0,29024.0,28766.0,28249.0,28271.0,27832.0,27438.0,27507.0,27200.0,27160.0,27035.0,27123.0,27310.0,27507.0,27547.0,27731.0,27830.0,28160.0,28411.0,28555.0,28768.0,29006.0,28978.0,29236.0,29132.0,28994.0,28784.0,29114.0,29011.0,28783.0,28519.0,28579.0,28231.0,28120.0,27926.0,28029.0,27365.0,27406.0,27142.0,27054.0,26937.0,26967.0,27343.0,27044.0,27475.0,27151.0,27438.0,27410.0
K,1,28037.0,25284.0,25038.0,25714.0,26464.0,27275.0,27553.0,28202.0,28834.0,29311.0,29789.0,30212.0,30904.0,31511.0,32276.0,32527.0,32311.0,32114.0,31824.0,31341.0,30849.0,30738.0,30528.0,30127.0,29663.0,29395.0,29061.0,28413.0,27899.0,27595.0,27271.0,27116.0,27059.0,26902.0,27095.0,26980.0,27269.0,27559.0,27915.0,28474.0,28615.0,28986.0,29486.0,29746.0,29926.0,30092.0,30332.0,30469.0,30505.0,30138.0,30106.0,30007.0,29891.0,29582.0,29047.0,28990.0,28733.0,28217.0,28243.0,27801.0,27409.0,27478.0,27178.0,27134.0,27010.0,27099.0,27284.0,27475.0,27517.0,27700.0,27809.0,28126.0,28385.0,28520.0,28745.0,28974.0,28938.0,29201.0,29098.0,28960.0,28762.0,29089.0,28976.0,28756.0,28486.0,28556.0,28195.0,28088.0,27900.0,28003.0,27336.0,27376.0,27121.0,27020.0,26912.0,26929.0,27313.0,27023.0,27449.0,27120.0,27409.0
K,2,26820.0,28007.0,25259.0,25020.0,25690.0,26444.0,27237.0,27524.0,28175.0,28807.0,29277.0,29753.0,30176.0,30874.0,31474.0,32245.0,32498.0,32279.0,32082.0,31792.0,31311.0,30815.0,30717.0,30496.0,30081.0,29639.0,29364.0,29026.0,28387.0,27881.0,27557.0,27244.0,27093.0,27037.0,26873.0,27072.0,26956.0,27240.0,27537.0,27884.0,28451.0,28592.0,28950.0,29461.0,29711.0,29892.0,30054.0,30302.0,30445.0,30485.0,30100.0,30073.0,29970.0,29861.0,29560.0,29020.0,28965.0,28707.0,28186.0,28207.0,27775.0,27381.0,27448.0,27152.0,27108.0,26975.0,27070.0,27258.0,27446.0,27490.0,27674.0,27788.0,28105.0,28356.0,28499.0,28723.0,28942.0,28906.0,29179.0,29068.0,28941.0,28734.0,29063.0,28947.0,28730.0,28453.0,28523.0,28166.0,28054.0,27867.0,27981.0,27315.0,27348.0,27095.0,26986.0,26873.0,26906.0,27293.0,26998.0,27428.0,27097.0
K,3,27466.0,26789.0,27974.0,25229.0,24998.0,25661.0,26416.0,27201.0,27493.0,28144.0,28774.0,29250.0,29728.0,30147.0,30851.0,31449.0,32213.0,32471.0,32248.0,32053.0,31759.0,31276.0,30792.0,30685.0,30473.0,30046.0,29613.0,29343.0,28998.0,28362.0,27853.0,27533.0,27222.0,27064.0,27021.0,26852.0,27036.0,26935.0,27209.0,27509.0,27859.0,28423.0,28564.0,28921.0,29431.0,29687.0,29859.0,30029.0,30280.0,30417.0,30460.0,30070.0,30038.0,29934.0,29835.0,29539.0,28994.0,28930.0,28685.0,28159.0,28179.0,27750.0,27358.0,27418.0,27114.0,27075.0,26946.0,27050.0,27227.0,27425.0,27461.0,27654.0,27764.0,28083.0,28326.0,28479.0,28689.0,28918.0,28871.0,29156.0,29031.0,28915.0,28708.0,29027.0,28922.0,28698.0,28413.0,28490.0,28134.0,28025.0,27830.0,27953.0,27282.0,27308.0,27077.0,26960.0,26846.0,26879.0,27269.0,26972.0,27408.0
K,4,27692.0,27439.0,26759.0,27951.0,25204.0,24978.0,25639.0,26385.0,27179.0,27468.0,28118.0,28745.0,29222.0,29707.0,30122.0,30829.0,31421.0,32177.0,32434.0,32213.0,32024.0,31728.0,31245.0,30761.0,30652.0,30444.0,30008.0,29576.0,29309.0,28972.0,28331.0,27823.0,27508.0,27192.0,27043.0,26992.0,26826.0,27015.0,26905.0,27186.0,27488.0,27829.0,28390.0,28531.0,28893.0,29406.0,29645.0,29825.0,30003.0,30251.0,30386.0,30434.0,30043.0,30015.0,29895.0,29808.0,29497.0,28959.0,28909.0,28658.0,28138.0,28140.0,27733.0,27331.0,27391.0,27084.0,27048.0,26924.0,27016.0,27202.0,27389.0,27433.0,27626.0,27740.0,28045.0,28305.0,28454.0,28659.0,28890.0,28845.0,29125.0,29011.0,28893.0,28681.0,28980.0,28889.0,28674.0,28382.0,28453.0,28109.0,27993.0,27796.0,27926.0,27257.0,27274.0,27044.0,26934.0,26820.0,26850.0,27246.0,26946.0
K,5,28546.0,27670.0,27410.0,26736.0,27922.0,25180.0,24946.0,25609.0,26356.0,27148.0,27437.0,28075.0,28715.0,29191.0,29672.0,30085.0,30789.0,31391.0,32137.0,32391.0,32169.0,32000.0,31692.0,31211.0,30734.0,30628.0,30418.0,29978.0,29545.0,29288.0,28945.0,28301.0,27797.0,27490.0,27164.0,27024.0,26967.0,26806.0,26985.0,26887.0,27156.0,27458.0,27810.0,28360.0,28503.0,28866.0,29377.0,29615.0,29798.0,29975.0,30225.0,30348.0,30404.0,30014.0,29980.0,29871.0,29770.0,29465.0,28934.0,28879.0,28635.0,28115.0,28111.0,27706.0,27300.0,27369.0,27065.0,27022.0,26895.0,26975.0,27171.0,27364.0,27404.0,27595.0,27705.0,28018.0,28276.0,28427.0,28622.0,28861.0,28831.0,29101.0,28981.0,28857.0,28645.0,28939.0,28861.0,28651.0,28361.0,28424.0,28085.0,27958.0,27769.0,27900.0,27229.0,27255.0,27021.0,26904.0,26801.0,26828.0,27216.0
K,6,29714.0,28515.0,27640.0,27386.0,26702.0,27897.0,25160.0,24921.0,25586.0,26329.0,27115.0,27414.0,28045.0,28680.0,29174.0,29639.0,30060.0,30759.0,31372.0,32112.0,32366.0,32134.0,31970.0,31665.0,31187.0,30705.0,30600.0,30374.0,29936.0,29502.0,29264.0,28913.0,28281.0,27771.0,27470.0,27145.0,26997.0,26933.0,26789.0,26956.0,26859.0,27123.0,27428.0,27781.0,28329.0,28486.0,28837.0,29353.0,29586.0,29772.0,29952.0,30199.0,30318.0,30371.0,29993.0,29951.0,29833.0,29739.0,29432.0,28898.0,28857.0,28598.0,28087.0,28075.0,27674.0,27268.0,27342.0,27041.0,26997.0,26867.0,26947.0,27146.0,27332.0,27384.0,27566.0,27681.0,27990.0,28245.0,28398.0,28596.0,28836.0,28802.0,29074.0,28958.0,28829.0,28612.0,28907.0,28821.0,28618.0,28341.0,28397.0,28059.0,27930.0,27743.0,27878.0,27211.0,27224.0,26983.0,26873.0,26769.0,26798.0
K,7,29958.0,29683.0,28481.0,27615.0,27355.0,26679.0,27859.0,25134.0,24886.0,25562.0,26300.0,27088.0,27388.0,28008.0,28645.0,29132.0,29609.0,30031.0,30724.0,31343.0,32079.0,32343.0,32104.0,31930.0,31634.0,31154.0,30685.0,30586.0,30344.0,29906.0,29477.0,29236.0,28884.0,28257.0,27744.0,27442.0,27110.0,26954.0,26900.0,26761.0,26928.0,26838.0,27096.0,27395.0,27760.0,28296.0,28450.0,28808.0,29323.0,29559.0,29734.0,29932.0,30169.0,30292.0,30341.0,29953.0,29920.0,29799.0,29713.0,29404.0,28867.0,28830.0,28572.0,28059.0,28050.0,27634.0,27241.0,27317.0,27014.0,26974.0,26850.0,26928.0,27125.0,27304.0,27365.0,27538.0,27656.0,27960.0,28216.0,28372.0,28572.0,28818.0,28758.0,29054.0,28930.0,28804.0,28578.0,28876.0,28790.0,28591.0,28316.0,28363.0,28023.0,27905.0,27723.0,27847.0,27183.0,27203.0,26954.0,26847.0,26742.0
K,8,30221.0,29912.0,29651.0,28450.0,27596.0,27321.0,26655.0,27834.0,25117.0,24862.0,25531.0,26274.0,27064.0,27365.0,27981.0,28615.0,29108.0,29580.0,30004.0,30696.0,31313.0,32048.0,32308.0,32064.0,31898.0,31593.0,31134.0,30645.0,30559.0,30317.0,29879.0,29451.0,29207.0,28853.0,28230.0,27712.0,27414.0,27087.0,26930.0,26868.0,26732.0,26904.0,26808.0,27068.0,27367.0,27738.0,28264.0,28415.0,28780.0,29289.0,29536.0,29708.0,29898.0,30144.0,30269.0,30301.0,29923.0,29891.0,29759.0,29687.0,29367.0,28842.0,28802.0,28539.0,28034.0,28018.0,27607.0,27217.0,27296.0,26995.0,26948.0,26826.0,26902.0,27095.0,27275.0,27346.0,27515.0,27632.0,27931.0,28199.0,28344.0,28546.0,28789.0,28728.0,29030.0,28895.0,28777.0,28541.0,28850.0,28753.0,28571.0,28294.0,28332.0,27997.0,27881.0,27695.0,27819.0,27151.0,27170.0,26924.0,26821.0
K,9,30613.0,30196.0,29881.0,29605.0,28420.0,27571.0,27283.0,26630.0,27804.0,25083.0,24831.0,25501.0,26247.0,27037.0,27337.0,27953.0,28588.0,29075.0,29547.0,29977.0,30665.0,31277.0,32021.0,32280.0,32026.0,31855.0,31566.0,31099.0,30612.0,30537.0,30289.0,29855.0,29421.0,29189.0,28822.0,28199.0,27686.0,27389.0,27060.0,26898.0,26836.0,26704.0,26891.0,26771.0,27050.0,27342.0,27709.0,28228.0,28388.0,28740.0,29268.0,29507.0,29677.0,29868.0,30115.0,30242.0,30259.0,29898.0,29864.0,29732.0,29647.0,29324.0,28808.0,28778.0,28516.0,28011.0,27991.0,27584.0,27195.0,27277.0,26972.0,26913.0,26795.0,26873.0,27070.0,27248.0,27319.0,27486.0,27611.0,27904.0,28173.0,28320.0,28517.0,28757.0,28710.0,28997.0,28860.0,28750.0,28515.0,28817.0,28726.0,28539.0,28267.0,28306.0,27975.0,27858.0,27663.0,27794.0,27121.0,27149.0,26910.0
K,10,31377.0,30585.0,30167.0,29851.0,29578.0,28389.0,27542.0,27243.0,26610.0,27777.0,25059.0,24803.0,25471.0,26221.0,27013.0,27302.0,27928.0,28562.0,29038.0,29514.0,29939.0,30628.0,31244.0,31993.0,32260.0,31998.0,31831.0,31525.0,31065.0,30578.0,30507.0,30262.0,29822.0,29391.0,29161.0,28797.0,28172.0,27664.0,27363.0,27031.0,26871.0,26811.0,26680.0,26858.0,26739.0,27023.0,27321.0,27682.0,28189.0,28364.0,28703.0,29240.0,29476.0,29654.0,29842.0,30091.0,30215.0,30228.0,29873.0,29840.0,29708.0,29619.0,29294.0,28780.0,28755.0,28480.0,27981.0,27968.0,27556.0,27170.0,27252.0,26946.0,26884.0,26766.0,26841.0,27041.0,27222.0,27282.0,27457.0,27579.0,27875.0,28146.0,28288.0,28488.0,28737.0,28674.0,28971.0,28831.0,28722.0,28489.0,28791.0,28692.0,28504.0,28232.0,28281.0,27953.0,27819.0,27633.0,27762.0,27097.0,27127.0
K,11,31526.0,31350.0,30549.0,30140.0,29814.0,29555.0,28364.0,27510.0,27212.0,26585.0,27753.0,25039.0,24783.0,25447.0,26195.0,26989.0,27271.0,27893.0,28532.0,29019.0,29485.0,29910.0,30614.0,31221.0,31960.0,32224.0,31964.0,31806.0,31497.0,31031.0,30543.0,30479.0,30235.0,29784.0,29368.0,29117.0,28756.0,28140.0,27631.0,27341.0,26991.0,26844.0,26784.0,26654.0,26829.0,26717.0,27000.0,27293.0,27662.0,28168.0,28333.0,28682.0,29217.0,29433.0,29625.0,29824.0,30059.0,30173.0,30188.0,29844.0,29814.0,29677.0,29590.0,29246.0,28757.0,28729.0,28460.0,27953.0,27949.0,27528.0,27140.0,27231.0,26917.0,26858.0,26743.0,26816.0,27017.0,27201.0,27248.0,27426.0,27555.0,27842.0,28113.0,28261.0,28464.0,28698.0,28650.0,28949.0,28799.0,28699.0,28460.0,28759.0,28660.0,28481.0,28205.0,28259.0,27918.0,27800.0,27604.0,27729.0,27066.0
K,12,32628.0,31493.0,31305.0,30510.0,30107.0,29792.0,29536.0,28337.0,27480.0,27183.0,26563.0,27736.0,25017.0,24755.0,25422.0,26174.0,26968.0,27250.0,27870.0,28509.0,28995.0,29448.0,29874.0,30584.0,31190.0,31933.0,32188.0,31929.0,31777.0,31467.0,30997.0,30511.0,30444.0,30207.0,29761.0,29328.0,29094.0,28719.0,28112.0,27603.0,27316.0,26966.0,26812.0,26753.0,26629.0,26804.0,26697.0,26971.0,27267.0,27624.0,28141.0,28311.0,28646.0,29184.0,29403.0,29593.0,29793.0,30030.0,30136.0,30166.0,29814.0,29785.0,29648.0,29569.0,29214.0,28727.0,28707.0,28432.0,27932.0,27925.0,27504.0,27112.0,27200.0,26884.0,26818.0,26714.0,26784.0,26985.0,27173.0,27226.0,27389.0,27522.0,27803.0,28076.0,28230.0,28438.0,28676.0,28625.0,28919.0,28777.0,28665.0,28429.0,28738.0,28635.0,28444.0,28180.0,28233.0,27902.0,27765.0,27579.0,27697.0
K,13,33044.0,32601.0,31464.0,31256.0,30483.0,30074.0,29757.0,29502.0,28309.0,27457.0,27157.0,26531.0,27693.0,24994.0,24735.0,25393.0,26152.0,26946.0,27227.0,27833.0,28483.0,28973.0,29414.0,29849.0,30543.0,31146.0,31897.0,32147.0,31910.0,31738.0,31440.0,30970.0,30482.0,30412.0,30176.0,29726.0,29304.0,29068.0,28692.0,28085.0,27572.0,27295.0,26939.0,26767.0,26721.0,26604.0,26781.0,26663.0,26951.0,27246.0,27593.0,28110.0,28291.0,28613.0,29159.0,29369.0,29563.0,29764.0,29993.0,30107.0,30135.0,29788.0,29755.0,29618.0,29542.0,29185.0,28698.0,28681.0,28410.0,27906.0,27895.0,27466.0,27083.0,27169.0,26855.0,26797.0,26678.0,26760.0,26961.0,27140.0,27192.0,27369.0,27492.0,27777.0,28049.0,28199.0,28406.0,28656.0,28608.0,28876.0,28747.0,28628.0,28398.0,28705.0,28609.0,28406.0,28155.0,28203.0,27885.0,27730.0,27559.0
K,14,32594.0,33010.0,32573.0,31432.0,31224.0,30450.0,30050.0,29729.0,29476.0,28269.0,27426.0,27132.0,26498.0,27667.0,24971.0,24715.0,25358.0,26123.0,26922.0,27211.0,27807.0,28451.0,28944.0,29382.0,29814.0,30514.0,31123.0,31863.0,32117.0,31871.0,31706.0,31411.0,30944.0,30450.0,30391.0,30145.0,29697.0,29275.0,29038.0,28661.0,28063.0,27544.0,27272.0,26905.0,26735.0,26698.0,26575.0,26756.0,26636.0,26923.0,27210.0,27564.0,28092.0,28258.0,28584.0,29128.0,29349.0,29533.0,29737.0,29971.0,30077.0,30110.0,29759.0,29726.0,29586.0,29501.0,29152.0,28669.0,28649.0,28397.0,27875.0,27864.0,27442.0,27053.0,27156.0,26823.0,26768.0,26655.0,26736.0,26942.0,27112.0,27166.0,27345.0,27454.0,27748.0,28022.0,28176.0,28379.0,28631.0,28584.0,28858.0,28720.0,28598.0,28368.0,28680.0,28581.0,28375.0,28130.0,28168.0,27861.0,27696.0
K,15,31915.0,32563.0,32983.0,32544.0,31397.0,31183.0,30419.0,30026.0,29694.0,29452.0,28243.0,27401.0,27099.0,26480.0,27648.0,24943.0,24689.0,25333.0,26094.0,26883.0,27183.0,27776.0,28419.0,28914.0,29349.0,29778.0,30483.0,31085.0,31827.0,32088.0,31839.0,31679.0,31384.0,30911.0,30417.0,30362.0,30110.0,29672.0,29242.0,29015.0,28633.0,28035.0,27513.0,27253.0,26885.0,26715.0,26675.0,26542.0,26734.0,26607.0,26901.0,27188.0,27528.0,28057.0,28225.0,28553.0,29103.0,29309.0,29503.0,29701.0,29944.0,30045.0,30078.0,29727.0,29692.0,29560.0,29463.0,29120.0,28636.0,28622.0,28368.0,27847.0,27827.0,27422.0,27023.0,27129.0,26799.0,26738.0,26614.0,26712.0,26912.0,27084.0,27141.0,27316.0,27429.0,27725.0,27991.0,28158.0,28353.0,28600.0,28556.0,28831.0,28695.0,28562.0,28353.0,28658.0,28554.0,28358.0,28100.0,28136.0,27841.0
K,16,32102.0,31876.0,32531.0,32942.0,32520.0,31366.0,31154.0,30384.0,30004.0,29669.0,29426.0,28214.0,27374.0,27073.0,26451.0,27618.0,24924.0,24663.0,25314.0,26071.0,26846.0,27159.0,27749.0,28388.0,28878.0,29330.0,29740.0,30453.0,31056.0,31811.0,32056.0,31806.0,31634.0,31355.0,30878.0,30394.0,30332.0,30073.0,29643.0,29213.0,28985.0,28607.0,27997.0,27491.0,27232.0,26858.0,26684.0,26654.0,26516.0,26707.0,26575.0,26881.0,27157.0,27501.0,28033.0,28200.0,28532.0,29077.0,29284.0,29479.0,29670.0,29910.0,30009.0,30050.0,29702.0,29662.0,29535.0,29430.0,29099.0,28599.0,28600.0,28338.0,27820.0,27799.0,27401.0,26994.0,27101.0,26771.0,26705.0,26585.0,26682.0,26894.0,27057.0,27115.0,27290.0,27409.0,27686.0,27968.0,28127.0,28317.0,28577.0,28531.0,28804.0,28677.0,28538.0,28326.0,28634.0,28522.0,28329.0,28066.0,28099.0
K,17,31505.0,32066.0,31840.0,32505.0,32913.0,32491.0,31324.0,31131.0,30355.0,29969.0,29637.0,29393.0,28188.0,27356.0,27047.0,26422.0,27586.0,24904.0,24644.0,25293.0,26046.0,26824.0,27130.0,27719.0,28355.0,28853.0,29302.0,29706.0,30421.0,31026.0,31779.0,32009.0,31776.0,31597.0,31330.0,30844.0,30360.0,30301.0,30052.0,29617.0,29191.0,28960.0,28580.0,27966.0,27471.0,27204.0,26819.0,26657.0,26620.0,26493.0,26690.0,26547.0,26849.0,27130.0,27473.0,28004.0,28180.0,28506.0,29049.0,29254.0,29455.0,29638.0,29874.0,29985.0,30015.0,29671.0,29635.0,29509.0,29398.0,29056.0,28561.0,28571.0,28308.0,27792.0,27776.0,27372.0,26962.0,27072.0,26739.0,26676.0,26555.0,26657.0,26869.0,27031.0,27073.0,27266.0,27385.0,27656.0,27925.0,28093.0,28283.0,28554.0,28503.0,28775.0,28642.0,28511.0,28290.0,28605.0,28494.0,28308.0,28030.0
K,18,31573.0,31475.0,32033.0,31805.0,32478.0,32878.0,32465.0,31286.0,31102.0,30326.0,29938.0,29612.0,29368.0,28157.0,27331.0,27026.0,26393.0,27556.0,24879.0,24620.0,25262.0,26020.0,26806.0,27108.0,27690.0,28339.0,28828.0,29270.0,29671.0,30397.0,31000.0,31745.0,31978.0,31742.0,31556.0,31300.0,30816.0,30321.0,30258.0,30021.0,29592.0,29160.0,28927.0,28545.0,27937.0,27444.0,27174.0,26790.0,26627.0,26596.0,26471.0,26666.0,26523.0,26820.0,27101.0,27444.0,27979.0,28147.0,28480.0,29017.0,29225.0,29429.0,29605.0,29847.0,29950.0,29979.0,29641.0,29617.0,29488.0,29367.0,29014.0,28530.0,28541.0,28285.0,27768.0,27739.0,27340.0,26937.0,27039.0,26704.0,26649.0,26535.0,26626.0,26842.0,27005.0,27059.0,27230.0,27362.0,27634.0,27894.0,28071.0,28238.0,28526.0,28484.0,28749.0,28616.0,28480.0,28258.0,28580.0,28472.0,28281.0
K,19,31441.0,31537.0,31440.0,31997.0,31776.0,32452.0,32849.0,32436.0,31251.0,31075.0,30287.0,29904.0,29581.0,29331.0,28127.0,27306.0,27002.0,26374.0,27530.0,24858.0,24599.0,25224.0,25991.0,26777.0,27080.0,27670.0,28316.0,28802.0,29241.0,29639.0,30371.0,30977.0,31719.0,31954.0,31706.0,31531.0,31272.0,30792.0,30282.0,30220.0,29988.0,29552.0,29136.0,28894.0,28523.0,27898.0,27407.0,27159.0,26762.0,26599.0,26567.0,26448.0,26647.0,26499.0,26793.0,27067.0,27412.0,27959.0,28121.0,28448.0,28980.0,29193.0,29391.0,29574.0,29814.0,29920.0,29950.0,29627.0,29591.0,29461.0,29339.0,28985.0,28498.0,28512.0,28260.0,27739.0,27712.0,27312.0,26910.0,27018.0,26679.0,26622.0,26509.0,26597.0,26820.0,26984.0,27031.0,27209.0,27336.0,27607.0,27869.0,28047.0,28210.0,28497.0,28456.0,28724.0,28588.0,28450.0,28228.0,28538.0,28453.0
K,20,31111.0,31404.0,31512.0,31403.0,31969.0,31746.0,32416.0,32815.0,32411.0,31221.0,31040.0,30257.0,29878.0,29551.0,29305.0,28109.0,27282.0,26973.0,26353.0,27512.0,24838.0,24573.0,25195.0,25961.0,26750.0,27062.0,27642.0,28293.0,28776.0,29217.0,29610.0,30344.0,30939.0,31688.0,31923.0,31671.0,31500.0,31246.0,30756.0,30255.0,30189.0,29959.0,29523.0,29109.0,28866.0,28486.0,27879.0,27384.0,27136.0,26736.0,26576.0,26537.0,26423.0,26618.0,26468.0,26762.0,27042.0,27383.0,27934.0,28102.0,28427.0,28965.0,29171.0,29362.0,29540.0,29778.0,29902.0,29921.0,29604.0,29563.0,29427.0,29320.0,28963.0,28470.0,28484.0,28220.0,27713.0,27687.0,27288.0,26887.0,26999.0,26650.0,26601.0,26474.0,26578.0,26787.0,26948.0,27008.0,27178.0,27310.0,27579.0,27844.0,28022.0,28190.0,28473.0,28434.0,28700.0,28554.0,28417.0,28198.0,28513.0
K,21,31588.0,31065.0,31378.0,31481.0,31375.0,31938.0,31715.0,32389.0,32784.0,32376.0,31192.0,31012.0,30230.0,29845.0,29528.0,29280.0,28077.0,27252.0,26946.0,26325.0,27474.0,24816.0,24545.0,25163.0,25931.0,26723.0,27032.0,27614.0,28272.0,28743.0,29185.0,29581.0,30309.0,30909.0,31657.0,31890.0,31641.0,31459.0,31216.0,30720.0,30220.0,30146.0,29928.0,29481.0,29079.0,28830.0,28462.0,27857.0,27363.0,27117.0,26713.0,26555.0,26505.0,26401.0,26589.0,26443.0,26736.0,27012.0,27350.0,27900.0,28079.0,28405.0,28929.0,29144.0,29322.0,29503.0,29758.0,29865.0,29886.0,29575.0,29535.0,29404.0,29287.0,28934.0,28446.0,28456.0,28193.0,27684.0,27668.0,27268.0,26859.0,26975.0,26631.0,26575.0,26444.0,26558.0,26758.0,26912.0,26986.0,27156.0,27285.0,27551.0,27826.0,28000.0,28169.0,28441.0,28409.0,28666.0,28531.0,28391.0,28167.0
K,22,32878.0,31555.0,31037.0,31347.0,31448.0,31341.0,31904.0,31689.0,32356.0,32751.0,32349.0,31161.0,30981.0,30196.0,29817.0,29512.0,29254.0,28050.0,27228.0,26919.0,26298.0,27452.0,24799.0,24521.0,25137.0,25906.0,26690.0,27008.0,27599.0,28239.0,28712.0,29159.0,29544.0,30285.0,30877.0,31627.0,31865.0,31608.0,31428.0,31185.0,30688.0,30189.0,30118.0,29905.0,29453.0,29050.0,28800.0,28428.0,27842.0,27344.0,27093.0,26679.0,26530.0,26477.0,26372.0,26553.0,26411.0,26712.0,26993.0,27320.0,27872.0,28052.0,28386.0,28905.0,29119.0,29296.0,29472.0,29729.0,29842.0,29856.0,29542.0,29501.0,29371.0,29261.0,28904.0,28427.0,28438.0,28160.0,27658.0,27638.0,27238.0,26828.0,26950.0,26607.0,26542.0,26419.0,26535.0,26730.0,26876.0,26961.0,27127.0,27264.0,27521.0,27793.0,27966.0,28137.0,28416.0,28382.0,28634.0,28502.0,28355.0
K,23,33088.0,32852.0,31521.0,31003.0,31305.0,31423.0,31308.0,31876.0,31654.0,32320.0,32720.0,32319.0,31129.0,30940.0,30171.0,29793.0,29480.0,29224.0,28030.0,27199.0,26892.0,26275.0,27423.0,24764.0,24501.0,25107.0,25877.0,26664.0,26982.0,27574.0,28211.0,28691.0,29130.0,29507.0,30257.0,30846.0,31605.0,31825.0,31575.0,31389.0,31150.0,30652.0,30167.0,30091.0,29876.0,29422.0,29017.0,28768.0,28395.0,27807.0,27320.0,27072.0,26654.0,26511.0,26451.0,26343.0,26527.0,26378.0,26687.0,26967.0,27300.0,27853.0,28021.0,28352.0,28874.0,29085.0,29257.0,29430.0,29695.0,29820.0,29833.0,29516.0,29469.0,29342.0,29242.0,28873.0,28403.0,28406.0,28137.0,27638.0,27614.0,27215.0,26802.0,26933.0,26580.0,26519.0,26385.0,26501.0,26709.0,26853.0,26937.0,27104.0,27241.0,27499.0,27765.0,27942.0,28104.0,28387.0,28347.0,28599.0,28469.0
K,24,33364.0,33046.0,32816.0,31491.0,30977.0,31264.0,31386.0,31271.0,31848.0,31616.0,32293.0,32687.0,32284.0,31098.0,30907.0,30151.0,29766.0,29449.0,29197.0,27997.0,27173.0,26856.0,26250.0,27400.0,24751.0,24472.0,25090.0,25849.0,26636.0,26951.0,27548.0,28181.0,28664.0,29106.0,29472.0,30220.0,30818.0,31574.0,31798.0,31540.0,31356.0,31119.0,30620.0,30128.0,30069.0,29844.0,29386.0,28983.0,28736.0,28371.0,27772.0,27296.0,27053.0,26623.0,26484.0,26430.0,26312.0,26494.0,26352.0,26668.0,26947.0,27268.0,27822.0,27996.0,28324.0,28834.0,29053.0,29225.0,29403.0,29663.0,29793.0,29799.0,29481.0,29450.0,29312.0,29224.0,28850.0,28377.0,28370.0,28106.0,27620.0,27587.0,27187.0,26773.0,26913.0,26546.0,26494.0,26362.0,26469.0,26687.0,26822.0,26906.0,27075.0,27213.0,27466.0,27739.0,27921.0,28085.0,28360.0,28316.0,28570.0
K,25,34378.0,33320.0,33014.0,32780.0,31455.0,30940.0,31243.0,31356.0,31232.0,31818.0,31589.0,32258.0,32651.0,32250.0,31067.0,30882.0,30123.0,29743.0,29423.0,29168.0,27979.0,27145.0,26824.0,26217.0,27370.0,24725.0,24448.0,25067.0,25820.0,26614.0,26921.0,27526.0,28153.0,28642.0,29072.0,29438.0,30193.0,30789.0,31538.0,31762.0,31508.0,31336.0,31084.0,30586.0,30100.0,30044.0,29817.0,29354.0,28948.0,28697.0,28344.0,27745.0,27269.0,27021.0,26592.0,26459.0,26406.0,26280.0,26473.0,26333.0,26642.0,26916.0,27241.0,27782.0,27960.0,28290.0,28804.0,29024.0,29191.0,29370.0,29625.0,29769.0,29775.0,29456.0,29419.0,29291.0,29199.0,28823.0,28346.0,28338.0,28082.0,27583.0,27566.0,27150.0,26756.0,26890.0,26512.0,26471.0,26336.0,26442.0,26660.0,26802.0,26884.0,27054.0,27186.0,27450.0,27711.0,27884.0,28058.0,28337.0,28285.0
K,26,35747.0,34339.0,33286.0,32984.0,32760.0,31420.0,30908.0,31216.0,31329.0,31198.0,31778.0,31555.0,32225.0,32608.0,32222.0,31045.0,30858.0,30090.0,29720.0,29394.0,29144.0,27963.0,27124.0,26801.0,26193.0,27339.0,24693.0,24419.0,25049.0,25800.0,26590.0,26891.0,27499.0,28137.0,28606.0,29049.0,29399.0,30166.0,30755.0,31502.0,31731.0,31473.0,31305.0,31046.0,30552.0,30067.0,30012.0,29783.0,29321.0,28918.0,28667.0,28322.0,27708.0,27239.0,26993.0,26557.0,26433.0,26374.0,26261.0,26444.0,26303.0,26611.0,26887.0,27208.0,27742.0,27929.0,28260.0,28765.0,28997.0,29161.0,29336.0,29593.0,29749.0,29755.0,29436.0,29384.0,29251.0,29176.0,28793.0,28315.0,28313.0,28055.0,27560.0,27534.0,27125.0,26724.0,26868.0,26487.0,26433.0,26314.0,26408.0,26629.0,26764.0,26856.0,27032.0,27165.0,27428.0,27682.0,27859.0,28035.0,28305.0
K,27,35920.0,35712.0,34303.0,33244.0,32949.0,32735.0,31385.0,30877.0,31181.0,31296.0,31170.0,31743.0,31514.0,32186.0,32576.0,32189.0,31021.0,30828.0,30061.0,29691.0,29365.0,29107.0,27938.0,27088.0,26777.0,26157.0,27314.0,24666.0,24394.0,25016.0,25766.0,26551.0,26858.0,27467.0,28116.0,28585.0,29028.0,29361.0,30134.0,30714.0,31478.0,31709.0,31435.0,31276.0,31016.0,30519.0,30040.0,29989.0,29750.0,29294.0,28885.0,28634.0,28285.0,27690.0,27221.0,26965.0,26539.0,26400.0,26350.0,26232.0,26419.0,26276.0,26587.0,26869.0,27186.0,27720.0,27898.0,28235.0,28730.0,28967.0,29135.0,29307.0,29570.0,29717.0,29734.0,29403.0,29353.0,29219.0,29143.0,28762.0,28278.0,28288.0,28023.0,27537.0,27506.0,27088.0,26694.0,26835.0,26448.0,26409.0,26282.0,26381.0,26608.0,26731.0,26838.0,27006.0,27136.0,27405.0,27655.0,27836.0,28006.0
K,28,36385.0,35893.0,35666.0,34258.0,33206.0,32919.0,32697.0,31338.0,30842.0,31144.0,31263.0,31146.0,31712.0,31479.0,32150.0,32531.0,32166.0,30993.0,30801.0,30018.0,29654.0,29323.0,29071.0,27911.0,27070.0,26758.0,26132.0,27290.0,24640.0,24374.0,24992.0,25748.0,26524.0,26827.0,27440.0,28084.0,28548.0,28996.0,29335.0,30100.0,30683.0,31452.0,31677.0,31399.0,31237.0,30983.0,30490.0,30002.0,29966.0,29722.0,29265.0,28860.0,28598.0,28257.0,27665.0,27189.0,26948.0,26503.0,26371.0,26324.0,26204.0,26398.0,26252.0,26567.0,26843.0,27163.0,27692.0,27873.0,28208.0,28695.0,28951.0,29103.0,29272.0,29535.0,29696.0,29691.0,29371.0,29321.0,29184.0,29109.0,28723.0,28249.0,28257.0,27989.0,27509.0,27487.0,27072.0,26667.0,26806.0,26413.0,26384.0,26251.0,26359.0,26587.0,26707.0,26797.0,26974.0,27097.0,27375.0,27623.0,27818.0
K,29,36994.0,36350.0,35860.0,35634.0,34227.0,33177.0,32885.0,32668.0,31314.0,30823.0,31113.0,31235.0,31117.0,31679.0,31448.0,32127.0,32501.0,32133.0,30973.0,30774.0,29989.0,29623.0,29290.0,29038.0,27878.0,27037.0,26730.0,26105.0,27250.0,24622.0,24345.0,24964.0,25727.0,26494.0,26799.0,27421.0,28058.0,28514.0,28964.0,29301.0,30071.0,30649.0,31428.0,31648.0,31368.0,31202.0,30949.0,30464.0,29972.0,29939.0,29687.0,29238.0,28822.0,28576.0,28229.0,27638.0,27163.0,26924.0,26472.0,26341.0,26291.0,26172.0,26363.0,26218.0,26538.0,26817.0,27134.0,27666.0,27850.0,28175.0,28665.0,28919.0,29076.0,29247.0,29515.0,29665.0,29658.0,29343.0,29296.0,29162.0,29083.0,28692.0,28226.0,28228.0,27970.0,27477.0,27462.0,27048.0,26638.0,26777.0,26390.0,26362.0,26224.0,26336.0,26569.0,26683.0,26765.0,26948.0,27067.0,27347.0,27589.0
K,30,37694.0,36957.0,36322.0,35829.0,35599.0,34192.0,33127.0,32849.0,32635.0,31276.0,30799.0,31089.0,31203.0,31085.0,31649.0,31415.0,32100.0,32470.0,32100.0,30940.0,30747.0,29962.0,29583.0,29260.0,29013.0,27850.0,27016.0,26701.0,26085.0,27224.0,24603.0,24323.0,24936.0,25700.0,26472.0,26775.0,27396.0,28025.0,28479.0,28937.0,29267.0,30047.0,30615.0,31397.0,31609.0,31342.0,31175.0,30924.0,30432.0,29942.0,29908.0,29651.0,29214.0,28790.0,28543.0,28201.0,27618.0,27129.0,26896.0,26445.0,26324.0,26264.0,26139.0,26328.0,26192.0,26507.0,26793.0,27107.0,27634.0,27819.0,28149.0,28638.0,28883.0,29049.0,29217.0,29492.0,29634.0,29630.0,29317.0,29265.0,29133.0,29055.0,28666.0,28183.0,28200.0,27932.0,27456.0,27432.0,27023.0,26616.0,26753.0,26360.0,26333.0,26191.0,26312.0,26546.0,26662.0,26739.0,26923.0,27037.0,27319.0
K,31,38587.0,37669.0,36924.0,36285.0,35793.0,35567.0,34162.0,33100.0,32819.0,32604.0,31243.0,30766.0,31060.0,31182.0,31056.0,31609.0,31394.0,32064.0,32441.0,32069.0,30893.0,30716.0,29928.0,29553.0,29226.0,28983.0,27824.0,26996.0,26662.0,26059.0,27195.0,24586.0,24307.0,24904.0,25681.0,26453.0,26747.0,27378.0,28001.0,28448.0,28910.0,29237.0,30006.0,30587.0,31367.0,31570.0,31312.0,31139.0,30900.0,30398.0,29913.0,29877.0,29626.0,29190.0,28768.0,28507.0,28175.0,27592.0,27098.0,26869.0,26422.0,26306.0,26232.0,26107.0,26298.0,26169.0,26484.0,26765.0,27084.0,27613.0,27801.0,28120.0,28609.0,28858.0,29019.0,29194.0,29460.0,29595.0,29598.0,29293.0,29238.0,29108.0,29030.0,28635.0,28137.0,28178.0,27901.0,27426.0,27399.0,26994.0,26592.0,26721.0,26333.0,26315.0,26165.0,26290.0,26515.0,26633.0,26716.0,26896.0,27010.0
K,32,39395.0,38552.0,37641.0,36888.0,36256.0,35766.0,35529.0,34126.0,33076.0,32781.0,32578.0,31214.0,30740.0,31028.0,31152.0,31033.0,31575.0,31366.0,32027.0,32418.0,32025.0,30858.0,30685.0,29891.0,29527.0,29196.0,28955.0,27794.0,26970.0,26631.0,26030.0,27164.0,24561.0,24283.0,24880.0,25652.0,26430.0,26722.0,27349.0,27981.0,28433.0,28885.0,29210.0,29973.0,30559.0,31343.0,31541.0,31279.0,31104.0,30869.0,30372.0,29891.0,29851.0,29601.0,29158.0,28746.0,28478.0,28140.0,27570.0,27062.0,26845.0,26399.0,26285.0,26214.0,26081.0,26264.0,26146.0,26466.0,26735.0,27054.0,27582.0,27787.0,28087.0,28580.0,28832.0,28998.0,29172.0,29436.0,29563.0,29576.0,29277.0,29210.0,29086.0,29005.0,28618.0,28111.0,28153.0,27877.0,27397.0,27377.0,26976.0,26571.0,26691.0,26302.0,26291.0,26145.0,26272.0,26488.0,26609.0,26684.0,26874.0
K,33,38889.0,39349.0,38503.0,37608.0,36853.0,36222.0,35726.0,35497.0,34088.0,33049.0,32741.0,32546.0,31180.0,30711.0,30987.0,31114.0,30998.0,31530.0,31339.0,32000.0,32390.0,31996.0,30831.0,30652.0,29853.0,29493.0,29167.0,28932.0,27762.0,26936.0,26609.0,26002.0,27130.0,24535.0,24255.0,24853.0,25622.0,26400.0,26698.0,27309.0,27960.0,28407.0,28855.0,29185.0,29938.0,30532.0,31317.0,31499.0,31245.0,31075.0,30831.0,30350.0,29875.0,29816.0,29574.0,29128.0,28722.0,28451.0,28115.0,27547.0,27031.0,26815.0,26373.0,26255.0,26180.0,26056.0,26240.0,26114.0,26438.0,26713.0,27025.0,27550.0,27767.0,28056.0,28547.0,28795.0,28972.0,29144.0,29398.0,29532.0,29547.0,29239.0,29174.0,29058.0,28980.0,28589.0,28078.0,28130.0,27857.0,27361.0,27348.0,26944.0,26540.0,26676.0,26286.0,26264.0,26130.0,26251.0,26460.0,26584.0,26652.0
K,34,38601.0,38838.0,39307.0,38459.0,37562.0,36813.0,36193.0,35681.0,35458.0,34049.0,33017.0,32713.0,32521.0,31137.0,30677.0,30947.0,31094.0,30963.0,31492.0,31305.0,31969.0,32365.0,31968.0,30804.0,30624.0,29823.0,29462.0,29137.0,28907.0,27733.0,26907.0,26577.0,25978.0,27108.0,24513.0,24238.0,24824.0,25595.0,26369.0,26674.0,27284.0,27939.0,28381.0,28838.0,29149.0,29914.0,30509.0,31284.0,31478.0,31214.0,31042.0,30792.0,30330.0,29844.0,29787.0,29536.0,29098.0,28698.0,28426.0,28083.0,27517.0,27004.0,26790.0,26352.0,26220.0,26146.0,26033.0,26211.0,26089.0,26409.0,26684.0,26993.0,27525.0,27739.0,28029.0,28518.0,28749.0,28946.0,29112.0,29375.0,29504.0,29507.0,29218.0,29155.0,29018.0,28952.0,28552.0,28051.0,28108.0,27823.0,27329.0,27319.0,26919.0,26513.0,26653.0,26268.0,26241.0,26107.0,26228.0,26442.0,26555.0
K,35,37403.0,38561.0,38789.0,39269.0,38420.0,37512.0,36780.0,36156.0,35646.0,35423.0,34009.0,32992.0,32676.0,32486.0,31103.0,30649.0,30918.0,31074.0,30932.0,31457.0,31268.0,31932.0,32325.0,31941.0,30771.0,30586.0,29793.0,29431.0,29114.0,28871.0,27710.0,26874.0,26546.0,25953.0,27079.0,24483.0,24213.0,24796.0,25572.0,26345.0,26642.0,27259.0,27910.0,28351.0,28798.0,29115.0,29879.0,30485.0,31254.0,31444.0,31178.0,30998.0,30766.0,30302.0,29815.0,29760.0,29502.0,29061.0,28667.0,28391.0,28060.0,27488.0,26982.0,26768.0,26331.0,26193.0,26122.0,26010.0,26181.0,26059.0,26386.0,26660.0,26966.0,27499.0,27719.0,28007.0,28490.0,28720.0,28919.0,29084.0,29344.0,29482.0,29487.0,29191.0,29133.0,28986.0,28924.0,28530.0,28019.0,28073.0,27798.0,27304.0,27285.0,26900.0,26483.0,26622.0,26238.0,26213.0,26083.0,26209.0,26416.0
K,36,36743.0,37369.0,38520.0,38755.0,39231.0,38391.0,37478.0,36750.0,36125.0,35607.0,35387.0,33976.0,32958.0,32644.0,32459.0,31063.0,30620.0,30888.0,31052.0,30898.0,31433.0,31242.0,31901.0,32290.0,31902.0,30744.0,30556.0,29768.0,29405.0,29093.0,28837.0,27688.0,26851.0,26519.0,25932.0,27054.0,24459.0,24192.0,24769.0,25546.0,26312.0,26611.0,27227.0,27884.0,28326.0,28773.0,29084.0,29855.0,30462.0,31227.0,31412.0,31148.0,30975.0,30736.0,30271.0,29780.0,29737.0,29473.0,29039.0,28634.0,28361.0,28041.0,27465.0,26951.0,26746.0,26303.0,26176.0,26094.0,25992.0,26159.0,26032.0,26360.0,26639.0,26937.0,27464.0,27689.0,27986.0,28461.0,28695.0,28889.0,29055.0,29314.0,29456.0,29454.0,29156.0,29111.0,28957.0,28890.0,28510.0,27995.0,28048.0,27773.0,27278.0,27257.0,26872.0,26453.0,26595.0,26214.0,26188.0,26058.0,26179.0
K,37,36160.0,36704.0,37340.0,38480.0,38722.0,39183.0,38348.0,37437.0,36704.0,36081.0,35580.0,35351.0,33938.0,32926.0,32616.0,32422.0,31035.0,30583.0,30865.0,31032.0,30874.0,31410.0,31207.0,31870.0,32264.0,31862.0,30718.0,30533.0,29742.0,29384.0,29061.0,28807.0,27666.0,26818.0,26497.0,25906.0,27021.0,24437.0,24169.0,24730.0,25522.0,26283.0,26589.0,27203.0,27858.0,28296.0,28745.0,29060.0,29835.0,30428.0,31201.0,31382.0,31115.0,30940.0,30707.0,30239.0,29757.0,29705.0,29439.0,29009.0,28605.0,28332.0,28011.0,27441.0,26922.0,26723.0,26282.0,26155.0,26078.0,25970.0,26133.0,26006.0,26337.0,26609.0,26917.0,27424.0,27662.0,27956.0,28435.0,28663.0,28857.0,29031.0,29286.0,29431.0,29423.0,29119.0,29080.0,28925.0,28861.0,28471.0,27964.0,28025.0,27742.0,27252.0,27232.0,26843.0,26427.0,26569.0,26184.0,26174.0,26036.0
K,38,35848.0,36135.0,36675.0,37308.0,38437.0,38671.0,39144.0,38306.0,37402.0,36658.0,36049.0,35550.0,35312.0,33905.0,32891.0,32571.0,32395.0,31005.0,30548.0,30838.0,31005.0,30846.0,31382.0,31177.0,31842.0,32235.0,31823.0,30689.0,30514.0,29715.0,29347.0,29033.0,28787.0,27642.0,26788.0,26472.0,25883.0,26986.0,24403.0,24139.0,24705.0,25502.0,26251.0,26570.0,27171.0,27822.0,28263.0,28723.0,29025.0,29807.0,30394.0,31178.0,31346.0,31080.0,30914.0,30682.0,30221.0,29727.0,29666.0,29405.0,28976.0,28584.0,28302.0,27983.0,27414.0,26894.0,26700.0,26263.0,26122.0,26064.0,25946.0,26108.0,25980.0,26302.0,26585.0,26885.0,27395.0,27628.0,27926.0,28405.0,28636.0,28837.0,28994.0,29253.0,29401.0,29390.0,29090.0,29053.0,28891.0,28828.0,28440.0,27935.0,27995.0,27720.0,27221.0,27200.0,26819.0,26398.0,26541.0,26166.0,26145.0
K,39,35243.0,35801.0,36100.0,36645.0,37274.0,38398.0,38628.0,39101.0,38260.0,37360.0,36622.0,36011.0,35513.0,35277.0,33878.0,32869.0,32533.0,32367.0,30956.0,30523.0,30804.0,30975.0,30823.0,31347.0,31151.0,31820.0,32205.0,31782.0,30658.0,30475.0,29681.0,29321.0,29000.0,28749.0,27613.0,26768.0,26446.0,25853.0,26959.0,24376.0,24106.0,24682.0,25478.0,26229.0,26552.0,27146.0,27797.0,28227.0,28693.0,28991.0,29778.0,30360.0,31140.0,31311.0,31054.0,30887.0,30643.0,30195.0,29696.0,29620.0,29378.0,28940.0,28562.0,28265.0,27955.0,27381.0,26863.0,26681.0,26236.0,26092.0,26044.0,25922.0,26081.0,25964.0,26289.0,26565.0,26854.0,27369.0,27605.0,27900.0,28382.0,28606.0,28809.0,28957.0,29223.0,29375.0,29356.0,29071.0,29017.0,28863.0,28792.0,28414.0,27899.0,27965.0,27691.0,27197.0,27172.0,26795.0,26374.0,26512.0,26139.0
K,40,35525.0,35195.0,35766.0,36059.0,36604.0,37235.0,38349.0,38601.0,39073.0,38223.0,37325.0,36593.0,35975.0,35473.0,35240.0,33848.0,32832.0,32502.0,32336.0,30919.0,30495.0,30777.0,30940.0,30785.0,31321.0,31117.0,31788.0,32184.0,31756.0,30623.0,30451.0,29649.0,29289.0,28977.0,28712.0,27581.0,26734.0,26418.0,25831.0,26932.0,24357.0,24085.0,24664.0,25460.0,26195.0,26505.0,27116.0,27775.0,28200.0,28669.0,28951.0,29742.0,30332.0,31106.0,31282.0,31031.0,30857.0,30606.0,30171.0,29661.0,29593.0,29345.0,28913.0,28538.0,28227.0,27933.0,27352.0,26829.0,26660.0,26214.0,26068.0,26018.0,25901.0,26058.0,25944.0,26275.0,26540.0,26832.0,27341.0,27570.0,27880.0,28355.0,28580.0,28780.0,28924.0,29177.0,29341.0,29328.0,29041.0,28982.0,28827.0,28760.0,28388.0,27868.0,27934.0,27668.0,27169.0,27145.0,26769.0,26344.0,26488.0
K,41,34990.0,35501.0,35163.0,35725.0,36028.0,36564.0,37201.0,38304.0,38548.0,39041.0,38190.0,37288.0,36553.0,35933.0,35439.0,35199.0,33812.0,32804.0,32470.0,32307.0,30876.0,30458.0,30748.0,30895.0,30757.0,31280.0,31088.0,31761.0,32150.0,31727.0,30586.0,30422.0,29616.0,29252.0,28956.0,28693.0,27560.0,26714.0,26391.0,25804.0,26897.0,24338.0,24067.0,24631.0,25445.0,26160.0,26484.0,27087.0,27733.0,28164.0,28639.0,28924.0,29694.0,30303.0,31068.0,31251.0,30999.0,30829.0,30571.0,30130.0,29635.0,29563.0,29319.0,28890.0,28508.0,28194.0,27906.0,27323.0,26804.0,26635.0,26191.0,26032.0,25993.0,25866.0,26039.0,25913.0,26246.0,26518.0,26803.0,27309.0,27536.0,27854.0,28324.0,28546.0,28748.0,28896.0,29158.0,29319.0,29303.0,29014.0,28956.0,28806.0,28734.0,28354.0,27842.0,27917.0,27638.0,27134.0,27125.0,26749.0,26327.0
K,42,35089.0,34960.0,35469.0,35119.0,35688.0,35997.0,36531.0,37164.0,38269.0,38513.0,38994.0,38160.0,37251.0,36514.0,35900.0,35413.0,35161.0,33771.0,32775.0,32441.0,32277.0,30848.0,30418.0,30725.0,30864.0,30724.0,31253.0,31054.0,31723.0,32111.0,31691.0,30558.0,30391.0,29582.0,29214.0,28930.0,28662.0,27539.0,26695.0,26367.0,25782.0,26875.0,24307.0,24042.0,24589.0,25422.0,26135.0,26456.0,27071.0,27712.0,28124.0,28603.0,28895.0,29667.0,30273.0,31036.0,31225.0,30961.0,30796.0,30535.0,30096.0,29607.0,29539.0,29292.0,28862.0,28475.0,28173.0,27875.0,27297.0,26779.0,26610.0,26161.0,26008.0,25968.0,25850.0,26008.0,25893.0,26215.0,26485.0,26776.0,27287.0,27504.0,27826.0,28302.0,28525.0,28721.0,28877.0,29130.0,29296.0,29276.0,28985.0,28928.0,28775.0,28709.0,28331.0,27810.0,27893.0,27615.0,27102.0,27100.0,26719.0
K,43,34563.0,35058.0,34939.0,35432.0,35085.0,35652.0,35962.0,36504.0,37116.0,38235.0,38471.0,38953.0,38127.0,37210.0,36472.0,35862.0,35373.0,35122.0,33723.0,32743.0,32406.0,32243.0,30824.0,30388.0,30700.0,30831.0,30698.0,31235.0,31020.0,31691.0,32080.0,31659.0,30529.0,30366.0,29556.0,29186.0,28888.0,28628.0,27512.0,26675.0,26349.0,25755.0,26851.0,24281.0,24011.0,24566.0,25399.0,26109.0,26423.0,27046.0,27679.0,28094.0,28574.0,28865.0,29638.0,30239.0,30999.0,31193.0,30928.0,30763.0,30496.0,30061.0,29572.0,29504.0,29268.0,28833.0,28448.0,28144.0,27844.0,27271.0,26750.0,26590.0,26129.0,25975.0,25936.0,25822.0,25979.0,25865.0,26186.0,26459.0,26747.0,27259.0,27472.0,27806.0,28273.0,28494.0,28701.0,28848.0,29101.0,29262.0,29247.0,28944.0,28897.0,28749.0,28683.0,28308.0,27789.0,27871.0,27583.0,27081.0,27069.0
K,44,34236.0,34516.0,35007.0,34895.0,35400.0,35054.0,35612.0,35920.0,36470.0,37091.0,38195.0,38431.0,38913.0,38090.0,37180.0,36429.0,35830.0,35346.0,35083.0,33694.0,32710.0,32362.0,32215.0,30797.0,30354.0,30671.0,30785.0,30671.0,31201.0,30987.0,31653.0,32049.0,31615.0,30501.0,30338.0,29533.0,29150.0,28864.0,28598.0,27486.0,26653.0,26321.0,25731.0,26819.0,24255.0,23983.0,24543.0,25389.0,26088.0,26394.0,27019.0,27652.0,28069.0,28548.0,28840.0,29608.0,30205.0,30980.0,31165.0,30910.0,30733.0,30471.0,30023.0,29532.0,29481.0,29236.0,28798.0,28414.0,28113.0,27808.0,27254.0,26724.0,26570.0,26109.0,25950.0,25911.0,25791.0,25957.0,25825.0,26155.0,26433.0,26727.0,27231.0,27446.0,27785.0,28249.0,28458.0,28665.0,28825.0,29069.0,29231.0,29227.0,28918.0,28868.0,28723.0,28656.0,28286.0,27757.0,27842.0,27550.0,27057.0
K,45,33520.0,34205.0,34477.0,34964.0,34865.0,35371.0,35022.0,35574.0,35892.0,36436.0,37056.0,38152.0,38392.0,38872.0,38047.0,37142.0,36390.0,35797.0,35316.0,35039.0,33654.0,32671.0,32323.0,32182.0,30759.0,30331.0,30636.0,30765.0,30639.0,31173.0,30950.0,31622.0,32011.0,31576.0,30462.0,30310.0,29507.0,29127.0,28829.0,28573.0,27457.0,26626.0,26295.0,25698.0,26794.0,24228.0,23966.0,24520.0,25376.0,26057.0,26369.0,26990.0,27615.0,28046.0,28513.0,28816.0,29572.0,30167.0,30948.0,31135.0,30884.0,30705.0,30445.0,29992.0,29494.0,29457.0,29211.0,28774.0,28383.0,28089.0,27785.0,27221.0,26703.0,26544.0,26088.0,25922.0,25890.0,25760.0,25927.0,25799.0,26123.0,26402.0,26697.0,27203.0,27423.0,27762.0,28224.0,28437.0,28632.0,28792.0,29039.0,29202.0,29204.0,28885.0,28841.0,28697.0,28623.0,28253.0,27732.0,27819.0,27525.0
K,46,34033.0,33486.0,34163.0,34446.0,34932.0,34828.0,35339.0,34984.0,35539.0,35846.0,36409.0,37019.0,38110.0,38357.0,38832.0,38021.0,37102.0,36356.0,35755.0,35276.0,35001.0,33626.0,32634.0,32288.0,32154.0,30720.0,30307.0,30607.0,30731.0,30612.0,31144.0,30914.0,31595.0,31980.0,31539.0,30434.0,30284.0,29475.0,29101.0,28798.0,28545.0,27430.0,26605.0,26260.0,25666.0,26766.0,24208.0,23942.0,24500.0,25344.0,26026.0,26348.0,26969.0,27594.0,28016.0,28491.0,28798.0,29537.0,30143.0,30917.0,31094.0,30846.0,30675.0,30401.0,29959.0,29466.0,29429.0,29184.0,28745.0,28354.0,28061.0,27761.0,27190.0,26683.0,26509.0,26052.0,25895.0,25866.0,25737.0,25907.0,25776.0,26101.0,26368.0,26673.0,27174.0,27397.0,27741.0,28196.0,28400.0,28599.0,28768.0,29011.0,29170.0,29167.0,28864.0,28805.0,28671.0,28603.0,28216.0,27711.0,27798.0
K,47,35177.0,34005.0,33450.0,34128.0,34409.0,34891.0,34787.0,35305.0,34945.0,35489.0,35820.0,36374.0,36986.0,38070.0,38312.0,38797.0,37979.0,37068.0,36313.0,35719.0,35254.0,34962.0,33594.0,32601.0,32260.0,32126.0,30695.0,30279.0,30580.0,30702.0,30588.0,31108.0,30889.0,31552.0,31951.0,31506.0,30404.0,30242.0,29441.0,29070.0,28767.0,28516.0,27394.0,26573.0,26236.0,25643.0,26732.0,24188.0,23920.0,24471.0,25317.0,26009.0,26308.0,26942.0,27563.0,27993.0,28460.0,28763.0,29510.0,30107.0,30887.0,31070.0,30805.0,30645.0,30375.0,29940.0,29438.0,29399.0,29145.0,28723.0,28322.0,28034.0,27740.0,27161.0,26664.0,26491.0,26029.0,25869.0,25832.0,25718.0,25880.0,25753.0,26081.0,26343.0,26657.0,27158.0,27356.0,27713.0,28166.0,28377.0,28577.0,28741.0,28981.0,29142.0,29139.0,28830.0,28776.0,28643.0,28579.0,28182.0,27679.0
K,48,36600.0,35139.0,33969.0,33415.0,34090.0,34380.0,34853.0,34756.0,35271.0,34910.0,35458.0,35795.0,36347.0,36945.0,38036.0,38273.0,38747.0,37944.0,37037.0,36279.0,35686.0,35221.0,34925.0,33571.0,32578.0,32231.0,32090.0,30669.0,30252.0,30553.0,30654.0,30558.0,31086.0,30848.0,31517.0,31909.0,31476.0,30373.0,30219.0,29401.0,29049.0,28747.0,28492.0,27373.0,26553.0,26212.0,25620.0,26696.0,24163.0,23880.0,24445.0,25293.0,25987.0,26280.0,26910.0,27540.0,27959.0,28428.0,28749.0,29484.0,30080.0,30849.0,31037.0,30775.0,30608.0,30343.0,29914.0,29422.0,29366.0,29116.0,28697.0,28296.0,28010.0,27707.0,27136.0,26643.0,26459.0,26012.0,25835.0,25810.0,25694.0,25857.0,25725.0,26055.0,26324.0,26623.0,27131.0,27321.0,27689.0,28146.0,28351.0,28553.0,28713.0,28962.0,29102.0,29113.0,28804.0,28745.0,28618.0,28556.0,28155.0
K,49,36215.0,36561.0,35113.0,33945.0,33374.0,34053.0,34344.0,34813.0,34723.0,35232.0,34860.0,35434.0,35760.0,36314.0,36909.0,38004.0,38227.0,38712.0,37901.0,36991.0,36246.0,35641.0,35173.0,34891.0,33545.0,32552.0,32206.0,32055.0,30652.0,30217.0,30522.0,30621.0,30525.0,31053.0,30812.0,31490.0,31881.0,31444.0,30341.0,30179.0,29380.0,29023.0,28717.0,28461.0,27348.0,26524.0,26190.0,25601.0,26672.0,24136.0,23853.0,24424.0,25258.0,25962.0,26260.0,26878.0,27517.0,27929.0,28406.0,28720.0,29457.0,30045.0,30817.0,31015.0,30747.0,30583.0,30307.0,29890.0,29389.0,29339.0,29075.0,28673.0,28263.0,27980.0,27682.0,27106.0,26609.0,26427.0,25981.0,25812.0,25794.0,25673.0,25827.0,25701.0,26024.0,26298.0,26594.0,27109.0,27299.0,27665.0,28113.0,28324.0,28525.0,28685.0,28936.0,29077.0,29076.0,28787.0,28716.0,28589.0,28522.0
K,50,37446.0,36190.0,36516.0,35080.0,33907.0,33339.0,34024.0,34309.0,34777.0,34684.0,35197.0,34830.0,35403.0,35729.0,36278.0,36877.0,37976.0,38187.0,38667.0,37855.0,36951.0,36211.0,35605.0,35141.0,34850.0,33508.0,32524.0,32174.0,32028.0,30620.0,30183.0,30490.0,30583.0,30497.0,31027.0,30775.0,31460.0,31836.0,31414.0,30315.0,30143.0,29354.0,28993.0,28693.0,28434.0,27319.0,26501.0,26169.0,25574.0,26646.0,24116.0,23826.0,24403.0,25225.0,25928.0,26233.0,26848.0,27485.0,27909.0,28376.0,28689.0,29430.0,30019.0,30790.0,30988.0,30718.0,30559.0,30280.0,29858.0,29355.0,29311.0,29049.0,28638.0,28243.0,27955.0,27655.0,27077.0,26582.0,26398.0,25957.0,25792.0,25755.0,25645.0,25805.0,25668.0,25989.0,26279.0,26571.0,27085.0,27265.0,27624.0,28086.0,28291.0,28503.0,28660.0,28913.0,29042.0,29042.0,28754.0,28685.0,28560.0
K,51,37536.0,37411.0,36161.0,36475.0,35034.0,33872.0,33297.0,33993.0,34269.0,34748.0,34659.0,35160.0,34799.0,35378.0,35683.0,36231.0,36833.0,37942.0,38157.0,38637.0,37818.0,36913.0,36181.0,35560.0,35110.0,34805.0,33474.0,32499.0,32137.0,32001.0,30588.0,30155.0,30453.0,30565.0,30469.0,30991.0,30742.0,31431.0,31803.0,31379.0,30284.0,30110.0,29325.0,28965.0,28670.0,28397.0,27287.0,26479.0,26146.0,25549.0,26621.0,24089.0,23801.0,24379.0,25199.0,25898.0,26207.0,26826.0,27455.0,27886.0,28351.0,28667.0,29399.0,29987.0,30754.0,30962.0,30683.0,30525.0,30243.0,29825.0,29324.0,29291.0,29035.0,28609.0,28217.0,27920.0,27635.0,27046.0,26556.0,26376.0,25926.0,25773.0,25733.0,25618.0,25777.0,25640.0,25960.0,26251.0,26542.0,27056.0,27245.0,27583.0,28056.0,28261.0,28472.0,28625.0,28881.0,29016.0,29004.0,28725.0,28660.0
K,52,37024.0,37505.0,37372.0,36115.0,36433.0,34998.0,33847.0,33266.0,33961.0,34240.0,34714.0,34623.0,35114.0,34771.0,35339.0,35645.0,36193.0,36800.0,37906.0,38129.0,38600.0,37776.0,36871.0,36140.0,35523.0,35080.0,34765.0,33435.0,32460.0,32104.0,31977.0,30563.0,30123.0,30420.0,30537.0,30443.0,30962.0,30707.0,31400.0,31772.0,31351.0,30250.0,30076.0,29298.0,28939.0,28640.0,28368.0,27258.0,26446.0,26119.0,25527.0,26597.0,24071.0,23774.0,24354.0,25177.0,25869.0,26179.0,26796.0,27434.0,27855.0,28325.0,28651.0,29377.0,29963.0,30724.0,30927.0,30658.0,30488.0,30206.0,29804.0,29301.0,29260.0,29014.0,28578.0,28187.0,27893.0,27614.0,27015.0,26518.0,26347.0,25898.0,25753.0,25706.0,25595.0,25753.0,25622.0,25941.0,26230.0,26519.0,27024.0,27207.0,27556.0,28017.0,28235.0,28444.0,28596.0,28861.0,28982.0,28974.0,28686.0
K,53,37660.0,36981.0,37462.0,37338.0,36072.0,36398.0,34966.0,33820.0,33236.0,33916.0,34190.0,34674.0,34595.0,35077.0,34738.0,35297.0,35609.0,36158.0,36759.0,37863.0,38092.0,38570.0,37750.0,36832.0,36095.0,35476.0,35049.0,34729.0,33399.0,32425.0,32059.0,31944.0,30536.0,30088.0,30396.0,30504.0,30418.0,30928.0,30673.0,31366.0,31735.0,31322.0,30227.0,30047.0,29267.0,28908.0,28613.0,28341.0,27238.0,26424.0,26091.0,25510.0,26577.0,24053.0,23746.0,24337.0,25150.0,25838.0,26150.0,26773.0,27412.0,27824.0,28301.0,28627.0,29350.0,29925.0,30699.0,30901.0,30633.0,30452.0,30183.0,29772.0,29271.0,29224.0,28989.0,28546.0,28153.0,27863.0,27587.0,26981.0,26477.0,26316.0,25870.0,25726.0,25675.0,25566.0,25729.0,25597.0,25917.0,26202.0,26487.0,26994.0,27185.0,27529.0,27990.0,28199.0,28411.0,28570.0,28832.0,28955.0,28945.0
K,54,37209.0,37623.0,36944.0,37426.0,37292.0,36038.0,36357.0,34932.0,33786.0,33204.0,33894.0,34147.0,34651.0,34551.0,35044.0,34696.0,35260.0,35564.0,36112.0,36712.0,37820.0,38056.0,38529.0,37714.0,36798.0,36060.0,35438.0,35024.0,34691.0,33374.0,32397.0,32040.0,31912.0,30510.0,30047.0,30375.0,30480.0,30386.0,30905.0,30655.0,31335.0,31709.0,31289.0,30202.0,30012.0,29235.0,28881.0,28578.0,28308.0,27208.0,26393.0,26068.0,25474.0,26557.0,24024.0,23716.0,24307.0,25122.0,25811.0,26135.0,26754.0,27381.0,27801.0,28275.0,28600.0,29324.0,29902.0,30675.0,30869.0,30605.0,30412.0,30153.0,29742.0,29243.0,29194.0,28955.0,28526.0,28110.0,27839.0,27554.0,26950.0,26457.0,26293.0,25838.0,25696.0,25648.0,25543.0,25702.0,25573.0,25895.0,26166.0,26457.0,26962.0,27165.0,27496.0,27966.0,28174.0,28382.0,28537.0,28807.0,28920.0
K,55,36217.0,37168.0,37587.0,36905.0,37393.0,37256.0,36009.0,36325.0,34887.0,33760.0,33167.0,33866.0,34114.0,34617.0,34520.0,35005.0,34665.0,35227.0,35524.0,36067.0,36680.0,37780.0,38009.0,38498.0,37678.0,36751.0,36034.0,35396.0,34983.0,34658.0,33341.0,32375.0,31992.0,31881.0,30489.0,30022.0,30337.0,30450.0,30356.0,30876.0,30617.0,31312.0,31676.0,31255.0,30174.0,29973.0,29218.0,28853.0,28555.0,28286.0,27193.0,26368.0,26037.0,25453.0,26528.0,24004.0,23693.0,24288.0,25098.0,25784.0,26110.0,26737.0,27359.0,27772.0,28248.0,28578.0,29291.0,29880.0,30653.0,30832.0,30570.0,30384.0,30121.0,29714.0,29213.0,29167.0,28924.0,28491.0,28081.0,27826.0,27523.0,26925.0,26427.0,26267.0,25818.0,25669.0,25622.0,25515.0,25680.0,25542.0,25867.0,26148.0,26430.0,26932.0,27140.0,27467.0,27945.0,28135.0,28347.0,28503.0,28774.0
K,56,35480.0,36175.0,37132.0,37541.0,36864.0,37359.0,37217.0,35967.0,36296.0,34845.0,33722.0,33138.0,33826.0,34080.0,34582.0,34494.0,34955.0,34624.0,35180.0,35494.0,36032.0,36643.0,37743.0,37977.0,38461.0,37647.0,36725.0,35993.0,35360.0,34935.0,34618.0,33322.0,32342.0,31955.0,31842.0,30456.0,29992.0,30304.0,30412.0,30330.0,30849.0,30588.0,31277.0,31648.0,31226.0,30146.0,29949.0,29190.0,28832.0,28526.0,28248.0,27164.0,26348.0,26017.0,25422.0,26500.0,23977.0,23669.0,24259.0,25066.0,25760.0,26078.0,26708.0,27340.0,27742.0,28215.0,28555.0,29262.0,29851.0,30628.0,30807.0,30529.0,30362.0,30100.0,29682.0,29183.0,29145.0,28892.0,28468.0,28050.0,27795.0,27494.0,26898.0,26407.0,26235.0,25796.0,25646.0,25599.0,25485.0,25654.0,25520.0,25841.0,26116.0,26402.0,26904.0,27111.0,27429.0,27918.0,28106.0,28319.0,28480.0
K,57,34879.0,35444.0,36131.0,37101.0,37508.0,36827.0,37324.0,37179.0,35927.0,36263.0,34817.0,33692.0,33105.0,33799.0,34047.0,34540.0,34461.0,34917.0,34583.0,35152.0,35459.0,35999.0,36613.0,37714.0,37944.0,38424.0,37615.0,36685.0,35952.0,35318.0,34910.0,34584.0,33272.0,32310.0,31917.0,31810.0,30426.0,29965.0,30266.0,30383.0,30293.0,30811.0,30551.0,31245.0,31615.0,31191.0,30124.0,29919.0,29155.0,28806.0,28494.0,28218.0,27141.0,26322.0,25992.0,25402.0,26473.0,23954.0,23648.0,24240.0,25039.0,25734.0,26046.0,26684.0,27309.0,27717.0,28196.0,28534.0,29236.0,29811.0,30605.0,30785.0,30503.0,30329.0,30065.0,29646.0,29153.0,29111.0,28859.0,28440.0,28023.0,27765.0,27466.0,26865.0,26393.0,26211.0,25776.0,25617.0,25569.0,25451.0,25621.0,25506.0,25812.0,26090.0,26381.0,26877.0,27091.0,27402.0,27881.0,28085.0,28297.0
K,58,34275.0,34846.0,35414.0,36098.0,37072.0,37474.0,36790.0,37287.0,37140.0,35905.0,36211.0,34781.0,33659.0,33072.0,33764.0,34016.0,34505.0,34424.0,34876.0,34546.0,35127.0,35423.0,35953.0,36573.0,37688.0,37913.0,38381.0,37588.0,36652.0,35912.0,35283.0,34867.0,34546.0,33232.0,32278.0,31880.0,31770.0,30409.0,29930.0,30238.0,30361.0,30256.0,30782.0,30522.0,31214.0,31584.0,31154.0,30098.0,29883.0,29119.0,28776.0,28463.0,28187.0,27119.0,26291.0,25959.0,25383.0,26451.0,23937.0,23620.0,24217.0,25016.0,25712.0,26013.0,26657.0,27290.0,27690.0,28163.0,28499.0,29212.0,29783.0,30575.0,30765.0,30479.0,30291.0,30034.0,29619.0,29124.0,29085.0,28836.0,28411.0,27995.0,27735.0,27433.0,26829.0,26373.0,26189.0,25748.0,25592.0,25537.0,25431.0,25600.0,25471.0,25783.0,26060.0,26346.0,26847.0,27064.0,27380.0,27848.0,28050.0
K,59,33194.0,34229.0,34812.0,35381.0,36066.0,37042.0,37437.0,36752.0,37256.0,37091.0,35870.0,36183.0,34742.0,33632.0,33031.0,33731.0,33980.0,34475.0,34393.0,34854.0,34516.0,35086.0,35385.0,35914.0,36538.0,37638.0,37879.0,38349.0,37550.0,36613.0,35882.0,35254.0,34837.0,34511.0,33198.0,32251.0,31850.0,31733.0,30382.0,29898.0,30213.0,30342.0,30222.0,30759.0,30489.0,31191.0,31553.0,31130.0,30081.0,29853.0,29089.0,28752.0,28439.0,28157.0,27089.0,26261.0,25939.0,25352.0,26430.0,23922.0,23594.0,24191.0,24993.0,25695.0,25984.0,26629.0,27262.0,27654.0,28136.0,28470.0,29195.0,29747.0,30544.0,30736.0,30444.0,30271.0,30003.0,29592.0,29096.0,29060.0,28806.0,28383.0,27964.0,27713.0,27408.0,26808.0,26349.0,26164.0,25719.0,25570.0,25508.0,25403.0,25580.0,25444.0,25750.0,26036.0,26322.0,26827.0,27041.0,27352.0,27823.0
K,60,32018.0,33151.0,34194.0,34774.0,35340.0,36032.0,37014.0,37405.0,36709.0,37211.0,37048.0,35834.0,36148.0,34706.0,33604.0,32986.0,33692.0,33944.0,34439.0,34357.0,34823.0,34480.0,35049.0,35336.0,35887.0,36517.0,37597.0,37835.0,38313.0,37508.0,36578.0,35857.0,35220.0,34805.0,34480.0,33168.0,32220.0,31814.0,31703.0,30355.0,29858.0,30178.0,30322.0,30184.0,30724.0,30463.0,31165.0,31521.0,31089.0,30049.0,29823.0,29049.0,28726.0,28405.0,28133.0,27058.0,26233.0,25912.0,25327.0,26401.0,23886.0,23567.0,24160.0,24973.0,25669.0,25958.0,26603.0,27242.0,27631.0,28104.0,28436.0,29171.0,29711.0,30512.0,30701.0,30411.0,30247.0,29982.0,29564.0,29071.0,29033.0,28774.0,28347.0,27942.0,27693.0,27378.0,26791.0,26322.0,26142.0,25698.0,25546.0,25487.0,25384.0,25561.0,25423.0,25723.0,26009.0,26294.0,26804.0,27016.0,27330.0
K,61,31506.0,31980.0,33109.0,34152.0,34745.0,35305.0,35979.0,36970.0,37366.0,36673.0,37175.0,37007.0,35791.0,36113.0,34674.0,33566.0,32950.0,33654.0,33898.0,34390.0,34313.0,34782.0,34438.0,35013.0,35299.0,35860.0,36481.0,37556.0,37806.0,38267.0,37462.0,36540.0,35808.0,35183.0,34768.0,34438.0,33135.0,32189.0,31773.0,31667.0,30316.0,29818.0,30144.0,30290.0,30142.0,30678.0,30425.0,31126.0,31486.0,31047.0,30014.0,29793.0,29011.0,28695.0,28366.0,28102.0,27030.0,26200.0,25881.0,25300.0,26378.0,23868.0,23547.0,24138.0,24945.0,25632.0,25935.0,26562.0,27214.0,27587.0,28069.0,28397.0,29138.0,29686.0,30472.0,30658.0,30366.0,30217.0,29943.0,29531.0,29041.0,28992.0,28735.0,28313.0,27914.0,27661.0,27350.0,26761.0,26301.0,26118.0,25663.0,25511.0,25468.0,25358.0,25530.0,25400.0,25694.0,25985.0,26266.0,26767.0,26982.0
K,62,31028.0,31469.0,31939.0,33048.0,34111.0,34698.0,35256.0,35924.0,36925.0,37310.0,36626.0,37130.0,36962.0,35733.0,36071.0,34628.0,33535.0,32904.0,33598.0,33860.0,34338.0,34259.0,34734.0,34397.0,34971.0,35266.0,35811.0,36441.0,37511.0,37751.0,38224.0,37415.0,36483.0,35761.0,35137.0,34730.0,34394.0,33084.0,32150.0,31739.0,31631.0,30275.0,29781.0,30114.0,30255.0,30100.0,30646.0,30387.0,31079.0,31457.0,31004.0,29972.0,29752.0,28960.0,28663.0,28326.0,28065.0,26988.0,26162.0,25848.0,25261.0,26349.0,23828.0,23508.0,24105.0,24908.0,25590.0,25910.0,26519.0,27178.0,27559.0,28022.0,28348.0,29105.0,29639.0,30429.0,30618.0,30317.0,30173.0,29903.0,29490.0,29003.0,28953.0,28703.0,28268.0,27887.0,27626.0,27323.0,26733.0,26265.0,26077.0,25629.0,25480.0,25437.0,25321.0,25503.0,25368.0,25663.0,25950.0,26238.0,26732.0
K,63,30842.0,30994.0,31426.0,31898.0,32995.0,34060.0,34653.0,35206.0,35865.0,36873.0,37265.0,36571.0,37069.0,36906.0,35694.0,36009.0,34570.0,33490.0,32844.0,33552.0,33798.0,34294.0,34203.0,34682.0,34347.0,34917.0,35217.0,35763.0,36389.0,37453.0,37691.0,38160.0,37361.0,36411.0,35697.0,35086.0,34680.0,34348.0,33039.0,32110.0,31691.0,31588.0,30239.0,29731.0,30071.0,30213.0,30062.0,30602.0,30340.0,31033.0,31412.0,30961.0,29926.0,29708.0,28915.0,28622.0,28275.0,28017.0,26938.0,26121.0,25808.0,25224.0,26319.0,23806.0,23473.0,24071.0,24873.0,25554.0,25877.0,26481.0,27145.0,27524.0,27982.0,28314.0,29052.0,29602.0,30383.0,30578.0,30280.0,30132.0,29854.0,29445.0,28961.0,28912.0,28648.0,28219.0,27844.0,27587.0,27280.0,26687.0,26221.0,26044.0,25583.0,25454.0,25410.0,25290.0,25457.0,25338.0,25636.0,25905.0,26210.0
K,64,30683.0,30804.0,30939.0,31367.0,31844.0,32927.0,34006.0,34603.0,35149.0,35804.0,36810.0,37192.0,36506.0,36998.0,36861.0,35639.0,35932.0,34512.0,33437.0,32785.0,33501.0,33744.0,34246.0,34139.0,34629.0,34278.0,34867.0,35164.0,35704.0,36332.0,37378.0,37623.0,38100.0,37299.0,36360.0,35643.0,35036.0,34626.0,34289.0,32988.0,32064.0,31631.0,31540.0,30188.0,29682.0,30015.0,30152.0,30019.0,30545.0,30283.0,30985.0,31365.0,30902.0,29870.0,29666.0,28856.0,28576.0,28228.0,27967.0,26886.0,26083.0,25767.0,25176.0,26281.0,23763.0,23429.0,24038.0,24835.0,25516.0,25846.0,26439.0,27096.0,27467.0,27926.0,28271.0,28998.0,29547.0,30327.0,30533.0,30218.0,30075.0,29801.0,29405.0,28912.0,28872.0,28605.0,28171.0,27798.0,27538.0,27235.0,26642.0,26175.0,26013.0,25545.0,25420.0,25372.0,25243.0,25423.0,25292.0,25607.0,25866.0
K,65,29874.0,30631.0,30741.0,30883.0,31315.0,31785.0,32859.0,33945.0,34532.0,35085.0,35736.0,36746.0,37123.0,36427.0,36939.0,36776.0,35584.0,35855.0,34442.0,33376.0,32724.0,33426.0,33675.0,34192.0,34088.0,34553.0,34218.0,34805.0,35087.0,35637.0,36264.0,37312.0,37565.0,38013.0,37232.0,36302.0,35558.0,34960.0,34552.0,34226.0,32928.0,32004.0,31574.0,31481.0,30140.0,29619.0,29967.0,30097.0,29968.0,30479.0,30227.0,30935.0,31311.0,30843.0,29814.0,29611.0,28799.0,28517.0,28174.0,27922.0,26836.0,26047.0,25723.0,25118.0,26229.0,23725.0,23383.0,23989.0,24788.0,25451.0,25808.0,26396.0,27045.0,27399.0,27874.0,28212.0,28953.0,29491.0,30276.0,30484.0,30152.0,30015.0,29752.0,29346.0,28862.0,28821.0,28550.0,28129.0,27747.0,27483.0,27188.0,26585.0,26124.0,25969.0,25490.0,25379.0,25323.0,25191.0,25380.0,25241.0,25551.0
K,66,30085.0,29819.0,30566.0,30670.0,30816.0,31234.0,31703.0,32773.0,33883.0,34436.0,35010.0,35669.0,36668.0,37034.0,36354.0,36849.0,36701.0,35510.0,35771.0,34366.0,33293.0,32655.0,33360.0,33586.0,34122.0,34006.0,34471.0,34142.0,34724.0,35005.0,35564.0,36188.0,37237.0,37482.0,37932.0,37141.0,36213.0,35472.0,34890.0,34472.0,34152.0,32843.0,31940.0,31494.0,31414.0,30067.0,29552.0,29901.0,30021.0,29893.0,30405.0,30163.0,30855.0,31252.0,30755.0,29748.0,29542.0,28723.0,28462.0,28123.0,27861.0,26779.0,25992.0,25666.0,25069.0,26174.0,23674.0,23335.0,23927.0,24747.0,25398.0,25748.0,26342.0,26996.0,27325.0,27810.0,28153.0,28893.0,29420.0,30191.0,30415.0,30090.0,29962.0,29685.0,29287.0,28797.0,28749.0,28472.0,28077.0,27688.0,27431.0,27134.0,26536.0,26066.0,25916.0,25431.0,25323.0,25282.0,25148.0,25317.0,25182.0
K,67,29117.0,30013.0,29754.0,30486.0,30596.0,30734.0,31155.0,31650.0,32694.0,33817.0,34341.0,34898.0,35586.0,36575.0,36927.0,36258.0,36747.0,36600.0,35422.0,35685.0,34291.0,33211.0,32573.0,33283.0,33484.0,34037.0,33913.0,34366.0,34059.0,34639.0,34908.0,35475.0,36098.0,37148.0,37394.0,37837.0,37044.0,36121.0,35391.0,34809.0,34372.0,34065.0,32757.0,31846.0,31416.0,31336.0,30003.0,29478.0,29832.0,29928.0,29818.0,30335.0,30086.0,30778.0,31178.0,30678.0,29685.0,29462.0,28659.0,28385.0,28057.0,27801.0,26719.0,25926.0,25609.0,25001.0,26102.0,23621.0,23281.0,23875.0,24689.0,25320.0,25663.0,26283.0,26930.0,27255.0,27733.0,28099.0,28829.0,29347.0,30123.0,30343.0,30014.0,29902.0,29625.0,29210.0,28737.0,28687.0,28423.0,28022.0,27620.0,27364.0,27073.0,26462.0,25996.0,25851.0,25371.0,25262.0,25209.0,25097.0,25252.0
K,68,28485.0,29017.0,29927.0,29673.0,30391.0,30517.0,30650.0,31065.0,31545.0,32620.0,33722.0,34246.0,34787.0,35475.0,36452.0,36826.0,36159.0,36640.0,36513.0,35312.0,35569.0,34181.0,33110.0,32482.0,33191.0,33399.0,33933.0,33815.0,34269.0,33946.0,34542.0,34816.0,35364.0,36002.0,37043.0,37269.0,37730.0,36939.0,36009.0,35284.0,34712.0,34284.0,33963.0,32652.0,31774.0,31324.0,31239.0,29917.0,29415.0,29753.0,29854.0,29742.0,30244.0,30001.0,30705.0,31077.0,30592.0,29587.0,29379.0,28600.0,28302.0,27994.0,27721.0,26657.0,25852.0,25544.0,24941.0,26027.0,23562.0,23214.0,23815.0,24620.0,25243.0,25578.0,26217.0,26843.0,27181.0,27660.0,28014.0,28745.0,29273.0,30039.0,30265.0,29921.0,29820.0,29545.0,29136.0,28655.0,28593.0,28333.0,27928.0,27539.0,27275.0,26989.0,26395.0,25921.0,25773.0,25311.0,25203.0,25134.0,25017.0
K,69,27981.0,28372.0,28920.0,29819.0,29566.0,30286.0,30432.0,30539.0,30963.0,31449.0,32512.0,33621.0,34135.0,34676.0,35363.0,36336.0,36697.0,36059.0,36517.0,36389.0,35186.0,35466.0,34088.0,32997.0,32369.0,33099.0,33277.0,33808.0,33707.0,34149.0,33840.0,34430.0,34715.0,35231.0,35880.0,36924.0,37161.0,37587.0,36828.0,35879.0,35180.0,34576.0,34169.0,33851.0,32543.0,31661.0,31226.0,31142.0,29811.0,29329.0,29663.0,29768.0,29624.0,30157.0,29897.0,30602.0,30976.0,30485.0,29477.0,29278.0,28506.0,28206.0,27914.0,27640.0,26570.0,25771.0,25463.0,24856.0,25934.0,23481.0,23142.0,23735.0,24536.0,25168.0,25503.0,26129.0,26768.0,27106.0,27573.0,27924.0,28664.0,29188.0,29953.0,30158.0,29815.0,29727.0,29452.0,29046.0,28566.0,28484.0,28238.0,27839.0,27443.0,27212.0,26897.0,26295.0,25832.0,25684.0,25231.0,25126.0,25059.0
K,70,27198.0,27877.0,28284.0,28812.0,29715.0,29476.0,30147.0,30328.0,30442.0,30851.0,31337.0,32386.0,33497.0,33999.0,34552.0,35217.0,36205.0,36571.0,35922.0,36389.0,36250.0,35061.0,35340.0,33955.0,32891.0,32262.0,32983.0,33136.0,33685.0,33594.0,34021.0,33716.0,34302.0,34581.0,35079.0,35748.0,36776.0,37007.0,37450.0,36675.0,35749.0,35055.0,34443.0,34040.0,33739.0,32428.0,31538.0,31113.0,31017.0,29722.0,29208.0,29560.0,29661.0,29520.0,30048.0,29776.0,30508.0,30863.0,30360.0,29372.0,29167.0,28388.0,28095.0,27816.0,27539.0,26476.0,25693.0,25373.0,24773.0,25849.0,23399.0,23059.0,23660.0,24444.0,25083.0,25412.0,26039.0,26678.0,27000.0,27453.0,27823.0,28557.0,29079.0,29839.0,30053.0,29699.0,29615.0,29358.0,28945.0,28466.0,28390.0,28128.0,27741.0,27343.0,27130.0,26796.0,26184.0,25743.0,25596.0,25136.0,25027.0
K,71,25526.0,27075.0,27763.0,28174.0,28677.0,29596.0,29337.0,30030.0,30203.0,30324.0,30715.0,31199.0,32221.0,33361.0,33856.0,34433.0,35058.0,36055.0,36416.0,35744.0,36216.0,36106.0,34923.0,35184.0,33810.0,32762.0,32134.0,32847.0,33003.0,33543.0,33440.0,33889.0,33570.0,34144.0,34433.0,34919.0,35599.0,36624.0,36857.0,37309.0,36521.0,35573.0,34915.0,34312.0,33896.0,33619.0,32309.0,31396.0,30972.0,30880.0,29605.0,29084.0,29418.0,29540.0,29380.0,29932.0,29610.0,30374.0,30737.0,30229.0,29245.0,29050.0,28250.0,27979.0,27712.0,27425.0,26377.0,25603.0,25264.0,24667.0,25734.0,23309.0,22968.0,23569.0,24340.0,24980.0,25305.0,25936.0,26562.0,26879.0,27354.0,27705.0,28460.0,28949.0,29703.0,29930.0,29574.0,29480.0,29245.0,28826.0,28330.0,28281.0,28024.0,27626.0,27217.0,27022.0,26678.0,26081.0,25638.0,25492.0,25038.0
K,72,25882.0,25389.0,26954.0,27648.0,28030.0,28544.0,29445.0,29189.0,29899.0,30056.0,30163.0,30560.0,31069.0,32083.0,33213.0,33692.0,34282.0,34906.0,35898.0,36231.0,35575.0,36061.0,35949.0,34754.0,35037.0,33651.0,32591.0,31983.0,32690.0,32855.0,33387.0,33296.0,33736.0,33437.0,34007.0,34258.0,34755.0,35423.0,36470.0,36692.0,37152.0,36366.0,35416.0,34757.0,34156.0,33734.0,33436.0,32160.0,31244.0,30813.0,30739.0,29465.0,28939.0,29286.0,29405.0,29217.0,29807.0,29462.0,30212.0,30591.0,30095.0,29111.0,28915.0,28112.0,27849.0,27568.0,27283.0,26250.0,25500.0,25128.0,24541.0,25624.0,23197.0,22846.0,23467.0,24234.0,24864.0,25204.0,25806.0,26411.0,26757.0,27236.0,27565.0,28324.0,28791.0,29569.0,29789.0,29425.0,29345.0,29102.0,28690.0,28209.0,28153.0,27864.0,27489.0,27090.0,26885.0,26560.0,25975.0,25528.0,25356.0
K,73,25567.0,25727.0,25267.0,26813.0,27493.0,27888.0,28403.0,29285.0,29050.0,29739.0,29905.0,30019.0,30389.0,30877.0,31917.0,33048.0,33514.0,34086.0,34694.0,35725.0,36036.0,35402.0,35885.0,35750.0,34587.0,34847.0,33482.0,32426.0,31817.0,32492.0,32688.0,33175.0,33126.0,33546.0,33257.0,33818.0,34060.0,34568.0,35217.0,36258.0,36501.0,36965.0,36181.0,35210.0,34581.0,33964.0,33565.0,33258.0,31982.0,31084.0,30653.0,30586.0,29318.0,28758.0,29154.0,29234.0,29075.0,29629.0,29330.0,30035.0,30412.0,29932.0,28953.0,28743.0,27987.0,27721.0,27415.0,27122.0,26112.0,25377.0,24998.0,24393.0,25480.0,23080.0,22737.0,23362.0,24106.0,24723.0,25068.0,25653.0,26266.0,26626.0,27089.0,27438.0,28147.0,28634.0,29415.0,29646.0,29253.0,29174.0,28958.0,28545.0,28028.0,27991.0,27730.0,27314.0,26938.0,26742.0,26394.0,25840.0,25397.0
K,74,25427.0,25417.0,25572.0,25111.0,26650.0,27326.0,27712.0,28244.0,29110.0,28880.0,29561.0,29737.0,29850.0,30224.0,30680.0,31689.0,32843.0,33310.0,33880.0,34496.0,35509.0,35818.0,35168.0,35655.0,35511.0,34385.0,34641.0,33268.0,32235.0,31649.0,32307.0,32468.0,32983.0,32924.0,33337.0,33048.0,33621.0,33861.0,34361.0,34997.0,36055.0,36280.0,36743.0,35952.0,34993.0,34373.0,33757.0,33362.0,33045.0,31791.0,30862.0,30462.0,30386.0,29159.0,28599.0,28944.0,29031.0,28905.0,29465.0,29133.0,29836.0,30244.0,29739.0,28747.0,28568.0,27831.0,27547.0,27240.0,26945.0,25944.0,25216.0,24854.0,24242.0,25329.0,22933.0,22593.0,23205.0,23974.0,24575.0,24907.0,25497.0,26106.0,26479.0,26911.0,27276.0,27998.0,28455.0,29245.0,29461.0,29079.0,28998.0,28777.0,28403.0,27858.0,27812.0,27544.0,27145.0,26775.0,26576.0,26229.0,25684.0
K,75,25805.0,25213.0,25248.0,25402.0,24929.0,26454.0,27142.0,27521.0,28044.0,28921.0,28654.0,29349.0,29526.0,29634.0,30007.0,30472.0,31477.0,32624.0,33098.0,33661.0,34251.0,35266.0,35534.0,34923.0,35409.0,35243.0,34140.0,34394.0,33038.0,32008.0,31409.0,32067.0,32234.0,32784.0,32706.0,33112.0,32821.0,33377.0,33622.0,34122.0,34749.0,35816.0,36040.0,36476.0,35676.0,34758.0,34112.0,33524.0,33139.0,32828.0,31574.0,30636.0,30243.0,30168.0,28955.0,28404.0,28731.0,28809.0,28697.0,29233.0,28940.0,29618.0,30024.0,29522.0,28558.0,28362.0,27620.0,27346.0,27055.0,26779.0,25768.0,25051.0,24692.0,24066.0,25158.0,22763.0,22442.0,23041.0,23807.0,24390.0,24736.0,25319.0,25926.0,26275.0,26711.0,27099.0,27805.0,28261.0,29051.0,29252.0,28881.0,28790.0,28580.0,28212.0,27647.0,27639.0,27363.0,26946.0,26574.0,26395.0,26046.0
K,76,26208.0,25582.0,24999.0,25026.0,25188.0,24733.0,26257.0,26922.0,27315.0,27815.0,28691.0,28443.0,29092.0,29282.0,29365.0,29787.0,30239.0,31231.0,32355.0,32808.0,33413.0,33998.0,34964.0,35250.0,34647.0,35129.0,34947.0,33859.0,34123.0,32746.0,31765.0,31168.0,31798.0,31969.0,32519.0,32433.0,32848.0,32537.0,33120.0,33330.0,33856.0,34461.0,35541.0,35761.0,36135.0,35417.0,34499.0,33830.0,33241.0,32895.0,32597.0,31328.0,30397.0,30010.0,29933.0,28726.0,28192.0,28511.0,28567.0,28510.0,28998.0,28699.0,29397.0,29795.0,29277.0,28302.0,28164.0,27390.0,27130.0,26855.0,26559.0,25570.0,24857.0,24514.0,23885.0,24935.0,22577.0,22254.0,22829.0,23622.0,24211.0,24543.0,25129.0,25708.0,26063.0,26485.0,26884.0,27585.0,28049.0,28826.0,29041.0,28667.0,28550.0,28342.0,27962.0,27407.0,27398.0,27143.0,26749.0,26355.0,26182.0
K,77,23006.0,25964.0,25382.0,24782.0,24818.0,24954.0,24489.0,26009.0,26662.0,27076.0,27552.0,28423.0,28195.0,28809.0,29049.0,29106.0,29521.0,29938.0,30981.0,32058.0,32500.0,33069.0,33675.0,34658.0,34936.0,34351.0,34804.0,34609.0,33556.0,33834.0,32443.0,31477.0,30879.0,31510.0,31653.0,32189.0,32160.0,32544.0,32219.0,32842.0,33021.0,33548.0,34176.0,35205.0,35426.0,35813.0,35124.0,34200.0,33539.0,32935.0,32609.0,32318.0,31042.0,30102.0,29736.0,29675.0,28488.0,27958.0,28245.0,28304.0,28241.0,28719.0,28458.0,29125.0,29553.0,29043.0,28052.0,27918.0,27158.0,26872.0,26595.0,26323.0,25313.0,24621.0,24295.0,23636.0,24706.0,22345.0,22031.0,22622.0,23405.0,23978.0,24326.0,24924.0,25469.0,25809.0,26225.0,26633.0,27332.0,27795.0,28564.0,28780.0,28405.0,28268.0,28093.0,27714.0,27148.0,27143.0,26888.0,26512.0,26102.0
K,78,21550.0,22784.0,25678.0,25114.0,24519.0,24524.0,24668.0,24232.0,25720.0,26392.0,26767.0,27260.0,28127.0,27876.0,28503.0,28753.0,28797.0,29231.0,29611.0,30629.0,31727.0,32170.0,32706.0,33305.0,34321.0,34574.0,34025.0,34433.0,34261.0,33182.0,33482.0,32100.0,31137.0,30555.0,31182.0,31341.0,31820.0,31831.0,32245.0,31895.0,32500.0,32679.0,33195.0,33817.0,34866.0,35065.0,35421.0,34740.0,33808.0,33214.0,32592.0,32277.0,31985.0,30742.0,29760.0,29419.0,29375.0,28186.0,27633.0,27941.0,28002.0,27957.0,28424.0,28145.0,28813.0,29230.0,28765.0,27748.0,27631.0,26874.0,26602.0,26334.0,26028.0,25043.0,24370.0,24057.0,23416.0,24438.0,22112.0,21822.0,22384.0,23149.0,23712.0,24070.0,24673.0,25206.0,25555.0,25935.0,26353.0,27046.0,27521.0,28246.0,28488.0,28126.0,27967.0,27787.0,27426.0,26846.0,26862.0,26606.0,26245.0
K,79,18625.0,21317.0,22494.0,25337.0,24826.0,24222.0,24236.0,24441.0,23950.0,25410.0,26051.0,26439.0,26942.0,27793.0,27559.0,28168.0,28428.0,28458.0,28883.0,29232.0,30288.0,31369.0,31783.0,32318.0,32934.0,33916.0,34188.0,33615.0,33989.0,33869.0,32757.0,33115.0,31685.0,30759.0,30175.0,30810.0,30966.0,31431.0,31449.0,31854.0,31509.0,32124.0,32267.0,32809.0,33422.0,34439.0,34658.0,34983.0,34305.0,33436.0,32805.0,32215.0,31911.0,31592.0,30345.0,29403.0,29060.0,29031.0,27842.0,27271.0,27621.0,27665.0,27639.0,28111.0,27835.0,28436.0,28894.0,28405.0,27415.0,27300.0,26562.0,26250.0,26020.0,25739.0,24763.0,24095.0,23770.0,23136.0,24165.0,21820.0,21596.0,22164.0,22853.0,23445.0,23769.0,24375.0,24908.0,25252.0,25638.0,26042.0,26744.0,27194.0,27895.0,28124.0,27781.0,27628.0,27449.0,27101.0,26496.0,26555.0,26299.0
K,80,16927.0,18379.0,21043.0,22178.0,24993.0,24492.0,23912.0,23904.0,24131.0,23600.0,25086.0,25722.0,26101.0,26572.0,27431.0,27184.0,27787.0,28016.0,28079.0,28518.0,28849.0,29894.0,30948.0,31367.0,31868.0,32464.0,33473.0,33739.0,33174.0,33507.0,33464.0,32320.0,32642.0,31273.0,30363.0,29735.0,30394.0,30547.0,31020.0,31028.0,31383.0,31080.0,31696.0,31834.0,32424.0,32944.0,33919.0,34164.0,34505.0,33823.0,33014.0,32394.0,31761.0,31491.0,31143.0,29965.0,29005.0,28676.0,28654.0,27468.0,26926.0,27223.0,27298.0,27289.0,27742.0,27445.0,28041.0,28492.0,28023.0,27070.0,26963.0,26195.0,25899.0,25632.0,25357.0,24399.0,23792.0,23452.0,22827.0,23842.0,21529.0,21310.0,21868.0,22554.0,23100.0,23474.0,24044.0,24585.0,24927.0,25338.0,25724.0,26384.0,26854.0,27522.0,27748.0,27421.0,27291.0,27080.0,26721.0,26145.0,26221.0
K,81,14386.0,16685.0,18081.0,20705.0,21828.0,24630.0,24062.0,23496.0,23523.0,23764.0,23248.0,24714.0,25319.0,25707.0,26171.0,27045.0,26761.0,27380.0,27582.0,27677.0,28076.0,28408.0,29431.0,30446.0,30860.0,31353.0,31932.0,32920.0,33225.0,32656.0,32991.0,32948.0,31862.0,32143.0,30750.0,29857.0,29269.0,29930.0,30109.0,30528.0,30583.0,30906.0,30634.0,31189.0,31344.0,31940.0,32462.0,33429.0,33612.0,33967.0,33294.0,32531.0,31890.0,31281.0,31004.0,30672.0,29532.0,28564.0,28256.0,28246.0,27031.0,26528.0,26800.0,26871.0,26870.0,27322.0,27060.0,27625.0,28032.0,27604.0,26675.0,26570.0,25801.0,25512.0,25226.0,24969.0,24021.0,23428.0,23090.0,22502.0,23467.0,21171.0,21000.0,21539.0,22245.0,22740.0,23131.0,23692.0,24231.0,24531.0,24956.0,25331.0,25977.0,26440.0,27119.0,27338.0,27021.0,26874.0,26653.0,26299.0,25749.0
K,82,14292.0,14112.0,16394.0,17726.0,20350.0,21429.0,24183.0,23652.0,23076.0,23095.0,23353.0,22862.0,24297.0,24877.0,25224.0,25728.0,26584.0,26282.0,26835.0,27082.0,27223.0,27603.0,27906.0,28891.0,29951.0,30313.0,30793.0,31355.0,32345.0,32641.0,32060.0,32442.0,32373.0,31327.0,31580.0,30219.0,29349.0,28749.0,29407.0,29583.0,30007.0,30072.0,30381.0,30067.0,30599.0,30755.0,31408.0,31870.0,32854.0,33062.0,33379.0,32692.0,31976.0,31325.0,30734.0,30471.0,30110.0,29025.0,28066.0,27768.0,27750.0,26501.0,26037.0,26353.0,26396.0,26367.0,26848.0,26605.0,27134.0,27532.0,27092.0,26168.0,26123.0,25381.0,25086.0,24752.0,24505.0,23549.0,23023.0,22671.0,22125.0,23054.0,20801.0,20644.0,21171.0,21851.0,22328.0,22758.0,23257.0,23823.0,24072.0,24504.0,24908.0,25511.0,26021.0,26655.0,26879.0,26557.0,26407.0,26212.0,25859.0
K,83,13203.0,14008.0,13835.0,16073.0,17404.0,19959.0,21030.0,23722.0,23171.0,22621.0,22656.0,22909.0,22423.0,23800.0,24386.0,24703.0,25201.0,26050.0,25771.0,26320.0,26559.0,26665.0,27081.0,27397.0,28296.0,29369.0,29715.0,30211.0,30716.0,31721.0,31989.0,31457.0,31809.0,31675.0,30730.0,30977.0,29572.0,28710.0,28165.0,28812.0,28961.0,29410.0,29484.0,29781.0,29498.0,30007.0,30194.0,30798.0,31260.0,32176.0,32448.0,32695.0,32025.0,31305.0,30711.0,30168.0,29864.0,29468.0,28439.0,27515.0,27212.0,27205.0,25970.0,25516.0,25830.0,25869.0,25824.0,26297.0,26081.0,26611.0,26954.0,26551.0,25643.0,25604.0,24912.0,24587.0,24264.0,24022.0,23107.0,22533.0,22204.0,21681.0,22586.0,20389.0,20254.0,20766.0,21454.0,21907.0,22318.0,22769.0,23380.0,23594.0,24032.0,24404.0,24996.0,25516.0,26145.0,26362.0,26034.0,25916.0,25676.0
K,84,12100.0,12881.0,13671.0,13488.0,15734.0,17023.0,19525.0,20515.0,23159.0,22676.0,22075.0,22164.0,22384.0,21931.0,23272.0,23840.0,24146.0,24629.0,25446.0,25187.0,25711.0,25952.0,26036.0,26454.0,26795.0,27692.0,28762.0,29077.0,29540.0,30016.0,31012.0,31240.0,30762.0,31140.0,30942.0,30037.0,30309.0,28872.0,28101.0,27524.0,28136.0,28305.0,28725.0,28850.0,29103.0,28840.0,29332.0,29482.0,30122.0,30547.0,31460.0,31751.0,31911.0,31309.0,30590.0,30030.0,29482.0,29149.0,28795.0,27783.0,26911.0,26562.0,26612.0,25347.0,24966.0,25253.0,25263.0,25222.0,25690.0,25528.0,26010.0,26345.0,25943.0,25049.0,25015.0,24326.0,23983.0,23748.0,23495.0,22585.0,22073.0,21692.0,21204.0,22081.0,19945.0,19795.0,20323.0,20962.0,21398.0,21788.0,22256.0,22886.0,23041.0,23482.0,23901.0,24411.0,24944.0,25540.0,25739.0,25435.0,25335.0
K,85,10731.0,11778.0,12556.0,13310.0,13126.0,15317.0,16588.0,19014.0,19933.0,22581.0,22093.0,21528.0,21569.0,21810.0,21351.0,22667.0,23240.0,23522.0,23946.0,24802.0,24502.0,25054.0,25296.0,25391.0,25741.0,26119.0,26963.0,28025.0,28316.0,28791.0,29225.0,30272.0,30423.0,30003.0,30329.0,30149.0,29266.0,29543.0,28146.0,27397.0,26814.0,27394.0,27584.0,27948.0,28081.0,28325.0,28089.0,28579.0,28701.0,29388.0,29721.0,30659.0,30977.0,31041.0,30517.0,29774.0,29270.0,28635.0,28400.0,28079.0,27090.0,26234.0,25860.0,25925.0,24681.0,24282.0,24601.0,24590.0,24552.0,25021.0,24878.0,25320.0,25663.0,25212.0,24369.0,24367.0,23720.0,23364.0,23122.0,22849.0,21997.0,21521.0,21139.0,20693.0,21526.0,19423.0,19281.0,19770.0,20448.0,20879.0,21245.0,21683.0,22277.0,22453.0,22876.0,23280.0,23781.0,24319.0,24865.0,25062.0,24795.0
K,86,9731.0,10388.0,11440.0,12198.0,12943.0,12716.0,14893.0,16110.0,18469.0,19319.0,21900.0,21467.0,20887.0,20905.0,21138.0,20712.0,21996.0,22569.0,22845.0,23254.0,24055.0,23796.0,24314.0,24554.0,24655.0,24948.0,25375.0,26225.0,27241.0,27473.0,27913.0,28346.0,29390.0,29491.0,29112.0,29471.0,29254.0,28427.0,28703.0,27351.0,26630.0,25970.0,26585.0,26797.0,27148.0,27266.0,27535.0,27255.0,27724.0,27849.0,28499.0,28804.0,29759.0,30111.0,30081.0,29644.0,28890.0,28398.0,27798.0,27534.0,27267.0,26287.0,25456.0,25116.0,25172.0,23985.0,23616.0,23892.0,23841.0,23831.0,24262.0,24095.0,24527.0,24970.0,24415.0,23629.0,23681.0,22990.0,22676.0,22519.0,22147.0,21339.0,20910.0,20539.0,20086.0,20861.0,18882.0,18739.0,19191.0,19875.0,20275.0,20634.0,21036.0,21615.0,21834.0,22168.0,22562.0,23068.0,23573.0,24133.0,24355.0
K,87,8566.0,9412.0,9995.0,11056.0,11782.0,12522.0,12270.0,14364.0,15598.0,17884.0,18675.0,21182.0,20713.0,20176.0,20200.0,20419.0,20025.0,21243.0,21813.0,22101.0,22469.0,23290.0,23011.0,23522.0,23724.0,23846.0,24049.0,24471.0,25316.0,26304.0,26568.0,27052.0,27395.0,28440.0,28514.0,28106.0,28472.0,28253.0,27497.0,27764.0,26452.0,25780.0,25079.0,25704.0,25847.0,26247.0,26380.0,26582.0,26383.0,26764.0,26919.0,27548.0,27834.0,28782.0,29054.0,29035.0,28659.0,27891.0,27447.0,26858.0,26615.0,26364.0,25437.0,24626.0,24321.0,24287.0,23238.0,22771.0,23123.0,22982.0,23042.0,23457.0,23253.0,23722.0,24143.0,23585.0,22833.0,22870.0,22188.0,21972.0,21743.0,21377.0,20610.0,20212.0,19831.0,19430.0,20144.0,18281.0,18070.0,18546.0,19169.0,19582.0,19960.0,20314.0,20921.0,21132.0,21420.0,21821.0,22324.0,22742.0,23340.0
K,88,7676.0,8210.0,9051.0,9607.0,10639.0,11340.0,12051.0,11808.0,13799.0,14992.0,17216.0,17883.0,20394.0,19933.0,19439.0,19457.0,19669.0,19262.0,20448.0,21034.0,21229.0,21554.0,22353.0,22135.0,22602.0,22815.0,22930.0,23150.0,23564.0,24327.0,25288.0,25506.0,26023.0,26346.0,27373.0,27448.0,27022.0,27358.0,27202.0,26507.0,26688.0,25427.0,24771.0,24102.0,24678.0,24867.0,25224.0,25341.0,25586.0,25364.0,25749.0,25868.0,26451.0,26785.0,27706.0,27967.0,27954.0,27532.0,26825.0,26384.0,25836.0,25594.0,25345.0,24492.0,23671.0,23393.0,23355.0,22334.0,21916.0,22263.0,22058.0,22188.0,22561.0,22330.0,22849.0,23252.0,22676.0,21954.0,21986.0,21369.0,21192.0,20881.0,20662.0,19790.0,19468.0,19099.0,18657.0,19397.0,17592.0,17320.0,17805.0,18438.0,18841.0,19224.0,19573.0,20121.0,20295.0,20600.0,20997.0,21453.0,21885.0
K,89,6899.0,7330.0,7859.0,8684.0,9197.0,10194.0,10808.0,11562.0,11305.0,13194.0,14332.0,16504.0,17114.0,19449.0,19061.0,18542.0,18631.0,18776.0,18503.0,19541.0,20183.0,20290.0,20586.0,21394.0,21186.0,21590.0,21820.0,21908.0,22069.0,22544.0,23267.0,24183.0,24433.0,24924.0,25217.0,26148.0,26288.0,25831.0,26226.0,26074.0,25380.0,25525.0,24329.0,23695.0,23058.0,23567.0,23800.0,24091.0,24279.0,24485.0,24300.0,24613.0,24722.0,25325.0,25693.0,26516.0,26722.0,26719.0,26339.0,25684.0,25284.0,24712.0,24514.0,24202.0,23430.0,22667.0,22341.0,22329.0,21420.0,20982.0,21322.0,21098.0,21229.0,21609.0,21348.0,21834.0,22246.0,21701.0,20990.0,21026.0,20419.0,20300.0,19930.0,19767.0,18918.0,18612.0,18265.0,17846.0,18566.0,16799.0,16576.0,17041.0,17633.0,18033.0,18439.0,18724.0,19283.0,19426.0,19702.0,20065.0,20535.0
K,90,6430.0,6099.0,6406.0,6877.0,7611.0,8054.0,8966.0,9508.0,10213.0,9962.0,11582.0,12661.0,14501.0,15057.0,17188.0,16769.0,16269.0,16316.0,16573.0,16256.0,17251.0,17806.0,17875.0,18117.0,18840.0,18631.0,18991.0,19138.0,19269.0,19461.0,19883.0,20488.0,21313.0,21561.0,22051.0,22194.0,22995.0,23150.0,22794.0,23088.0,23000.0,22269.0,22438.0,21346.0,20808.0,20282.0,20698.0,21047.0,21123.0,21335.0,21614.0,21414.0,21723.0,21770.0,22234.0,22623.0,23384.0,23528.0,23541.0,23150.0,22635.0,22233.0,21761.0,21545.0,21302.0,20564.0,20025.0,19603.0,19592.0,18918.0,18497.0,18705.0,18602.0,18657.0,18925.0,18847.0,19204.0,19548.0,19148.0,18491.0,18505.0,18016.0,17910.0,17573.0,17370.0,16675.0,16381.0,16053.0,15665.0,16347.0,14723.0,14561.0,14952.0,15568.0,15870.0,16215.0,16431.0,16963.0,17023.0,17333.0,17658.0
K,91,5648.0,5464.0,5139.0,5415.0,5793.0,6365.0,6812.0,7607.0,8056.0,8591.0,8377.0,9812.0,10691.0,12250.0,12708.0,14523.0,14166.0,13703.0,13787.0,13960.0,13725.0,14593.0,15083.0,15079.0,15320.0,15876.0,15777.0,16016.0,16184.0,16335.0,16438.0,16804.0,17294.0,17969.0,18197.0,18527.0,18827.0,19550.0,19526.0,19274.0,19579.0,19351.0,18977.0,19122.0,18045.0,17624.0,17154.0,17463.0,17827.0,17866.0,18026.0,18219.0,18086.0,18275.0,18557.0,18797.0,19145.0,19707.0,19824.0,19963.0,19524.0,19119.0,18819.0,18416.0,18322.0,18000.0,17371.0,16916.0,16493.0,16509.0,15997.0,15711.0,15759.0,15685.0,15796.0,16010.0,15878.0,16224.0,16488.0,16227.0,15664.0,15560.0,15296.0,15114.0,14933.0,14649.0,14013.0,13731.0,13567.0,13233.0,13859.0,12400.0,12343.0,12635.0,13133.0,13484.0,13638.0,13880.0,14280.0,14440.0,14649.0
K,92,4751.0,4522.0,4465.0,4176.0,4391.0,4719.0,5206.0,5548.0,6134.0,6546.0,6951.0,6736.0,8003.0,8606.0,9913.0,10327.0,11785.0,11488.0,11074.0,11144.0,11314.0,11159.0,11812.0,12242.0,12141.0,12385.0,12960.0,12813.0,13027.0,13081.0,13217.0,13354.0,13547.0,14011.0,14543.0,14716.0,15079.0,15312.0,15825.0,15832.0,15580.0,15918.0,15757.0,15315.0,15500.0,14619.0,14287.0,13963.0,14048.0,14445.0,14443.0,14692.0,14799.0,14648.0,14831.0,15098.0,15222.0,15510.0,15989.0,15960.0,16086.0,15760.0,15560.0,15204.0,14931.0,14895.0,14611.0,14022.0,13662.0,13301.0,13367.0,12953.0,12725.0,12789.0,12645.0,12747.0,12909.0,12814.0,13129.0,13385.0,13122.0,12711.0,12691.0,12439.0,12177.0,12032.0,11910.0,11388.0,11113.0,10920.0,10690.0,11186.0,10036.0,9940.0,10250.0,10661.0,10976.0,11054.0,11228.0,11576.0,11718.0
K,93,3747.0,3665.0,3505.0,3469.0,3238.0,3461.0,3708.0,4022.0,4318.0,4728.0,5078.0,5435.0,5214.0,6221.0,6650.0,7668.0,7991.0,9143.0,8892.0,8462.0,8631.0,8794.0,8653.0,9165.0,9435.0,9357.0,9562.0,10080.0,9965.0,10093.0,10238.0,10198.0,10326.0,10600.0,10754.0,11245.0,11552.0,11629.0,11838.0,12269.0,12311.0,12053.0,12413.0,12350.0,11770.0,11969.0,11379.0,11034.0,10861.0,10778.0,11249.0,11198.0,11430.0,11492.0,11364.0,11534.0,11726.0,11786.0,12013.0,12390.0,12399.0,12452.0,12202.0,12125.0,11760.0,11537.0,11621.0,11390.0,10881.0,10593.0,10274.0,10414.0,10134.0,9774.0,9914.0,9799.0,9853.0,10048.0,9886.0,10178.0,10416.0,10166.0,9845.0,9864.0,9679.0,9423.0,9269.0,9261.0,8762.0,8634.0,8432.0,8347.0,8604.0,7797.0,7683.0,8011.0,8285.0,8508.0,8585.0,8739.0,8995.0
K,94,3013.0,2748.0,2771.0,2602.0,2590.0,2427.0,2584.0,2729.0,2975.0,3233.0,3449.0,3736.0,4045.0,3906.0,4582.0,4895.0,5641.0,5865.0,6801.0,6604.0,6307.0,6422.0,6575.0,6406.0,6788.0,7017.0,6896.0,7106.0,7479.0,7367.0,7521.0,7640.0,7649.0,7677.0,7857.0,7931.0,8417.0,8463.0,8647.0,8722.0,9049.0,9045.0,8952.0,9099.0,9036.0,8635.0,8852.0,8451.0,8153.0,8006.0,8030.0,8358.0,8216.0,8398.0,8522.0,8383.0,8535.0,8653.0,8750.0,8856.0,9134.0,9245.0,9239.0,9045.0,9043.0,8702.0,8568.0,8537.0,8357.0,8127.0,7925.0,7625.0,7679.0,7594.0,7345.0,7343.0,7237.0,7283.0,7455.0,7348.0,7586.0,7708.0,7527.0,7272.0,7241.0,7190.0,7001.0,6800.0,6873.0,6486.0,6364.0,6174.0,6196.0,6406.0,5755.0,5695.0,5908.0,6111.0,6260.0,6371.0,6484.0
K,95,2297.0,2116.0,1939.0,1961.0,1816.0,1825.0,1725.0,1798.0,1893.0,2100.0,2329.0,2404.0,2638.0,2826.0,2719.0,3222.0,3482.0,3929.0,4129.0,4761.0,4649.0,4457.0,4489.0,4592.0,4551.0,4784.0,4946.0,4884.0,5070.0,5303.0,5273.0,5255.0,5378.0,5374.0,5464.0,5477.0,5540.0,5891.0,5944.0,6038.0,6213.0,6411.0,6403.0,6308.0,6405.0,6339.0,6095.0,6271.0,5973.0,5763.0,5614.0,5664.0,5847.0,5844.0,5866.0,5981.0,5951.0,6047.0,6108.0,6088.0,6211.0,6441.0,6564.0,6472.0,6405.0,6378.0,6174.0,5935.0,5992.0,5869.0,5749.0,5553.0,5343.0,5429.0,5387.0,5172.0,5196.0,5037.0,5108.0,5221.0,5170.0,5335.0,5473.0,5218.0,5208.0,5121.0,5015.0,4971.0,4803.0,4869.0,4602.0,4501.0,4331.0,4330.0,4548.0,4049.0,4011.0,4218.0,4340.0,4425.0,4508.0
K,96,1797.0,1573.0,1381.0,1315.0,1284.0,1222.0,1249.0,1200.0,1236.0,1261.0,1369.0,1551.0,1633.0,1765.0,1881.0,1790.0,2137.0,2329.0,2725.0,2813.0,3217.0,3070.0,2900.0,2978.0,3028.0,3069.0,3244.0,3299.0,3290.0,3452.0,3543.0,3585.0,3522.0,3590.0,3640.0,3653.0,3649.0,3689.0,3938.0,3928.0,4026.0,4210.0,4368.0,4319.0,4235.0,4327.0,4248.0,4155.0,4231.0,4006.0,3900.0,3797.0,3746.0,3930.0,3900.0,3881.0,4071.0,3944.0,4042.0,4120.0,4068.0,4111.0,4314.0,4393.0,4323.0,4300.0,4306.0,4122.0,3909.0,4023.0,3911.0,3921.0,3720.0,3589.0,3617.0,3654.0,3433.0,3430.0,3386.0,3465.0,3516.0,3521.0,3542.0,3673.0,3519.0,3533.0,3461.0,3363.0,3335.0,3184.0,3200.0,3081.0,3043.0,2897.0,2947.0,3121.0,2693.0,2664.0,2839.0,2876.0,2952.0
K,97,1313.0,1129.0,1017.0,885.0,822.0,792.0,782.0,814.0,745.0,757.0,790.0,889.0,977.0,1008.0,1123.0,1211.0,1103.0,1342.0,1438.0,1753.0,1761.0,2015.0,1945.0,1895.0,1884.0,1965.0,1995.0,2067.0,2101.0,2089.0,2230.0,2235.0,2291.0,2179.0,2248.0,2297.0,2304.0,2342.0,2351.0,2542.0,2453.0,2521.0,2685.0,2762.0,2702.0,2723.0,2735.0,2752.0,2647.0,2729.0,2525.0,2493.0,2436.0,2412.0,2481.0,2488.0,2460.0,2558.0,2544.0,2545.0,2612.0,2623.0,2586.0,2740.0,2794.0,2753.0,2764.0,2675.0,2581.0,2450.0,2584.0,2488.0,2516.0,2333.0,2297.0,2340.0,2325.0,2183.0,2211.0,2161.0,2176.0,2236.0,2212.0,2215.0,2292.0,2203.0,2270.0,2218.0,2103.0,2187.0,1971.0,2001.0,1989.0,1945.0,1824.0,1862.0,1954.0,1743.0,1663.0,1835.0,1850.0
K,98,991.0,780.0,705.0,613.0,527.0,516.0,478.0,480.0,519.0,457.0,457.0,474.0,538.0,570.0,609.0,660.0,741.0,646.0,797.0,869.0,1085.0,1052.0,1224.0,1176.0,1112.0,1156.0,1164.0,1226.0,1246.0,1235.0,1272.0,1327.0,1394.0,1373.0,1308.0,1309.0,1419.0,1387.0,1400.0,1394.0,1560.0,1519.0,1548.0,1619.0,1637.0,1669.0,1613.0,1624.0,1685.0,1602.0,1657.0,1508.0,1490.0,1493.0,1473.0,1502.0,1503.0,1454.0,1515.0,1561.0,1524.0,1566.0,1544.0,1568.0,1662.0,1666.0,1667.0,1661.0,1575.0,1579.0,1438.0,1567.0,1505.0,1511.0,1376.0,1398.0,1435.0,1367.0,1290.0,1309.0,1328.0,1322.0,1378.0,1353.0,1326.0,1350.0,1362.0,1360.0,1313.0,1276.0,1318.0,1184.0,1179.0,1205.0,1149.0,1074.0,1119.0,1204.0,1089.0,1011.0,1061.0
K,99,597.0,579.0,412.0,406.0,373.0,294.0,289.0,271.0,271.0,287.0,276.0,247.0,265.0,324.0,315.0,343.0,377.0,442.0,359.0,452.0,475.0,618.0,603.0,661.0,670.0,615.0,661.0,656.0,698.0,703.0,684.0,706.0,751.0,772.0,750.0,731.0,705.0,801.0,776.0,815.0,815.0,881.0,838.0,905.0,894.0,931.0,967.0,935.0,938.0,965.0,913.0,944.0,815.0,841.0,861.0,853.0,891.0,859.0,839.0,872.0,890.0,843.0,921.0,835.0,896.0,922.0,894.0,933.0,925.0,868.0,889.0,839.0,888.0,867.0,831.0,787.0,796.0,828.0,736.0,713.0,752.0,740.0,747.0,783.0,756.0,748.0,776.0,781.0,795.0,707.0,728.0,759.0,660.0,676.0,671.0,644.0,610.0,662.0,663.0,638.0,568.0
K,100,423.0,306.0,313.0,218.0,206.0,198.0,144.0,153.0,149.0,143.0,147.0,154.0,134.0,135.0,179.0,173.0,182.0,197.0,246.0,174.0,244.0,254.0,314.0,321.0,344.0,385.0,347.0,368.0,353.0,356.0,369.0,368.0,403.0,389.0,385.0,390.0,401.0,369.0,417.0,412.0,434.0,462.0,448.0,453.0,478.0,455.0,508.0,511.0,489.0,506.0,523.0,490.0,537.0,456.0,447.0,444.0,476.0,470.0,464.0,464.0,480.0,441.0,459.0,495.0,447.0,479.0,477.0,462.0,485.0,481.0,466.0,440.0,468.0,508.0,464.0,462.0,402.0,426.0,446.0,413.0,367.0,396.0,394.0,386.0,416.0,411.0,408.0,405.0,413.0,435.0,363.0,385.0,400.0,351.0,385.0,368.0,338.0,328.0,356.0,344.0,336.0
K,101,256.0,209.0,145.0,160.0,114.0,95.0,95.0,67.0,96.0,74.0,74.0,66.0,76.0,59.0,61.0,89.0,83.0,100.0,94.0,138.0,85.0,134.0,114.0,159.0,160.0,158.0,194.0,174.0,181.0,168.0,164.0,200.0,178.0,195.0,192.0,182.0,189.0,202.0,190.0,208.0,216.0,199.0,229.0,234.0,218.0,245.0,228.0,268.0,271.0,287.0,262.0,269.0,234.0,278.0,210.0,228.0,218.0,236.0,226.0,248.0,247.0,258.0,220.0,231.0,260.0,223.0,246.0,241.0,211.0,251.0,244.0,239.0,225.0,228.0,247.0,226.0,238.0,212.0,209.0,227.0,204.0,172.0,190.0,188.0,177.0,198.0,199.0,203.0,218.0,192.0,229.0,165.0,210.0,197.0,186.0,195.0,179.0,183.0,163.0,176.0,175.0
K,102,164.0,114.0,95.0,64.0,71.0,62.0,39.0,55.0,31.0,35.0,29.0,39.0,37.0,34.0,30.0,31.0,41.0,28.0,42.0,38.0,72.0,44.0,52.0,50.0,67.0,54.0,79.0,90.0,87.0,83.0,66.0,88.0,87.0,77.0,95.0,100.0,92.0,85.0,88.0,87.0,86.0,97.0,89.0,100.0,102.0,96.0,107.0,104.0,114.0,140.0,136.0,123.0,134.0,112.0,133.0,110.0,100.0,93.0,107.0,109.0,113.0,124.0,109.0,97.0,108.0,126.0,101.0,108.0,101.0,93.0,116.0,111.0,108.0,102.0,109.0,109.0,109.0,113.0,100.0,106.0,107.0,87.0,83.0,84.0,83.0,73.0,100.0,84.0,100.0,96.0,89.0,105.0,83.0,111.0,102.0,81.0,94.0,87.0,81.0,78.0,79.0
K,103,82.0,63.0,58.0,33.0,26.0,33.0,25.0,21.0,26.0,17.0,15.0,12.0,14.0,18.0,16.0,13.0,14.0,17.0,13.0,12.0,17.0,31.0,20.0,17.0,25.0,29.0,22.0,35.0,37.0,37.0,37.0,25.0,36.0,44.0,31.0,39.0,33.0,44.0,46.0,34.0,33.0,38.0,40.0,32.0,40.0,37.0,47.0,42.0,40.0,45.0,64.0,57.0,46.0,59.0,39.0,54.0,52.0,44.0,47.0,47.0,47.0,39.0,62.0,44.0,44.0,42.0,61.0,43.0,45.0,42.0,49.0,55.0,49.0,37.0,47.0,49.0,44.0,48.0,50.0,41.0,47.0,46.0,33.0,27.0,47.0,30.0,33.0,39.0,43.0,54.0,39.0,45.0,41.0,36.0,40.0,48.0,35.0,46.0,43.0,40.0,34.0
K,104,39.0,39.0,24.0,16.0,9.0,10.0,13.0,12.0,10.0,10.0,3.0,5.0,3.0,7.0,9.0,7.0,4.0,3.0,6.0,3.0,4.0,5.0,11.0,5.0,6.0,12.0,14.0,9.0,18.0,14.0,12.0,14.0,3.0,13.0,13.0,11.0,11.0,14.0,24.0,18.0,10.0,13.0,20.0,11.0,13.0,10.0,15.0,22.0,16.0,12.0,18.0,29.0,21.0,21.0,24.0,13.0,19.0,21.0,14.0,18.0,16.0,17.0,14.0,24.0,22.0,25.0,17.0,26.0,21.0,19.0,17.0,25.0,18.0,14.0,18.0,16.0,16.0,14.0,21.0,16.0,20.0,18.0,13.0,13.0,4.0,21.0,17.0,11.0,19.0,15.0,21.0,17.0,16.0,9.0,11.0,13.0,17.0,21.0,19.0,20.0,13.0
K,105,76.0,13.0,12.0,11.0,3.0,2.0,2.0,4.0,7.0,3.0,4.0,1.0,2.0,2.0,1.0,2.0,1.0,,3.0,4.0,,1.0,2.0,4.0,2.0,2.0,6.0,5.0,2.0,4.0,7.0,3.0,5.0,1.0,3.0,3.0,4.0,3.0,4.0,8.0,6.0,2.0,6.0,4.0,3.0,5.0,5.0,5.0,9.0,6.0,7.0,8.0,13.0,9.0,11.0,8.0,4.0,3.0,4.0,5.0,9.0,6.0,4.0,3.0,13.0,8.0,6.0,2.0,6.0,12.0,11.0,4.0,8.0,9.0,2.0,6.0,8.0,6.0,6.0,8.0,9.0,6.0,8.0,6.0,6.0,3.0,6.0,5.0,6.0,7.0,11.0,8.0,8.0,2.0,3.0,5.0,2.0,6.0,8.0,7.0,9.0
K,106,,33.0,6.0,4.0,4.0,1.0,1.0,,2.0,3.0,,2.0,,1.0,1.0,1.0,,,,,3.0,,1.0,1.0,2.0,,,2.0,2.0,1.0,1.0,3.0,2.0,4.0,,,1.0,2.0,,1.0,1.0,3.0,,1.0,1.0,,1.0,4.0,2.0,2.0,2.0,3.0,4.0,3.0,4.0,2.0,3.0,1.0,2.0,,,3.0,1.0,2.0,1.0,5.0,1.0,,,1.0,5.0,2.0,1.0,1.0,2.0,1.0,1.0,3.0,2.0,2.0,3.0,1.0,3.0,2.0,2.0,2.0,,3.0,1.0,1.0,3.0,4.0,4.0,1.0,1.0,1.0,3.0,1.0,2.0,2.0,1.0
K,107,,,9.0,2.0,1.0,2.0,1.0,1.0,,1.0,,,1.0,,1.0,1.0,,,,,,,,,1.0,1.0,,,1.0,1.0,,1.0,2.0,1.0,,,,,1.0,,,,1.0,,,1.0,,,,1.0,,,2.0,,,1.0,,,,,,,1.0,,2.0,,2.0,1.0,,,,2.0,1.0,,,,1.0,,2.0,1.0,1.0,,,,1.0,,,,,,1.0,2.0,2.0,,,,,,,1.0,
K,108,,,,1.0,1.0,1.0,1.0,,,,1.0,,,,,1.0,,,,,,,,,,,1.0,,,,,,1.0,1.0,1.0,,,,,,,,,,,,,,,,,,,,,,,,,,,,,,,,,,,,,,,1.0,,,,,,,,1.0,,,,1.0,,,,,,,1.0,1.0,,,,,,,1.0
K,109,,,,,,1.0,,,,,,,,,,,,,,,,,,,,,,,,,,,,,1.0,1.0,,,,,,,,,,,,,,,,,,,,,,,,,,,,,,,,,,,,,,,,,,,,,,,,,,,,,,,,,,1.0,,,,,,,
M,0,26681.0,25248.0,25824.0,26569.0,26795.0,27663.0,28243.0,28838.0,29344.0,29821.0,30373.0,30976.0,31357.0,31798.0,32593.0,32405.0,32022.0,31780.0,31717.0,31522.0,31167.0,30608.0,30201.0,29700.0,29151.0,28593.0,28367.0,27987.0,27563.0,27429.0,27163.0,26873.0,26938.0,26995.0,27310.0,27329.0,27778.0,28053.0,28270.0,28729.0,29065.0,29361.0,29643.0,30151.0,30329.0,30420.0,30284.0,30456.0,30427.0,30203.0,29987.0,29764.0,29619.0,29409.0,29008.0,28528.0,28519.0,27893.0,27968.0,27726.0,27336.0,27437.0,27221.0,27438.0,27312.0,27306.0,27365.0,27496.0,27747.0,28032.0,27990.0,28386.0,28540.0,28678.0,28909.0,28984.0,28908.0,29176.0,29487.0,29484.0,29151.0,28945.0,28851.0,28740.0,28317.0,28291.0,28020.0,27801.0,27428.0,27613.0,27347.0,27380.0,27329.0,27254.0,27112.0,26825.0,27209.0,26870.0,27395.0,27245.0,27565.0
M,1,29378.0,26644.0,25217.0,25803.0,26545.0,26767.0,27638.0,28211.0,28804.0,29319.0,29799.0,30342.0,30942.0,31322.0,31772.0,32562.0,32368.0,31991.0,31747.0,31687.0,31492.0,31135.0,30575.0,30169.0,29666.0,29124.0,28565.0,28346.0,27965.0,27537.0,27403.0,27136.0,26853.0,26909.0,26963.0,27286.0,27308.0,27755.0,28032.0,28242.0,28702.0,29032.0,29338.0,29621.0,30120.0,30293.0,30384.0,30251.0,30423.0,30406.0,30175.0,29958.0,29730.0,29588.0,29373.0,28973.0,28507.0,28493.0,27856.0,27935.0,27702.0,27308.0,27404.0,27194.0,27408.0,27288.0,27278.0,27327.0,27473.0,27723.0,27997.0,27968.0,28360.0,28508.0,28644.0,28881.0,28950.0,28874.0,29140.0,29452.0,29465.0,29123.0,28905.0,28819.0,28715.0,28288.0,28261.0,27993.0,27772.0,27405.0,27582.0,27320.0,27347.0,27301.0,27223.0,27084.0,26800.0,27179.0,26838.0,27375.0,27211.0
M,2,27958.0,29351.0,26618.0,25188.0,25783.0,26511.0,26736.0,27617.0,28178.0,28775.0,29293.0,29769.0,30317.0,30906.0,31289.0,31739.0,32530.0,32338.0,31965.0,31714.0,31651.0,31452.0,31110.0,30550.0,30142.0,29643.0,29091.0,28534.0,28320.0,27934.0,27519.0,27381.0,27111.0,26819.0,26881.0,26942.0,27259.0,27284.0,27724.0,28004.0,28208.0,28680.0,29006.0,29304.0,29587.0,30089.0,30272.0,30348.0,30221.0,30399.0,30381.0,30142.0,29933.0,29702.0,29561.0,29332.0,28943.0,28479.0,28469.0,27834.0,27907.0,27670.0,27289.0,27375.0,27164.0,27380.0,27270.0,27255.0,27297.0,27436.0,27705.0,27975.0,27935.0,28331.0,28472.0,28611.0,28851.0,28925.0,28851.0,29110.0,29421.0,29446.0,29094.0,28878.0,28797.0,28684.0,28256.0,28225.0,27963.0,27744.0,27373.0,27555.0,27290.0,27323.0,27283.0,27192.0,27067.0,26777.0,27156.0,26811.0,27345.0
M,3,28989.0,27931.0,29322.0,26590.0,25170.0,25764.0,26480.0,26711.0,27580.0,28151.0,28741.0,29268.0,29753.0,30293.0,30874.0,31253.0,31715.0,32499.0,32302.0,31922.0,31684.0,31615.0,31414.0,31082.0,30520.0,30108.0,29614.0,29060.0,28501.0,28290.0,27904.0,27494.0,27354.0,27089.0,26794.0,26850.0,26917.0,27234.0,27254.0,27683.0,27986.0,28177.0,28640.0,28977.0,29273.0,29567.0,30060.0,30239.0,30320.0,30196.0,30366.0,30349.0,30122.0,29905.0,29666.0,29539.0,29304.0,28917.0,28451.0,28447.0,27806.0,27884.0,27645.0,27264.0,27345.0,27127.0,27345.0,27237.0,27234.0,27272.0,27409.0,27683.0,27941.0,27914.0,28302.0,28447.0,28584.0,28823.0,28900.0,28820.0,29086.0,29389.0,29421.0,29063.0,28846.0,28769.0,28658.0,28235.0,28183.0,27932.0,27707.0,27339.0,27528.0,27263.0,27300.0,27262.0,27166.0,27037.0,26748.0,27124.0,26780.0
M,4,29454.0,28950.0,27893.0,29294.0,26574.0,25145.0,25738.0,26450.0,26682.0,27540.0,28128.0,28708.0,29242.0,29720.0,30267.0,30850.0,31213.0,31682.0,32468.0,32264.0,31888.0,31657.0,31591.0,31379.0,31051.0,30479.0,30076.0,29581.0,29037.0,28472.0,28268.0,27876.0,27468.0,27324.0,27059.0,26775.0,26818.0,26896.0,27210.0,27229.0,27654.0,27960.0,28148.0,28616.0,28946.0,29239.0,29550.0,30033.0,30211.0,30279.0,30154.0,30328.0,30315.0,30089.0,29875.0,29632.0,29509.0,29274.0,28895.0,28411.0,28415.0,27779.0,27855.0,27615.0,27235.0,27322.0,27100.0,27314.0,27206.0,27197.0,27235.0,27381.0,27650.0,27909.0,27887.0,28273.0,28430.0,28563.0,28795.0,28871.0,28787.0,29050.0,29355.0,29390.0,29041.0,28825.0,28738.0,28628.0,28216.0,28155.0,27899.0,27674.0,27312.0,27496.0,27236.0,27276.0,27232.0,27141.0,27011.0,26725.0,27102.0
M,5,30339.0,29425.0,28916.0,27865.0,29258.0,26551.0,25126.0,25707.0,26430.0,26656.0,27513.0,28089.0,28684.0,29209.0,29686.0,30232.0,30824.0,31188.0,31647.0,32441.0,32228.0,31852.0,31611.0,31571.0,31343.0,31026.0,30446.0,30049.0,29550.0,29005.0,28440.0,28241.0,27853.0,27442.0,27293.0,27031.0,26749.0,26788.0,26872.0,27187.0,27206.0,27633.0,27928.0,28113.0,28596.0,28913.0,29208.0,29523.0,29996.0,30172.0,30253.0,30118.0,30289.0,30290.0,30066.0,29843.0,29607.0,29477.0,29240.0,28867.0,28369.0,28394.0,27750.0,27828.0,27585.0,27202.0,27283.0,27067.0,27296.0,27174.0,27162.0,27209.0,27356.0,27626.0,27884.0,27862.0,28246.0,28398.0,28534.0,28765.0,28845.0,28748.0,29015.0,29315.0,29361.0,29008.0,28789.0,28700.0,28599.0,28186.0,28131.0,27872.0,27638.0,27288.0,27476.0,27213.0,27252.0,27213.0,27120.0,26962.0,26685.0
M,6,31761.0,30310.0,29404.0,28889.0,27834.0,29216.0,26527.0,25092.0,25686.0,26417.0,26631.0,27489.0,28064.0,28656.0,29191.0,29652.0,30209.0,30793.0,31153.0,31610.0,32409.0,32187.0,31817.0,31585.0,31534.0,31315.0,31001.0,30430.0,30023.0,29521.0,28977.0,28415.0,28210.0,27834.0,27412.0,27259.0,27001.0,26733.0,26760.0,26842.0,27175.0,27179.0,27601.0,27900.0,28091.0,28568.0,28885.0,29173.0,29503.0,29960.0,30138.0,30225.0,30085.0,30258.0,30252.0,30036.0,29806.0,29583.0,29448.0,29216.0,28841.0,28329.0,28363.0,27727.0,27792.0,27556.0,27163.0,27258.0,27033.0,27264.0,27153.0,27139.0,27187.0,27322.0,27597.0,27857.0,27841.0,28219.0,28369.0,28505.0,28719.0,28819.0,28717.0,28985.0,29291.0,29333.0,28977.0,28761.0,28667.0,28569.0,28159.0,28111.0,27842.0,27603.0,27258.0,27448.0,27184.0,27224.0,27185.0,27099.0,26936.0
M,7,31747.0,31730.0,30279.0,29382.0,28861.0,27814.0,29188.0,26493.0,25058.0,25662.0,26386.0,26608.0,27465.0,28033.0,28628.0,29166.0,29624.0,30181.0,30763.0,31127.0,31571.0,32375.0,32147.0,31782.0,31552.0,31501.0,31281.0,30981.0,30396.0,29995.0,29488.0,28943.0,28387.0,28185.0,27806.0,27384.0,27238.0,26973.0,26705.0,26742.0,26816.0,27149.0,27155.0,27564.0,27878.0,28062.0,28548.0,28863.0,29147.0,29473.0,29931.0,30114.0,30195.0,30055.0,30221.0,30214.0,30008.0,29774.0,29553.0,29425.0,29191.0,28811.0,28307.0,28327.0,27700.0,27771.0,27523.0,27132.0,27224.0,27004.0,27237.0,27128.0,27119.0,27164.0,27294.0,27567.0,27839.0,27813.0,28194.0,28349.0,28472.0,28687.0,28781.0,28687.0,28957.0,29262.0,29307.0,28948.0,28737.0,28642.0,28538.0,28130.0,28079.0,27819.0,27573.0,27229.0,27423.0,27160.0,27193.0,27154.0,27069.0
M,8,31877.0,31724.0,31705.0,30251.0,29358.0,28835.0,27791.0,29163.0,26468.0,25031.0,25641.0,26359.0,26575.0,27444.0,28003.0,28603.0,29140.0,29594.0,30157.0,30734.0,31095.0,31536.0,32350.0,32113.0,31748.0,31521.0,31460.0,31254.0,30949.0,30377.0,29970.0,29457.0,28904.0,28350.0,28157.0,27776.0,27352.0,27214.0,26950.0,26687.0,26711.0,26795.0,27132.0,27125.0,27534.0,27853.0,28036.0,28517.0,28829.0,29122.0,29445.0,29904.0,30091.0,30167.0,30021.0,30202.0,30188.0,29972.0,29746.0,29528.0,29397.0,29163.0,28788.0,28274.0,28301.0,27675.0,27744.0,27504.0,27105.0,27195.0,26969.0,27208.0,27106.0,27088.0,27135.0,27265.0,27546.0,27816.0,27786.0,28159.0,28313.0,28441.0,28654.0,28756.0,28649.0,28924.0,29229.0,29281.0,28918.0,28709.0,28617.0,28503.0,28105.0,28056.0,27790.0,27536.0,27203.0,27400.0,27139.0,27170.0,27113.0
M,9,31832.0,31843.0,31695.0,31671.0,30224.0,29322.0,28797.0,27770.0,29134.0,26430.0,25001.0,25625.0,26331.0,26556.0,27418.0,27984.0,28573.0,29115.0,29567.0,30128.0,30693.0,31060.0,31501.0,32316.0,32074.0,31712.0,31486.0,31435.0,31222.0,30924.0,30346.0,29948.0,29425.0,28872.0,28329.0,28122.0,27749.0,27323.0,27196.0,26925.0,26660.0,26679.0,26770.0,27104.0,27102.0,27497.0,27824.0,28011.0,28478.0,28802.0,29095.0,29422.0,29870.0,30068.0,30140.0,29985.0,30176.0,30165.0,29943.0,29708.0,29495.0,29363.0,29136.0,28761.0,28246.0,28278.0,27653.0,27717.0,27467.0,27078.0,27172.0,26942.0,27183.0,27080.0,27063.0,27111.0,27239.0,27512.0,27779.0,27754.0,28133.0,28281.0,28413.0,28614.0,28732.0,28629.0,28896.0,29205.0,29252.0,28888.0,28677.0,28584.0,28471.0,28075.0,28031.0,27751.0,27504.0,27177.0,27366.0,27123.0,27144.0
M,10,33040.0,31796.0,31809.0,31665.0,31646.0,30201.0,29295.0,28770.0,27735.0,29100.0,26405.0,24972.0,25603.0,26309.0,26515.0,27384.0,27965.0,28550.0,29078.0,29529.0,30102.0,30667.0,31026.0,31466.0,32291.0,32041.0,31679.0,31459.0,31404.0,31186.0,30902.0,30323.0,29923.0,29404.0,28853.0,28294.0,28097.0,27716.0,27285.0,27180.0,26895.0,26643.0,26659.0,26741.0,27079.0,27078.0,27471.0,27801.0,27981.0,28456.0,28778.0,29062.0,29396.0,29842.0,30043.0,30105.0,29960.0,30145.0,30136.0,29916.0,29663.0,29465.0,29330.0,29101.0,28735.0,28220.0,28245.0,27631.0,27690.0,27447.0,27052.0,27147.0,26915.0,27152.0,27048.0,27039.0,27084.0,27214.0,27484.0,27761.0,27720.0,28114.0,28247.0,28385.0,28594.0,28703.0,28604.0,28878.0,29167.0,29222.0,28857.0,28647.0,28566.0,28447.0,28045.0,28008.0,27730.0,27479.0,27145.0,27343.0,27094.0
M,11,33476.0,32998.0,31768.0,31777.0,31630.0,31608.0,30179.0,29272.0,28743.0,27703.0,29071.0,26376.0,24951.0,25576.0,26279.0,26495.0,27361.0,27945.0,28517.0,29040.0,29508.0,30070.0,30627.0,30988.0,31429.0,32262.0,32015.0,31649.0,31428.0,31362.0,31151.0,30878.0,30292.0,29886.0,29370.0,28816.0,28264.0,28069.0,27692.0,27260.0,27150.0,26874.0,26618.0,26632.0,26714.0,27047.0,27054.0,27448.0,27777.0,27966.0,28427.0,28741.0,29021.0,29363.0,29816.0,30012.0,30070.0,29918.0,30111.0,30111.0,29888.0,29631.0,29431.0,29296.0,29078.0,28704.0,28194.0,28221.0,27616.0,27668.0,27416.0,27024.0,27118.0,26882.0,27114.0,27024.0,27008.0,27055.0,27184.0,27452.0,27735.0,27688.0,28095.0,28222.0,28354.0,28564.0,28674.0,28588.0,28843.0,29142.0,29197.0,28829.0,28615.0,28528.0,28429.0,28016.0,27979.0,27706.0,27454.0,27118.0,27316.0
M,12,34255.0,33437.0,32963.0,31742.0,31748.0,31595.0,31576.0,30159.0,29251.0,28710.0,27676.0,29039.0,26350.0,24918.0,25547.0,26253.0,26465.0,27331.0,27922.0,28492.0,29004.0,29480.0,30034.0,30602.0,30951.0,31405.0,32229.0,31982.0,31627.0,31392.0,31334.0,31126.0,30848.0,30263.0,29852.0,29332.0,28784.0,28243.0,28037.0,27657.0,27223.0,27117.0,26835.0,26585.0,26603.0,26686.0,27027.0,27032.0,27422.0,27756.0,27937.0,28396.0,28715.0,28982.0,29326.0,29786.0,29984.0,30033.0,29890.0,30074.0,30074.0,29857.0,29606.0,29403.0,29265.0,29053.0,28671.0,28162.0,28194.0,27591.0,27638.0,27393.0,26999.0,27083.0,26855.0,27085.0,27001.0,26974.0,27022.0,27154.0,27424.0,27713.0,27674.0,28055.0,28204.0,28316.0,28525.0,28644.0,28557.0,28822.0,29113.0,29166.0,28808.0,28583.0,28496.0,28389.0,27991.0,27946.0,27687.0,27420.0,27093.0
M,13,34985.0,34225.0,33400.0,32927.0,31725.0,31716.0,31571.0,31541.0,30129.0,29225.0,28683.0,27649.0,29004.0,26324.0,24902.0,25516.0,26230.0,26437.0,27308.0,27896.0,28465.0,28970.0,29450.0,29999.0,30578.0,30923.0,31371.0,32198.0,31957.0,31594.0,31358.0,31301.0,31098.0,30815.0,30236.0,29817.0,29302.0,28752.0,28219.0,28007.0,27641.0,27187.0,27098.0,26809.0,26560.0,26572.0,26655.0,27004.0,27009.0,27388.0,27725.0,27911.0,28365.0,28681.0,28946.0,29300.0,29762.0,29959.0,29998.0,29864.0,30048.0,30049.0,29826.0,29587.0,29372.0,29231.0,29019.0,28641.0,28139.0,28162.0,27558.0,27604.0,27364.0,26978.0,27048.0,26833.0,27051.0,26978.0,26948.0,26995.0,27126.0,27402.0,27680.0,27656.0,28031.0,28175.0,28285.0,28487.0,28613.0,28530.0,28801.0,29086.0,29137.0,28780.0,28555.0,28470.0,28365.0,27955.0,27913.0,27657.0,27399.0
M,14,34749.0,34958.0,34194.0,33359.0,32897.0,31689.0,31680.0,31539.0,31508.0,30106.0,29194.0,28662.0,27612.0,28978.0,26297.0,24883.0,25492.0,26199.0,26416.0,27274.0,27858.0,28433.0,28945.0,29423.0,29966.0,30544.0,30892.0,31336.0,32168.0,31926.0,31552.0,31325.0,31274.0,31066.0,30779.0,30207.0,29786.0,29269.0,28717.0,28191.0,27978.0,27623.0,27150.0,27067.0,26785.0,26537.0,26543.0,26623.0,26981.0,26991.0,27362.0,27704.0,27888.0,28336.0,28652.0,28916.0,29270.0,29724.0,29930.0,29974.0,29835.0,30028.0,30016.0,29787.0,29554.0,29339.0,29203.0,28994.0,28608.0,28103.0,28133.0,27530.0,27575.0,27331.0,26947.0,27030.0,26806.0,27029.0,26951.0,26920.0,26965.0,27097.0,27371.0,27655.0,27621.0,28000.0,28144.0,28252.0,28468.0,28569.0,28505.0,28767.0,29060.0,29108.0,28749.0,28521.0,28438.0,28332.0,27935.0,27896.0,27639.0
M,15,33731.0,34716.0,34932.0,34162.0,33328.0,32860.0,31662.0,31647.0,31503.0,31475.0,30074.0,29164.0,28626.0,27582.0,28936.0,26270.0,24860.0,25464.0,26176.0,26395.0,27252.0,27825.0,28402.0,28922.0,29398.0,29936.0,30500.0,30863.0,31302.0,32132.0,31901.0,31525.0,31300.0,31248.0,31033.0,30751.0,30173.0,29752.0,29228.0,28691.0,28158.0,27950.0,27595.0,27128.0,27035.0,26751.0,26513.0,26519.0,26591.0,26957.0,26961.0,27330.0,27682.0,27859.0,28307.0,28626.0,28887.0,29246.0,29694.0,29904.0,29947.0,29804.0,30002.0,29979.0,29754.0,29515.0,29300.0,29164.0,28966.0,28577.0,28075.0,28106.0,27490.0,27544.0,27297.0,26915.0,27007.0,26786.0,26996.0,26914.0,26895.0,26938.0,27079.0,27345.0,27630.0,27596.0,27981.0,28116.0,28220.0,28440.0,28535.0,28474.0,28743.0,29028.0,29082.0,28723.0,28490.0,28403.0,28304.0,27904.0,27869.0
M,16,33891.0,33701.0,34676.0,34894.0,34129.0,33311.0,32832.0,31633.0,31617.0,31472.0,31446.0,30038.0,29138.0,28589.0,27547.0,28911.0,26244.0,24842.0,25452.0,26141.0,26378.0,27227.0,27791.0,28379.0,28890.0,29373.0,29899.0,30470.0,30842.0,31274.0,32100.0,31865.0,31492.0,31262.0,31223.0,31006.0,30712.0,30140.0,29719.0,29198.0,28667.0,28122.0,27927.0,27571.0,27097.0,26998.0,26714.0,26485.0,26491.0,26568.0,26937.0,26935.0,27303.0,27646.0,27830.0,28275.0,28580.0,28856.0,29214.0,29663.0,29877.0,29919.0,29770.0,29979.0,29958.0,29731.0,29477.0,29278.0,29136.0,28943.0,28549.0,28053.0,28070.0,27458.0,27522.0,27272.0,26889.0,26977.0,26753.0,26974.0,26882.0,26874.0,26915.0,27045.0,27311.0,27592.0,27563.0,27955.0,28092.0,28186.0,28408.0,28501.0,28447.0,28714.0,28990.0,29064.0,28691.0,28466.0,28373.0,28280.0,27870.0
M,17,32980.0,33868.0,33666.0,34650.0,34872.0,34107.0,33272.0,32798.0,31607.0,31589.0,31437.0,31414.0,30007.0,29110.0,28551.0,27516.0,28879.0,26222.0,24826.0,25419.0,26123.0,26346.0,27204.0,27759.0,28350.0,28857.0,29347.0,29873.0,30438.0,30811.0,31235.0,32078.0,31834.0,31452.0,31237.0,31187.0,30971.0,30687.0,30113.0,29700.0,29172.0,28633.0,28090.0,27894.0,27547.0,27072.0,26973.0,26686.0,26459.0,26464.0,26535.0,26910.0,26910.0,27285.0,27615.0,27801.0,28248.0,28552.0,28831.0,29188.0,29637.0,29839.0,29892.0,29741.0,29946.0,29918.0,29700.0,29443.0,29254.0,29109.0,28915.0,28523.0,28020.0,28042.0,27436.0,27496.0,27241.0,26866.0,26953.0,26717.0,26953.0,26852.0,26844.0,26888.0,27014.0,27273.0,27559.0,27536.0,27936.0,28056.0,28153.0,28377.0,28474.0,28415.0,28683.0,28968.0,29033.0,28667.0,28444.0,28346.0,28254.0
M,18,33334.0,32955.0,33829.0,33629.0,34620.0,34838.0,34076.0,33239.0,32769.0,31575.0,31563.0,31416.0,31382.0,29979.0,29081.0,28527.0,27480.0,28847.0,26190.0,24804.0,25399.0,26096.0,26324.0,27177.0,27731.0,28319.0,28823.0,29317.0,29854.0,30412.0,30782.0,31197.0,32048.0,31808.0,31424.0,31208.0,31162.0,30939.0,30651.0,30084.0,29670.0,29143.0,28607.0,28056.0,27873.0,27512.0,27045.0,26952.0,26655.0,26435.0,26433.0,26508.0,26878.0,26884.0,27257.0,27586.0,27777.0,28228.0,28523.0,28810.0,29154.0,29611.0,29812.0,29865.0,29713.0,29916.0,29889.0,29660.0,29414.0,29231.0,29093.0,28891.0,28495.0,27999.0,28005.0,27404.0,27470.0,27201.0,26849.0,26921.0,26701.0,26926.0,26833.0,26817.0,26860.0,26986.0,27255.0,27531.0,27511.0,27911.0,28024.0,28123.0,28347.0,28443.0,28382.0,28655.0,28931.0,29002.0,28640.0,28415.0,28319.0
M,19,32888.0,33300.0,32918.0,33784.0,33595.0,34584.0,34795.0,34038.0,33215.0,32743.0,31541.0,31540.0,31380.0,31359.0,29950.0,29049.0,28499.0,27449.0,28813.0,26156.0,24780.0,25378.0,26064.0,26297.0,27147.0,27705.0,28287.0,28797.0,29286.0,29822.0,30378.0,30760.0,31163.0,32017.0,31773.0,31397.0,31188.0,31135.0,30908.0,30620.0,30045.0,29645.0,29115.0,28574.0,28031.0,27849.0,27488.0,27021.0,26922.0,26620.0,26407.0,26413.0,26487.0,26846.0,26859.0,27225.0,27560.0,27744.0,28195.0,28497.0,28781.0,29125.0,29591.0,29778.0,29835.0,29680.0,29879.0,29852.0,29638.0,29390.0,29203.0,29067.0,28869.0,28465.0,27976.0,27983.0,27378.0,27449.0,27177.0,26828.0,26907.0,26667.0,26900.0,26807.0,26791.0,26834.0,26962.0,27231.0,27508.0,27471.0,27880.0,27994.0,28103.0,28320.0,28418.0,28360.0,28631.0,28907.0,28973.0,28612.0,28387.0
M,20,32354.0,32845.0,33264.0,32889.0,33749.0,33563.0,34557.0,34764.0,34008.0,33181.0,32709.0,31505.0,31516.0,31350.0,31325.0,29921.0,29025.0,28466.0,27419.0,28780.0,26134.0,24759.0,25352.0,26034.0,26260.0,27118.0,27677.0,28255.0,28769.0,29250.0,29793.0,30350.0,30720.0,31133.0,31975.0,31742.0,31376.0,31156.0,31106.0,30873.0,30592.0,30020.0,29614.0,29090.0,28548.0,27998.0,27819.0,27456.0,26987.0,26898.0,26607.0,26376.0,26387.0,26456.0,26820.0,26833.0,27201.0,27528.0,27710.0,28179.0,28454.0,28755.0,29094.0,29567.0,29750.0,29808.0,29653.0,29844.0,29825.0,29610.0,29366.0,29175.0,29038.0,28843.0,28430.0,27948.0,27955.0,27346.0,27413.0,27151.0,26797.0,26872.0,26634.0,26878.0,26785.0,26763.0,26809.0,26933.0,27200.0,27488.0,27438.0,27851.0,27957.0,28076.0,28292.0,28394.0,28336.0,28603.0,28865.0,28944.0,28588.0
M,21,33404.0,32319.0,32815.0,33231.0,32857.0,33722.0,33528.0,34518.0,34714.0,33972.0,33146.0,32674.0,31471.0,31492.0,31327.0,31300.0,29889.0,28996.0,28431.0,27390.0,28754.0,26105.0,24725.0,25327.0,26005.0,26229.0,27087.0,27653.0,28223.0,28739.0,29227.0,29765.0,30319.0,30687.0,31103.0,31955.0,31711.0,31345.0,31124.0,31073.0,30840.0,30562.0,29991.0,29586.0,29071.0,28513.0,27982.0,27787.0,27434.0,26965.0,26871.0,26579.0,26343.0,26361.0,26426.0,26789.0,26801.0,27170.0,27503.0,27682.0,28154.0,28421.0,28721.0,29064.0,29531.0,29730.0,29781.0,29626.0,29817.0,29791.0,29580.0,29339.0,29138.0,29001.0,28811.0,28403.0,27924.0,27926.0,27304.0,27391.0,27129.0,26771.0,26838.0,26608.0,26859.0,26762.0,26737.0,26785.0,26905.0,27180.0,27460.0,27413.0,27818.0,27924.0,28047.0,28261.0,28358.0,28306.0,28570.0,28839.0,28915.0
M,22,35241.0,33371.0,32286.0,32782.0,33201.0,32819.0,33683.0,33494.0,34481.0,34687.0,33937.0,33105.0,32643.0,31437.0,31453.0,31298.0,31263.0,29857.0,28968.0,28404.0,27363.0,28730.0,26074.0,24705.0,25298.0,25975.0,26208.0,27058.0,27617.0,28196.0,28713.0,29196.0,29734.0,30294.0,30658.0,31073.0,31924.0,31683.0,31316.0,31100.0,31041.0,30809.0,30535.0,29960.0,29556.0,29044.0,28483.0,27953.0,27758.0,27400.0,26944.0,26846.0,26550.0,26318.0,26324.0,26397.0,26763.0,26768.0,27141.0,27474.0,27658.0,28127.0,28393.0,28692.0,29033.0,29495.0,29695.0,29751.0,29595.0,29791.0,29754.0,29552.0,29307.0,29108.0,28971.0,28780.0,28377.0,27891.0,27888.0,27278.0,27356.0,27098.0,26753.0,26815.0,26582.0,26829.0,26736.0,26709.0,26762.0,26877.0,27158.0,27435.0,27389.0,27784.0,27897.0,28021.0,28230.0,28331.0,28282.0,28539.0,28805.0
M,23,35569.0,35200.0,33335.0,32253.0,32748.0,33165.0,32780.0,33661.0,33460.0,34447.0,34648.0,33907.0,33074.0,32609.0,31408.0,31426.0,31270.0,31234.0,29827.0,28941.0,28374.0,27336.0,28706.0,26048.0,24681.0,25274.0,25952.0,26186.0,27034.0,27587.0,28160.0,28684.0,29167.0,29696.0,30258.0,30638.0,31036.0,31886.0,31650.0,31285.0,31073.0,31017.0,30784.0,30494.0,29938.0,29527.0,29014.0,28458.0,27917.0,27731.0,27378.0,26919.0,26824.0,26526.0,26299.0,26292.0,26377.0,26741.0,26745.0,27115.0,27447.0,27622.0,28103.0,28360.0,28665.0,29008.0,29459.0,29669.0,29716.0,29569.0,29756.0,29729.0,29528.0,29280.0,29073.0,28941.0,28760.0,28345.0,27870.0,27857.0,27251.0,27330.0,27070.0,26721.0,26785.0,26554.0,26804.0,26706.0,26681.0,26737.0,26853.0,27126.0,27406.0,27372.0,27750.0,27869.0,27998.0,28202.0,28298.0,28245.0,28516.0
M,24,35369.0,35535.0,35168.0,33300.0,32222.0,32720.0,33125.0,32748.0,33620.0,33429.0,34418.0,34617.0,33870.0,33039.0,32586.0,31379.0,31397.0,31236.0,31205.0,29794.0,28901.0,28352.0,27312.0,28673.0,26031.0,24656.0,25248.0,25925.0,26147.0,27012.0,27556.0,28128.0,28651.0,29139.0,29668.0,30224.0,30608.0,31008.0,31862.0,31626.0,31254.0,31045.0,30977.0,30757.0,30465.0,29912.0,29499.0,28984.0,28424.0,27888.0,27709.0,27347.0,26887.0,26803.0,26503.0,26266.0,26267.0,26343.0,26705.0,26719.0,27091.0,27417.0,27599.0,28074.0,28337.0,28640.0,28985.0,29427.0,29648.0,29692.0,29543.0,29736.0,29692.0,29498.0,29257.0,29046.0,28921.0,28734.0,28321.0,27845.0,27832.0,27229.0,27300.0,27045.0,26696.0,26754.0,26525.0,26777.0,26678.0,26660.0,26714.0,26819.0,27091.0,27377.0,27348.0,27724.0,27840.0,27976.0,28171.0,28272.0,28222.0
M,25,36562.0,35337.0,35497.0,35135.0,33273.0,32195.0,32692.0,33093.0,32713.0,33592.0,33403.0,34372.0,34578.0,33841.0,33015.0,32553.0,31350.0,31359.0,31210.0,31180.0,29762.0,28869.0,28320.0,27285.0,28648.0,26005.0,24637.0,25225.0,25912.0,26114.0,26984.0,27518.0,28100.0,28612.0,29111.0,29642.0,30203.0,30578.0,30971.0,31832.0,31596.0,31224.0,31010.0,30956.0,30721.0,30427.0,29883.0,29470.0,28950.0,28402.0,27854.0,27687.0,27316.0,26855.0,26768.0,26483.0,26236.0,26237.0,26319.0,26673.0,26690.0,27069.0,27392.0,27570.0,28048.0,28305.0,28617.0,28956.0,29387.0,29615.0,29660.0,29513.0,29706.0,29659.0,29470.0,29231.0,29013.0,28892.0,28700.0,28287.0,27810.0,27803.0,27201.0,27278.0,27022.0,26668.0,26738.0,26510.0,26753.0,26648.0,26645.0,26691.0,26800.0,27070.0,27356.0,27324.0,27698.0,27821.0,27945.0,28153.0,28245.0
M,26,37633.0,36525.0,35303.0,35459.0,35081.0,33239.0,32171.0,32657.0,33064.0,32671.0,33567.0,33363.0,34342.0,34532.0,33819.0,32976.0,32515.0,31327.0,31331.0,31181.0,31152.0,29728.0,28843.0,28287.0,27255.0,28625.0,25977.0,24614.0,25200.0,25890.0,26092.0,26955.0,27489.0,28075.0,28583.0,29075.0,29608.0,30171.0,30547.0,30933.0,31804.0,31565.0,31201.0,30980.0,30926.0,30689.0,30392.0,29852.0,29434.0,28907.0,28379.0,27826.0,27651.0,27276.0,26825.0,26743.0,26461.0,26211.0,26214.0,26289.0,26650.0,26663.0,27045.0,27370.0,27535.0,28015.0,28273.0,28591.0,28929.0,29361.0,29583.0,29631.0,29480.0,29672.0,29631.0,29439.0,29209.0,28994.0,28859.0,28675.0,28255.0,27783.0,27778.0,27174.0,27253.0,26996.0,26640.0,26715.0,26492.0,26729.0,26622.0,26620.0,26670.0,26780.0,27050.0,27330.0,27301.0,27670.0,27796.0,27919.0,28133.0
M,27,37911.0,37610.0,36491.0,35273.0,35418.0,35057.0,33209.0,32137.0,32623.0,33024.0,32646.0,33536.0,33329.0,34311.0,34490.0,33778.0,32951.0,32481.0,31298.0,31296.0,31154.0,31117.0,29694.0,28821.0,28263.0,27234.0,28589.0,25947.0,24588.0,25172.0,25866.0,26068.0,26933.0,27455.0,28044.0,28556.0,29046.0,29575.0,30142.0,30514.0,30899.0,31771.0,31534.0,31172.0,30950.0,30894.0,30651.0,30358.0,29824.0,29405.0,28876.0,28355.0,27806.0,27629.0,27246.0,26803.0,26703.0,26430.0,26189.0,26185.0,26261.0,26613.0,26644.0,27023.0,27336.0,27503.0,27983.0,28240.0,28566.0,28902.0,29336.0,29558.0,29598.0,29450.0,29643.0,29601.0,29406.0,29182.0,28965.0,28831.0,28647.0,28232.0,27760.0,27748.0,27150.0,27227.0,26975.0,26619.0,26694.0,26466.0,26697.0,26594.0,26602.0,26637.0,26760.0,27029.0,27305.0,27267.0,27648.0,27763.0,27895.0
M,28,38057.0,37862.0,37568.0,36453.0,35239.0,35392.0,35018.0,33176.0,32104.0,32592.0,32989.0,32612.0,33507.0,33303.0,34281.0,34463.0,33743.0,32922.0,32457.0,31264.0,31261.0,31127.0,31091.0,29678.0,28793.0,28234.0,27202.0,28550.0,25918.0,24572.0,25145.0,25834.0,26041.0,26896.0,27432.0,28019.0,28532.0,29007.0,29551.0,30121.0,30486.0,30862.0,31736.0,31504.0,31143.0,30917.0,30862.0,30620.0,30326.0,29798.0,29377.0,28846.0,28329.0,27772.0,27601.0,27217.0,26774.0,26671.0,26402.0,26160.0,26160.0,26231.0,26583.0,26614.0,26996.0,27302.0,27468.0,27958.0,28214.0,28538.0,28877.0,29307.0,29528.0,29564.0,29419.0,29613.0,29577.0,29378.0,29156.0,28939.0,28803.0,28617.0,28199.0,27729.0,27713.0,27131.0,27193.0,26947.0,26595.0,26671.0,26441.0,26673.0,26566.0,26567.0,26609.0,26739.0,27008.0,27281.0,27245.0,27613.0,27740.0
M,29,38611.0,38028.0,37827.0,37526.0,36414.0,35197.0,35364.0,34985.0,33134.0,32072.0,32573.0,32952.0,32582.0,33482.0,33275.0,34248.0,34427.0,33714.0,32889.0,32425.0,31239.0,31223.0,31099.0,31050.0,29657.0,28767.0,28208.0,27175.0,28519.0,25882.0,24551.0,25125.0,25810.0,26017.0,26859.0,27409.0,27996.0,28503.0,28990.0,29513.0,30103.0,30455.0,30824.0,31711.0,31462.0,31113.0,30892.0,30827.0,30594.0,30297.0,29773.0,29352.0,28812.0,28308.0,27740.0,27571.0,27192.0,26749.0,26640.0,26379.0,26130.0,26135.0,26211.0,26551.0,26571.0,26963.0,27278.0,27445.0,27930.0,28186.0,28511.0,28848.0,29277.0,29498.0,29541.0,29392.0,29590.0,29548.0,29354.0,29128.0,28914.0,28766.0,28581.0,28163.0,27707.0,27686.0,27115.0,27170.0,26926.0,26565.0,26646.0,26424.0,26650.0,26527.0,26536.0,26588.0,26716.0,26976.0,27256.0,27211.0,27586.0
M,30,39820.0,38566.0,37991.0,37793.0,37480.0,36374.0,35171.0,35330.0,34956.0,33103.0,32040.0,32547.0,32927.0,32554.0,33455.0,33243.0,34216.0,34387.0,33684.0,32870.0,32382.0,31211.0,31190.0,31063.0,31019.0,29631.0,28736.0,28185.0,27141.0,28495.0,25856.0,24528.0,25103.0,25786.0,25983.0,26838.0,27367.0,27974.0,28479.0,28962.0,29489.0,30071.0,30426.0,30790.0,31677.0,31427.0,31074.0,30859.0,30801.0,30559.0,30269.0,29748.0,29323.0,28775.0,28292.0,27710.0,27545.0,27169.0,26719.0,26616.0,26354.0,26100.0,26112.0,26190.0,26527.0,26543.0,26937.0,27243.0,27426.0,27911.0,28162.0,28478.0,28829.0,29252.0,29457.0,29510.0,29357.0,29567.0,29516.0,29316.0,29104.0,28887.0,28736.0,28550.0,28125.0,27691.0,27659.0,27090.0,27136.0,26895.0,26547.0,26619.0,26399.0,26630.0,26511.0,26515.0,26563.0,26699.0,26959.0,27231.0,27184.0
M,31,40282.0,39788.0,38535.0,37949.0,37763.0,37439.0,36331.0,35135.0,35297.0,34924.0,33070.0,32012.0,32513.0,32890.0,32526.0,33408.0,33205.0,34181.0,34356.0,33657.0,32839.0,32352.0,31171.0,31161.0,31029.0,30981.0,29596.0,28708.0,28160.0,27114.0,28454.0,25830.0,24498.0,25071.0,25757.0,25963.0,26814.0,27351.0,27945.0,28447.0,28941.0,29464.0,30037.0,30399.0,30759.0,31644.0,31406.0,31038.0,30826.0,30777.0,30522.0,30240.0,29715.0,29297.0,28738.0,28273.0,27686.0,27521.0,27148.0,26690.0,26594.0,26328.0,26072.0,26083.0,26162.0,26498.0,26514.0,26909.0,27215.0,27407.0,27879.0,28134.0,28446.0,28803.0,29227.0,29418.0,29479.0,29323.0,29532.0,29483.0,29296.0,29080.0,28860.0,28710.0,28522.0,28098.0,27662.0,27634.0,27064.0,27115.0,26860.0,26519.0,26580.0,26373.0,26603.0,26482.0,26488.0,26538.0,26665.0,26930.0,27194.0
M,32,40727.0,40235.0,39743.0,38501.0,37916.0,37727.0,37404.0,36305.0,35110.0,35264.0,34892.0,33032.0,31986.0,32475.0,32862.0,32506.0,33361.0,33172.0,34144.0,34325.0,33628.0,32820.0,32324.0,31131.0,31133.0,31004.0,30955.0,29565.0,28680.0,28134.0,27083.0,28425.0,25808.0,24475.0,25042.0,25735.0,25943.0,26788.0,27321.0,27918.0,28415.0,28908.0,29432.0,30001.0,30373.0,30722.0,31605.0,31375.0,31011.0,30803.0,30754.0,30499.0,30206.0,29688.0,29263.0,28708.0,28249.0,27660.0,27496.0,27117.0,26666.0,26576.0,26292.0,26043.0,26055.0,26130.0,26458.0,26489.0,26884.0,27192.0,27364.0,27847.0,28093.0,28406.0,28781.0,29198.0,29379.0,29451.0,29303.0,29511.0,29452.0,29265.0,29047.0,28825.0,28684.0,28495.0,28073.0,27637.0,27613.0,27039.0,27083.0,26837.0,26488.0,26556.0,26334.0,26573.0,26451.0,26463.0,26508.0,26641.0,26910.0
M,33,40275.0,40684.0,40189.0,39703.0,38459.0,37861.0,37688.0,37376.0,36261.0,35080.0,35230.0,34853.0,33000.0,31935.0,32447.0,32829.0,32474.0,33337.0,33138.0,34111.0,34283.0,33600.0,32785.0,32295.0,31090.0,31104.0,30970.0,30924.0,29544.0,28649.0,28094.0,27053.0,28397.0,25787.0,24448.0,25021.0,25713.0,25919.0,26757.0,27288.0,27895.0,28382.0,28871.0,29407.0,29967.0,30343.0,30690.0,31579.0,31329.0,30968.0,30767.0,30730.0,30469.0,30174.0,29657.0,29240.0,28668.0,28215.0,27639.0,27464.0,27095.0,26631.0,26549.0,26263.0,26023.0,26026.0,26101.0,26430.0,26462.0,26857.0,27165.0,27327.0,27821.0,28058.0,28377.0,28757.0,29176.0,29351.0,29422.0,29271.0,29488.0,29426.0,29230.0,29020.0,28795.0,28644.0,28452.0,28044.0,27614.0,27578.0,27020.0,27053.0,26811.0,26466.0,26538.0,26307.0,26546.0,26432.0,26436.0,26483.0,26616.0
M,34,40075.0,40229.0,40650.0,40155.0,39676.0,38425.0,37819.0,37649.0,37348.0,36233.0,35041.0,35200.0,34815.0,32975.0,31891.0,32413.0,32800.0,32445.0,33301.0,33115.0,34071.0,34245.0,33561.0,32755.0,32265.0,31059.0,31072.0,30940.0,30892.0,29514.0,28617.0,28060.0,27032.0,28374.0,25765.0,24417.0,24989.0,25690.0,25893.0,26724.0,27261.0,27869.0,28357.0,28844.0,29379.0,29941.0,30304.0,30658.0,31547.0,31298.0,30937.0,30740.0,30700.0,30441.0,30143.0,29623.0,29209.0,28632.0,28179.0,27607.0,27426.0,27067.0,26607.0,26514.0,26231.0,26002.0,25992.0,26076.0,26408.0,26431.0,26822.0,27139.0,27298.0,27784.0,28031.0,28343.0,28730.0,29141.0,29320.0,29388.0,29250.0,29468.0,29393.0,29204.0,28987.0,28769.0,28615.0,28427.0,28014.0,27576.0,27545.0,26996.0,27024.0,26777.0,26439.0,26515.0,26274.0,26519.0,26403.0,26411.0,26464.0
M,35,38393.0,40035.0,40185.0,40603.0,40103.0,39637.0,38380.0,37783.0,37602.0,37318.0,36197.0,34995.0,35158.0,34779.0,32951.0,31856.0,32390.0,32773.0,32420.0,33271.0,33092.0,34037.0,34219.0,33521.0,32719.0,32233.0,31030.0,31043.0,30918.0,30861.0,29486.0,28595.0,28033.0,27001.0,28339.0,25737.0,24397.0,24969.0,25668.0,25867.0,26694.0,27243.0,27838.0,28338.0,28821.0,29349.0,29914.0,30261.0,30621.0,31513.0,31272.0,30908.0,30715.0,30670.0,30405.0,30107.0,29587.0,29182.0,28606.0,28149.0,27578.0,27397.0,27047.0,26582.0,26480.0,26192.0,25982.0,25968.0,26046.0,26386.0,26411.0,26798.0,27110.0,27265.0,27756.0,27995.0,28318.0,28699.0,29113.0,29297.0,29360.0,29223.0,29435.0,29367.0,29176.0,28961.0,28741.0,28581.0,28404.0,27984.0,27544.0,27521.0,26978.0,27002.0,26748.0,26416.0,26485.0,26244.0,26500.0,26369.0,26385.0
M,36,38662.0,38362.0,40000.0,40141.0,40567.0,40054.0,39600.0,38347.0,37740.0,37567.0,37283.0,36156.0,34960.0,35125.0,34748.0,32920.0,31830.0,32350.0,32737.0,32384.0,33244.0,33067.0,34004.0,34192.0,33486.0,32680.0,32202.0,31004.0,31004.0,30883.0,30831.0,29452.0,28568.0,28005.0,26978.0,28315.0,25714.0,24369.0,24948.0,25647.0,25847.0,26664.0,27215.0,27814.0,28308.0,28800.0,29316.0,29879.0,30227.0,30593.0,31474.0,31234.0,30885.0,30680.0,30646.0,30374.0,30081.0,29558.0,29147.0,28574.0,28127.0,27551.0,27377.0,27025.0,26558.0,26456.0,26168.0,25954.0,25947.0,26026.0,26359.0,26393.0,26774.0,27083.0,27238.0,27739.0,27960.0,28286.0,28670.0,29079.0,29267.0,29332.0,29204.0,29406.0,29326.0,29148.0,28936.0,28716.0,28544.0,28370.0,27959.0,27516.0,27490.0,26957.0,26976.0,26725.0,26388.0,26467.0,26205.0,26479.0,26341.0
M,37,37985.0,38627.0,38318.0,39965.0,40103.0,40530.0,40021.0,39558.0,38313.0,37707.0,37535.0,37255.0,36122.0,34917.0,35090.0,34712.0,32889.0,31795.0,32309.0,32701.0,32355.0,33207.0,33032.0,33980.0,34149.0,33456.0,32636.0,32178.0,30984.0,30968.0,30855.0,30801.0,29409.0,28535.0,27984.0,26955.0,28292.0,25692.0,24350.0,24921.0,25623.0,25820.0,26629.0,27186.0,27792.0,28277.0,28765.0,29288.0,29848.0,30196.0,30554.0,31430.0,31210.0,30856.0,30650.0,30616.0,30341.0,30051.0,29531.0,29124.0,28540.0,28092.0,27517.0,27358.0,27000.0,26526.0,26428.0,26146.0,25931.0,25923.0,26000.0,26336.0,26371.0,26746.0,27045.0,27207.0,27708.0,27932.0,28261.0,28644.0,29052.0,29233.0,29301.0,29179.0,29376.0,29301.0,29117.0,28905.0,28683.0,28517.0,28337.0,27929.0,27481.0,27470.0,26934.0,26945.0,26697.0,26368.0,26439.0,26174.0,26452.0
M,38,37174.0,37941.0,38584.0,38284.0,39920.0,40070.0,40479.0,39984.0,39521.0,38276.0,37666.0,37500.0,37213.0,36085.0,34894.0,35046.0,34668.0,32855.0,31764.0,32280.0,32674.0,32323.0,33181.0,32996.0,33951.0,34122.0,33429.0,32609.0,32143.0,30942.0,30941.0,30830.0,30768.0,29372.0,28512.0,27949.0,26931.0,28257.0,25667.0,24320.0,24895.0,25606.0,25795.0,26601.0,27162.0,27769.0,28241.0,28741.0,29262.0,29820.0,30166.0,30528.0,31399.0,31178.0,30827.0,30625.0,30597.0,30310.0,30019.0,29503.0,29093.0,28517.0,28069.0,27493.0,27334.0,26976.0,26509.0,26403.0,26128.0,25904.0,25893.0,25975.0,26316.0,26344.0,26712.0,27018.0,27179.0,27682.0,27911.0,28227.0,28617.0,29026.0,29203.0,29276.0,29147.0,29338.0,29262.0,29085.0,28872.0,28651.0,28494.0,28312.0,27898.0,27450.0,27443.0,26909.0,26920.0,26679.0,26349.0,26411.0,26149.0
M,39,37362.0,37139.0,37895.0,38552.0,38245.0,39880.0,40015.0,40425.0,39945.0,39479.0,38229.0,37624.0,37468.0,37178.0,36042.0,34858.0,35003.0,34625.0,32827.0,31731.0,32240.0,32635.0,32299.0,33149.0,32964.0,33920.0,34080.0,33404.0,32572.0,32099.0,30918.0,30913.0,30789.0,30737.0,29343.0,28479.0,27927.0,26898.0,28226.0,25638.0,24298.0,24864.0,25589.0,25768.0,26575.0,27133.0,27738.0,28211.0,28706.0,29238.0,29778.0,30138.0,30495.0,31366.0,31146.0,30798.0,30601.0,30569.0,30285.0,29992.0,29471.0,29062.0,28492.0,28039.0,27461.0,27297.0,26942.0,26481.0,26379.0,26101.0,25877.0,25868.0,25946.0,26286.0,26317.0,26690.0,26996.0,27149.0,27648.0,27874.0,28200.0,28596.0,28999.0,29170.0,29243.0,29111.0,29304.0,29236.0,29042.0,28841.0,28632.0,28466.0,28285.0,27872.0,27426.0,27416.0,26885.0,26893.0,26649.0,26326.0,26383.0
M,40,37429.0,37326.0,37105.0,37856.0,38508.0,38208.0,39840.0,39975.0,40392.0,39915.0,39453.0,38191.0,37586.0,37421.0,37140.0,36009.0,34835.0,34974.0,34593.0,32797.0,31696.0,32212.0,32612.0,32267.0,33114.0,32929.0,33889.0,34052.0,33374.0,32541.0,32068.0,30888.0,30889.0,30768.0,30702.0,29310.0,28452.0,27910.0,26875.0,28207.0,25615.0,24273.0,24834.0,25568.0,25737.0,26548.0,27103.0,27718.0,28182.0,28686.0,29215.0,29745.0,30116.0,30466.0,31330.0,31108.0,30764.0,30566.0,30525.0,30250.0,29963.0,29441.0,29037.0,28470.0,28012.0,27437.0,27263.0,26913.0,26453.0,26352.0,26070.0,25853.0,25838.0,25919.0,26253.0,26291.0,26662.0,26972.0,27117.0,27597.0,27848.0,28173.0,28559.0,28971.0,29141.0,29212.0,29085.0,29275.0,29205.0,29017.0,28819.0,28599.0,28434.0,28264.0,27837.0,27394.0,27379.0,26857.0,26873.0,26625.0,26297.0
M,41,36190.0,37385.0,37284.0,37068.0,37831.0,38469.0,38170.0,39796.0,39945.0,40345.0,39877.0,39409.0,38150.0,37543.0,37393.0,37096.0,35974.0,34806.0,34931.0,34562.0,32769.0,31654.0,32178.0,32574.0,32226.0,33077.0,32891.0,33848.0,34026.0,33342.0,32513.0,32028.0,30851.0,30850.0,30735.0,30669.0,29278.0,28424.0,27877.0,26856.0,28180.0,25578.0,24243.0,24807.0,25542.0,25700.0,26514.0,27076.0,27688.0,28147.0,28656.0,29190.0,29713.0,30099.0,30435.0,31299.0,31075.0,30735.0,30529.0,30496.0,30225.0,29924.0,29411.0,29011.0,28451.0,27983.0,27408.0,27242.0,26894.0,26424.0,26325.0,26038.0,25833.0,25805.0,25889.0,26230.0,26266.0,26632.0,26955.0,27085.0,27571.0,27828.0,28146.0,28526.0,28946.0,29121.0,29185.0,29060.0,29243.0,29167.0,28984.0,28796.0,28574.0,28408.0,28228.0,27810.0,27367.0,27356.0,26832.0,26855.0,26592.0
M,42,36976.0,36157.0,37354.0,37252.0,37020.0,37801.0,38433.0,38139.0,39749.0,39906.0,40302.0,39840.0,39375.0,38113.0,37502.0,37354.0,37052.0,35932.0,34768.0,34907.0,34525.0,32729.0,31625.0,32149.0,32547.0,32200.0,33046.0,32858.0,33814.0,33989.0,33310.0,32490.0,31994.0,30819.0,30820.0,30706.0,30634.0,29250.0,28397.0,27840.0,26834.0,28154.0,25563.0,24219.0,24781.0,25512.0,25667.0,26500.0,27054.0,27666.0,28121.0,28626.0,29162.0,29678.0,30068.0,30400.0,31263.0,31051.0,30699.0,30500.0,30468.0,30193.0,29897.0,29387.0,28986.0,28429.0,27961.0,27372.0,27214.0,26860.0,26396.0,26299.0,26014.0,25815.0,25777.0,25869.0,26206.0,26240.0,26601.0,26929.0,27061.0,27546.0,27801.0,28126.0,28485.0,28921.0,29089.0,29159.0,29039.0,29210.0,29133.0,28954.0,28768.0,28551.0,28376.0,28200.0,27786.0,27341.0,27333.0,26804.0,26828.0
M,43,36250.0,36948.0,36123.0,37328.0,37209.0,36986.0,37756.0,38400.0,38091.0,39708.0,39862.0,40258.0,39805.0,39342.0,38078.0,37455.0,37315.0,37008.0,35896.0,34734.0,34876.0,34488.0,32701.0,31591.0,32108.0,32516.0,32163.0,33007.0,32819.0,33781.0,33957.0,33276.0,32455.0,31971.0,30792.0,30783.0,30673.0,30602.0,29214.0,28365.0,27809.0,26805.0,28121.0,25530.0,24199.0,24755.0,25489.0,25639.0,26475.0,27040.0,27626.0,28073.0,28593.0,29131.0,29648.0,30043.0,30358.0,31234.0,31001.0,30663.0,30463.0,30444.0,30149.0,29862.0,29350.0,28957.0,28394.0,27942.0,27342.0,27176.0,26838.0,26367.0,26271.0,25991.0,25790.0,25760.0,25847.0,26174.0,26218.0,26575.0,26904.0,27037.0,27514.0,27766.0,28100.0,28453.0,28889.0,29068.0,29136.0,29004.0,29172.0,29097.0,28932.0,28750.0,28536.0,28337.0,28167.0,27759.0,27317.0,27306.0,26778.0
M,44,36012.0,36211.0,36917.0,36078.0,37295.0,37173.0,36951.0,37728.0,38366.0,38047.0,39660.0,39817.0,40203.0,39770.0,39312.0,38038.0,37427.0,37269.0,36971.0,35853.0,34687.0,34832.0,34449.0,32677.0,31553.0,32073.0,32486.0,32130.0,32978.0,32779.0,33755.0,33923.0,33248.0,32418.0,31939.0,30763.0,30753.0,30636.0,30579.0,29197.0,28339.0,27781.0,26784.0,28095.0,25503.0,24171.0,24734.0,25470.0,25611.0,26444.0,27006.0,27602.0,28038.0,28564.0,29097.0,29612.0,30012.0,30322.0,31201.0,30965.0,30636.0,30438.0,30408.0,30118.0,29825.0,29316.0,28929.0,28360.0,27909.0,27318.0,27147.0,26814.0,26341.0,26234.0,25960.0,25762.0,25731.0,25825.0,26143.0,26191.0,26550.0,26868.0,27006.0,27489.0,27745.0,28072.0,28424.0,28863.0,29040.0,29100.0,28976.0,29146.0,29069.0,28900.0,28722.0,28517.0,28311.0,28130.0,27732.0,27284.0,27284.0
M,45,34884.0,35979.0,36172.0,36895.0,36034.0,37244.0,37140.0,36903.0,37694.0,38326.0,38005.0,39621.0,39779.0,40159.0,39727.0,39273.0,38000.0,37398.0,37241.0,36934.0,35806.0,34650.0,34796.0,34414.0,32643.0,31510.0,32044.0,32459.0,32102.0,32938.0,32747.0,33728.0,33895.0,33212.0,32382.0,31905.0,30733.0,30729.0,30610.0,30551.0,29172.0,28309.0,27751.0,26759.0,28074.0,25466.0,24144.0,24710.0,25441.0,25586.0,26417.0,26984.0,27579.0,28009.0,28538.0,29066.0,29583.0,29978.0,30295.0,31173.0,30922.0,30610.0,30411.0,30377.0,30097.0,29791.0,29295.0,28894.0,28336.0,27867.0,27289.0,27117.0,26785.0,26310.0,26209.0,25940.0,25741.0,25710.0,25798.0,26105.0,26166.0,26519.0,26836.0,26987.0,27462.0,27710.0,28046.0,28397.0,28833.0,29013.0,29063.0,28944.0,29121.0,29045.0,28875.0,28694.0,28493.0,28294.0,28101.0,27700.0,27253.0
M,46,35776.0,34848.0,35945.0,36141.0,36848.0,36001.0,37212.0,37096.0,36861.0,37657.0,38289.0,37964.0,39580.0,39728.0,40131.0,39698.0,39238.0,37956.0,37360.0,37198.0,36892.0,35770.0,34616.0,34764.0,34368.0,32611.0,31475.0,32019.0,32434.0,32067.0,32907.0,32716.0,33683.0,33869.0,33173.0,32355.0,31877.0,30705.0,30695.0,30578.0,30528.0,29149.0,28283.0,27719.0,26724.0,28041.0,25436.0,24116.0,24680.0,25416.0,25562.0,26387.0,26953.0,27551.0,27986.0,28514.0,29036.0,29556.0,29955.0,30255.0,31139.0,30888.0,30576.0,30377.0,30340.0,30070.0,29757.0,29262.0,28873.0,28308.0,27839.0,27257.0,27092.0,26761.0,26295.0,26175.0,25915.0,25718.0,25696.0,25775.0,26081.0,26137.0,26493.0,26797.0,26956.0,27442.0,27667.0,28020.0,28366.0,28806.0,28982.0,29040.0,28915.0,29088.0,29020.0,28846.0,28665.0,28452.0,28271.0,28069.0,27676.0
M,47,36463.0,35743.0,34807.0,35906.0,36098.0,36807.0,35963.0,37178.0,37055.0,36825.0,37622.0,38250.0,37930.0,39546.0,39693.0,40097.0,39665.0,39203.0,37930.0,37320.0,37158.0,36858.0,35732.0,34580.0,34735.0,34342.0,32591.0,31440.0,31990.0,32396.0,32039.0,32882.0,32678.0,33644.0,33835.0,33139.0,32323.0,31845.0,30673.0,30674.0,30545.0,30504.0,29120.0,28257.0,27686.0,26694.0,28013.0,25401.0,24095.0,24656.0,25395.0,25539.0,26371.0,26925.0,27522.0,27942.0,28487.0,29001.0,29525.0,29920.0,30220.0,31101.0,30864.0,30552.0,30353.0,30315.0,30034.0,29726.0,29233.0,28847.0,28285.0,27827.0,27238.0,27070.0,26730.0,26267.0,26142.0,25889.0,25701.0,25669.0,25757.0,26055.0,26111.0,26478.0,26782.0,26922.0,27412.0,27640.0,27990.0,28346.0,28783.0,28947.0,29009.0,28881.0,29057.0,28999.0,28811.0,28641.0,28420.0,28245.0,28046.0
M,48,37822.0,36422.0,35718.0,34764.0,35872.0,36070.0,36770.0,35918.0,37137.0,37030.0,36783.0,37588.0,38214.0,37896.0,39511.0,39640.0,40060.0,39623.0,39164.0,37894.0,37281.0,37111.0,36821.0,35696.0,34536.0,34702.0,34312.0,32552.0,31406.0,31961.0,32361.0,32010.0,32856.0,32644.0,33613.0,33804.0,33105.0,32286.0,31818.0,30646.0,30643.0,30518.0,30481.0,29097.0,28227.0,27655.0,26677.0,27981.0,25366.0,24076.0,24637.0,25380.0,25516.0,26343.0,26899.0,27506.0,27918.0,28458.0,28968.0,29493.0,29888.0,30186.0,31065.0,30834.0,30516.0,30318.0,30287.0,30014.0,29690.0,29201.0,28819.0,28254.0,27804.0,27200.0,27031.0,26707.0,26244.0,26113.0,25858.0,25679.0,25643.0,25734.0,26036.0,26088.0,26456.0,26754.0,26893.0,27386.0,27614.0,27963.0,28315.0,28755.0,28922.0,28984.0,28862.0,29033.0,28963.0,28771.0,28613.0,28391.0,28226.0
M,49,38079.0,37785.0,36392.0,35682.0,34734.0,35841.0,36046.0,36733.0,35890.0,37101.0,36991.0,36745.0,37547.0,38175.0,37845.0,39467.0,39610.0,40026.0,39571.0,39120.0,37841.0,37236.0,37058.0,36782.0,35661.0,34499.0,34673.0,34277.0,32515.0,31371.0,31924.0,32326.0,31977.0,32822.0,32611.0,33581.0,33775.0,33072.0,32254.0,31788.0,30630.0,30618.0,30480.0,30443.0,29074.0,28192.0,27629.0,26652.0,27947.0,25336.0,24055.0,24612.0,25361.0,25493.0,26326.0,26867.0,27489.0,27884.0,28426.0,28945.0,29468.0,29861.0,30158.0,31047.0,30796.0,30485.0,30285.0,30263.0,29986.0,29660.0,29177.0,28789.0,28240.0,27779.0,27174.0,26997.0,26685.0,26220.0,26086.0,25830.0,25647.0,25612.0,25697.0,26025.0,26071.0,26432.0,26729.0,26853.0,27368.0,27588.0,27937.0,28281.0,28720.0,28893.0,28953.0,28830.0,29014.0,28934.0,28737.0,28584.0,28362.0
M,50,39204.0,38046.0,37740.0,36357.0,35652.0,34695.0,35799.0,36015.0,36693.0,35862.0,37060.0,36950.0,36710.0,37515.0,38138.0,37811.0,39429.0,39569.0,39994.0,39531.0,39082.0,37800.0,37204.0,37028.0,36742.0,35625.0,34463.0,34638.0,34237.0,32484.0,31350.0,31896.0,32298.0,31928.0,32794.0,32582.0,33557.0,33735.0,33041.0,32224.0,31753.0,30599.0,30584.0,30451.0,30413.0,29043.0,28169.0,27606.0,26623.0,27921.0,25315.0,24035.0,24587.0,25336.0,25466.0,26298.0,26829.0,27466.0,27856.0,28404.0,28920.0,29439.0,29822.0,30127.0,31022.0,30757.0,30446.0,30256.0,30228.0,29960.0,29635.0,29145.0,28764.0,28210.0,27744.0,27154.0,26972.0,26657.0,26195.0,26055.0,25807.0,25616.0,25586.0,25676.0,26002.0,26044.0,26410.0,26697.0,26822.0,27345.0,27561.0,27911.0,28251.0,28696.0,28867.0,28922.0,28800.0,28988.0,28901.0,28713.0,28561.0
M,51,38960.0,39159.0,38008.0,37702.0,36308.0,35607.0,34669.0,35759.0,35989.0,36663.0,35826.0,37012.0,36920.0,36667.0,37478.0,38100.0,37774.0,39393.0,39525.0,39954.0,39494.0,39055.0,37762.0,37164.0,36995.0,36710.0,35580.0,34431.0,34601.0,34201.0,32448.0,31312.0,31867.0,32267.0,31891.0,32761.0,32545.0,33512.0,33699.0,33003.0,32183.0,31730.0,30571.0,30552.0,30425.0,30385.0,29020.0,28144.0,27579.0,26591.0,27887.0,25287.0,24004.0,24552.0,25309.0,25439.0,26265.0,26810.0,27435.0,27824.0,28378.0,28891.0,29414.0,29794.0,30101.0,30984.0,30726.0,30406.0,30218.0,30200.0,29930.0,29602.0,29117.0,28738.0,28178.0,27715.0,27125.0,26953.0,26632.0,26169.0,26034.0,25775.0,25595.0,25549.0,25654.0,25985.0,26026.0,26390.0,26663.0,26802.0,27316.0,27527.0,27884.0,28223.0,28659.0,28827.0,28887.0,28769.0,28963.0,28851.0,28690.0
M,52,38530.0,38923.0,39121.0,37979.0,37666.0,36271.0,35567.0,34630.0,35723.0,35947.0,36633.0,35789.0,36981.0,36884.0,36631.0,37447.0,38058.0,37738.0,39350.0,39479.0,39917.0,39471.0,39007.0,37726.0,37130.0,36951.0,36674.0,35545.0,34375.0,34568.0,34172.0,32416.0,31272.0,31840.0,32232.0,31861.0,32730.0,32505.0,33484.0,33672.0,32971.0,32147.0,31697.0,30532.0,30519.0,30388.0,30363.0,28996.0,28115.0,27552.0,26563.0,27862.0,25269.0,23981.0,24528.0,25289.0,25414.0,26237.0,26777.0,27405.0,27796.0,28354.0,28857.0,29367.0,29759.0,30074.0,30962.0,30683.0,30370.0,30195.0,30165.0,29902.0,29583.0,29078.0,28707.0,28150.0,27689.0,27106.0,26928.0,26611.0,26149.0,26006.0,25747.0,25572.0,25522.0,25635.0,25959.0,25998.0,26362.0,26631.0,26773.0,27292.0,27493.0,27864.0,28192.0,28631.0,28804.0,28852.0,28737.0,28935.0,28817.0
M,53,39127.0,38498.0,38882.0,39072.0,37934.0,37632.0,36239.0,35535.0,34603.0,35688.0,35908.0,36598.0,35740.0,36948.0,36843.0,36591.0,37410.0,38016.0,37697.0,39305.0,39434.0,39882.0,39442.0,38981.0,37692.0,37100.0,36912.0,36636.0,35503.0,34341.0,34535.0,34136.0,32393.0,31235.0,31814.0,32198.0,31829.0,32698.0,32472.0,33447.0,33655.0,32935.0,32118.0,31659.0,30501.0,30493.0,30355.0,30328.0,28967.0,28093.0,27531.0,26541.0,27826.0,25239.0,23967.0,24501.0,25258.0,25387.0,26207.0,26758.0,27377.0,27763.0,28326.0,28829.0,29346.0,29726.0,30038.0,30930.0,30647.0,30340.0,30162.0,30141.0,29879.0,29555.0,29048.0,28681.0,28121.0,27664.0,27082.0,26898.0,26593.0,26126.0,25981.0,25722.0,25549.0,25499.0,25613.0,25934.0,25980.0,26336.0,26609.0,26746.0,27265.0,27456.0,27827.0,28163.0,28590.0,28770.0,28824.0,28702.0,28906.0
M,54,38711.0,39078.0,38463.0,38844.0,39028.0,37896.0,37605.0,36209.0,35498.0,34565.0,35667.0,35868.0,36561.0,35704.0,36916.0,36801.0,36553.0,37364.0,37962.0,37652.0,39269.0,39393.0,39832.0,39403.0,38938.0,37648.0,37071.0,36877.0,36602.0,35462.0,34311.0,34502.0,34098.0,32363.0,31199.0,31785.0,32158.0,31800.0,32662.0,32434.0,33418.0,33630.0,32897.0,32085.0,31635.0,30467.0,30468.0,30326.0,30295.0,28944.0,28069.0,27507.0,26516.0,27793.0,25219.0,23944.0,24479.0,25231.0,25362.0,26185.0,26732.0,27345.0,27739.0,28298.0,28800.0,29315.0,29696.0,30016.0,30901.0,30611.0,30307.0,30132.0,30102.0,29856.0,29523.0,29021.0,28660.0,28100.0,27638.0,27051.0,26878.0,26563.0,26105.0,25963.0,25699.0,25522.0,25474.0,25594.0,25908.0,25958.0,26306.0,26582.0,26709.0,27238.0,27439.0,27798.0,28136.0,28571.0,28742.0,28803.0,28671.0
M,55,37445.0,38666.0,39041.0,38425.0,38816.0,39006.0,37867.0,37572.0,36175.0,35459.0,34535.0,35626.0,35832.0,36519.0,35669.0,36882.0,36764.0,36520.0,37342.0,37924.0,37613.0,39229.0,39358.0,39785.0,39364.0,38900.0,37604.0,37037.0,36834.0,36566.0,35416.0,34280.0,34459.0,34067.0,32322.0,31167.0,31751.0,32126.0,31775.0,32629.0,32396.0,33383.0,33605.0,32869.0,32043.0,31602.0,30444.0,30447.0,30292.0,30260.0,28915.0,28033.0,27477.0,26483.0,27767.0,25204.0,23926.0,24462.0,25205.0,25335.0,26157.0,26702.0,27320.0,27711.0,28274.0,28772.0,29294.0,29662.0,29992.0,30864.0,30575.0,30281.0,30106.0,30064.0,29827.0,29495.0,28992.0,28634.0,28079.0,27610.0,27023.0,26856.0,26541.0,26085.0,25939.0,25678.0,25494.0,25444.0,25567.0,25886.0,25945.0,26282.0,26565.0,26681.0,27202.0,27414.0,27773.0,28101.0,28551.0,28709.0,28766.0
M,56,37508.0,37415.0,38635.0,39005.0,38388.0,38770.0,38974.0,37831.0,37534.0,36128.0,35425.0,34496.0,35583.0,35799.0,36482.0,35630.0,36843.0,36731.0,36476.0,37310.0,37891.0,37576.0,39198.0,39317.0,39750.0,39330.0,38864.0,37568.0,36999.0,36797.0,36521.0,35375.0,34247.0,34439.0,34034.0,32287.0,31140.0,31714.0,32094.0,31745.0,32601.0,32370.0,33357.0,33572.0,32826.0,32010.0,31567.0,30422.0,30414.0,30254.0,30222.0,28885.0,27998.0,27447.0,26449.0,27738.0,25180.0,23900.0,24436.0,25180.0,25311.0,26129.0,26660.0,27281.0,27688.0,28241.0,28742.0,29259.0,29635.0,29961.0,30830.0,30551.0,30250.0,30078.0,30037.0,29800.0,29455.0,28960.0,28596.0,28058.0,27578.0,26998.0,26835.0,26513.0,26060.0,25921.0,25652.0,25461.0,25421.0,25548.0,25857.0,25926.0,26261.0,26532.0,26652.0,27183.0,27381.0,27743.0,28074.0,28521.0,28675.0
M,57,36634.0,37459.0,37377.0,38587.0,38959.0,38349.0,38726.0,38937.0,37792.0,37490.0,36086.0,35388.0,34470.0,35541.0,35763.0,36432.0,35584.0,36804.0,36696.0,36448.0,37271.0,37845.0,37535.0,39160.0,39281.0,39720.0,39290.0,38826.0,37523.0,36959.0,36766.0,36477.0,35350.0,34212.0,34388.0,34000.0,32259.0,31110.0,31680.0,32071.0,31721.0,32572.0,32335.0,33329.0,33547.0,32784.0,31983.0,31527.0,30393.0,30383.0,30223.0,30196.0,28858.0,27968.0,27425.0,26425.0,27711.0,25153.0,23877.0,24412.0,25150.0,25283.0,26101.0,26634.0,27259.0,27654.0,28209.0,28712.0,29222.0,29611.0,29940.0,30797.0,30515.0,30219.0,30057.0,30007.0,29768.0,29415.0,28935.0,28571.0,28036.0,27552.0,26970.0,26808.0,26492.0,26038.0,25899.0,25634.0,25439.0,25394.0,25530.0,25831.0,25904.0,26226.0,26493.0,26629.0,27155.0,27350.0,27724.0,28049.0,28494.0
M,58,35796.0,36586.0,37421.0,37332.0,38549.0,38922.0,38317.0,38693.0,38896.0,37747.0,37447.0,36056.0,35345.0,34434.0,35508.0,35725.0,36406.0,35554.0,36770.0,36659.0,36403.0,37231.0,37809.0,37506.0,39119.0,39230.0,39676.0,39239.0,38794.0,37489.0,36917.0,36723.0,36448.0,35319.0,34183.0,34347.0,33982.0,32230.0,31075.0,31653.0,32035.0,31693.0,32540.0,32301.0,33296.0,33511.0,32751.0,31944.0,31504.0,30354.0,30355.0,30192.0,30176.0,28820.0,27939.0,27393.0,26403.0,27689.0,25127.0,23857.0,24390.0,25119.0,25263.0,26073.0,26609.0,27238.0,27626.0,28186.0,28689.0,29186.0,29580.0,29914.0,30758.0,30484.0,30187.0,30026.0,29966.0,29738.0,29379.0,28907.0,28548.0,28013.0,27527.0,26947.0,26782.0,26471.0,26008.0,25878.0,25607.0,25411.0,25370.0,25508.0,25795.0,25884.0,26198.0,26452.0,26593.0,27129.0,27320.0,27698.0,28006.0
M,59,33856.0,35768.0,36537.0,37378.0,37286.0,38511.0,38892.0,38274.0,38658.0,38855.0,37707.0,37409.0,36020.0,35309.0,34395.0,35468.0,35697.0,36381.0,35523.0,36737.0,36630.0,36373.0,37198.0,37761.0,37462.0,39079.0,39185.0,39640.0,39206.0,38754.0,37452.0,36880.0,36685.0,36403.0,35296.0,34153.0,34314.0,33946.0,32197.0,31041.0,31624.0,31996.0,31662.0,32512.0,32268.0,33262.0,33467.0,32728.0,31914.0,31473.0,30323.0,30333.0,30150.0,30149.0,28786.0,27906.0,27368.0,26375.0,27655.0,25105.0,23827.0,24370.0,25093.0,25238.0,26055.0,26578.0,27212.0,27605.0,28161.0,28663.0,29153.0,29554.0,29884.0,30730.0,30453.0,30157.0,29985.0,29933.0,29707.0,29354.0,28889.0,28521.0,27981.0,27498.0,26921.0,26758.0,26450.0,25992.0,25857.0,25576.0,25391.0,25355.0,25483.0,25778.0,25850.0,26174.0,26422.0,26567.0,27099.0,27294.0,27670.0
M,60,33238.0,33813.0,35738.0,36494.0,37335.0,37244.0,38475.0,38863.0,38233.0,38624.0,38818.0,37665.0,37373.0,35988.0,35276.0,34366.0,35434.0,35659.0,36345.0,35482.0,36712.0,36598.0,36329.0,37168.0,37721.0,37421.0,39044.0,39156.0,39602.0,39166.0,38720.0,37417.0,36837.0,36652.0,36364.0,35260.0,34120.0,34275.0,33913.0,32154.0,31020.0,31590.0,31968.0,31630.0,32482.0,32228.0,33233.0,33431.0,32704.0,31887.0,31438.0,30303.0,30312.0,30116.0,30114.0,28763.0,27881.0,27342.0,26346.0,27619.0,25077.0,23805.0,24339.0,25064.0,25202.0,26029.0,26548.0,27183.0,27574.0,28136.0,28629.0,29113.0,29522.0,29852.0,30699.0,30437.0,30134.0,29950.0,29905.0,29679.0,29334.0,28858.0,28497.0,27949.0,27463.0,26902.0,26724.0,26420.0,25968.0,25822.0,25553.0,25360.0,25331.0,25457.0,25750.0,25824.0,26139.0,26395.0,26532.0,27073.0,27274.0
M,61,32420.0,33204.0,33781.0,35689.0,36458.0,37296.0,37201.0,38437.0,38821.0,38188.0,38585.0,38769.0,37614.0,37338.0,35956.0,35232.0,34332.0,35394.0,35620.0,36310.0,35443.0,36666.0,36557.0,36290.0,37110.0,37667.0,37382.0,38997.0,39109.0,39560.0,39137.0,38684.0,37372.0,36789.0,36606.0,36324.0,35219.0,34074.0,34233.0,33863.0,32127.0,30991.0,31559.0,31933.0,31597.0,32439.0,32191.0,33193.0,33396.0,32661.0,31855.0,31386.0,30263.0,30286.0,30084.0,30080.0,28732.0,27843.0,27312.0,26316.0,27585.0,25059.0,23782.0,24305.0,25034.0,25168.0,25991.0,26515.0,27149.0,27547.0,28102.0,28589.0,29086.0,29488.0,29809.0,30661.0,30411.0,30097.0,29915.0,29872.0,29639.0,29298.0,28831.0,28462.0,27911.0,27439.0,26874.0,26695.0,26394.0,25941.0,25800.0,25525.0,25338.0,25302.0,25436.0,25720.0,25799.0,26106.0,26368.0,26497.0,27047.0
M,62,31875.0,32374.0,33159.0,33742.0,35646.0,36412.0,37244.0,37155.0,38388.0,38771.0,38140.0,38526.0,38718.0,37573.0,37287.0,35910.0,35178.0,34293.0,35341.0,35576.0,36257.0,35390.0,36616.0,36512.0,36222.0,37067.0,37617.0,37332.0,38951.0,39066.0,39509.0,39090.0,38642.0,37323.0,36741.0,36562.0,36271.0,35174.0,34029.0,34186.0,33820.0,32092.0,30942.0,31530.0,31900.0,31556.0,32390.0,32148.0,33140.0,33357.0,32617.0,31810.0,31342.0,30229.0,30248.0,30049.0,30038.0,28694.0,27804.0,27275.0,26274.0,27551.0,25023.0,23745.0,24268.0,24997.0,25132.0,25962.0,26484.0,27117.0,27512.0,28058.0,28558.0,29045.0,29442.0,29763.0,30622.0,30364.0,30053.0,29884.0,29831.0,29614.0,29256.0,28799.0,28414.0,27870.0,27398.0,26835.0,26664.0,26356.0,25915.0,25759.0,25496.0,25310.0,25268.0,25398.0,25686.0,25761.0,26074.0,26335.0,26468.0
M,63,31627.0,31830.0,32326.0,33109.0,33678.0,35607.0,36359.0,37185.0,37099.0,38331.0,38716.0,38086.0,38471.0,38659.0,37529.0,37229.0,35861.0,35129.0,34241.0,35299.0,35532.0,36203.0,35333.0,36571.0,36459.0,36164.0,37013.0,37568.0,37284.0,38906.0,39018.0,39462.0,39023.0,38592.0,37261.0,36689.0,36506.0,36210.0,35126.0,33981.0,34140.0,33768.0,32046.0,30893.0,31491.0,31859.0,31510.0,32352.0,32098.0,33092.0,33311.0,32575.0,31755.0,31308.0,30186.0,30203.0,30010.0,29997.0,28657.0,27763.0,27231.0,26230.0,27500.0,24990.0,23703.0,24238.0,24953.0,25096.0,25923.0,26441.0,27080.0,27471.0,28015.0,28506.0,29007.0,29411.0,29724.0,30581.0,30332.0,30008.0,29838.0,29790.0,29576.0,29211.0,28757.0,28364.0,27830.0,27349.0,26795.0,26623.0,26316.0,25870.0,25716.0,25460.0,25273.0,25224.0,25363.0,25647.0,25713.0,26035.0,26290.0
M,64,30857.0,31567.0,31778.0,32263.0,33063.0,33618.0,35547.0,36304.0,37136.0,37040.0,38271.0,38646.0,38000.0,38394.0,38602.0,37472.0,37165.0,35800.0,35076.0,34197.0,35232.0,35471.0,36141.0,35276.0,36512.0,36407.0,36095.0,36953.0,37514.0,37242.0,38846.0,38956.0,39383.0,38958.0,38520.0,37200.0,36634.0,36436.0,36157.0,35068.0,33919.0,34080.0,33726.0,32001.0,30842.0,31442.0,31805.0,31465.0,32300.0,32034.0,33028.0,33254.0,32520.0,31698.0,31255.0,30138.0,30156.0,29960.0,29945.0,28603.0,27715.0,27191.0,26186.0,27452.0,24945.0,23668.0,24202.0,24920.0,25052.0,25881.0,26405.0,27039.0,27425.0,27971.0,28449.0,28951.0,29354.0,29676.0,30513.0,30282.0,29960.0,29786.0,29723.0,29519.0,29164.0,28715.0,28317.0,27782.0,27297.0,26763.0,26590.0,26273.0,25821.0,25672.0,25416.0,25231.0,25188.0,25330.0,25591.0,25662.0,25988.0
M,65,29861.0,30793.0,31516.0,31716.0,32207.0,33000.0,33549.0,35478.0,36227.0,37060.0,36978.0,38179.0,38575.0,37923.0,38322.0,38515.0,37404.0,37101.0,35732.0,34999.0,34145.0,35171.0,35415.0,36063.0,35197.0,36450.0,36338.0,36031.0,36867.0,37449.0,37170.0,38764.0,38887.0,39312.0,38883.0,38448.0,37124.0,36568.0,36369.0,36079.0,34995.0,33861.0,34019.0,33663.0,31939.0,30789.0,31383.0,31742.0,31421.0,32241.0,31973.0,32973.0,33198.0,32457.0,31639.0,31191.0,30065.0,30087.0,29906.0,29893.0,28542.0,27657.0,27138.0,26132.0,27395.0,24895.0,23618.0,24151.0,24883.0,25008.0,25839.0,26357.0,26972.0,27368.0,27913.0,28403.0,28880.0,29302.0,29626.0,30460.0,30230.0,29902.0,29731.0,29657.0,29458.0,29106.0,28656.0,28270.0,27733.0,27241.0,26722.0,26545.0,26231.0,25772.0,25628.0,25363.0,25179.0,25151.0,25287.0,25535.0,25611.0
M,66,29798.0,29799.0,30701.0,31443.0,31651.0,32129.0,32932.0,33477.0,35406.0,36153.0,36975.0,36912.0,38094.0,38470.0,37831.0,38224.0,38448.0,37318.0,37027.0,35662.0,34932.0,34077.0,35091.0,35338.0,35984.0,35106.0,36363.0,36262.0,35956.0,36777.0,37367.0,37073.0,38684.0,38804.0,39218.0,38789.0,38364.0,37034.0,36478.0,36284.0,36006.0,34912.0,33787.0,33951.0,33609.0,31882.0,30720.0,31313.0,31665.0,31358.0,32168.0,31901.0,32899.0,33126.0,32384.0,31574.0,31124.0,29985.0,30031.0,29853.0,29822.0,28479.0,27603.0,27084.0,26093.0,27328.0,24837.0,23574.0,24104.0,24832.0,24947.0,25785.0,26305.0,26909.0,27294.0,27858.0,28354.0,28833.0,29237.0,29554.0,30388.0,30162.0,29836.0,29673.0,29600.0,29381.0,29035.0,28598.0,28217.0,27679.0,27185.0,26661.0,26495.0,26179.0,25717.0,25579.0,25307.0,25134.0,25098.0,25235.0,25482.0
M,67,28764.0,29734.0,29731.0,30629.0,31379.0,31591.0,32047.0,32859.0,33403.0,35320.0,36071.0,36885.0,36819.0,38006.0,38365.0,37750.0,38127.0,38357.0,37225.0,36932.0,35581.0,34855.0,33982.0,35024.0,35241.0,35905.0,35022.0,36291.0,36172.0,35856.0,36684.0,37265.0,36987.0,38586.0,38705.0,39122.0,38697.0,38274.0,36932.0,36384.0,36210.0,35905.0,34814.0,33708.0,33875.0,33511.0,31799.0,30643.0,31228.0,31573.0,31273.0,32096.0,31815.0,32814.0,33050.0,32295.0,31495.0,31043.0,29912.0,29959.0,29775.0,29758.0,28396.0,27545.0,27008.0,26027.0,27255.0,24763.0,23517.0,24046.0,24779.0,24885.0,25729.0,26256.0,26847.0,27243.0,27798.0,28281.0,28759.0,29161.0,29479.0,30317.0,30087.0,29762.0,29600.0,29530.0,29312.0,28968.0,28528.0,28171.0,27624.0,27109.0,26598.0,26437.0,26118.0,25650.0,25519.0,25240.0,25074.0,25044.0,25174.0
M,68,27721.0,28687.0,29657.0,29643.0,30558.0,31287.0,31502.0,31965.0,32749.0,33299.0,35230.0,35973.0,36785.0,36718.0,37904.0,38256.0,37641.0,38007.0,38253.0,37118.0,36826.0,35487.0,34767.0,33889.0,34916.0,35151.0,35788.0,34931.0,36169.0,36081.0,35768.0,36595.0,37171.0,36873.0,38458.0,38588.0,39005.0,38589.0,38171.0,36838.0,36284.0,36110.0,35794.0,34718.0,33619.0,33797.0,33400.0,31722.0,30560.0,31142.0,31492.0,31180.0,31986.0,31702.0,32714.0,32930.0,32224.0,31414.0,30963.0,29839.0,29877.0,29693.0,29671.0,28311.0,27464.0,26925.0,25938.0,27174.0,24692.0,23443.0,23974.0,24702.0,24792.0,25668.0,26176.0,26791.0,27163.0,27732.0,28201.0,28685.0,29072.0,29402.0,30223.0,30006.0,29688.0,29496.0,29451.0,29232.0,28899.0,28432.0,28097.0,27553.0,27045.0,26518.0,26368.0,26031.0,25572.0,25445.0,25159.0,24998.0,24977.0
M,69,26980.0,27638.0,28606.0,29560.0,29545.0,30452.0,31188.0,31401.0,31862.0,32653.0,33198.0,35127.0,35859.0,36671.0,36595.0,37806.0,38141.0,37500.0,37864.0,38136.0,37023.0,36723.0,35364.0,34669.0,33789.0,34812.0,35029.0,35679.0,34809.0,36057.0,35965.0,35649.0,36478.0,37043.0,36755.0,38346.0,38459.0,38880.0,38459.0,38060.0,36709.0,36159.0,36004.0,35682.0,34607.0,33500.0,33688.0,33297.0,31630.0,30481.0,31035.0,31395.0,31077.0,31872.0,31609.0,32598.0,32828.0,32125.0,31305.0,30861.0,29745.0,29778.0,29591.0,29569.0,28223.0,27387.0,26827.0,25869.0,27080.0,24618.0,23370.0,23901.0,24633.0,24710.0,25564.0,26083.0,26699.0,27073.0,27658.0,28104.0,28588.0,28968.0,29323.0,30122.0,29902.0,29603.0,29406.0,29357.0,29122.0,28815.0,28335.0,28015.0,27474.0,26975.0,26442.0,26275.0,25948.0,25484.0,25358.0,25070.0,24923.0
M,70,26474.0,26883.0,27530.0,28515.0,29448.0,29453.0,30342.0,31083.0,31301.0,31732.0,32539.0,33057.0,35001.0,35730.0,36512.0,36489.0,37667.0,38003.0,37363.0,37702.0,38004.0,36920.0,36599.0,35228.0,34546.0,33663.0,34702.0,34913.0,35558.0,34662.0,35920.0,35846.0,35528.0,36347.0,36910.0,36610.0,38196.0,38314.0,38718.0,38318.0,37929.0,36585.0,36029.0,35875.0,35563.0,34469.0,33372.0,33579.0,33190.0,31505.0,30372.0,30927.0,31292.0,30968.0,31763.0,31506.0,32486.0,32725.0,32011.0,31210.0,30735.0,29624.0,29654.0,29487.0,29455.0,28116.0,27290.0,26733.0,25788.0,26983.0,24518.0,23287.0,23824.0,24528.0,24621.0,25476.0,25976.0,26609.0,26982.0,27568.0,28003.0,28489.0,28865.0,29216.0,30001.0,29802.0,29506.0,29301.0,29252.0,29014.0,28696.0,28211.0,27895.0,27358.0,26894.0,26340.0,26185.0,25862.0,25407.0,25257.0,24987.0
M,71,25160.0,26353.0,26760.0,27415.0,28391.0,29311.0,29321.0,30187.0,30960.0,31172.0,31622.0,32399.0,32927.0,34867.0,35582.0,36364.0,36312.0,37511.0,37854.0,37216.0,37562.0,37834.0,36766.0,36447.0,35082.0,34374.0,33531.0,34550.0,34757.0,35421.0,34523.0,35776.0,35684.0,35391.0,36198.0,36742.0,36460.0,38051.0,38162.0,38555.0,38155.0,37760.0,36421.0,35869.0,35735.0,35424.0,34324.0,33216.0,33452.0,33046.0,31368.0,30257.0,30802.0,31165.0,30846.0,31618.0,31360.0,32355.0,32596.0,31894.0,31088.0,30605.0,29504.0,29537.0,29346.0,29330.0,28002.0,27179.0,26617.0,25674.0,26866.0,24417.0,23190.0,23712.0,24426.0,24532.0,25355.0,25877.0,26498.0,26860.0,27438.0,27905.0,28379.0,28747.0,29087.0,29877.0,29693.0,29379.0,29161.0,29131.0,28894.0,28577.0,28107.0,27771.0,27239.0,26789.0,26205.0,26088.0,25737.0,25305.0,25156.0
M,72,25075.0,25046.0,26210.0,26638.0,27304.0,28224.0,29176.0,29186.0,30054.0,30832.0,31018.0,31467.0,32248.0,32776.0,34711.0,35424.0,36184.0,36145.0,37346.0,37681.0,37028.0,37374.0,37665.0,36583.0,36266.0,34905.0,34208.0,33377.0,34389.0,34608.0,35272.0,34350.0,35614.0,35522.0,35226.0,36040.0,36590.0,36278.0,37877.0,37961.0,38365.0,37986.0,37575.0,36257.0,35712.0,35562.0,35270.0,34178.0,33062.0,33298.0,32900.0,31243.0,30117.0,30670.0,31024.0,30702.0,31478.0,31208.0,32203.0,32421.0,31721.0,30940.0,30484.0,29376.0,29396.0,29218.0,29175.0,27866.0,27071.0,26481.0,25581.0,26739.0,24305.0,23088.0,23605.0,24291.0,24407.0,25254.0,25743.0,26369.0,26722.0,27331.0,27769.0,28249.0,28614.0,28941.0,29763.0,29554.0,29236.0,29032.0,28990.0,28740.0,28442.0,27952.0,27633.0,27087.0,26669.0,26071.0,25969.0,25614.0,25179.0
M,73,24671.0,24939.0,24896.0,26094.0,26504.0,27149.0,28078.0,28999.0,29012.0,29900.0,30679.0,30857.0,31318.0,32061.0,32638.0,34525.0,35230.0,35963.0,35976.0,37160.0,37485.0,36833.0,37137.0,37476.0,36381.0,36061.0,34700.0,34050.0,33198.0,34193.0,34422.0,35115.0,34171.0,35411.0,35317.0,35021.0,35849.0,36414.0,36066.0,37674.0,37785.0,38164.0,37768.0,37379.0,36074.0,35531.0,35391.0,35089.0,33989.0,32887.0,33118.0,32706.0,31075.0,29950.0,30504.0,30856.0,30557.0,31320.0,31037.0,32026.0,32245.0,31549.0,30766.0,30311.0,29226.0,29225.0,29062.0,29023.0,27702.0,26922.0,26341.0,25463.0,26579.0,24182.0,22965.0,23491.0,24146.0,24259.0,25091.0,25626.0,26232.0,26582.0,27180.0,27614.0,28114.0,28465.0,28777.0,29611.0,29383.0,29062.0,28883.0,28819.0,28577.0,28293.0,27787.0,27480.0,26942.0,26506.0,25913.0,25822.0,25472.0
M,74,24612.0,24517.0,24796.0,24738.0,25941.0,26351.0,26976.0,27878.0,28831.0,28824.0,29716.0,30479.0,30669.0,31149.0,31873.0,32443.0,34313.0,35015.0,35726.0,35771.0,36905.0,37238.0,36609.0,36890.0,37226.0,36158.0,35830.0,34487.0,33843.0,33006.0,33974.0,34213.0,34883.0,33937.0,35186.0,35086.0,34808.0,35625.0,36195.0,35856.0,37439.0,37569.0,37947.0,37527.0,37156.0,35844.0,35298.0,35159.0,34891.0,33770.0,32661.0,32869.0,32499.0,30885.0,29767.0,30313.0,30642.0,30357.0,31135.0,30830.0,31835.0,32041.0,31373.0,30572.0,30159.0,29039.0,29055.0,28871.0,28851.0,27541.0,26744.0,26181.0,25322.0,26411.0,24023.0,22834.0,23334.0,23999.0,24107.0,24932.0,25461.0,26046.0,26411.0,27018.0,27431.0,27945.0,28272.0,28588.0,29427.0,29201.0,28866.0,28709.0,28625.0,28410.0,28106.0,27635.0,27291.0,26791.0,26350.0,25740.0,25658.0
M,75,24288.0,24430.0,24356.0,24633.0,24580.0,25763.0,26161.0,26795.0,27672.0,28627.0,28629.0,29509.0,30279.0,30465.0,30909.0,31649.0,32227.0,34074.0,34770.0,35468.0,35524.0,36623.0,36977.0,36350.0,36642.0,36950.0,35899.0,35578.0,34240.0,33600.0,32793.0,33713.0,33990.0,34662.0,33707.0,34936.0,34830.0,34552.0,35358.0,35944.0,35606.0,37148.0,37316.0,37669.0,37287.0,36916.0,35555.0,35076.0,34935.0,34662.0,33514.0,32447.0,32633.0,32251.0,30687.0,29573.0,30097.0,30462.0,30147.0,30918.0,30615.0,31595.0,31815.0,31171.0,30360.0,29952.0,28876.0,28868.0,28684.0,28660.0,27358.0,26555.0,25997.0,25148.0,26220.0,23855.0,22672.0,23172.0,23835.0,23928.0,24767.0,25285.0,25864.0,26231.0,26821.0,27232.0,27765.0,28077.0,28373.0,29232.0,29012.0,28683.0,28523.0,28394.0,28207.0,27897.0,27418.0,27083.0,26609.0,26167.0,25575.0
M,76,24418.0,24097.0,24214.0,24177.0,24436.0,24401.0,25537.0,25967.0,26574.0,27441.0,28402.0,28386.0,29294.0,30047.0,30209.0,30649.0,31387.0,31963.0,33823.0,34499.0,35149.0,35269.0,36323.0,36677.0,36045.0,36332.0,36626.0,35629.0,35307.0,33968.0,33320.0,32528.0,33455.0,33714.0,34374.0,33419.0,34637.0,34561.0,34299.0,35086.0,35647.0,35320.0,36850.0,37014.0,37363.0,36998.0,36620.0,35273.0,34766.0,34633.0,34376.0,33261.0,32177.0,32379.0,31981.0,30442.0,29351.0,29880.0,30226.0,29902.0,30681.0,30389.0,31345.0,31541.0,30912.0,30132.0,29698.0,28640.0,28653.0,28437.0,28430.0,27147.0,26348.0,25791.0,24940.0,26054.0,23680.0,22509.0,22996.0,23636.0,23754.0,24558.0,25088.0,25661.0,26025.0,26635.0,27027.0,27521.0,27839.0,28183.0,28993.0,28768.0,28457.0,28296.0,28150.0,27968.0,27666.0,27208.0,26874.0,26409.0,25955.0
M,77,20835.0,24210.0,23905.0,24004.0,23943.0,24217.0,24170.0,25302.0,25697.0,26324.0,27201.0,28143.0,28153.0,29021.0,29776.0,29927.0,30366.0,31112.0,31677.0,33544.0,34219.0,34849.0,34915.0,36014.0,36361.0,35710.0,36010.0,36326.0,35300.0,34991.0,33644.0,32995.0,32228.0,33177.0,33408.0,34062.0,33102.0,34308.0,34207.0,33963.0,34760.0,35307.0,35023.0,36512.0,36693.0,37028.0,36678.0,36269.0,34958.0,34443.0,34343.0,34071.0,32932.0,31904.0,32062.0,31713.0,30173.0,29062.0,29638.0,29964.0,29623.0,30392.0,30112.0,31035.0,31210.0,30618.0,29861.0,29456.0,28388.0,28393.0,28194.0,28175.0,26930.0,26120.0,25575.0,24722.0,25811.0,23478.0,22334.0,22792.0,23406.0,23506.0,24326.0,24845.0,25416.0,25781.0,26422.0,26812.0,27247.0,27564.0,27899.0,28745.0,28507.0,28202.0,28049.0,27897.0,27717.0,27425.0,26987.0,26627.0,26172.0
M,78,19491.0,20635.0,23968.0,23671.0,23752.0,23674.0,23951.0,23943.0,25026.0,25439.0,26024.0,26913.0,27836.0,27832.0,28722.0,29472.0,29586.0,30041.0,30803.0,31360.0,33236.0,33874.0,34467.0,34537.0,35611.0,35972.0,35342.0,35666.0,35934.0,34919.0,34623.0,33267.0,32660.0,31895.0,32864.0,33076.0,33725.0,32808.0,33951.0,33830.0,33592.0,34365.0,34932.0,34629.0,36168.0,36329.0,36660.0,36286.0,35857.0,34600.0,34050.0,33996.0,33735.0,32625.0,31611.0,31711.0,31409.0,29889.0,28798.0,29357.0,29649.0,29335.0,30094.0,29788.0,30714.0,30859.0,30306.0,29581.0,29152.0,28034.0,28089.0,27886.0,27899.0,26652.0,25836.0,25335.0,24443.0,25557.0,23247.0,22090.0,22565.0,23153.0,23279.0,24060.0,24557.0,25166.0,25491.0,26150.0,26547.0,26960.0,27297.0,27591.0,28459.0,28221.0,27917.0,27752.0,27598.0,27425.0,27155.0,26696.0,26366.0
M,79,16617.0,19251.0,20408.0,23683.0,23375.0,23453.0,23385.0,23656.0,23674.0,24732.0,25151.0,25717.0,26547.0,27495.0,27476.0,28359.0,29116.0,29219.0,29647.0,30462.0,31013.0,32865.0,33456.0,34056.0,34130.0,35199.0,35568.0,34938.0,35249.0,35507.0,34523.0,34237.0,32869.0,32280.0,31501.0,32528.0,32677.0,33356.0,32407.0,33576.0,33424.0,33191.0,33911.0,34520.0,34236.0,35764.0,35914.0,36218.0,35843.0,35397.0,34191.0,33630.0,33598.0,33310.0,32244.0,31219.0,31309.0,31054.0,29533.0,28431.0,29031.0,29282.0,29040.0,29713.0,29459.0,30378.0,30491.0,29957.0,29197.0,28832.0,27684.0,27780.0,27566.0,27591.0,26363.0,25536.0,25024.0,24160.0,25272.0,22967.0,21838.0,22284.0,22872.0,23003.0,23755.0,24236.0,24892.0,25205.0,25849.0,26205.0,26646.0,26990.0,27297.0,28106.0,27887.0,27603.0,27398.0,27269.0,27100.0,26825.0,26420.0
M,80,14484.0,16407.0,19009.0,20149.0,23371.0,23097.0,23153.0,23080.0,23394.0,23351.0,24401.0,24785.0,25351.0,26182.0,27121.0,27088.0,27978.0,28742.0,28853.0,29252.0,30037.0,30616.0,32425.0,33004.0,33570.0,33659.0,34752.0,35111.0,34480.0,34769.0,35027.0,34058.0,33765.0,32448.0,31886.0,31068.0,32094.0,32275.0,32887.0,31969.0,33131.0,33021.0,32765.0,33451.0,34044.0,33754.0,35297.0,35438.0,35714.0,35388.0,34904.0,33742.0,33162.0,33128.0,32896.0,31777.0,30826.0,30882.0,30639.0,29124.0,28049.0,28650.0,28891.0,28662.0,29305.0,29061.0,29979.0,30059.0,29537.0,28806.0,28468.0,27334.0,27414.0,27212.0,27209.0,25974.0,25172.0,24697.0,23837.0,24939.0,22649.0,21571.0,21987.0,22610.0,22715.0,23448.0,23924.0,24566.0,24885.0,25484.0,25844.0,26296.0,26627.0,26916.0,27730.0,27532.0,27241.0,27023.0,26898.0,26727.0,26480.0
M,81,11843.0,14258.0,16151.0,18707.0,19832.0,23011.0,22751.0,22824.0,22723.0,23038.0,23011.0,24022.0,24407.0,24978.0,25808.0,26678.0,26631.0,27530.0,28288.0,28388.0,28801.0,29571.0,30165.0,31922.0,32498.0,33046.0,33161.0,34225.0,34601.0,33975.0,34191.0,34484.0,33557.0,33246.0,31924.0,31355.0,30587.0,31581.0,31754.0,32383.0,31504.0,32642.0,32450.0,32299.0,32955.0,33512.0,33235.0,34749.0,34881.0,35146.0,34833.0,34368.0,33216.0,32623.0,32630.0,32413.0,31278.0,30334.0,30448.0,30146.0,28697.0,27638.0,28234.0,28484.0,28187.0,28889.0,28613.0,29510.0,29605.0,29062.0,28336.0,28062.0,26931.0,26992.0,26818.0,26780.0,25568.0,24781.0,24329.0,23470.0,24528.0,22283.0,21246.0,21669.0,22238.0,22365.0,23067.0,23582.0,24189.0,24521.0,25113.0,25466.0,25866.0,26224.0,26489.0,27293.0,27092.0,26850.0,26641.0,26461.0,26331.0
M,82,11475.0,11635.0,14030.0,15884.0,18384.0,19487.0,22617.0,22362.0,22442.0,22307.0,22625.0,22585.0,23598.0,23949.0,24580.0,25332.0,26184.0,26203.0,27050.0,27780.0,27847.0,28285.0,29041.0,29627.0,31368.0,31937.0,32461.0,32569.0,33626.0,34048.0,33411.0,33543.0,33874.0,33000.0,32685.0,31405.0,30803.0,30045.0,31055.0,31203.0,31786.0,30938.0,32098.0,31845.0,31745.0,32390.0,32934.0,32659.0,34177.0,34261.0,34526.0,34240.0,33790.0,32655.0,32038.0,32041.0,31814.0,30753.0,29795.0,29967.0,29608.0,28209.0,27134.0,27736.0,27982.0,27689.0,28391.0,28132.0,29002.0,29069.0,28551.0,27846.0,27549.0,26439.0,26532.0,26330.0,26314.0,25117.0,24364.0,23891.0,23053.0,24105.0,21877.0,20893.0,21300.0,21843.0,22019.0,22672.0,23161.0,23791.0,24115.0,24671.0,25015.0,25387.0,25758.0,26039.0,26828.0,26577.0,26376.0,26189.0,26020.0
M,83,10253.0,11243.0,11391.0,13750.0,15597.0,18016.0,19107.0,22197.0,21910.0,21966.0,21871.0,22181.0,22148.0,23133.0,23484.0,24081.0,24837.0,25644.0,25688.0,26520.0,27208.0,27343.0,27734.0,28450.0,29039.0,30742.0,31282.0,31855.0,31944.0,32959.0,33351.0,32755.0,32853.0,33232.0,32339.0,32027.0,30784.0,30227.0,29456.0,30449.0,30597.0,31123.0,30289.0,31426.0,31243.0,31111.0,31773.0,32268.0,32006.0,33483.0,33611.0,33879.0,33545.0,33103.0,31962.0,31407.0,31406.0,31179.0,30144.0,29214.0,29364.0,29038.0,27629.0,26612.0,27176.0,27369.0,27126.0,27851.0,27589.0,28455.0,28443.0,28000.0,27288.0,26972.0,25894.0,26015.0,25805.0,25811.0,24606.0,23898.0,23403.0,22611.0,23629.0,21462.0,20490.0,20880.0,21397.0,21571.0,22239.0,22700.0,23299.0,23632.0,24176.0,24481.0,24868.0,25271.0,25516.0,26293.0,26038.0,25825.0,25651.0
M,84,9065.0,10029.0,11013.0,11145.0,13440.0,15230.0,17623.0,18705.0,21699.0,21388.0,21449.0,21384.0,21679.0,21642.0,22611.0,22981.0,23523.0,24264.0,25062.0,25069.0,25938.0,26566.0,26722.0,27095.0,27826.0,28408.0,30019.0,30602.0,31094.0,31204.0,32224.0,32574.0,31962.0,32126.0,32444.0,31601.0,31255.0,30093.0,29527.0,28790.0,29792.0,29950.0,30402.0,29610.0,30702.0,30569.0,30418.0,31073.0,31499.0,31298.0,32753.0,32825.0,33105.0,32748.0,32358.0,31237.0,30728.0,30673.0,30470.0,29432.0,28542.0,28677.0,28402.0,27001.0,26035.0,26566.0,26760.0,26512.0,27196.0,26981.0,27782.0,27792.0,27379.0,26673.0,26341.0,25304.0,25483.0,25217.0,25204.0,24090.0,23384.0,22873.0,22090.0,23075.0,20964.0,20041.0,20402.0,20952.0,21089.0,21747.0,22192.0,22748.0,23116.0,23618.0,23949.0,24295.0,24681.0,24932.0,25705.0,25508.0,25314.0
M,85,7812.0,8838.0,9751.0,10713.0,10823.0,13120.0,14801.0,17140.0,18195.0,21105.0,20833.0,20908.0,20816.0,21129.0,21076.0,22025.0,22389.0,22901.0,23611.0,24405.0,24417.0,25262.0,25884.0,26062.0,26386.0,27108.0,27691.0,29259.0,29780.0,30299.0,30416.0,31383.0,31715.0,31134.0,31293.0,31606.0,30768.0,30417.0,29268.0,28717.0,28062.0,29055.0,29222.0,29611.0,28835.0,29938.0,29769.0,29629.0,30298.0,30651.0,30498.0,31885.0,31954.0,32243.0,31920.0,31503.0,30445.0,29931.0,29840.0,29680.0,28686.0,27806.0,27945.0,27683.0,26327.0,25327.0,25912.0,26073.0,25835.0,26470.0,26293.0,27051.0,27088.0,26707.0,26000.0,25683.0,24643.0,24796.0,24586.0,24545.0,23495.0,22794.0,22287.0,21556.0,22499.0,20447.0,19559.0,19851.0,20410.0,20529.0,21161.0,21591.0,22141.0,22530.0,23048.0,23360.0,23663.0,24054.0,24296.0,25080.0,24846.0
M,86,6657.0,7582.0,8569.0,9467.0,10408.0,10515.0,12723.0,14333.0,16620.0,17660.0,20488.0,20271.0,20303.0,20250.0,20531.0,20407.0,21351.0,21738.0,22190.0,22940.0,23653.0,23683.0,24491.0,25113.0,25272.0,25575.0,26329.0,26889.0,28433.0,28904.0,29399.0,29550.0,30407.0,30800.0,30224.0,30372.0,30633.0,29906.0,29535.0,28350.0,27860.0,27245.0,28142.0,28331.0,28733.0,28025.0,29018.0,28888.0,28765.0,29450.0,29759.0,29537.0,31016.0,31039.0,31300.0,30932.0,30628.0,29564.0,29033.0,28949.0,28823.0,27856.0,26892.0,27107.0,26900.0,25537.0,24586.0,25161.0,25274.0,25103.0,25685.0,25486.0,26234.0,26307.0,25909.0,25195.0,24920.0,23920.0,24096.0,23858.0,23838.0,22781.0,22157.0,21593.0,20915.0,21826.0,19865.0,18970.0,19282.0,19835.0,19847.0,20539.0,20962.0,21469.0,21861.0,22363.0,22656.0,22977.0,23343.0,23580.0,24334.0
M,87,5523.0,6439.0,7349.0,8284.0,9160.0,10040.0,10155.0,12277.0,13831.0,16084.0,17067.0,19790.0,19580.0,19647.0,19576.0,19846.0,19726.0,20647.0,21028.0,21446.0,22184.0,22861.0,22882.0,23656.0,24236.0,24416.0,24767.0,25485.0,26042.0,27524.0,27910.0,28478.0,28599.0,29340.0,29731.0,29242.0,29363.0,29641.0,28949.0,28571.0,27425.0,26941.0,26309.0,27141.0,27383.0,27771.0,27054.0,28025.0,27972.0,27752.0,28456.0,28763.0,28528.0,30011.0,30008.0,30217.0,29888.0,29623.0,28561.0,28073.0,27978.0,27851.0,26876.0,25952.0,26192.0,26000.0,24687.0,23738.0,24307.0,24387.0,24291.0,24863.0,24651.0,25353.0,25403.0,24998.0,24344.0,24101.0,23046.0,23261.0,23034.0,23018.0,22043.0,21400.0,20868.0,20197.0,21089.0,19207.0,18327.0,18641.0,19152.0,19193.0,19849.0,20283.0,20793.0,21116.0,21672.0,21882.0,22214.0,22571.0,22811.0
M,88,4721.0,5330.0,6178.0,7087.0,7987.0,8788.0,9645.0,9785.0,11819.0,13308.0,15474.0,16457.0,19022.0,18837.0,18895.0,18824.0,19108.0,18971.0,19881.0,20271.0,20637.0,21338.0,21962.0,22038.0,22734.0,23291.0,23508.0,23867.0,24510.0,25096.0,26441.0,26844.0,27370.0,27477.0,28257.0,28663.0,28134.0,28209.0,28577.0,27831.0,27448.0,26348.0,25948.0,25335.0,26109.0,26350.0,26712.0,26038.0,26920.0,26918.0,26686.0,27390.0,27654.0,27399.0,28867.0,28893.0,29031.0,28726.0,28482.0,27445.0,27022.0,26885.0,26757.0,25871.0,25019.0,25146.0,24999.0,23752.0,22819.0,23334.0,23410.0,23413.0,23881.0,23704.0,24391.0,24430.0,24062.0,23401.0,23174.0,22212.0,22373.0,22150.0,22140.0,21194.0,20592.0,20073.0,19431.0,20271.0,18468.0,17631.0,17914.0,18389.0,18473.0,19149.0,19530.0,20005.0,20360.0,20837.0,21037.0,21352.0,21682.0
M,89,4033.0,4523.0,5128.0,5909.0,6764.0,7663.0,8389.0,9221.0,9373.0,11342.0,12740.0,14757.0,15706.0,18164.0,18020.0,18081.0,18004.0,18319.0,18175.0,19045.0,19434.0,19732.0,20465.0,21001.0,21113.0,21703.0,22288.0,22465.0,22842.0,23463.0,23997.0,25345.0,25675.0,26142.0,26265.0,27038.0,27353.0,26924.0,27002.0,27346.0,26656.0,26249.0,25185.0,24851.0,24203.0,24966.0,25222.0,25572.0,24915.0,25806.0,25753.0,25523.0,26163.0,26421.0,26191.0,27616.0,27625.0,27753.0,27471.0,27222.0,26316.0,25851.0,25668.0,25567.0,24717.0,23884.0,24105.0,23899.0,22743.0,21874.0,22306.0,22435.0,22362.0,22872.0,22624.0,23310.0,23421.0,23061.0,22444.0,22089.0,21284.0,21402.0,21227.0,21175.0,20272.0,19694.0,19190.0,18585.0,19328.0,17667.0,16848.0,17096.0,17621.0,17684.0,18321.0,18690.0,19144.0,19468.0,19928.0,20100.0,20391.0
M,90,3616.0,3572.0,3998.0,4507.0,5223.0,5959.0,6755.0,7421.0,8096.0,8230.0,9978.0,11215.0,13057.0,13766.0,15984.0,15827.0,15921.0,15789.0,16092.0,16055.0,16753.0,17093.0,17336.0,17957.0,18471.0,18488.0,19047.0,19589.0,19808.0,20116.0,20588.0,21210.0,22293.0,22556.0,22971.0,23124.0,23773.0,24145.0,23710.0,23746.0,24035.0,23545.0,23064.0,22112.0,21912.0,21303.0,22043.0,22127.0,22512.0,21959.0,22649.0,22625.0,22495.0,23055.0,23145.0,22980.0,24380.0,24226.0,24409.0,24143.0,23975.0,23185.0,22784.0,22565.0,22525.0,21668.0,21038.0,21262.0,20908.0,20010.0,19280.0,19666.0,19699.0,19687.0,20209.0,19862.0,20517.0,20638.0,20304.0,19726.0,19486.0,18770.0,18747.0,18734.0,18594.0,17854.0,17277.0,16979.0,16366.0,17036.0,15547.0,14843.0,15051.0,15453.0,15606.0,16126.0,16482.0,16907.0,17143.0,17489.0,17685.0
M,91,2747.0,3066.0,3046.0,3362.0,3798.0,4417.0,5012.0,5735.0,6253.0,6819.0,6978.0,8443.0,9471.0,11032.0,11692.0,13499.0,13373.0,13479.0,13345.0,13576.0,13560.0,14129.0,14425.0,14678.0,15210.0,15660.0,15664.0,16132.0,16654.0,16733.0,17056.0,17390.0,17850.0,18901.0,19066.0,19482.0,19444.0,19998.0,20452.0,20069.0,20011.0,20326.0,19941.0,19501.0,18707.0,18471.0,18012.0,18560.0,18732.0,19024.0,18466.0,19220.0,19116.0,18962.0,19499.0,19628.0,19425.0,20594.0,20572.0,20680.0,20367.0,20238.0,19570.0,19223.0,19080.0,19160.0,18312.0,17783.0,17988.0,17658.0,16997.0,16270.0,16707.0,16654.0,16525.0,17089.0,16831.0,17363.0,17471.0,17204.0,16718.0,16448.0,15829.0,15870.0,15865.0,15809.0,15100.0,14669.0,14334.0,13891.0,14331.0,13128.0,12578.0,12738.0,13044.0,13115.0,13621.0,13863.0,14303.0,14447.0,14681.0
M,92,2294.0,2213.0,2495.0,2477.0,2732.0,3108.0,3607.0,4063.0,4644.0,4985.0,5531.0,5646.0,6848.0,7670.0,8935.0,9499.0,10949.0,10789.0,10873.0,10909.0,10890.0,11058.0,11482.0,11671.0,11957.0,12212.0,12750.0,12631.0,13070.0,13476.0,13503.0,13826.0,14033.0,14476.0,15273.0,15483.0,15939.0,15785.0,16167.0,16556.0,16219.0,16257.0,16411.0,16206.0,15801.0,15168.0,14967.0,14601.0,15031.0,15265.0,15411.0,14942.0,15585.0,15532.0,15401.0,15842.0,15829.0,15724.0,16720.0,16619.0,16783.0,16512.0,16359.0,15832.0,15416.0,15471.0,15495.0,14782.0,14431.0,14597.0,14293.0,13750.0,13173.0,13529.0,13535.0,13371.0,13838.0,13632.0,14047.0,14097.0,13894.0,13515.0,13253.0,12868.0,12833.0,12811.0,12821.0,12211.0,11931.0,11558.0,11211.0,11634.0,10640.0,10278.0,10332.0,10612.0,10611.0,11013.0,11268.0,11578.0,11768.0
M,93,1703.0,1764.0,1689.0,1936.0,1915.0,2127.0,2397.0,2768.0,3165.0,3586.0,3865.0,4319.0,4371.0,5306.0,5958.0,6939.0,7380.0,8451.0,8266.0,8425.0,8456.0,8412.0,8538.0,8910.0,9002.0,9374.0,9411.0,9910.0,9727.0,10113.0,10415.0,10467.0,10767.0,10854.0,11303.0,11822.0,11974.0,12251.0,12263.0,12609.0,12767.0,12669.0,12669.0,12732.0,12564.0,12252.0,11719.0,11588.0,11295.0,11735.0,11823.0,11869.0,11530.0,12031.0,12137.0,11922.0,12271.0,12262.0,12234.0,13010.0,12847.0,12984.0,12895.0,12554.0,12238.0,11964.0,12011.0,12031.0,11503.0,11156.0,11264.0,11034.0,10584.0,10199.0,10502.0,10506.0,10412.0,10664.0,10574.0,10914.0,11013.0,10832.0,10440.0,10264.0,10016.0,9961.0,9940.0,9965.0,9478.0,9208.0,8930.0,8595.0,8960.0,8166.0,7965.0,8075.0,8187.0,8237.0,8488.0,8755.0,8968.0
M,94,1256.0,1228.0,1305.0,1232.0,1414.0,1423.0,1531.0,1797.0,2065.0,2342.0,2633.0,2886.0,3221.0,3280.0,3892.0,4382.0,5123.0,5460.0,6222.0,6137.0,6267.0,6311.0,6338.0,6348.0,6644.0,6683.0,6927.0,7010.0,7416.0,7119.0,7449.0,7807.0,7806.0,7884.0,8097.0,8456.0,8757.0,8841.0,9036.0,9042.0,9382.0,9441.0,9326.0,9308.0,9376.0,9324.0,9085.0,8675.0,8445.0,8356.0,8737.0,8751.0,8783.0,8516.0,8927.0,8981.0,8828.0,9088.0,9028.0,9045.0,9642.0,9494.0,9636.0,9535.0,9301.0,9089.0,8917.0,8891.0,8886.0,8497.0,8316.0,8280.0,8219.0,7838.0,7524.0,7753.0,7763.0,7663.0,7863.0,7826.0,8090.0,8145.0,8004.0,7679.0,7558.0,7298.0,7370.0,7349.0,7439.0,6912.0,6808.0,6597.0,6267.0,6666.0,6051.0,5913.0,5927.0,6010.0,6174.0,6356.0,6464.0
M,95,887.0,895.0,880.0,920.0,882.0,1020.0,992.0,1074.0,1263.0,1460.0,1650.0,1869.0,2027.0,2301.0,2343.0,2755.0,3053.0,3655.0,3840.0,4348.0,4223.0,4339.0,4443.0,4484.0,4468.0,4693.0,4730.0,4904.0,4886.0,5247.0,5082.0,5177.0,5513.0,5505.0,5491.0,5618.0,5990.0,6172.0,6375.0,6350.0,6323.0,6653.0,6601.0,6550.0,6521.0,6608.0,6557.0,6399.0,6096.0,6023.0,5838.0,6114.0,6254.0,6160.0,5912.0,6324.0,6270.0,6274.0,6319.0,6329.0,6340.0,6863.0,6678.0,6788.0,6829.0,6535.0,6443.0,6324.0,6214.0,6215.0,5991.0,5742.0,5768.0,5801.0,5526.0,5300.0,5479.0,5473.0,5437.0,5546.0,5523.0,5718.0,5790.0,5650.0,5409.0,5338.0,5166.0,5221.0,5191.0,5281.0,4856.0,4787.0,4691.0,4455.0,4661.0,4294.0,4109.0,4231.0,4296.0,4344.0,4477.0
M,96,692.0,611.0,591.0,600.0,609.0,604.0,685.0,633.0,711.0,825.0,962.0,1080.0,1274.0,1330.0,1603.0,1572.0,1862.0,2023.0,2435.0,2586.0,2869.0,2840.0,2907.0,2975.0,3023.0,2967.0,3156.0,3143.0,3236.0,3262.0,3523.0,3382.0,3437.0,3752.0,3685.0,3636.0,3751.0,4041.0,4170.0,4311.0,4244.0,4183.0,4468.0,4432.0,4424.0,4324.0,4494.0,4480.0,4225.0,4097.0,4022.0,3932.0,4037.0,4199.0,4151.0,3956.0,4197.0,4172.0,4186.0,4197.0,4204.0,4249.0,4626.0,4474.0,4565.0,4613.0,4374.0,4293.0,4252.0,4142.0,4207.0,4048.0,3897.0,3824.0,3860.0,3640.0,3563.0,3700.0,3638.0,3665.0,3769.0,3638.0,3808.0,3896.0,3750.0,3625.0,3544.0,3446.0,3518.0,3521.0,3576.0,3227.0,3177.0,3148.0,3056.0,3060.0,2887.0,2780.0,2854.0,2950.0,2913.0
M,97,469.0,447.0,373.0,377.0,377.0,393.0,369.0,446.0,413.0,454.0,537.0,612.0,680.0,777.0,863.0,1012.0,959.0,1210.0,1276.0,1519.0,1641.0,1757.0,1847.0,1878.0,1876.0,1914.0,1898.0,2011.0,1980.0,2087.0,2085.0,2265.0,2134.0,2208.0,2448.0,2354.0,2282.0,2403.0,2596.0,2629.0,2746.0,2738.0,2620.0,2827.0,2854.0,2825.0,2765.0,2881.0,2870.0,2672.0,2576.0,2556.0,2501.0,2551.0,2647.0,2609.0,2518.0,2680.0,2684.0,2633.0,2702.0,2712.0,2718.0,2953.0,2871.0,2926.0,2917.0,2777.0,2733.0,2710.0,2640.0,2671.0,2552.0,2480.0,2425.0,2385.0,2334.0,2261.0,2297.0,2307.0,2365.0,2403.0,2320.0,2369.0,2469.0,2379.0,2298.0,2273.0,2208.0,2277.0,2213.0,2272.0,2092.0,2037.0,2026.0,1985.0,1940.0,1826.0,1770.0,1835.0,1841.0
M,98,286.0,287.0,266.0,221.0,214.0,234.0,243.0,212.0,255.0,254.0,263.0,318.0,382.0,409.0,463.0,514.0,599.0,552.0,711.0,779.0,929.0,1007.0,1025.0,1110.0,1057.0,1139.0,1124.0,1122.0,1217.0,1179.0,1278.0,1235.0,1323.0,1257.0,1348.0,1484.0,1388.0,1366.0,1447.0,1550.0,1594.0,1629.0,1640.0,1560.0,1667.0,1724.0,1718.0,1699.0,1705.0,1727.0,1572.0,1536.0,1531.0,1466.0,1509.0,1591.0,1578.0,1509.0,1615.0,1588.0,1615.0,1587.0,1655.0,1630.0,1785.0,1711.0,1734.0,1781.0,1671.0,1622.0,1600.0,1646.0,1631.0,1511.0,1465.0,1506.0,1417.0,1417.0,1376.0,1353.0,1423.0,1456.0,1387.0,1401.0,1409.0,1487.0,1460.0,1347.0,1418.0,1317.0,1327.0,1322.0,1364.0,1242.0,1231.0,1236.0,1176.0,1134.0,1109.0,1024.0,1118.0
M,99,174.0,156.0,165.0,152.0,110.0,115.0,127.0,142.0,113.0,139.0,144.0,146.0,176.0,227.0,244.0,244.0,303.0,332.0,313.0,395.0,439.0,515.0,579.0,562.0,636.0,605.0,624.0,603.0,612.0,657.0,626.0,715.0,655.0,742.0,710.0,768.0,819.0,761.0,788.0,840.0,864.0,896.0,919.0,900.0,898.0,960.0,1011.0,1030.0,952.0,999.0,985.0,886.0,877.0,840.0,832.0,859.0,874.0,901.0,876.0,895.0,872.0,940.0,869.0,906.0,910.0,1000.0,982.0,994.0,1038.0,941.0,933.0,915.0,945.0,928.0,829.0,795.0,842.0,786.0,791.0,783.0,743.0,822.0,804.0,805.0,788.0,786.0,858.0,856.0,732.0,798.0,737.0,749.0,752.0,807.0,701.0,701.0,704.0,673.0,638.0,621.0,580.0
M,100,95.0,95.0,88.0,95.0,80.0,60.0,61.0,68.0,79.0,65.0,83.0,81.0,71.0,94.0,112.0,129.0,119.0,179.0,185.0,169.0,205.0,220.0,269.0,319.0,302.0,342.0,330.0,334.0,311.0,293.0,346.0,341.0,372.0,351.0,387.0,364.0,425.0,456.0,412.0,434.0,467.0,450.0,476.0,508.0,501.0,462.0,518.0,531.0,527.0,502.0,518.0,509.0,457.0,490.0,416.0,428.0,466.0,480.0,477.0,454.0,483.0,480.0,533.0,457.0,484.0,482.0,517.0,508.0,539.0,563.0,517.0,488.0,495.0,473.0,483.0,468.0,423.0,417.0,424.0,393.0,420.0,401.0,433.0,413.0,412.0,444.0,405.0,471.0,438.0,375.0,419.0,397.0,391.0,401.0,473.0,358.0,366.0,372.0,358.0,332.0,343.0
M,101,54.0,53.0,51.0,38.0,37.0,40.0,31.0,38.0,34.0,41.0,34.0,43.0,42.0,31.0,49.0,64.0,57.0,59.0,83.0,101.0,74.0,98.0,110.0,145.0,144.0,162.0,162.0,177.0,167.0,160.0,139.0,165.0,172.0,178.0,163.0,185.0,177.0,211.0,219.0,203.0,225.0,227.0,235.0,220.0,259.0,259.0,234.0,250.0,258.0,265.0,252.0,254.0,228.0,206.0,254.0,200.0,194.0,238.0,221.0,230.0,221.0,245.0,226.0,268.0,220.0,232.0,247.0,258.0,262.0,308.0,261.0,238.0,252.0,233.0,232.0,238.0,241.0,203.0,196.0,223.0,211.0,212.0,193.0,210.0,204.0,208.0,220.0,193.0,239.0,207.0,186.0,231.0,202.0,191.0,201.0,241.0,191.0,175.0,186.0,172.0,174.0
M,102,32.0,25.0,22.0,20.0,20.0,16.0,20.0,12.0,23.0,19.0,16.0,12.0,26.0,23.0,11.0,20.0,34.0,27.0,29.0,40.0,44.0,40.0,53.0,39.0,67.0,65.0,78.0,72.0,78.0,79.0,76.0,57.0,82.0,76.0,77.0,64.0,74.0,77.0,100.0,100.0,98.0,92.0,111.0,100.0,93.0,131.0,116.0,100.0,91.0,124.0,126.0,126.0,106.0,119.0,89.0,135.0,95.0,92.0,95.0,91.0,103.0,117.0,122.0,106.0,126.0,103.0,105.0,102.0,123.0,116.0,143.0,99.0,105.0,103.0,108.0,103.0,111.0,117.0,99.0,92.0,103.0,85.0,90.0,89.0,95.0,85.0,107.0,90.0,88.0,108.0,91.0,90.0,109.0,98.0,97.0,90.0,113.0,100.0,81.0,88.0,84.0
M,103,21.0,11.0,7.0,11.0,13.0,7.0,9.0,5.0,4.0,9.0,5.0,5.0,4.0,10.0,9.0,4.0,5.0,16.0,9.0,10.0,16.0,17.0,18.0,28.0,12.0,16.0,22.0,40.0,25.0,26.0,35.0,30.0,23.0,38.0,37.0,23.0,27.0,30.0,32.0,41.0,41.0,45.0,37.0,46.0,50.0,44.0,62.0,43.0,38.0,40.0,46.0,60.0,51.0,36.0,52.0,37.0,58.0,37.0,39.0,36.0,42.0,38.0,46.0,52.0,48.0,57.0,44.0,47.0,56.0,49.0,43.0,64.0,41.0,39.0,49.0,52.0,52.0,41.0,57.0,43.0,39.0,45.0,33.0,42.0,36.0,42.0,36.0,43.0,38.0,40.0,52.0,34.0,34.0,52.0,41.0,42.0,35.0,48.0,40.0,31.0,38.0
M,104,5.0,12.0,4.0,1.0,3.0,6.0,2.0,4.0,3.0,1.0,5.0,1.0,3.0,1.0,5.0,2.0,3.0,2.0,6.0,3.0,2.0,8.0,5.0,6.0,7.0,2.0,2.0,6.0,18.0,7.0,12.0,11.0,12.0,9.0,15.0,12.0,7.0,12.0,14.0,13.0,12.0,14.0,21.0,19.0,23.0,22.0,29.0,28.0,17.0,17.0,12.0,13.0,20.0,21.0,12.0,19.0,13.0,23.0,16.0,10.0,14.0,10.0,13.0,21.0,16.0,19.0,15.0,17.0,19.0,23.0,24.0,11.0,25.0,14.0,12.0,22.0,19.0,21.0,13.0,18.0,14.0,14.0,20.0,10.0,17.0,15.0,12.0,14.0,15.0,13.0,17.0,21.0,11.0,11.0,15.0,20.0,23.0,11.0,20.0,20.0,10.0
M,105,28.0,3.0,3.0,3.0,,1.0,2.0,2.0,2.0,,,,,,1.0,2.0,2.0,1.0,1.0,4.0,1.0,,3.0,4.0,2.0,2.0,2.0,1.0,3.0,7.0,2.0,7.0,3.0,1.0,4.0,9.0,2.0,1.0,4.0,7.0,5.0,3.0,6.0,7.0,7.0,8.0,5.0,7.0,11.0,8.0,8.0,2.0,4.0,3.0,10.0,3.0,12.0,4.0,6.0,3.0,3.0,8.0,4.0,5.0,7.0,6.0,7.0,8.0,7.0,10.0,5.0,12.0,4.0,8.0,2.0,6.0,7.0,4.0,10.0,2.0,8.0,2.0,5.0,7.0,7.0,4.0,4.0,4.0,3.0,6.0,3.0,6.0,8.0,4.0,2.0,6.0,6.0,10.0,4.0,11.0,4.0
M,106,,8.0,1.0,1.0,1.0,,1.0,1.0,,,,,,,,1.0,1.0,1.0,1.0,,1.0,,,,1.0,1.0,,,,,1.0,,3.0,,1.0,,3.0,,1.0,2.0,3.0,2.0,2.0,3.0,2.0,3.0,2.0,1.0,5.0,5.0,5.0,3.0,2.0,3.0,1.0,6.0,1.0,2.0,2.0,,,1.0,2.0,1.0,1.0,2.0,1.0,4.0,6.0,3.0,2.0,,3.0,1.0,3.0,1.0,2.0,1.0,,3.0,1.0,2.0,,2.0,2.0,3.0,1.0,1.0,2.0,1.0,2.0,1.0,3.0,1.0,1.0,1.0,3.0,2.0,4.0,2.0,3.0
M,107,,,2.0,,,,,1.0,1.0,,,,,,,,1.0,,1.0,1.0,,1.0,,,,1.0,,,,,,1.0,,1.0,,,,,,1.0,,,,1.0,,,2.0,,,2.0,3.0,3.0,1.0,,,1.0,2.0,,,1.0,,,,1.0,1.0,,,1.0,1.0,2.0,,,,2.0,,1.0,,1.0,,,1.0,,,,,1.0,,1.0,1.0,,,1.0,,,,,,1.0,,2.0,1.0
M,108,,,,1.0,,,,,,1.0,,,,,,,,,,,,,1.0,,,,1.0,,,,,,,,1.0,,,,,,,,,,,,,2.0,,,,2.0,,,,,,1.0,,,1.0,,,,1.0,1.0,,,,,,,,,1.0,,1.0,,,,,,,,,,,,,,,,,,,,,,1.0,,
M,109,,,,,1.0,,,,,,,,,,,,,,,,,,,,,,,,,,,,,,,,,,,,,,,,,,,,1.0,,,,,,,,,,1.0,,,,,,,,,,,,,,,,,,,,,,,,,,,,,,,,,,,,,,,,,,
