sex,alder,pop_2023,pop_2024,pop_2025,pop_2026,pop_2027,pop_2028,pop_2029,pop_2030,pop_2031,pop_2032,pop_2033,pop_2034,pop_2035,pop_2036,pop_2037,pop_2038,pop_2039,pop_2040,pop_2041,pop_2042,pop_2043,pop_2044,pop_2045,pop_2046,pop_2047,pop_2048,pop_2049,pop_2050,pop_2051,pop_2052,pop_2053,pop_2054,pop_2055,pop_2056,pop_2057,pop_2058,pop_2059,pop_2060,pop_2061,pop_2062,pop_2063,pop_2064,pop_2065,pop_2066,pop_2067,pop_2068,pop_2069,pop_2070,pop_2071,pop_2072,pop_2073,pop_2074,pop_2075,pop_2076,pop_2077,pop_2078,pop_2079,pop_2080,pop_2081,pop_2082,pop_2083,pop_2084,pop_2085,pop_2086,pop_2087,pop_2088,pop_2089,pop_2090,pop_2091,pop_2092,pop_2093,pop_2094,pop_2095,pop_2096,pop_2097,pop_2098,pop_2099,pop_2100,pop_2101,pop_2102,pop_2103,pop_2104,pop_2105,pop_2106,pop_2107,pop_2108,pop_2109,pop_2110,pop_2111,pop_2112,pop_2113,pop_2114,pop_2115,pop_2116,pop_2117,pop_2118,pop_2119,pop_2120,pop_2121,pop_2122,pop_2123
K,0,25310.0,25419.0,24378.0,23692.0,23245.0,22528.0,21843.0,21215.0,20463.0,20022.0,19424.0,18493.0,18614.0,17759.0,17339.0,17063.0,17011.0,17090.0,16983.0,16832.0,16497.0,16493.0,16269.0,16069.0,15870.0,15704.0,15121.0,14786.0,14677.0,14366.0,13882.0,13739.0,13414.0,13031.0,12659.0,12436.0,11913.0,11605.0,11368.0,11066.0,10859.0,10550.0,10291.0,10018.0,9721.0,9594.0,9403.0,9280.0,9194.0,9111.0,8891.0,8758.0,8732.0,8637.0,8402.0,8333.0,8162.0,8093.0,7876.0,7709.0,7640.0,7458.0,7077.0,7071.0,7078.0,6720.0,6610.0,6378.0,6204.0,6170.0,6019.0,5736.0,5652.0,5527.0,5322.0,5388.0,5206.0,5097.0,4900.0,5007.0,4906.0,4803.0,4589.0,4645.0,4544.0,4534.0,4467.0,4212.0,4187.0,4129.0,4053.0,4000.0,3951.0,3897.0,3877.0,3668.0,3574.0,3475.0,3489.0,3338.0,3323.0
K,1,28037.0,25290.0,25382.0,24357.0,23669.0,23219.0,22498.0,21827.0,21194.0,20444.0,19994.0,19407.0,18471.0,18593.0,17744.0,17326.0,17040.0,16997.0,17069.0,16966.0,16811.0,16481.0,16474.0,16258.0,16057.0,15857.0,15683.0,15105.0,14770.0,14665.0,14347.0,13869.0,13717.0,13403.0,13014.0,12647.0,12428.0,11901.0,11589.0,11351.0,11063.0,10847.0,10541.0,10271.0,10014.0,9711.0,9590.0,9390.0,9273.0,9189.0,9101.0,8880.0,8751.0,8726.0,8629.0,8393.0,8322.0,8155.0,8086.0,7867.0,7704.0,7633.0,7449.0,7066.0,7065.0,7067.0,6713.0,6604.0,6373.0,6201.0,6164.0,6007.0,5733.0,5647.0,5520.0,5318.0,5385.0,5200.0,5091.0,4896.0,5003.0,4902.0,4794.0,4584.0,4642.0,4540.0,4529.0,4464.0,4207.0,4185.0,4127.0,4051.0,3996.0,3951.0,3892.0,3868.0,3660.0,3570.0,3469.0,3483.0,3333.0
K,2,26820.0,28009.0,25263.0,25358.0,24326.0,23651.0,23196.0,22472.0,21809.0,21180.0,20415.0,19966.0,19389.0,18448.0,18582.0,17729.0,17306.0,17027.0,16981.0,17056.0,16947.0,16795.0,16466.0,16453.0,16241.0,16040.0,15838.0,15668.0,15094.0,14749.0,14653.0,14331.0,13859.0,13702.0,13390.0,13007.0,12640.0,12410.0,11891.0,11573.0,11341.0,11049.0,10838.0,10525.0,10261.0,10003.0,9705.0,9586.0,9383.0,9262.0,9179.0,9091.0,8876.0,8740.0,8723.0,8627.0,8382.0,8314.0,8149.0,8079.0,7859.0,7694.0,7629.0,7441.0,7058.0,7056.0,7062.0,6705.0,6601.0,6366.0,6194.0,6155.0,6004.0,5727.0,5640.0,5514.0,5312.0,5381.0,5195.0,5087.0,4892.0,5002.0,4898.0,4790.0,4582.0,4639.0,4533.0,4526.0,4463.0,4203.0,4180.0,4123.0,4045.0,3993.0,3950.0,3889.0,3864.0,3656.0,3567.0,3465.0,3482.0
K,3,27466.0,26790.0,27975.0,25247.0,25332.0,24298.0,23623.0,23171.0,22445.0,21781.0,21154.0,20391.0,19949.0,19366.0,18436.0,18566.0,17709.0,17291.0,17016.0,16970.0,17045.0,16938.0,16783.0,16448.0,16437.0,16227.0,16027.0,15821.0,15651.0,15074.0,14734.0,14634.0,14319.0,13845.0,13687.0,13376.0,12993.0,12628.0,12397.0,11881.0,11559.0,11325.0,11035.0,10825.0,10516.0,10250.0,9995.0,9692.0,9572.0,9370.0,9254.0,9167.0,9085.0,8869.0,8733.0,8708.0,8618.0,8373.0,8308.0,8139.0,8073.0,7853.0,7688.0,7619.0,7436.0,7051.0,7051.0,7054.0,6698.0,6597.0,6359.0,6191.0,6150.0,5999.0,5719.0,5635.0,5510.0,5309.0,5375.0,5193.0,5085.0,4887.0,4998.0,4894.0,4785.0,4577.0,4628.0,4530.0,4523.0,4459.0,4198.0,4176.0,4118.0,4043.0,3988.0,3945.0,3885.0,3859.0,3654.0,3564.0,3462.0
K,4,27692.0,27448.0,26771.0,27937.0,25208.0,25305.0,24272.0,23608.0,23152.0,22425.0,21762.0,21127.0,20368.0,19930.0,19347.0,18421.0,18546.0,17690.0,17270.0,16997.0,16953.0,17026.0,16920.0,16771.0,16426.0,16422.0,16206.0,16015.0,15800.0,15626.0,15061.0,14720.0,14620.0,14309.0,13831.0,13677.0,13361.0,12974.0,12620.0,12384.0,11871.0,11544.0,11314.0,11030.0,10814.0,10507.0,10234.0,9987.0,9686.0,9565.0,9358.0,9241.0,9158.0,9076.0,8859.0,8726.0,8694.0,8613.0,8367.0,8299.0,8123.0,8067.0,7841.0,7684.0,7607.0,7429.0,7044.0,7044.0,7041.0,6688.0,6590.0,6347.0,6186.0,6142.0,5988.0,5713.0,5626.0,5507.0,5306.0,5368.0,5185.0,5081.0,4882.0,4991.0,4887.0,4782.0,4574.0,4624.0,4525.0,4518.0,4455.0,4195.0,4174.0,4116.0,4040.0,3985.0,3940.0,3881.0,3856.0,3649.0,3557.0
K,5,28546.0,27670.0,27427.0,26745.0,27912.0,25182.0,25292.0,24239.0,23582.0,23130.0,22393.0,21737.0,21114.0,20351.0,19908.0,19327.0,18395.0,18534.0,17677.0,17254.0,16982.0,16938.0,17015.0,16899.0,16753.0,16411.0,16410.0,16181.0,15994.0,15782.0,15604.0,15049.0,14709.0,14604.0,14297.0,13822.0,13662.0,13350.0,12949.0,12607.0,12375.0,11862.0,11532.0,11298.0,11021.0,10802.0,10497.0,10222.0,9975.0,9675.0,9552.0,9348.0,9233.0,9151.0,9067.0,8846.0,8717.0,8686.0,8607.0,8361.0,8287.0,8118.0,8061.0,7834.0,7675.0,7597.0,7422.0,7036.0,7038.0,7030.0,6686.0,6582.0,6340.0,6175.0,6134.0,5984.0,5707.0,5621.0,5500.0,5300.0,5361.0,5182.0,5077.0,4880.0,4987.0,4886.0,4774.0,4567.0,4621.0,4520.0,4511.0,4449.0,4191.0,4165.0,4109.0,4035.0,3982.0,3935.0,3881.0,3854.0,3646.0
K,6,29714.0,28517.0,27637.0,27393.0,26712.0,27888.0,25157.0,25276.0,24214.0,23561.0,23106.0,22368.0,21721.0,21091.0,20335.0,19889.0,19305.0,18368.0,18518.0,17663.0,17240.0,16971.0,16923.0,16997.0,16881.0,16735.0,16391.0,16400.0,16162.0,15971.0,15764.0,15588.0,15036.0,14691.0,14592.0,14282.0,13810.0,13651.0,13343.0,12936.0,12592.0,12363.0,11843.0,11522.0,11286.0,11008.0,10787.0,10492.0,10212.0,9964.0,9667.0,9542.0,9338.0,9221.0,9141.0,9056.0,8837.0,8703.0,8681.0,8599.0,8354.0,8276.0,8108.0,8050.0,7826.0,7670.0,7592.0,7418.0,7029.0,7033.0,7024.0,6678.0,6576.0,6337.0,6166.0,6126.0,5980.0,5703.0,5616.0,5492.0,5292.0,5356.0,5180.0,5070.0,4878.0,4985.0,4884.0,4771.0,4565.0,4617.0,4517.0,4507.0,4446.0,4188.0,4162.0,4102.0,4035.0,3980.0,3934.0,3875.0,3851.0
K,7,29958.0,29684.0,28477.0,27608.0,27361.0,26682.0,27864.0,25135.0,25243.0,24194.0,23541.0,23085.0,22349.0,21703.0,21066.0,20315.0,19871.0,19286.0,18347.0,18502.0,17648.0,17226.0,16963.0,16904.0,16982.0,16869.0,16716.0,16374.0,16395.0,16143.0,15960.0,15741.0,15574.0,15018.0,14674.0,14577.0,14269.0,13800.0,13639.0,13332.0,12924.0,12581.0,12348.0,11829.0,11512.0,11274.0,10995.0,10775.0,10481.0,10204.0,9952.0,9660.0,9520.0,9330.0,9211.0,9128.0,9045.0,8830.0,8692.0,8672.0,8592.0,8344.0,8267.0,8103.0,8046.0,7819.0,7661.0,7584.0,7416.0,7022.0,7029.0,7017.0,6674.0,6565.0,6330.0,6159.0,6118.0,5975.0,5697.0,5609.0,5486.0,5284.0,5353.0,5176.0,5064.0,4873.0,4977.0,4881.0,4763.0,4560.0,4607.0,4510.0,4501.0,4444.0,4185.0,4156.0,4100.0,4030.0,3973.0,3928.0,3870.0
K,8,30221.0,29912.0,29654.0,28465.0,27579.0,27336.0,26649.0,27843.0,25101.0,25222.0,24171.0,23514.0,23066.0,22320.0,21686.0,21047.0,20298.0,19855.0,19264.0,18325.0,18484.0,17629.0,17210.0,16946.0,16885.0,16963.0,16853.0,16709.0,16353.0,16386.0,16126.0,15946.0,15733.0,15566.0,14992.0,14654.0,14564.0,14262.0,13784.0,13628.0,13321.0,12917.0,12571.0,12339.0,11819.0,11502.0,11265.0,10978.0,10765.0,10472.0,10202.0,9945.0,9652.0,9510.0,9326.0,9199.0,9119.0,9034.0,8820.0,8684.0,8667.0,8586.0,8337.0,8260.0,8095.0,8040.0,7812.0,7654.0,7578.0,7405.0,7017.0,7023.0,7013.0,6666.0,6559.0,6321.0,6155.0,6115.0,5970.0,5688.0,5602.0,5483.0,5276.0,5350.0,5170.0,5058.0,4866.0,4971.0,4876.0,4754.0,4557.0,4606.0,4502.0,4497.0,4440.0,4181.0,4153.0,4095.0,4028.0,3967.0,3921.0
K,9,30613.0,30190.0,29883.0,29617.0,28447.0,27549.0,27307.0,26619.0,27818.0,25074.0,25198.0,24141.0,23497.0,23042.0,22307.0,21671.0,21028.0,20280.0,19831.0,19246.0,18301.0,18465.0,17608.0,17195.0,16930.0,16877.0,16947.0,16843.0,16699.0,16332.0,16373.0,16116.0,15935.0,15715.0,15559.0,14976.0,14644.0,14555.0,14252.0,13764.0,13613.0,13312.0,12907.0,12560.0,12330.0,11809.0,11480.0,11258.0,10957.0,10754.0,10457.0,10189.0,9931.0,9642.0,9499.0,9319.0,9188.0,9114.0,9021.0,8815.0,8676.0,8656.0,8577.0,8328.0,8253.0,8084.0,8034.0,7804.0,7641.0,7573.0,7391.0,7014.0,7018.0,7007.0,6658.0,6556.0,6319.0,6148.0,6110.0,5966.0,5683.0,5598.0,5479.0,5272.0,5347.0,5167.0,5055.0,4865.0,4966.0,4871.0,4750.0,4554.0,4595.0,4498.0,4490.0,4436.0,4175.0,4150.0,4089.0,4024.0,3962.0
K,10,31377.0,30586.0,30156.0,29845.0,29592.0,28422.0,27519.0,27279.0,26586.0,27794.0,25055.0,25174.0,24119.0,23480.0,23024.0,22283.0,21651.0,21009.0,20265.0,19813.0,19228.0,18287.0,18447.0,17591.0,17175.0,16907.0,16863.0,16930.0,16814.0,16677.0,16309.0,16357.0,16103.0,15916.0,15704.0,15545.0,14964.0,14632.0,14541.0,14239.0,13751.0,13592.0,13298.0,12899.0,12544.0,12319.0,11800.0,11467.0,11249.0,10947.0,10749.0,10446.0,10180.0,9922.0,9638.0,9492.0,9307.0,9178.0,9102.0,9017.0,8805.0,8665.0,8645.0,8570.0,8320.0,8246.0,8074.0,8029.0,7793.0,7636.0,7569.0,7383.0,7011.0,7008.0,6999.0,6653.0,6548.0,6316.0,6142.0,6105.0,5959.0,5675.0,5595.0,5476.0,5267.0,5344.0,5162.0,5049.0,4862.0,4958.0,4864.0,4749.0,4551.0,4589.0,4492.0,4485.0,4430.0,4173.0,4148.0,4083.0,4018.0
K,11,31526.0,31341.0,30557.0,30127.0,29816.0,29562.0,28393.0,27505.0,27258.0,26548.0,27769.0,25025.0,25145.0,24098.0,23456.0,23001.0,22251.0,21635.0,20990.0,20246.0,19785.0,19207.0,18256.0,18420.0,17577.0,17168.0,16889.0,16842.0,16918.0,16803.0,16649.0,16299.0,16342.0,16086.0,15903.0,15686.0,15536.0,14947.0,14625.0,14529.0,14222.0,13742.0,13584.0,13283.0,12886.0,12532.0,12308.0,11795.0,11457.0,11235.0,10937.0,10739.0,10439.0,10169.0,9915.0,9629.0,9483.0,9301.0,9168.0,9091.0,9007.0,8797.0,8660.0,8633.0,8562.0,8313.0,8237.0,8063.0,8026.0,7788.0,7635.0,7566.0,7374.0,7004.0,6999.0,6992.0,6647.0,6546.0,6311.0,6133.0,6094.0,5955.0,5671.0,5587.0,5472.0,5261.0,5339.0,5154.0,5042.0,4855.0,4952.0,4861.0,4744.0,4550.0,4586.0,4488.0,4473.0,4427.0,4168.0,4145.0,4079.0
K,12,32628.0,31500.0,31307.0,30529.0,30100.0,29787.0,29536.0,28369.0,27472.0,27234.0,26520.0,27735.0,25001.0,25127.0,24074.0,23426.0,22984.0,22226.0,21615.0,20969.0,20230.0,19765.0,19190.0,18233.0,18394.0,17562.0,17152.0,16869.0,16827.0,16898.0,16793.0,16635.0,16286.0,16327.0,16075.0,15882.0,15667.0,15509.0,14935.0,14605.0,14516.0,14210.0,13731.0,13572.0,13269.0,12876.0,12522.0,12293.0,11781.0,11442.0,11226.0,10924.0,10729.0,10429.0,10159.0,9902.0,9622.0,9472.0,9287.0,9160.0,9081.0,8990.0,8785.0,8648.0,8627.0,8550.0,8309.0,8234.0,8054.0,8019.0,7776.0,7630.0,7560.0,7367.0,6998.0,6989.0,6984.0,6642.0,6542.0,6305.0,6126.0,6094.0,5953.0,5661.0,5583.0,5470.0,5256.0,5333.0,5149.0,5033.0,4853.0,4949.0,4857.0,4742.0,4546.0,4581.0,4485.0,4467.0,4419.0,4166.0,4141.0
K,13,33044.0,32599.0,31473.0,31275.0,30502.0,30073.0,29759.0,29514.0,28350.0,27451.0,27204.0,26490.0,27712.0,24976.0,25100.0,24055.0,23397.0,22963.0,22207.0,21592.0,20947.0,20204.0,19745.0,19166.0,18211.0,18374.0,17545.0,17141.0,16854.0,16811.0,16879.0,16771.0,16619.0,16270.0,16315.0,16060.0,15871.0,15649.0,15498.0,14923.0,14596.0,14506.0,14193.0,13712.0,13558.0,13258.0,12868.0,12511.0,12283.0,11770.0,11433.0,11214.0,10906.0,10718.0,10416.0,10147.0,9893.0,9615.0,9457.0,9277.0,9142.0,9072.0,8978.0,8775.0,8638.0,8612.0,8540.0,8300.0,8226.0,8044.0,8013.0,7771.0,7626.0,7554.0,7364.0,6986.0,6980.0,6976.0,6630.0,6534.0,6295.0,6120.0,6087.0,5944.0,5654.0,5576.0,5462.0,5253.0,5327.0,5142.0,5030.0,4846.0,4945.0,4850.0,4737.0,4540.0,4579.0,4481.0,4463.0,4416.0,4162.0
K,14,32594.0,33014.0,32571.0,31444.0,31234.0,30482.0,30035.0,29728.0,29490.0,28316.0,27425.0,27183.0,26469.0,27683.0,24945.0,25084.0,24036.0,23371.0,22942.0,22182.0,21583.0,20925.0,20184.0,19725.0,19147.0,18192.0,18353.0,17530.0,17124.0,16841.0,16796.0,16863.0,16758.0,16598.0,16252.0,16306.0,16041.0,15859.0,15628.0,15483.0,14911.0,14587.0,14491.0,14184.0,13697.0,13543.0,13251.0,12858.0,12495.0,12272.0,11758.0,11421.0,11200.0,10899.0,10706.0,10405.0,10139.0,9882.0,9605.0,9445.0,9266.0,9131.0,9066.0,8969.0,8760.0,8629.0,8603.0,8533.0,8288.0,8218.0,8036.0,8005.0,7769.0,7615.0,7545.0,7358.0,6979.0,6974.0,6974.0,6621.0,6526.0,6289.0,6114.0,6083.0,5940.0,5642.0,5568.0,5459.0,5247.0,5319.0,5138.0,5022.0,4839.0,4934.0,4843.0,4733.0,4534.0,4574.0,4473.0,4454.0,4412.0
K,15,31915.0,32550.0,32977.0,32538.0,31408.0,31208.0,30447.0,30010.0,29698.0,29464.0,28287.0,27406.0,27160.0,26447.0,27656.0,24917.0,25057.0,24010.0,23343.0,22920.0,22163.0,21561.0,20905.0,20158.0,19701.0,19123.0,18170.0,18345.0,17513.0,17110.0,16820.0,16779.0,16847.0,16740.0,16584.0,16239.0,16293.0,16024.0,15839.0,15615.0,15467.0,14898.0,14571.0,14477.0,14172.0,13685.0,13526.0,13235.0,12846.0,12479.0,12257.0,11750.0,11409.0,11190.0,10886.0,10696.0,10398.0,10133.0,9874.0,9596.0,9437.0,9258.0,9121.0,9055.0,8962.0,8751.0,8624.0,8595.0,8524.0,8278.0,8209.0,8034.0,7998.0,7760.0,7612.0,7535.0,7350.0,6969.0,6969.0,6969.0,6616.0,6524.0,6282.0,6110.0,6072.0,5937.0,5636.0,5566.0,5451.0,5243.0,5308.0,5134.0,5017.0,4834.0,4926.0,4841.0,4727.0,4532.0,4566.0,4471.0,4447.0
K,16,32102.0,31886.0,32514.0,32935.0,32508.0,31388.0,31180.0,30418.0,29971.0,29670.0,29418.0,28266.0,27374.0,27130.0,26419.0,27628.0,24895.0,25026.0,23993.0,23322.0,22908.0,22143.0,21534.0,20885.0,20134.0,19682.0,19108.0,18159.0,18326.0,17497.0,17084.0,16806.0,16766.0,16827.0,16724.0,16562.0,16224.0,16274.0,16003.0,15820.0,15606.0,15452.0,14885.0,14551.0,14466.0,14155.0,13677.0,13509.0,13219.0,12831.0,12470.0,12248.0,11736.0,11401.0,11175.0,10877.0,10684.0,10385.0,10127.0,9863.0,9590.0,9430.0,9254.0,9108.0,9046.0,8954.0,8742.0,8608.0,8581.0,8518.0,8270.0,8203.0,8027.0,7990.0,7752.0,7605.0,7524.0,7340.0,6961.0,6957.0,6962.0,6609.0,6521.0,6276.0,6104.0,6060.0,5930.0,5628.0,5563.0,5445.0,5236.0,5304.0,5129.0,5012.0,4833.0,4918.0,4837.0,4726.0,4529.0,4560.0,4468.0
K,17,31505.0,32069.0,31859.0,32491.0,32895.0,32485.0,31361.0,31156.0,30386.0,29938.0,29637.0,29389.0,28247.0,27350.0,27108.0,26389.0,27615.0,24866.0,25002.0,23971.0,23298.0,22881.0,22123.0,21504.0,20861.0,20117.0,19663.0,19092.0,18139.0,18303.0,17479.0,17062.0,16794.0,16747.0,16810.0,16705.0,16543.0,16212.0,16263.0,15977.0,15802.0,15587.0,15432.0,14873.0,14535.0,14453.0,14139.0,13666.0,13496.0,13204.0,12815.0,12460.0,12238.0,11724.0,11390.0,11162.0,10865.0,10670.0,10370.0,10119.0,9851.0,9582.0,9418.0,9245.0,9101.0,9039.0,8949.0,8736.0,8600.0,8573.0,8511.0,8255.0,8195.0,8019.0,7984.0,7745.0,7597.0,7515.0,7337.0,6956.0,6948.0,6954.0,6600.0,6512.0,6272.0,6100.0,6052.0,5923.0,5625.0,5554.0,5440.0,5230.0,5298.0,5125.0,5005.0,4829.0,4914.0,4837.0,4723.0,4525.0,4553.0
K,18,31573.0,31479.0,32037.0,31824.0,32462.0,32854.0,32453.0,31324.0,31134.0,30368.0,29909.0,29613.0,29356.0,28226.0,27323.0,27082.0,26358.0,27582.0,24847.0,24973.0,23952.0,23285.0,22860.0,22097.0,21475.0,20838.0,20098.0,19647.0,19066.0,18123.0,18285.0,17466.0,17048.0,16782.0,16730.0,16790.0,16682.0,16526.0,16201.0,16243.0,15963.0,15786.0,15577.0,15415.0,14861.0,14516.0,14440.0,14126.0,13655.0,13482.0,13198.0,12799.0,12450.0,12227.0,11711.0,11380.0,11154.0,10848.0,10665.0,10359.0,10112.0,9833.0,9574.0,9412.0,9234.0,9087.0,9030.0,8943.0,8730.0,8586.0,8567.0,8503.0,8243.0,8186.0,8014.0,7980.0,7738.0,7590.0,7509.0,7335.0,6952.0,6944.0,6939.0,6590.0,6511.0,6267.0,6098.0,6042.0,5918.0,5619.0,5548.0,5434.0,5223.0,5292.0,5121.0,4996.0,4823.0,4911.0,4828.0,4718.0,4523.0
K,19,31441.0,31540.0,31443.0,32002.0,31788.0,32439.0,32827.0,32418.0,31290.0,31109.0,30335.0,29876.0,29579.0,29329.0,28183.0,27286.0,27053.0,26342.0,27553.0,24823.0,24950.0,23920.0,23258.0,22833.0,22080.0,21451.0,20820.0,20077.0,19628.0,19050.0,18104.0,18264.0,17450.0,17035.0,16762.0,16710.0,16772.0,16665.0,16515.0,16183.0,16233.0,15951.0,15768.0,15565.0,15401.0,14845.0,14507.0,14425.0,14115.0,13640.0,13472.0,13190.0,12787.0,12436.0,12216.0,11700.0,11369.0,11134.0,10842.0,10658.0,10340.0,10101.0,9826.0,9569.0,9401.0,9228.0,9080.0,9020.0,8932.0,8719.0,8577.0,8562.0,8492.0,8237.0,8177.0,8007.0,7974.0,7733.0,7580.0,7498.0,7327.0,6948.0,6938.0,6927.0,6580.0,6506.0,6262.0,6093.0,6039.0,5907.0,5612.0,5536.0,5422.0,5221.0,5289.0,5114.0,4993.0,4819.0,4907.0,4823.0,4714.0
K,20,31111.0,31408.0,31505.0,31411.0,31973.0,31760.0,32405.0,32799.0,32383.0,31252.0,31088.0,30303.0,29848.0,29552.0,29295.0,28163.0,27255.0,27032.0,26316.0,27532.0,24794.0,24926.0,23901.0,23228.0,22807.0,22052.0,21426.0,20804.0,20054.0,19614.0,19030.0,18079.0,18241.0,17436.0,17015.0,16749.0,16699.0,16751.0,16647.0,16497.0,16167.0,16211.0,15943.0,15755.0,15547.0,15381.0,14837.0,14490.0,14415.0,14098.0,13629.0,13462.0,13175.0,12773.0,12422.0,12207.0,11693.0,11361.0,11123.0,10819.0,10648.0,10328.0,10089.0,9817.0,9563.0,9387.0,9218.0,9069.0,9012.0,8927.0,8710.0,8561.0,8554.0,8485.0,8229.0,8169.0,7999.0,7966.0,7722.0,7573.0,7492.0,7322.0,6943.0,6934.0,6920.0,6569.0,6501.0,6256.0,6091.0,6035.0,5903.0,5609.0,5529.0,5414.0,5219.0,5285.0,5106.0,4988.0,4814.0,4902.0,4820.0
K,21,31588.0,31080.0,31373.0,31469.0,31373.0,31930.0,31733.0,32378.0,32760.0,32353.0,31224.0,31066.0,30270.0,29820.0,29528.0,29273.0,28138.0,27226.0,27011.0,26294.0,27502.0,24771.0,24904.0,23889.0,23200.0,22780.0,22029.0,21403.0,20782.0,20026.0,19592.0,19013.0,18063.0,18227.0,17416.0,16998.0,16731.0,16681.0,16727.0,16627.0,16470.0,16139.0,16198.0,15930.0,15732.0,15532.0,15364.0,14825.0,14478.0,14401.0,14081.0,13615.0,13448.0,13162.0,12762.0,12409.0,12193.0,11679.0,11352.0,11112.0,10803.0,10638.0,10315.0,10076.0,9806.0,9555.0,9381.0,9206.0,9056.0,9005.0,8919.0,8705.0,8552.0,8541.0,8479.0,8221.0,8158.0,7986.0,7960.0,7715.0,7561.0,7486.0,7317.0,6936.0,6923.0,6919.0,6564.0,6494.0,6252.0,6082.0,6030.0,5899.0,5601.0,5522.0,5410.0,5213.0,5280.0,5103.0,4983.0,4809.0,4896.0
K,22,32878.0,31565.0,31052.0,31347.0,31439.0,31341.0,31893.0,31706.0,32337.0,32719.0,32322.0,31182.0,31028.0,30245.0,29795.0,29501.0,29257.0,28118.0,27198.0,26983.0,26270.0,27474.0,24744.0,24882.0,23867.0,23180.0,22746.0,22005.0,21382.0,20763.0,20006.0,19578.0,18989.0,18042.0,18215.0,17399.0,16976.0,16715.0,16670.0,16712.0,16605.0,16457.0,16127.0,16176.0,15915.0,15715.0,15515.0,15353.0,14814.0,14459.0,14391.0,14066.0,13599.0,13433.0,13154.0,12747.0,12401.0,12185.0,11666.0,11335.0,11101.0,10792.0,10623.0,10301.0,10067.0,9792.0,9538.0,9371.0,9191.0,9047.0,8991.0,8905.0,8698.0,8543.0,8529.0,8474.0,8207.0,8152.0,7978.0,7951.0,7711.0,7553.0,7477.0,7310.0,6931.0,6919.0,6911.0,6553.0,6485.0,6246.0,6078.0,6024.0,5890.0,5589.0,5520.0,5406.0,5211.0,5275.0,5095.0,4979.0,4804.0
K,23,33088.0,32838.0,31536.0,31031.0,31319.0,31400.0,31315.0,31868.0,31668.0,32310.0,32685.0,32292.0,31155.0,31004.0,30203.0,29774.0,29470.0,29214.0,28088.0,27177.0,26953.0,26253.0,27446.0,24719.0,24854.0,23833.0,23161.0,22722.0,21980.0,21359.0,20741.0,19983.0,19563.0,18968.0,18024.0,18196.0,17381.0,16958.0,16693.0,16653.0,16691.0,16585.0,16446.0,16105.0,16163.0,15901.0,15698.0,15498.0,15338.0,14806.0,14444.0,14367.0,14058.0,13582.0,13419.0,13138.0,12732.0,12388.0,12172.0,11658.0,11319.0,11093.0,10775.0,10613.0,10291.0,10053.0,9778.0,9527.0,9360.0,9184.0,9032.0,8978.0,8900.0,8690.0,8537.0,8521.0,8459.0,8195.0,8140.0,7970.0,7944.0,7707.0,7539.0,7473.0,7307.0,6921.0,6912.0,6908.0,6546.0,6481.0,6239.0,6070.0,6018.0,5885.0,5584.0,5520.0,5400.0,5204.0,5267.0,5090.0,4976.0
K,24,33364.0,33054.0,32795.0,31513.0,30994.0,31286.0,31373.0,31288.0,31838.0,31625.0,32276.0,32654.0,32263.0,31131.0,30968.0,30169.0,29749.0,29444.0,29187.0,28064.0,27149.0,26927.0,26220.0,27411.0,24690.0,24838.0,23807.0,23141.0,22702.0,21961.0,21335.0,20714.0,19965.0,19546.0,18950.0,18010.0,18167.0,17364.0,16942.0,16681.0,16640.0,16673.0,16563.0,16426.0,16087.0,16152.0,15885.0,15685.0,15482.0,15322.0,14789.0,14428.0,14358.0,14047.0,13568.0,13404.0,13128.0,12716.0,12373.0,12160.0,11643.0,11315.0,11082.0,10762.0,10600.0,10278.0,10033.0,9768.0,9521.0,9356.0,9172.0,9017.0,8967.0,8893.0,8681.0,8530.0,8513.0,8450.0,8184.0,8131.0,7962.0,7938.0,7700.0,7529.0,7464.0,7300.0,6913.0,6901.0,6902.0,6541.0,6475.0,6235.0,6068.0,6012.0,5882.0,5576.0,5513.0,5392.0,5198.0,5263.0,5083.0
K,25,34378.0,33329.0,33020.0,32752.0,31488.0,30953.0,31263.0,31348.0,31268.0,31810.0,31587.0,32247.0,32629.0,32230.0,31097.0,30934.0,30145.0,29720.0,29415.0,29149.0,28017.0,27111.0,26908.0,26192.0,27378.0,24661.0,24814.0,23783.0,23122.0,22682.0,21945.0,21313.0,20693.0,19947.0,19531.0,18932.0,17996.0,18152.0,17342.0,16932.0,16657.0,16625.0,16653.0,16541.0,16407.0,16077.0,16132.0,15871.0,15677.0,15466.0,15306.0,14772.0,14415.0,14337.0,14034.0,13552.0,13394.0,13117.0,12705.0,12364.0,12148.0,11636.0,11306.0,11072.0,10753.0,10591.0,10272.0,10022.0,9761.0,9518.0,9350.0,9163.0,9006.0,8953.0,8880.0,8674.0,8523.0,8508.0,8440.0,8176.0,8124.0,7955.0,7929.0,7692.0,7523.0,7452.0,7291.0,6907.0,6896.0,6893.0,6540.0,6469.0,6225.0,6063.0,6007.0,5873.0,5572.0,5503.0,5386.0,5195.0,5258.0
K,26,35747.0,34338.0,33300.0,32994.0,32726.0,31454.0,30922.0,31238.0,31308.0,31242.0,31783.0,31557.0,32223.0,32601.0,32209.0,31068.0,30902.0,30111.0,29683.0,29395.0,29111.0,27992.0,27089.0,26885.0,26173.0,27344.0,24626.0,24793.0,23754.0,23101.0,22667.0,21928.0,21293.0,20662.0,19926.0,19507.0,18918.0,17983.0,18124.0,17329.0,16922.0,16647.0,16609.0,16636.0,16526.0,16390.0,16060.0,16112.0,15855.0,15667.0,15451.0,15294.0,14763.0,14399.0,14321.0,14015.0,13537.0,13371.0,13102.0,12686.0,12350.0,12126.0,11621.0,11294.0,11065.0,10744.0,10580.0,10264.0,10010.0,9755.0,9510.0,9340.0,9155.0,9004.0,8942.0,8874.0,8665.0,8512.0,8501.0,8429.0,8163.0,8116.0,7947.0,7923.0,7687.0,7514.0,7446.0,7287.0,6901.0,6892.0,6887.0,6533.0,6458.0,6215.0,6057.0,5999.0,5865.0,5567.0,5500.0,5383.0,5191.0
K,27,35920.0,35722.0,34313.0,33266.0,32957.0,32692.0,31417.0,30905.0,31205.0,31275.0,31208.0,31758.0,31519.0,32192.0,32576.0,32179.0,31036.0,30879.0,30080.0,29660.0,29375.0,29086.0,27960.0,27069.0,26863.0,26145.0,27312.0,24602.0,24775.0,23726.0,23071.0,22644.0,21901.0,21278.0,20643.0,19904.0,19485.0,18907.0,17965.0,18107.0,17308.0,16903.0,16636.0,16592.0,16611.0,16508.0,16378.0,16043.0,16099.0,15837.0,15657.0,15429.0,15278.0,14749.0,14383.0,14304.0,14004.0,13525.0,13360.0,13093.0,12676.0,12335.0,12111.0,11608.0,11282.0,11053.0,10736.0,10572.0,10252.0,10003.0,9744.0,9499.0,9336.0,9146.0,8995.0,8933.0,8866.0,8656.0,8503.0,8493.0,8419.0,8156.0,8111.0,7937.0,7915.0,7682.0,7505.0,7439.0,7279.0,6893.0,6881.0,6882.0,6526.0,6454.0,6213.0,6052.0,5991.0,5861.0,5562.0,5495.0,5378.0
K,28,36385.0,35891.0,35681.0,34280.0,33236.0,32917.0,32654.0,31382.0,30870.0,31172.0,31238.0,31168.0,31731.0,31484.0,32154.0,32545.0,32145.0,31008.0,30853.0,30053.0,29636.0,29337.0,29063.0,27934.0,27043.0,26832.0,26118.0,27281.0,24572.0,24751.0,23698.0,23049.0,22613.0,21872.0,21257.0,20621.0,19884.0,19466.0,18888.0,17955.0,18083.0,17293.0,16882.0,16615.0,16572.0,16586.0,16484.0,16359.0,16027.0,16083.0,15822.0,15642.0,15414.0,15265.0,14737.0,14366.0,14292.0,13990.0,13507.0,13346.0,13079.0,12659.0,12323.0,12098.0,11598.0,11268.0,11043.0,10725.0,10555.0,10243.0,9990.0,9739.0,9484.0,9325.0,9136.0,8990.0,8928.0,8857.0,8638.0,8494.0,8485.0,8410.0,8152.0,8106.0,7927.0,7902.0,7676.0,7498.0,7434.0,7274.0,6887.0,6876.0,6875.0,6521.0,6451.0,6208.0,6046.0,5983.0,5854.0,5560.0,5489.0
K,29,36994.0,36343.0,35850.0,35634.0,34238.0,33211.0,32887.0,32622.0,31352.0,30838.0,31138.0,31215.0,31142.0,31707.0,31453.0,32104.0,32517.0,32108.0,30975.0,30820.0,30030.0,29613.0,29316.0,29036.0,27916.0,27007.0,26807.0,26095.0,27251.0,24545.0,24729.0,23673.0,23029.0,22590.0,21855.0,21231.0,20599.0,19868.0,19447.0,18873.0,17929.0,18061.0,17282.0,16864.0,16602.0,16556.0,16577.0,16469.0,16347.0,16009.0,16068.0,15801.0,15621.0,15398.0,15251.0,14725.0,14352.0,14279.0,13976.0,13490.0,13333.0,13060.0,12648.0,12303.0,12084.0,11588.0,11260.0,11031.0,10716.0,10542.0,10230.0,9980.0,9731.0,9475.0,9314.0,9126.0,8976.0,8927.0,8850.0,8634.0,8487.0,8479.0,8398.0,8142.0,8102.0,7919.0,7890.0,7667.0,7488.0,7427.0,7271.0,6881.0,6867.0,6870.0,6517.0,6446.0,6206.0,6043.0,5976.0,5850.0,5552.0
K,30,37694.0,36943.0,36312.0,35813.0,35609.0,34210.0,33174.0,32862.0,32575.0,31316.0,30807.0,31098.0,31184.0,31118.0,31661.0,31414.0,32064.0,32476.0,32075.0,30941.0,30785.0,30001.0,29589.0,29282.0,29014.0,27882.0,26979.0,26781.0,26076.0,27218.0,24511.0,24703.0,23651.0,23001.0,22566.0,21840.0,21213.0,20580.0,19854.0,19427.0,18854.0,17904.0,18043.0,17267.0,16844.0,16583.0,16546.0,16556.0,16453.0,16327.0,15987.0,16054.0,15784.0,15607.0,15387.0,15241.0,14712.0,14334.0,14261.0,13960.0,13476.0,13318.0,13043.0,12633.0,12293.0,12062.0,11580.0,11247.0,11015.0,10706.0,10538.0,10225.0,9972.0,9719.0,9465.0,9304.0,9109.0,8968.0,8910.0,8844.0,8623.0,8476.0,8469.0,8393.0,8137.0,8097.0,7913.0,7884.0,7657.0,7481.0,7420.0,7265.0,6872.0,6858.0,6863.0,6512.0,6439.0,6201.0,6035.0,5969.0,5848.0
K,31,38587.0,37654.0,36900.0,36279.0,35767.0,35582.0,34172.0,33144.0,32826.0,32542.0,31277.0,30777.0,31061.0,31149.0,31092.0,31639.0,31381.0,32035.0,32447.0,32044.0,30915.0,30753.0,29977.0,29568.0,29252.0,28984.0,27858.0,26949.0,26763.0,26048.0,27194.0,24484.0,24674.0,23618.0,22976.0,22538.0,21819.0,21191.0,20563.0,19822.0,19406.0,18835.0,17883.0,18023.0,17249.0,16826.0,16564.0,16533.0,16542.0,16436.0,16311.0,15968.0,16034.0,15768.0,15590.0,15372.0,15231.0,14694.0,14320.0,14251.0,13948.0,13458.0,13300.0,13032.0,12625.0,12288.0,12051.0,11569.0,11234.0,11007.0,10694.0,10525.0,10213.0,9962.0,9705.0,9455.0,9293.0,9098.0,8956.0,8903.0,8831.0,8616.0,8470.0,8460.0,8386.0,8127.0,8090.0,7909.0,7879.0,7646.0,7476.0,7409.0,7261.0,6861.0,6856.0,6855.0,6504.0,6435.0,6197.0,6026.0,5964.0
K,32,39395.0,38547.0,37612.0,36862.0,36237.0,35739.0,35549.0,34143.0,33120.0,32786.0,32502.0,31247.0,30752.0,31029.0,31123.0,31064.0,31600.0,31350.0,32002.0,32415.0,32014.0,30895.0,30733.0,29945.0,29534.0,29226.0,28956.0,27829.0,26922.0,26738.0,26030.0,27165.0,24460.0,24646.0,23596.0,22960.0,22510.0,21788.0,21177.0,20543.0,19800.0,19387.0,18814.0,17862.0,18006.0,17237.0,16807.0,16547.0,16510.0,16525.0,16426.0,16295.0,15950.0,16019.0,15755.0,15573.0,15361.0,15220.0,14680.0,14302.0,14230.0,13932.0,13447.0,13286.0,13027.0,12617.0,12279.0,12038.0,11555.0,11219.0,10992.0,10685.0,10520.0,10202.0,9951.0,9696.0,9449.0,9284.0,9089.0,8947.0,8895.0,8821.0,8609.0,8460.0,8454.0,8378.0,8116.0,8084.0,7902.0,7874.0,7638.0,7470.0,7399.0,7254.0,6853.0,6848.0,6851.0,6496.0,6430.0,6190.0,6021.0
K,33,38889.0,39347.0,38510.0,37580.0,36827.0,36199.0,35702.0,35521.0,34102.0,33081.0,32760.0,32466.0,31218.0,30712.0,31001.0,31091.0,31020.0,31566.0,31321.0,31972.0,32385.0,31979.0,30870.0,30707.0,29918.0,29506.0,29197.0,28932.0,27795.0,26894.0,26707.0,26005.0,27139.0,24437.0,24626.0,23568.0,22933.0,22477.0,21767.0,21158.0,20514.0,19783.0,19366.0,18799.0,17844.0,17989.0,17213.0,16785.0,16533.0,16490.0,16512.0,16410.0,16280.0,15930.0,15999.0,15747.0,15558.0,15346.0,15201.0,14667.0,14287.0,14216.0,13914.0,13434.0,13274.0,13016.0,12605.0,12263.0,12026.0,11539.0,11200.0,10982.0,10672.0,10508.0,10192.0,9940.0,9689.0,9440.0,9272.0,9083.0,8937.0,8883.0,8809.0,8597.0,8450.0,8447.0,8372.0,8104.0,8078.0,7893.0,7868.0,7631.0,7467.0,7389.0,7247.0,6847.0,6840.0,6840.0,6489.0,6427.0,6181.0
K,34,38601.0,38840.0,39308.0,38454.0,37546.0,36788.0,36154.0,35664.0,35490.0,34070.0,33042.0,32725.0,32443.0,31188.0,30682.0,30963.0,31060.0,30985.0,31539.0,31296.0,31943.0,32355.0,31952.0,30849.0,30680.0,29880.0,29472.0,29164.0,28897.0,27770.0,26869.0,26678.0,25975.0,27109.0,24405.0,24599.0,23540.0,22913.0,22456.0,21742.0,21144.0,20498.0,19765.0,19342.0,18778.0,17830.0,17971.0,17204.0,16775.0,16522.0,16477.0,16498.0,16394.0,16266.0,15916.0,15983.0,15732.0,15533.0,15334.0,15181.0,14647.0,14271.0,14193.0,13902.0,13423.0,13261.0,13003.0,12586.0,12247.0,12013.0,11529.0,11189.0,10970.0,10660.0,10500.0,10187.0,9931.0,9685.0,9428.0,9258.0,9078.0,8926.0,8874.0,8802.0,8588.0,8439.0,8436.0,8364.0,8096.0,8071.0,7882.0,7864.0,7621.0,7459.0,7386.0,7240.0,6841.0,6836.0,6834.0,6482.0,6423.0
K,35,37403.0,38561.0,38796.0,39270.0,38411.0,37506.0,36749.0,36105.0,35634.0,35455.0,34038.0,33018.0,32699.0,32416.0,31158.0,30649.0,30928.0,31033.0,30963.0,31507.0,31271.0,31914.0,32322.0,31914.0,30826.0,30650.0,29860.0,29448.0,29136.0,28867.0,27740.0,26843.0,26647.0,25945.0,27079.0,24381.0,24573.0,23514.0,22897.0,22430.0,21719.0,21121.0,20475.0,19743.0,19328.0,18762.0,17811.0,17962.0,17184.0,16764.0,16494.0,16461.0,16483.0,16379.0,16243.0,15905.0,15969.0,15720.0,15516.0,15320.0,15164.0,14628.0,14261.0,14181.0,13888.0,13410.0,13244.0,12994.0,12571.0,12237.0,11994.0,11522.0,11177.0,10948.0,10649.0,10488.0,10178.0,9925.0,9676.0,9419.0,9249.0,9067.0,8916.0,8862.0,8789.0,8583.0,8430.0,8430.0,8355.0,8088.0,8061.0,7877.0,7861.0,7613.0,7455.0,7379.0,7235.0,6833.0,6830.0,6829.0,6473.0
K,36,36743.0,37350.0,38528.0,38751.0,39229.0,38368.0,37468.0,36717.0,36065.0,35603.0,35420.0,34000.0,32997.0,32663.0,32385.0,31130.0,30619.0,30899.0,31002.0,30938.0,31460.0,31243.0,31880.0,32282.0,31880.0,30792.0,30620.0,29827.0,29420.0,29105.0,28837.0,27717.0,26815.0,26625.0,25921.0,27047.0,24363.0,24551.0,23495.0,22866.0,22405.0,21688.0,21106.0,20451.0,19722.0,19316.0,18741.0,17787.0,17946.0,17171.0,16746.0,16484.0,16445.0,16474.0,16361.0,16223.0,15890.0,15956.0,15710.0,15500.0,15303.0,15145.0,14604.0,14246.0,14169.0,13874.0,13399.0,13237.0,12989.0,12561.0,12228.0,11984.0,11507.0,11165.0,10929.0,10643.0,10479.0,10164.0,9914.0,9669.0,9410.0,9239.0,9061.0,8911.0,8854.0,8781.0,8569.0,8423.0,8427.0,8345.0,8079.0,8052.0,7869.0,7856.0,7602.0,7447.0,7368.0,7226.0,6829.0,6820.0,6823.0
K,37,36160.0,36708.0,37311.0,38495.0,38706.0,39195.0,38338.0,37425.0,36684.0,36028.0,35570.0,35377.0,33968.0,32969.0,32636.0,32354.0,31093.0,30595.0,30875.0,30970.0,30908.0,31433.0,31214.0,31854.0,32251.0,31850.0,30761.0,30592.0,29803.0,29400.0,29073.0,28810.0,27680.0,26790.0,26606.0,25888.0,27026.0,24339.0,24523.0,23477.0,22841.0,22387.0,21671.0,21084.0,20427.0,19709.0,19294.0,18724.0,17768.0,17924.0,17149.0,16739.0,16471.0,16428.0,16465.0,16341.0,16200.0,15876.0,15938.0,15686.0,15494.0,15288.0,15137.0,14592.0,14229.0,14161.0,13864.0,13386.0,13218.0,12971.0,12548.0,12218.0,11975.0,11498.0,11161.0,10921.0,10629.0,10461.0,10150.0,9903.0,9662.0,9400.0,9231.0,9052.0,8908.0,8841.0,8774.0,8560.0,8411.0,8423.0,8340.0,8067.0,8046.0,7862.0,7852.0,7597.0,7436.0,7359.0,7220.0,6825.0,6814.0
K,38,35848.0,36130.0,36673.0,37278.0,38452.0,38657.0,39157.0,38298.0,37394.0,36637.0,35990.0,35534.0,35342.0,33935.0,32937.0,32606.0,32317.0,31063.0,30562.0,30851.0,30920.0,30877.0,31401.0,31185.0,31821.0,32223.0,31826.0,30731.0,30558.0,29766.0,29358.0,29033.0,28780.0,27653.0,26768.0,26588.0,25868.0,26998.0,24317.0,24488.0,23450.0,22814.0,22364.0,21654.0,21069.0,20402.0,19698.0,19270.0,18703.0,17756.0,17900.0,17134.0,16722.0,16457.0,16407.0,16454.0,16323.0,16181.0,15862.0,15918.0,15669.0,15481.0,15274.0,15124.0,14570.0,14224.0,14149.0,13849.0,13376.0,13206.0,12954.0,12536.0,12203.0,11958.0,11486.0,11155.0,10906.0,10621.0,10450.0,10139.0,9890.0,9648.0,9394.0,9219.0,9036.0,8900.0,8828.0,8766.0,8550.0,8400.0,8412.0,8330.0,8055.0,8041.0,7854.0,7842.0,7589.0,7431.0,7352.0,7214.0,6820.0
K,39,35243.0,35819.0,36097.0,36620.0,37234.0,38402.0,38603.0,39114.0,38264.0,37364.0,36613.0,35955.0,35500.0,35304.0,33901.0,32910.0,32571.0,32295.0,31023.0,30537.0,30825.0,30878.0,30844.0,31374.0,31152.0,31794.0,32197.0,31793.0,30691.0,30533.0,29737.0,29337.0,28996.0,28746.0,27627.0,26744.0,26565.0,25847.0,26978.0,24299.0,24457.0,23420.0,22794.0,22338.0,21619.0,21048.0,20383.0,19681.0,19250.0,18687.0,17741.0,17881.0,17117.0,16700.0,16439.0,16393.0,16439.0,16305.0,16169.0,15841.0,15902.0,15654.0,15464.0,15252.0,15111.0,14561.0,14207.0,14134.0,13835.0,13367.0,13196.0,12938.0,12523.0,12191.0,11946.0,11472.0,11143.0,10894.0,10616.0,10437.0,10131.0,9880.0,9644.0,9389.0,9212.0,9022.0,8889.0,8821.0,8755.0,8539.0,8391.0,8408.0,8319.0,8045.0,8036.0,7846.0,7833.0,7583.0,7423.0,7343.0,7210.0
K,40,35525.0,35211.0,35779.0,36061.0,36584.0,37192.0,38358.0,38579.0,39059.0,38225.0,37328.0,36579.0,35929.0,35462.0,35271.0,33870.0,32871.0,32547.0,32264.0,30995.0,30507.0,30787.0,30839.0,30809.0,31354.0,31120.0,31766.0,32162.0,31760.0,30660.0,30504.0,29719.0,29306.0,28972.0,28714.0,27609.0,26718.0,26534.0,25824.0,26953.0,24271.0,24432.0,23395.0,22770.0,22318.0,21602.0,21029.0,20365.0,19658.0,19229.0,18670.0,17727.0,17858.0,17106.0,16683.0,16416.0,16378.0,16425.0,16291.0,16150.0,15821.0,15890.0,15640.0,15450.0,15240.0,15101.0,14547.0,14192.0,14118.0,13820.0,13357.0,13185.0,12928.0,12508.0,12182.0,11930.0,11465.0,11136.0,10878.0,10605.0,10428.0,10122.0,9872.0,9636.0,9376.0,9207.0,9013.0,8884.0,8815.0,8746.0,8531.0,8382.0,8401.0,8312.0,8036.0,8022.0,7838.0,7821.0,7564.0,7419.0,7329.0
K,41,34990.0,35487.0,35176.0,35746.0,36018.0,36544.0,37158.0,38330.0,38545.0,39015.0,38194.0,37292.0,36546.0,35889.0,35425.0,35239.0,33833.0,32836.0,32516.0,32238.0,30963.0,30468.0,30755.0,30812.0,30781.0,31320.0,31083.0,31730.0,32129.0,31738.0,30624.0,30465.0,29693.0,29278.0,28946.0,28680.0,27585.0,26693.0,26511.0,25788.0,26926.0,24250.0,24401.0,23370.0,22743.0,22289.0,21579.0,21009.0,20349.0,19640.0,19206.0,18654.0,17717.0,17837.0,17090.0,16664.0,16400.0,16357.0,16404.0,16275.0,16135.0,15804.0,15870.0,15623.0,15436.0,15227.0,15087.0,14522.0,14174.0,14109.0,13800.0,13335.0,13170.0,12913.0,12491.0,12169.0,11920.0,11451.0,11118.0,10865.0,10594.0,10419.0,10106.0,9852.0,9631.0,9366.0,9200.0,9000.0,8877.0,8807.0,8743.0,8525.0,8372.0,8392.0,8302.0,8033.0,8015.0,7831.0,7813.0,7551.0,7411.0
K,42,35089.0,34950.0,35453.0,35136.0,35712.0,35978.0,36489.0,37134.0,38286.0,38509.0,38980.0,38162.0,37255.0,36510.0,35864.0,35384.0,35212.0,33791.0,32797.0,32487.0,32208.0,30933.0,30437.0,30731.0,30787.0,30751.0,31288.0,31055.0,31702.0,32096.0,31709.0,30593.0,30436.0,29662.0,29249.0,28923.0,28650.0,27555.0,26673.0,26486.0,25765.0,26898.0,24230.0,24378.0,23343.0,22722.0,22268.0,21558.0,20986.0,20324.0,19617.0,19182.0,18632.0,17710.0,17817.0,17073.0,16650.0,16382.0,16335.0,16390.0,16263.0,16114.0,15794.0,15856.0,15606.0,15421.0,15208.0,15067.0,14505.0,14159.0,14086.0,13783.0,13325.0,13156.0,12900.0,12480.0,12157.0,11912.0,11440.0,11109.0,10854.0,10585.0,10403.0,10094.0,9843.0,9622.0,9357.0,9191.0,8991.0,8868.0,8798.0,8735.0,8515.0,8366.0,8390.0,8292.0,8022.0,8010.0,7823.0,7804.0,7546.0
K,43,34563.0,35049.0,34920.0,35413.0,35096.0,35674.0,35948.0,36447.0,37089.0,38255.0,38464.0,38941.0,38120.0,37220.0,36481.0,35821.0,35356.0,35168.0,33749.0,32768.0,32453.0,32180.0,30913.0,30413.0,30702.0,30756.0,30721.0,31258.0,31025.0,31659.0,32066.0,31674.0,30554.0,30402.0,29633.0,29220.0,28897.0,28628.0,27525.0,26645.0,26461.0,25743.0,26873.0,24199.0,24357.0,23324.0,22692.0,22243.0,21534.0,20961.0,20302.0,19596.0,19160.0,18619.0,17697.0,17796.0,17057.0,16633.0,16366.0,16318.0,16378.0,16243.0,16104.0,15783.0,15842.0,15593.0,15403.0,15189.0,15049.0,14487.0,14140.0,14068.0,13771.0,13306.0,13150.0,12891.0,12466.0,12142.0,11905.0,11425.0,11101.0,10843.0,10575.0,10395.0,10088.0,9834.0,9611.0,9340.0,9173.0,8979.0,8857.0,8791.0,8729.0,8503.0,8360.0,8378.0,8288.0,8006.0,8002.0,7817.0,7795.0
K,44,34236.0,34533.0,35009.0,34887.0,35378.0,35066.0,35642.0,35909.0,36404.0,37047.0,38215.0,38427.0,38906.0,38078.0,37179.0,36438.0,35783.0,35320.0,35137.0,33718.0,32739.0,32420.0,32144.0,30881.0,30385.0,30662.0,30721.0,30684.0,31225.0,30998.0,31627.0,32045.0,31635.0,30521.0,30376.0,29592.0,29202.0,28873.0,28596.0,27497.0,26613.0,26437.0,25717.0,26849.0,24171.0,24325.0,23291.0,22671.0,22218.0,21512.0,20944.0,20287.0,19571.0,19137.0,18605.0,17678.0,17774.0,17043.0,16623.0,16350.0,16308.0,16358.0,16228.0,16083.0,15765.0,15824.0,15575.0,15380.0,15178.0,15038.0,14469.0,14125.0,14059.0,13759.0,13290.0,13139.0,12883.0,12453.0,12128.0,11899.0,11421.0,11089.0,10837.0,10562.0,10384.0,10081.0,9822.0,9607.0,9331.0,9160.0,8971.0,8847.0,8780.0,8721.0,8494.0,8351.0,8373.0,8282.0,7997.0,7997.0,7804.0
K,45,33520.0,34212.0,34500.0,34973.0,34857.0,35337.0,35032.0,35609.0,35875.0,36364.0,37015.0,38173.0,38388.0,38867.0,38044.0,37144.0,36392.0,35754.0,35286.0,35104.0,33684.0,32703.0,32391.0,32108.0,30852.0,30358.0,30630.0,30690.0,30650.0,31192.0,30968.0,31601.0,32015.0,31598.0,30492.0,30344.0,29569.0,29178.0,28848.0,28566.0,27474.0,26588.0,26404.0,25694.0,26825.0,24145.0,24305.0,23270.0,22641.0,22205.0,21493.0,20918.0,20264.0,19557.0,19116.0,18593.0,17659.0,17755.0,17026.0,16607.0,16333.0,16290.0,16332.0,16216.0,16066.0,15743.0,15809.0,15557.0,15354.0,15160.0,15023.0,14453.0,14111.0,14051.0,13750.0,13270.0,13125.0,12870.0,12441.0,12111.0,11883.0,11408.0,11079.0,10829.0,10550.0,10374.0,10074.0,9812.0,9597.0,9320.0,9148.0,8955.0,8838.0,8776.0,8714.0,8484.0,8343.0,8368.0,8274.0,7985.0,7986.0
K,46,34033.0,33482.0,34180.0,34456.0,34940.0,34823.0,35300.0,34993.0,35578.0,35846.0,36319.0,36985.0,38132.0,38348.0,38824.0,38013.0,37107.0,36354.0,35715.0,35251.0,35078.0,33644.0,32666.0,32361.0,32069.0,30821.0,30322.0,30594.0,30653.0,30613.0,31166.0,30934.0,31560.0,31978.0,31566.0,30466.0,30313.0,29529.0,29149.0,28820.0,28540.0,27448.0,26562.0,26376.0,25666.0,26803.0,24121.0,24280.0,23248.0,22618.0,22181.0,21472.0,20896.0,20239.0,19533.0,19096.0,18581.0,17641.0,17731.0,17009.0,16592.0,16310.0,16279.0,16311.0,16202.0,16052.0,15728.0,15799.0,15540.0,15340.0,15144.0,15011.0,14444.0,14101.0,14033.0,13733.0,13257.0,13119.0,12859.0,12431.0,12098.0,11874.0,11394.0,11068.0,10817.0,10537.0,10365.0,10067.0,9800.0,9586.0,9308.0,9139.0,8942.0,8828.0,8764.0,8708.0,8476.0,8336.0,8359.0,8261.0,7980.0
K,47,35177.0,33995.0,33454.0,34139.0,34420.0,34914.0,34783.0,35261.0,34961.0,35531.0,35815.0,36283.0,36947.0,38075.0,38313.0,38789.0,37985.0,37063.0,36313.0,35679.0,35225.0,35039.0,33622.0,32631.0,32337.0,32038.0,30801.0,30293.0,30556.0,30630.0,30588.0,31121.0,30910.0,31526.0,31945.0,31525.0,30449.0,30285.0,29498.0,29132.0,28783.0,28510.0,27414.0,26532.0,26352.0,25628.0,26766.0,24104.0,24249.0,23226.0,22595.0,22164.0,21453.0,20873.0,20216.0,19514.0,19076.0,18565.0,17621.0,17718.0,16994.0,16572.0,16289.0,16256.0,16296.0,16190.0,16038.0,15715.0,15781.0,15530.0,15327.0,15127.0,14996.0,14431.0,14083.0,14020.0,13721.0,13244.0,13106.0,12850.0,12421.0,12085.0,11861.0,11378.0,11059.0,10809.0,10520.0,10352.0,10056.0,9794.0,9579.0,9304.0,9122.0,8937.0,8819.0,8758.0,8696.0,8471.0,8324.0,8350.0,8256.0
K,48,36600.0,35146.0,33959.0,33423.0,34099.0,34386.0,34876.0,34748.0,35224.0,34929.0,35494.0,35767.0,36245.0,36922.0,38037.0,38282.0,38745.0,37936.0,37029.0,36281.0,35646.0,35188.0,34998.0,33588.0,32612.0,32306.0,32007.0,30762.0,30256.0,30528.0,30604.0,30554.0,31088.0,30886.0,31497.0,31907.0,31497.0,30412.0,30250.0,29466.0,29110.0,28759.0,28489.0,27388.0,26502.0,26332.0,25607.0,26740.0,24070.0,24217.0,23199.0,22574.0,22139.0,21431.0,20853.0,20203.0,19492.0,19045.0,18543.0,17609.0,17699.0,16986.0,16565.0,16272.0,16240.0,16280.0,16179.0,16010.0,15700.0,15768.0,15514.0,15312.0,15107.0,14983.0,14408.0,14069.0,14011.0,13708.0,13224.0,13092.0,12834.0,12406.0,12070.0,11845.0,11366.0,11050.0,10800.0,10509.0,10340.0,10045.0,9784.0,9568.0,9297.0,9110.0,8924.0,8810.0,8754.0,8686.0,8459.0,8320.0,8346.0
K,49,36215.0,36562.0,35115.0,33926.0,33383.0,34058.0,34350.0,34849.0,34709.0,35189.0,34899.0,35464.0,35731.0,36220.0,36881.0,38007.0,38245.0,38710.0,37900.0,36989.0,36255.0,35605.0,35152.0,34965.0,33548.0,32582.0,32271.0,31981.0,30731.0,30234.0,30502.0,30573.0,30521.0,31049.0,30862.0,31458.0,31886.0,31458.0,30391.0,30222.0,29439.0,29077.0,28733.0,28463.0,27357.0,26479.0,26303.0,25580.0,26717.0,24046.0,24190.0,23175.0,22543.0,22117.0,21411.0,20828.0,20188.0,19480.0,19028.0,18526.0,17589.0,17681.0,16966.0,16542.0,16254.0,16218.0,16263.0,16165.0,15995.0,15684.0,15750.0,15504.0,15300.0,15091.0,14968.0,14392.0,14056.0,13994.0,13693.0,13212.0,13078.0,12813.0,12398.0,12065.0,11835.0,11356.0,11039.0,10795.0,10501.0,10327.0,10039.0,9779.0,9558.0,9282.0,9101.0,8910.0,8805.0,8744.0,8679.0,8448.0,8310.0
K,50,37446.0,36179.0,36529.0,35079.0,33886.0,33353.0,34027.0,34308.0,34814.0,34668.0,35162.0,34871.0,35425.0,35700.0,36178.0,36850.0,37955.0,38205.0,38672.0,37873.0,36954.0,36224.0,35565.0,35109.0,34933.0,33517.0,32555.0,32232.0,31950.0,30704.0,30203.0,30481.0,30546.0,30484.0,31013.0,30833.0,31426.0,31847.0,31431.0,30362.0,30195.0,29422.0,29043.0,28706.0,28447.0,27341.0,26454.0,26277.0,25541.0,26685.0,24025.0,24163.0,23148.0,22523.0,22091.0,21386.0,20815.0,20172.0,19466.0,19009.0,18498.0,17563.0,17663.0,16953.0,16529.0,16241.0,16195.0,16244.0,16148.0,15975.0,15665.0,15739.0,15487.0,15290.0,15078.0,14954.0,14379.0,14043.0,13981.0,13677.0,13196.0,13066.0,12798.0,12390.0,12053.0,11821.0,11347.0,11025.0,10787.0,10493.0,10317.0,10029.0,9767.0,9546.0,9271.0,9097.0,8892.0,8792.0,8729.0,8667.0,8440.0
K,51,37536.0,37404.0,36144.0,36494.0,35037.0,33852.0,33317.0,33995.0,34270.0,34780.0,34633.0,35134.0,34842.0,35399.0,35658.0,36150.0,36813.0,37921.0,38163.0,38639.0,37839.0,36914.0,36181.0,35539.0,35072.0,34891.0,33481.0,32529.0,32198.0,31924.0,30685.0,30168.0,30452.0,30518.0,30461.0,30979.0,30808.0,31394.0,31809.0,31406.0,30336.0,30167.0,29393.0,29020.0,28676.0,28419.0,27320.0,26429.0,26249.0,25521.0,26663.0,23998.0,24141.0,23125.0,22489.0,22072.0,21367.0,20793.0,20153.0,19442.0,18996.0,18484.0,17547.0,17639.0,16941.0,16516.0,16221.0,16178.0,16226.0,16131.0,15949.0,15649.0,15728.0,15477.0,15268.0,15063.0,14940.0,14366.0,14027.0,13967.0,13662.0,13183.0,13053.0,12790.0,12377.0,12039.0,11810.0,11341.0,11019.0,10781.0,10484.0,10311.0,10023.0,9755.0,9537.0,9253.0,9085.0,8884.0,8781.0,8724.0,8660.0
K,52,37024.0,37504.0,37362.0,36101.0,36455.0,34999.0,33822.0,33289.0,33960.0,34242.0,34734.0,34591.0,35099.0,34805.0,35363.0,35625.0,36116.0,36766.0,37887.0,38128.0,38592.0,37799.0,36880.0,36139.0,35514.0,35046.0,34852.0,33444.0,32506.0,32168.0,31884.0,30658.0,30142.0,30437.0,30484.0,30434.0,30942.0,30772.0,31346.0,31780.0,31372.0,30310.0,30133.0,29362.0,28985.0,28656.0,28394.0,27297.0,26402.0,26217.0,25498.0,26632.0,23970.0,24117.0,23102.0,22470.0,22049.0,21353.0,20773.0,20125.0,19416.0,18975.0,18467.0,17537.0,17625.0,16924.0,16506.0,16194.0,16162.0,16213.0,16110.0,15935.0,15634.0,15712.0,15452.0,15250.0,15051.0,14928.0,14356.0,14008.0,13960.0,13649.0,13169.0,13042.0,12779.0,12369.0,12028.0,11797.0,11325.0,11009.0,10768.0,10471.0,10305.0,10013.0,9742.0,9520.0,9242.0,9071.0,8882.0,8776.0,8718.0
K,53,37660.0,36979.0,37465.0,37329.0,36072.0,36417.0,34968.0,33784.0,33249.0,33927.0,34208.0,34711.0,34552.0,35072.0,34769.0,35336.0,35592.0,36080.0,36737.0,37852.0,38093.0,38548.0,37774.0,36845.0,36102.0,35482.0,35008.0,34819.0,33408.0,32473.0,32143.0,31855.0,30633.0,30118.0,30406.0,30458.0,30403.0,30917.0,30744.0,31311.0,31745.0,31336.0,30277.0,30106.0,29337.0,28949.0,28617.0,28360.0,27277.0,26374.0,26188.0,25466.0,26600.0,23944.0,24099.0,23074.0,22442.0,22036.0,21329.0,20747.0,20111.0,19400.0,18947.0,18451.0,17520.0,17601.0,16907.0,16491.0,16175.0,16147.0,16197.0,16099.0,15916.0,15616.0,15702.0,15440.0,15234.0,15037.0,14915.0,14346.0,13990.0,13944.0,13633.0,13158.0,13028.0,12761.0,12352.0,12018.0,11789.0,11311.0,10998.0,10752.0,10456.0,10296.0,10004.0,9733.0,9509.0,9236.0,9064.0,8873.0,8768.0
K,54,37209.0,37627.0,36942.0,37426.0,37294.0,36035.0,36380.0,34929.0,33749.0,33208.0,33895.0,34175.0,34678.0,34518.0,35049.0,34736.0,35308.0,35557.0,36050.0,36695.0,37817.0,38058.0,38504.0,37744.0,36818.0,36064.0,35441.0,34972.0,34788.0,33369.0,32443.0,32109.0,31823.0,30599.0,30088.0,30372.0,30426.0,30371.0,30888.0,30715.0,31274.0,31719.0,31304.0,30240.0,30078.0,29305.0,28918.0,28596.0,28341.0,27250.0,26341.0,26164.0,25439.0,26580.0,23929.0,24075.0,23054.0,22418.0,22019.0,21307.0,20733.0,20092.0,19379.0,18928.0,18428.0,17504.0,17587.0,16894.0,16474.0,16163.0,16132.0,16178.0,16083.0,15906.0,15596.0,15692.0,15429.0,15225.0,15024.0,14906.0,14335.0,13981.0,13930.0,13619.0,13137.0,13013.0,12745.0,12340.0,11993.0,11778.0,11302.0,10985.0,10742.0,10444.0,10289.0,9999.0,9722.0,9502.0,9223.0,9052.0,8863.0
K,55,36217.0,37170.0,37596.0,36916.0,37394.0,37264.0,35996.0,36347.0,34886.0,33721.0,33175.0,33859.0,34146.0,34641.0,34486.0,35014.0,34704.0,35271.0,35517.0,36017.0,36654.0,37774.0,38030.0,38474.0,37718.0,36779.0,36013.0,35411.0,34935.0,34756.0,33336.0,32416.0,32072.0,31789.0,30566.0,30053.0,30347.0,30400.0,30345.0,30855.0,30684.0,31242.0,31694.0,31280.0,30216.0,30048.0,29264.0,28890.0,28566.0,28323.0,27225.0,26319.0,26146.0,25418.0,26560.0,23903.0,24037.0,23028.0,22394.0,22002.0,21289.0,20714.0,20076.0,19362.0,18899.0,18412.0,17487.0,17571.0,16872.0,16462.0,16144.0,16114.0,16156.0,16065.0,15892.0,15584.0,15672.0,15414.0,15211.0,15009.0,14891.0,14325.0,13965.0,13915.0,13602.0,13119.0,13000.0,12735.0,12326.0,11986.0,11764.0,11285.0,10970.0,10736.0,10434.0,10277.0,9991.0,9713.0,9490.0,9211.0,9044.0
K,56,35480.0,36185.0,37135.0,37566.0,36882.0,37357.0,37233.0,35964.0,36308.0,34855.0,33692.0,33150.0,33828.0,34112.0,34603.0,34452.0,34995.0,34675.0,35239.0,35483.0,35974.0,36612.0,37730.0,37986.0,38433.0,37678.0,36734.0,35987.0,35380.0,34915.0,34718.0,33298.0,32385.0,32037.0,31749.0,30536.0,30014.0,30325.0,30371.0,30317.0,30822.0,30654.0,31213.0,31667.0,31247.0,30181.0,30014.0,29229.0,28861.0,28534.0,28303.0,27199.0,26293.0,26121.0,25388.0,26532.0,23871.0,24017.0,22996.0,22370.0,21978.0,21265.0,20689.0,20054.0,19342.0,18871.0,18393.0,17470.0,17541.0,16850.0,16447.0,16127.0,16102.0,16136.0,16050.0,15878.0,15568.0,15655.0,15393.0,15190.0,14998.0,14873.0,14308.0,13957.0,13897.0,13585.0,13103.0,12988.0,12722.0,12319.0,11974.0,11755.0,11269.0,10958.0,10723.0,10422.0,10257.0,9983.0,9703.0,9483.0,9201.0
K,57,34879.0,35446.0,36151.0,37105.0,37527.0,36841.0,37331.0,37191.0,35917.0,36268.0,34831.0,33658.0,33117.0,33783.0,34087.0,34566.0,34415.0,34956.0,34645.0,35207.0,35446.0,35948.0,36576.0,37691.0,37952.0,38393.0,37642.0,36701.0,35954.0,35345.0,34889.0,34683.0,33266.0,32354.0,32007.0,31720.0,30510.0,29987.0,30296.0,30331.0,30291.0,30792.0,30616.0,31189.0,31638.0,31213.0,30150.0,29978.0,29193.0,28828.0,28510.0,28273.0,27171.0,26265.0,26091.0,25357.0,26507.0,23849.0,23993.0,22972.0,22344.0,21955.0,21249.0,20675.0,20035.0,19320.0,18846.0,18371.0,17449.0,17524.0,16834.0,16434.0,16114.0,16083.0,16118.0,16031.0,15862.0,15555.0,15636.0,15380.0,15177.0,14981.0,14860.0,14298.0,13945.0,13879.0,13576.0,13096.0,12973.0,12711.0,12306.0,11966.0,11746.0,11257.0,10949.0,10713.0,10415.0,10246.0,9968.0,9697.0,9468.0
K,58,34275.0,34838.0,35416.0,36118.0,37069.0,37492.0,36798.0,37299.0,37154.0,35875.0,36226.0,34799.0,33631.0,33086.0,33746.0,34040.0,34540.0,34385.0,34915.0,34613.0,35174.0,35417.0,35911.0,36549.0,37651.0,37916.0,38345.0,37608.0,36665.0,35924.0,35309.0,34864.0,34646.0,33233.0,32319.0,31978.0,31690.0,30478.0,29962.0,30262.0,30300.0,30264.0,30760.0,30581.0,31160.0,31603.0,31190.0,30126.0,29955.0,29175.0,28800.0,28473.0,28235.0,27146.0,26235.0,26064.0,25334.0,26489.0,23821.0,23981.0,22948.0,22325.0,21945.0,21230.0,20653.0,20013.0,19293.0,18835.0,18347.0,17431.0,17498.0,16809.0,16418.0,16096.0,16067.0,16099.0,16018.0,15850.0,15539.0,15623.0,15364.0,15163.0,14958.0,14848.0,14286.0,13933.0,13860.0,13568.0,13088.0,12954.0,12704.0,12300.0,11954.0,11731.0,11242.0,10943.0,10704.0,10407.0,10234.0,9959.0,9688.0
K,59,33194.0,34243.0,34806.0,35388.0,36085.0,37022.0,37451.0,36758.0,37262.0,37125.0,35843.0,36172.0,34751.0,33597.0,33058.0,33720.0,34019.0,34513.0,34356.0,34886.0,34569.0,35137.0,35383.0,35871.0,36506.0,37623.0,37876.0,38299.0,37573.0,36634.0,35872.0,35268.0,34827.0,34613.0,33194.0,32282.0,31947.0,31666.0,30445.0,29933.0,30232.0,30268.0,30231.0,30723.0,30558.0,31134.0,31574.0,31158.0,30093.0,29924.0,29142.0,28782.0,28449.0,28214.0,27113.0,26204.0,26043.0,25308.0,26465.0,23801.0,23959.0,22926.0,22299.0,21916.0,21205.0,20632.0,19987.0,19277.0,18818.0,18330.0,17414.0,17479.0,16799.0,16397.0,16092.0,16054.0,16079.0,15999.0,15837.0,15522.0,15608.0,15355.0,15144.0,14948.0,14832.0,14272.0,13918.0,13843.0,13552.0,13083.0,12946.0,12695.0,12285.0,11945.0,11714.0,11224.0,10933.0,10695.0,10396.0,10221.0,9947.0
K,60,32018.0,33151.0,34207.0,34772.0,35362.0,36058.0,36988.0,37414.0,36724.0,37230.0,37086.0,35811.0,36146.0,34724.0,33555.0,33019.0,33679.0,33983.0,34473.0,34323.0,34850.0,34540.0,35102.0,35354.0,35827.0,36474.0,37600.0,37843.0,38263.0,37539.0,36597.0,35825.0,35225.0,34799.0,34572.0,33165.0,32254.0,31906.0,31631.0,30415.0,29918.0,30198.0,30242.0,30199.0,30696.0,30526.0,31110.0,31554.0,31129.0,30056.0,29901.0,29111.0,28751.0,28424.0,28188.0,27083.0,26180.0,26016.0,25282.0,26441.0,23776.0,23926.0,22906.0,22282.0,21891.0,21185.0,20609.0,19970.0,19260.0,18795.0,18312.0,17391.0,17459.0,16783.0,16382.0,16076.0,16041.0,16067.0,15982.0,15824.0,15505.0,15589.0,15338.0,15136.0,14928.0,14816.0,14257.0,13909.0,13831.0,13531.0,13073.0,12933.0,12679.0,12278.0,11931.0,11702.0,11217.0,10924.0,10685.0,10388.0,10215.0
K,61,31506.0,31982.0,33109.0,34176.0,34728.0,35323.0,36018.0,36952.0,37373.0,36684.0,37175.0,37056.0,35763.0,36112.0,34688.0,33519.0,32970.0,33644.0,33935.0,34431.0,34281.0,34807.0,34499.0,35062.0,35313.0,35780.0,36442.0,37561.0,37798.0,38220.0,37502.0,36567.0,35788.0,35187.0,34760.0,34510.0,33124.0,32225.0,31866.0,31594.0,30380.0,29881.0,30158.0,30207.0,30154.0,30663.0,30487.0,31080.0,31521.0,31078.0,30014.0,29877.0,29085.0,28719.0,28397.0,28156.0,27057.0,26156.0,25990.0,25244.0,26401.0,23747.0,23896.0,22877.0,22258.0,21855.0,21165.0,20587.0,19952.0,19239.0,18770.0,18292.0,17365.0,17442.0,16770.0,16360.0,16049.0,16025.0,16048.0,15967.0,15801.0,15487.0,15562.0,15319.0,15116.0,14909.0,14799.0,14241.0,13897.0,13813.0,13521.0,13058.0,12912.0,12657.0,12269.0,11920.0,11690.0,11204.0,10911.0,10680.0,10377.0
K,62,31028.0,31469.0,31931.0,33050.0,34133.0,34676.0,35273.0,35973.0,36900.0,37316.0,36632.0,37120.0,37005.0,35713.0,36062.0,34637.0,33482.0,32924.0,33607.0,33892.0,34381.0,34238.0,34761.0,34461.0,34997.0,35271.0,35727.0,36389.0,37515.0,37748.0,38175.0,37457.0,36526.0,35740.0,35151.0,34720.0,34469.0,33077.0,32188.0,31828.0,31554.0,30350.0,29842.0,30131.0,30164.0,30116.0,30611.0,30450.0,31040.0,31469.0,31038.0,29977.0,29845.0,29047.0,28679.0,28358.0,28119.0,27026.0,26129.0,25961.0,25198.0,26375.0,23710.0,23868.0,22843.0,22227.0,21819.0,21140.0,20561.0,19922.0,19224.0,18748.0,18266.0,17348.0,17413.0,16746.0,16352.0,16028.0,16007.0,16027.0,15950.0,15781.0,15472.0,15549.0,15302.0,15099.0,14892.0,14777.0,14223.0,13880.0,13799.0,13505.0,13041.0,12902.0,12644.0,12255.0,11907.0,11674.0,11186.0,10900.0,10665.0
K,63,30842.0,30988.0,31432.0,31889.0,32994.0,34091.0,34627.0,35203.0,35931.0,36854.0,37267.0,36580.0,37059.0,36952.0,35658.0,36017.0,34590.0,33426.0,32881.0,33541.0,33845.0,34338.0,34191.0,34714.0,34402.0,34934.0,35221.0,35675.0,36327.0,37463.0,37678.0,38118.0,37400.0,36475.0,35679.0,35092.0,34668.0,34404.0,33034.0,32147.0,31783.0,31501.0,30304.0,29801.0,30084.0,30111.0,30076.0,30573.0,30398.0,30987.0,31425.0,30992.0,29927.0,29808.0,29005.0,28638.0,28315.0,28084.0,26984.0,26105.0,25931.0,25160.0,26340.0,23687.0,23830.0,22809.0,22198.0,21790.0,21097.0,20536.0,19892.0,19198.0,18722.0,18238.0,17327.0,17384.0,16718.0,16335.0,16005.0,15979.0,16009.0,15932.0,15773.0,15448.0,15525.0,15288.0,15084.0,14863.0,14754.0,14207.0,13858.0,13779.0,13486.0,13018.0,12887.0,12631.0,12238.0,11892.0,11654.0,11169.0,10882.0
K,64,30683.0,30794.0,30942.0,31377.0,31844.0,32947.0,34043.0,34568.0,35139.0,35874.0,36792.0,37200.0,36506.0,36991.0,36891.0,35594.0,35941.0,34540.0,33363.0,32824.0,33484.0,33791.0,34286.0,34141.0,34660.0,34339.0,34866.0,35154.0,35603.0,36265.0,37396.0,37620.0,38063.0,37347.0,36408.0,35630.0,35042.0,34624.0,34359.0,32976.0,32095.0,31729.0,31465.0,30245.0,29750.0,30035.0,30061.0,30024.0,30524.0,30337.0,30932.0,31352.0,30956.0,29871.0,29762.0,28970.0,28589.0,28273.0,28031.0,26937.0,26063.0,25886.0,25114.0,26303.0,23633.0,23785.0,22780.0,22156.0,21758.0,21063.0,20501.0,19861.0,19176.0,18699.0,18203.0,17294.0,17350.0,16690.0,16313.0,15975.0,15957.0,15980.0,15912.0,15745.0,15421.0,15496.0,15269.0,15059.0,14841.0,14732.0,14187.0,13834.0,13752.0,13455.0,13000.0,12868.0,12601.0,12219.0,11873.0,11638.0,11153.0
K,65,29874.0,30611.0,30729.0,30884.0,31311.0,31788.0,32880.0,33993.0,34485.0,35062.0,35806.0,36728.0,37138.0,36426.0,36928.0,36822.0,35528.0,35858.0,34475.0,33288.0,32763.0,33430.0,33721.0,34224.0,34073.0,34584.0,34262.0,34787.0,35098.0,35533.0,36204.0,37310.0,37544.0,37987.0,37264.0,36344.0,35564.0,34977.0,34550.0,34291.0,32910.0,32028.0,31656.0,31391.0,30178.0,29680.0,29973.0,29992.0,29968.0,30462.0,30287.0,30879.0,31298.0,30892.0,29815.0,29691.0,28921.0,28527.0,28217.0,27984.0,26887.0,26001.0,25832.0,25060.0,26258.0,23594.0,23740.0,22740.0,22107.0,21720.0,21018.0,20447.0,19818.0,19132.0,18659.0,18166.0,17268.0,17320.0,16652.0,16279.0,15939.0,15921.0,15941.0,15881.0,15723.0,15392.0,15464.0,15234.0,15025.0,14819.0,14702.0,14156.0,13812.0,13717.0,13441.0,12969.0,12839.0,12580.0,12189.0,11846.0,11614.0
K,66,30085.0,29815.0,30537.0,30667.0,30818.0,31252.0,31718.0,32813.0,33917.0,34407.0,34981.0,35722.0,36655.0,37045.0,36353.0,36836.0,36739.0,35457.0,35779.0,34405.0,33211.0,32703.0,33367.0,33659.0,34158.0,34011.0,34527.0,34195.0,34716.0,35018.0,35456.0,36129.0,37213.0,37438.0,37908.0,37178.0,36282.0,35481.0,34910.0,34474.0,34216.0,32837.0,31967.0,31578.0,31324.0,30108.0,29629.0,29908.0,29909.0,29911.0,30400.0,30223.0,30815.0,31230.0,30827.0,29752.0,29620.0,28860.0,28455.0,28158.0,27918.0,26824.0,25945.0,25783.0,25010.0,26211.0,23568.0,23683.0,22691.0,22065.0,21679.0,20966.0,20401.0,19769.0,19088.0,18620.0,18137.0,17240.0,17286.0,16620.0,16240.0,15909.0,15874.0,15902.0,15846.0,15689.0,15360.0,15427.0,15205.0,14996.0,14777.0,14670.0,14130.0,13777.0,13679.0,13417.0,12940.0,12812.0,12548.0,12157.0,11828.0
K,67,29117.0,30000.0,29743.0,30465.0,30585.0,30733.0,31161.0,31653.0,32732.0,33855.0,34327.0,34903.0,35623.0,36565.0,36961.0,36256.0,36741.0,36634.0,35364.0,35703.0,34327.0,33118.0,32638.0,33296.0,33573.0,34077.0,33931.0,34436.0,34099.0,34627.0,34917.0,35361.0,36024.0,37111.0,37359.0,37823.0,37079.0,36212.0,35384.0,34811.0,34388.0,34118.0,32738.0,31880.0,31496.0,31248.0,30049.0,29568.0,29845.0,29823.0,29814.0,30327.0,30157.0,30738.0,31141.0,30746.0,29682.0,29547.0,28800.0,28386.0,28088.0,27866.0,26755.0,25891.0,25730.0,24957.0,26129.0,23515.0,23636.0,22633.0,22005.0,21622.0,20904.0,20354.0,19732.0,19037.0,18582.0,18071.0,17201.0,17249.0,16577.0,16199.0,15875.0,15832.0,15873.0,15815.0,15646.0,15316.0,15390.0,15175.0,14950.0,14745.0,14624.0,14091.0,13748.0,13643.0,13378.0,12909.0,12779.0,12517.0,12125.0
K,68,28485.0,29039.0,29923.0,29660.0,30369.0,30515.0,30654.0,31088.0,31567.0,32645.0,33747.0,34227.0,34813.0,35522.0,36478.0,36867.0,36146.0,36627.0,36537.0,35270.0,35592.0,34250.0,33018.0,32555.0,33197.0,33476.0,33966.0,33827.0,34345.0,34003.0,34534.0,34811.0,35244.0,35942.0,36998.0,37262.0,37707.0,36985.0,36106.0,35275.0,34712.0,34277.0,34032.0,32649.0,31803.0,31397.0,31168.0,29976.0,29472.0,29773.0,29744.0,29723.0,30245.0,30068.0,30650.0,31050.0,30649.0,29590.0,29454.0,28709.0,28312.0,28006.0,27784.0,26660.0,25807.0,25664.0,24888.0,26035.0,23453.0,23571.0,22570.0,21943.0,21550.0,20852.0,20296.0,19680.0,18984.0,18535.0,18014.0,17154.0,17190.0,16531.0,16149.0,15811.0,15783.0,15826.0,15768.0,15611.0,15270.0,15351.0,15135.0,14907.0,14705.0,14592.0,14048.0,13713.0,13604.0,13350.0,12884.0,12749.0,12488.0
K,69,27981.0,28389.0,28956.0,29820.0,29566.0,30271.0,30410.0,30550.0,30982.0,31479.0,32557.0,33644.0,34110.0,34686.0,35395.0,36358.0,36741.0,36033.0,36512.0,36432.0,35146.0,35479.0,34137.0,32901.0,32446.0,33088.0,33363.0,33878.0,33709.0,34245.0,33906.0,34408.0,34719.0,35129.0,35839.0,36884.0,37140.0,37580.0,36859.0,35979.0,35160.0,34598.0,34156.0,33916.0,32544.0,31683.0,31296.0,31067.0,29882.0,29354.0,29684.0,29660.0,29629.0,30151.0,29969.0,30548.0,30940.0,30549.0,29505.0,29369.0,28626.0,28222.0,27898.0,27699.0,26542.0,25736.0,25583.0,24809.0,25928.0,23387.0,23503.0,22501.0,21872.0,21492.0,20777.0,20233.0,19624.0,18928.0,18479.0,17951.0,17105.0,17141.0,16470.0,16089.0,15759.0,15728.0,15778.0,15728.0,15565.0,15224.0,15306.0,15083.0,14865.0,14650.0,14544.0,14000.0,13664.0,13566.0,13318.0,12841.0,12696.0
K,70,27198.0,27873.0,28306.0,28861.0,29700.0,29459.0,30141.0,30313.0,30427.0,30863.0,31349.0,32461.0,33526.0,33974.0,34579.0,35269.0,36215.0,36604.0,35896.0,36380.0,36315.0,35048.0,35354.0,34021.0,32794.0,32327.0,32954.0,33230.0,33734.0,33593.0,34107.0,33777.0,34292.0,34613.0,34987.0,35683.0,36749.0,37019.0,37440.0,36737.0,35851.0,35028.0,34481.0,34018.0,33799.0,32440.0,31571.0,31182.0,30927.0,29765.0,29247.0,29576.0,29548.0,29502.0,30027.0,29864.0,30436.0,30815.0,30421.0,29389.0,29272.0,28527.0,28104.0,27817.0,27604.0,26456.0,25643.0,25486.0,24712.0,25834.0,23308.0,23426.0,22428.0,21785.0,21415.0,20711.0,20170.0,19545.0,18856.0,18438.0,17890.0,17034.0,17088.0,16392.0,16022.0,15699.0,15684.0,15705.0,15658.0,15508.0,15169.0,15246.0,15025.0,14824.0,14598.0,14490.0,13948.0,13615.0,13503.0,13274.0,12798.0
K,71,25526.0,27081.0,27766.0,28188.0,28744.0,29583.0,29339.0,30024.0,30190.0,30311.0,30733.0,31216.0,32315.0,33384.0,33819.0,34430.0,35113.0,36073.0,36453.0,35728.0,36227.0,36170.0,34895.0,35193.0,33877.0,32654.0,32189.0,32813.0,33117.0,33574.0,33455.0,33972.0,33660.0,34144.0,34467.0,34841.0,35523.0,36590.0,36867.0,37281.0,36577.0,35694.0,34877.0,34350.0,33865.0,33667.0,32312.0,31427.0,31038.0,30797.0,29634.0,29120.0,29456.0,29424.0,29379.0,29900.0,29725.0,30305.0,30707.0,30291.0,29266.0,29153.0,28414.0,27964.0,27687.0,27486.0,26335.0,25542.0,25386.0,24594.0,25699.0,23171.0,23313.0,22335.0,21687.0,21320.0,20612.0,20084.0,19469.0,18775.0,18367.0,17820.0,16962.0,17007.0,16333.0,15950.0,15636.0,15613.0,15644.0,15583.0,15438.0,15115.0,15177.0,14968.0,14761.0,14536.0,14441.0,13879.0,13573.0,13442.0,13230.0
K,72,25882.0,25385.0,26937.0,27630.0,28054.0,28618.0,29438.0,29209.0,29863.0,30054.0,30172.0,30604.0,31049.0,32173.0,33221.0,33665.0,34282.0,34973.0,35903.0,36272.0,35555.0,36047.0,36010.0,34719.0,35031.0,33704.0,32508.0,32044.0,32631.0,32973.0,33417.0,33276.0,33801.0,33495.0,33989.0,34310.0,34677.0,35361.0,36398.0,36714.0,37096.0,36416.0,35517.0,34731.0,34170.0,33688.0,33506.0,32161.0,31278.0,30906.0,30642.0,29504.0,28976.0,29320.0,29284.0,29255.0,29746.0,29598.0,30166.0,30575.0,30147.0,29129.0,29006.0,28281.0,27831.0,27547.0,27345.0,26215.0,25416.0,25261.0,24476.0,25581.0,23082.0,23202.0,22233.0,21597.0,21227.0,20501.0,19982.0,19374.0,18674.0,18274.0,17727.0,16886.0,16929.0,16245.0,15861.0,15563.0,15531.0,15566.0,15513.0,15352.0,15031.0,15108.0,14894.0,14685.0,14465.0,14369.0,13799.0,13508.0,13370.0
K,73,25567.0,25743.0,25266.0,26775.0,27469.0,27912.0,28462.0,29269.0,29066.0,29694.0,29868.0,30008.0,30443.0,30886.0,31998.0,33042.0,33504.0,34117.0,34783.0,35661.0,36070.0,35333.0,35861.0,35815.0,34535.0,34833.0,33530.0,32334.0,31870.0,32471.0,32786.0,33239.0,33109.0,33616.0,33289.0,33781.0,34145.0,34472.0,35168.0,36195.0,36532.0,36904.0,36217.0,35325.0,34550.0,33973.0,33509.0,33347.0,31993.0,31097.0,30721.0,30471.0,29345.0,28832.0,29187.0,29153.0,29096.0,29571.0,29453.0,30005.0,30418.0,29978.0,28954.0,28841.0,28113.0,27698.0,27389.0,27205.0,26075.0,25269.0,25132.0,24342.0,25451.0,22954.0,23054.0,22125.0,21508.0,21123.0,20379.0,19860.0,19272.0,18578.0,18173.0,17634.0,16788.0,16826.0,16159.0,15789.0,15488.0,15449.0,15470.0,15412.0,15272.0,14956.0,15022.0,14813.0,14608.0,14402.0,14284.0,13728.0,13442.0
K,74,25427.0,25421.0,25569.0,25117.0,26612.0,27298.0,27736.0,28283.0,29077.0,28895.0,29527.0,29660.0,29812.0,30257.0,30700.0,31799.0,32828.0,33298.0,33888.0,34563.0,35466.0,35841.0,35061.0,35646.0,35611.0,34322.0,34616.0,33348.0,32127.0,31673.0,32287.0,32590.0,33067.0,32910.0,33413.0,33074.0,33577.0,33906.0,34241.0,34948.0,35965.0,36327.0,36669.0,35977.0,35140.0,34349.0,33766.0,33294.0,33155.0,31789.0,30918.0,30527.0,30287.0,29166.0,28660.0,28999.0,28968.0,28914.0,29410.0,29276.0,29808.0,30244.0,29788.0,28791.0,28661.0,27930.0,27525.0,27212.0,27043.0,25909.0,25091.0,24978.0,24176.0,25294.0,22843.0,22900.0,21985.0,21389.0,20997.0,20269.0,19759.0,19128.0,18452.0,18061.0,17519.0,16655.0,16712.0,16050.0,15689.0,15387.0,15351.0,15374.0,15333.0,15194.0,14863.0,14936.0,14725.0,14520.0,14318.0,14187.0,13643.0
K,75,25805.0,25257.0,25255.0,25411.0,24954.0,26414.0,27092.0,27566.0,28069.0,28854.0,28673.0,29325.0,29456.0,29639.0,30058.0,30452.0,31579.0,32627.0,33100.0,33639.0,34304.0,35217.0,35597.0,34816.0,35415.0,35379.0,34060.0,34378.0,33110.0,31909.0,31458.0,32056.0,32364.0,32854.0,32676.0,33177.0,32833.0,33302.0,33666.0,34005.0,34711.0,35707.0,36062.0,36421.0,35720.0,34899.0,34128.0,33524.0,33071.0,32942.0,31554.0,30704.0,30304.0,30089.0,28990.0,28453.0,28818.0,28772.0,28688.0,29216.0,29083.0,29585.0,30016.0,29588.0,28584.0,28469.0,27757.0,27327.0,27003.0,26852.0,25729.0,24914.0,24829.0,24019.0,25113.0,22688.0,22718.0,21825.0,21240.0,20845.0,20139.0,19628.0,18998.0,18317.0,17916.0,17399.0,16531.0,16595.0,15948.0,15554.0,15272.0,15256.0,15280.0,15217.0,15092.0,14740.0,14837.0,14628.0,14427.0,14224.0,14098.0
K,76,26208.0,25592.0,25056.0,25051.0,25213.0,24763.0,26203.0,26889.0,27341.0,27844.0,28612.0,28429.0,29091.0,29216.0,29389.0,29813.0,30185.0,31316.0,32375.0,32852.0,33339.0,34014.0,34927.0,35313.0,34520.0,35117.0,35101.0,33789.0,34090.0,32824.0,31622.0,31200.0,31819.0,32080.0,32602.0,32412.0,32924.0,32577.0,33016.0,33414.0,33721.0,34425.0,35447.0,35790.0,36104.0,35405.0,34628.0,33849.0,33284.0,32789.0,32653.0,31291.0,30456.0,30076.0,29887.0,28766.0,28250.0,28599.0,28531.0,28437.0,28979.0,28843.0,29335.0,29777.0,29371.0,28343.0,28243.0,27528.0,27092.0,26783.0,26628.0,25536.0,24701.0,24622.0,23808.0,24917.0,22517.0,22544.0,21636.0,21061.0,20691.0,19972.0,19483.0,18839.0,18172.0,17771.0,17268.0,16415.0,16460.0,15810.0,15426.0,15145.0,15136.0,15162.0,15108.0,14993.0,14619.0,14715.0,14501.0,14301.0,14121.0
K,77,23006.0,25956.0,25342.0,24834.0,24803.0,24994.0,24558.0,25974.0,26642.0,27092.0,27574.0,28389.0,28168.0,28836.0,28948.0,29139.0,29538.0,29916.0,31019.0,32065.0,32568.0,33020.0,33715.0,34582.0,35007.0,34207.0,34790.0,34791.0,33477.0,33773.0,32496.0,31345.0,30896.0,31556.0,31799.0,32257.0,32120.0,32620.0,32280.0,32728.0,33131.0,33418.0,34096.0,35142.0,35470.0,35775.0,35111.0,34329.0,33527.0,32964.0,32511.0,32361.0,31025.0,30188.0,29813.0,29607.0,28498.0,28001.0,28345.0,28291.0,28191.0,28708.0,28562.0,29032.0,29508.0,29110.0,28090.0,27989.0,27273.0,26857.0,26529.0,26379.0,25334.0,24475.0,24397.0,23598.0,24688.0,22322.0,22351.0,21447.0,20877.0,20488.0,19786.0,19283.0,18664.0,18004.0,17626.0,17114.0,16265.0,16336.0,15658.0,15287.0,14989.0,15007.0,15038.0,14981.0,14839.0,14460.0,14577.0,14365.0,14152.0
K,78,21550.0,22765.0,25700.0,25080.0,24568.0,24572.0,24732.0,24328.0,25690.0,26361.0,26821.0,27290.0,28112.0,27849.0,28546.0,28605.0,28824.0,29220.0,29624.0,30707.0,31728.0,32253.0,32699.0,33389.0,34263.0,34673.0,33835.0,34421.0,34423.0,33124.0,33403.0,32174.0,31010.0,30582.0,31230.0,31444.0,31938.0,31778.0,32312.0,31956.0,32386.0,32786.0,33063.0,33742.0,34790.0,35078.0,35396.0,34745.0,33954.0,33171.0,32602.0,32150.0,32040.0,30730.0,29865.0,29513.0,29304.0,28196.0,27705.0,28053.0,28008.0,27878.0,28411.0,28249.0,28723.0,29182.0,28829.0,27800.0,27718.0,26993.0,26593.0,26291.0,26090.0,25055.0,24204.0,24134.0,23326.0,24415.0,22090.0,22092.0,21203.0,20665.0,20297.0,19594.0,19088.0,18467.0,17841.0,17461.0,16954.0,16081.0,16174.0,15498.0,15124.0,14808.0,14835.0,14892.0,14803.0,14703.0,14322.0,14408.0,14217.0
K,79,18625.0,21285.0,22517.0,25428.0,24805.0,24251.0,24295.0,24444.0,24042.0,25416.0,26064.0,26482.0,26977.0,27805.0,27532.0,28173.0,28279.0,28512.0,28884.0,29260.0,30360.0,31391.0,31896.0,32312.0,33006.0,33878.0,34266.0,33437.0,34002.0,34034.0,32719.0,33012.0,31789.0,30645.0,30233.0,30804.0,31052.0,31554.0,31407.0,31937.0,31579.0,32021.0,32404.0,32661.0,33355.0,34423.0,34646.0,34981.0,34298.0,33535.0,32785.0,32232.0,31805.0,31659.0,30350.0,29517.0,29162.0,28968.0,27864.0,27383.0,27753.0,27667.0,27543.0,28061.0,27948.0,28386.0,28822.0,28477.0,27486.0,27397.0,26657.0,26245.0,25950.0,25731.0,24767.0,23925.0,23869.0,23048.0,24130.0,21820.0,21798.0,20968.0,20418.0,20081.0,19373.0,18860.0,18246.0,17631.0,17269.0,16750.0,15876.0,15976.0,15310.0,14940.0,14596.0,14658.0,14705.0,14628.0,14526.0,14151.0,14227.0
K,80,16927.0,18377.0,21001.0,22226.0,25089.0,24442.0,23947.0,23963.0,24109.0,23713.0,25081.0,25732.0,26135.0,26609.0,27423.0,27169.0,27798.0,27920.0,28113.0,28476.0,28869.0,29936.0,30969.0,31473.0,31861.0,32568.0,33403.0,33800.0,33009.0,33545.0,33565.0,32279.0,32603.0,31345.0,30274.0,29834.0,30376.0,30659.0,31122.0,30988.0,31532.0,31144.0,31584.0,31958.0,32255.0,32886.0,33957.0,34189.0,34543.0,33850.0,33098.0,32348.0,31797.0,31371.0,31233.0,29961.0,29097.0,28747.0,28596.0,27482.0,27004.0,27394.0,27278.0,27145.0,27692.0,27537.0,28023.0,28402.0,28097.0,27091.0,27019.0,26346.0,25914.0,25612.0,25397.0,24448.0,23632.0,23557.0,22724.0,23825.0,21559.0,21505.0,20643.0,20143.0,19816.0,19097.0,18609.0,18018.0,17400.0,17053.0,16530.0,15661.0,15754.0,15077.0,14709.0,14421.0,14442.0,14514.0,14427.0,14338.0,13947.0
K,81,14386.0,16697.0,18113.0,20702.0,21883.0,24696.0,24027.0,23572.0,23581.0,23723.0,23342.0,24681.0,25331.0,25751.0,26202.0,27024.0,26739.0,27345.0,27489.0,27699.0,28063.0,28426.0,29494.0,30508.0,30989.0,31403.0,32103.0,32903.0,33286.0,32517.0,33044.0,33026.0,31811.0,32101.0,30863.0,29790.0,29404.0,29904.0,30181.0,30635.0,30478.0,31025.0,30687.0,31115.0,31460.0,31792.0,32372.0,33411.0,33643.0,34022.0,33322.0,32578.0,31881.0,31346.0,30897.0,30748.0,29486.0,28642.0,28307.0,28145.0,27081.0,26572.0,26980.0,26838.0,26731.0,27298.0,27092.0,27603.0,27939.0,27687.0,26690.0,26577.0,25909.0,25518.0,25259.0,25004.0,24086.0,23282.0,23196.0,22362.0,23472.0,21231.0,21204.0,20306.0,19850.0,19505.0,18794.0,18319.0,17737.0,17143.0,16850.0,16295.0,15427.0,15523.0,14865.0,14486.0,14206.0,14219.0,14302.0,14213.0,14104.0
K,82,14292.0,14127.0,16420.0,17818.0,20327.0,21495.0,24262.0,23644.0,23160.0,23185.0,23292.0,22916.0,24228.0,24893.0,25312.0,25765.0,26518.0,26264.0,26894.0,26991.0,27245.0,27570.0,27913.0,28981.0,29979.0,30435.0,30859.0,31533.0,32291.0,32696.0,31947.0,32482.0,32467.0,31213.0,31536.0,30344.0,29296.0,28888.0,29388.0,29689.0,30106.0,29950.0,30459.0,30154.0,30578.0,30938.0,31241.0,31833.0,32863.0,33076.0,33406.0,32735.0,31998.0,31337.0,30791.0,30355.0,30234.0,28978.0,28182.0,27780.0,27661.0,26653.0,26121.0,26519.0,26391.0,26275.0,26823.0,26641.0,27119.0,27453.0,27191.0,26188.0,26132.0,25469.0,25074.0,24841.0,24590.0,23651.0,22863.0,22770.0,21974.0,23063.0,20890.0,20836.0,19966.0,19492.0,19166.0,18448.0,17996.0,17416.0,16857.0,16579.0,15962.0,15168.0,15284.0,14617.0,14229.0,13954.0,13969.0,14056.0,13977.0
K,83,13203.0,14012.0,13833.0,16081.0,17464.0,19928.0,21061.0,23832.0,23182.0,22684.0,22701.0,22816.0,22468.0,23776.0,24457.0,24809.0,25294.0,25971.0,25751.0,26370.0,26463.0,26692.0,27023.0,27327.0,28397.0,29389.0,29803.0,30233.0,30927.0,31683.0,32093.0,31330.0,31848.0,31796.0,30581.0,30872.0,29746.0,28765.0,28313.0,28810.0,29039.0,29516.0,29288.0,29910.0,29554.0,29909.0,30327.0,30616.0,31214.0,32224.0,32381.0,32754.0,32065.0,31358.0,30704.0,30201.0,29673.0,29631.0,28385.0,27635.0,27189.0,27108.0,26141.0,25566.0,25993.0,25864.0,25761.0,26245.0,26119.0,26598.0,26889.0,26675.0,25663.0,25613.0,24947.0,24593.0,24350.0,24078.0,23172.0,22409.0,22347.0,21546.0,22634.0,20462.0,20402.0,19549.0,19112.0,18777.0,18076.0,17636.0,17073.0,16520.0,16248.0,15667.0,14857.0,14994.0,14321.0,13933.0,13675.0,13694.0,13756.0
K,84,12100.0,12894.0,13697.0,13521.0,15717.0,17080.0,19464.0,20590.0,23265.0,22698.0,22166.0,22191.0,22338.0,21996.0,23238.0,23893.0,24248.0,24743.0,25404.0,25179.0,25806.0,25881.0,26135.0,26390.0,26692.0,27759.0,28734.0,29091.0,29561.0,30241.0,30929.0,31366.0,30662.0,31081.0,31103.0,29860.0,30143.0,29053.0,28122.0,27687.0,28143.0,28373.0,28841.0,28584.0,29258.0,28861.0,29238.0,29643.0,29902.0,30539.0,31460.0,31680.0,31986.0,31334.0,30621.0,30001.0,29560.0,29004.0,28963.0,27746.0,27010.0,26611.0,26491.0,25541.0,24981.0,25408.0,25283.0,25118.0,25647.0,25529.0,25963.0,26284.0,26105.0,25094.0,25074.0,24379.0,24046.0,23810.0,23522.0,22603.0,21919.0,21822.0,21071.0,22083.0,19981.0,19937.0,19112.0,18703.0,18330.0,17679.0,17242.0,16684.0,16123.0,15915.0,15321.0,14546.0,14653.0,14001.0,13615.0,13352.0,13401.0
K,85,10731.0,11794.0,12580.0,13302.0,13206.0,15297.0,16647.0,19000.0,20046.0,22645.0,22090.0,21589.0,21624.0,21793.0,21432.0,22603.0,23267.0,23600.0,24068.0,24761.0,24480.0,25127.0,25201.0,25455.0,25676.0,26007.0,27056.0,27995.0,28330.0,28824.0,29443.0,30154.0,30577.0,29875.0,30323.0,30287.0,29143.0,29350.0,28299.0,27363.0,26970.0,27405.0,27647.0,28107.0,27839.0,28551.0,28118.0,28464.0,28917.0,29148.0,29718.0,30676.0,30875.0,31167.0,30521.0,29834.0,29140.0,28801.0,28255.0,28233.0,27025.0,26331.0,25951.0,25833.0,24889.0,24331.0,24739.0,24645.0,24469.0,24967.0,24882.0,25308.0,25599.0,25426.0,24452.0,24403.0,23767.0,23424.0,23237.0,22879.0,22000.0,21349.0,21287.0,20532.0,21499.0,19473.0,19415.0,18679.0,18230.0,17841.0,17216.0,16801.0,16256.0,15670.0,15531.0,14889.0,14186.0,14296.0,13659.0,13266.0,13007.0
K,86,9731.0,10404.0,11481.0,12186.0,12942.0,12799.0,14863.0,16148.0,18448.0,19458.0,21999.0,21384.0,20953.0,20980.0,21185.0,20837.0,21932.0,22590.0,22924.0,23401.0,24010.0,23764.0,24453.0,24476.0,24693.0,24938.0,25219.0,26312.0,27132.0,27500.0,28015.0,28574.0,29310.0,29676.0,29014.0,29421.0,29416.0,28273.0,28499.0,27480.0,26532.0,26175.0,26608.0,26874.0,27270.0,27030.0,27716.0,27339.0,27670.0,28071.0,28303.0,28882.0,29775.0,29998.0,30270.0,29589.0,28955.0,28244.0,27930.0,27437.0,27403.0,26251.0,25569.0,25211.0,25085.0,24168.0,23606.0,24038.0,23953.0,23758.0,24232.0,24125.0,24536.0,24797.0,24625.0,23715.0,23712.0,23027.0,22711.0,22513.0,22180.0,21377.0,20736.0,20686.0,19952.0,20838.0,18870.0,18882.0,18129.0,17720.0,17323.0,16709.0,16316.0,15757.0,15183.0,15080.0,14456.0,13779.0,13879.0,13279.0,12854.0
K,87,8566.0,9388.0,10054.0,11093.0,11731.0,12509.0,12387.0,14350.0,15590.0,17836.0,18808.0,21244.0,20678.0,20243.0,20273.0,20477.0,20172.0,21196.0,21808.0,22170.0,22600.0,23224.0,22974.0,23623.0,23696.0,23903.0,24147.0,24374.0,25329.0,26240.0,26580.0,27015.0,27603.0,28330.0,28711.0,28084.0,28418.0,28389.0,27349.0,27520.0,26583.0,25581.0,25276.0,25679.0,25995.0,26319.0,26131.0,26781.0,26421.0,26781.0,27109.0,27363.0,27911.0,28776.0,28976.0,29268.0,28664.0,27969.0,27324.0,27029.0,26584.0,26491.0,25359.0,24660.0,24349.0,24227.0,23367.0,22877.0,23191.0,23194.0,22974.0,23388.0,23324.0,23690.0,23984.0,23841.0,22928.0,22919.0,22245.0,21961.0,21768.0,21445.0,20641.0,19984.0,19990.0,19286.0,20142.0,18229.0,18258.0,17527.0,17147.0,16727.0,16139.0,15787.0,15234.0,14694.0,14566.0,13953.0,13333.0,13409.0,12832.0
K,88,7676.0,8198.0,9042.0,9675.0,10651.0,11295.0,12072.0,11882.0,13822.0,14965.0,17148.0,18120.0,20440.0,19874.0,19466.0,19552.0,19705.0,19391.0,20357.0,20960.0,21337.0,21706.0,22361.0,22089.0,22696.0,22825.0,22999.0,23283.0,23444.0,24385.0,25212.0,25614.0,25971.0,26542.0,27255.0,27649.0,27039.0,27350.0,27287.0,26270.0,26456.0,25537.0,24600.0,24329.0,24716.0,24996.0,25329.0,25128.0,25702.0,25435.0,25724.0,26034.0,26292.0,26858.0,27676.0,27814.0,28170.0,27542.0,26907.0,26266.0,26016.0,25579.0,25501.0,24385.0,23746.0,23426.0,23326.0,22477.0,22006.0,22355.0,22246.0,22138.0,22517.0,22440.0,22789.0,23063.0,22949.0,22088.0,22079.0,21388.0,21098.0,20950.0,20643.0,19843.0,19220.0,19263.0,18552.0,19445.0,17530.0,17555.0,16824.0,16549.0,16103.0,15542.0,15189.0,14668.0,14122.0,13997.0,13414.0,12844.0,12879.0
K,89,6899.0,7330.0,7862.0,8657.0,9182.0,10180.0,10818.0,11558.0,11360.0,13188.0,14276.0,16448.0,17329.0,19585.0,19026.0,18583.0,18681.0,18807.0,18601.0,19423.0,20048.0,20371.0,20770.0,21400.0,21158.0,21678.0,21825.0,22044.0,22298.0,22442.0,23322.0,24062.0,24443.0,24852.0,25452.0,26078.0,26434.0,25827.0,26176.0,26150.0,25086.0,25297.0,24421.0,23518.0,23280.0,23626.0,23905.0,24188.0,23997.0,24545.0,24351.0,24595.0,24894.0,25144.0,25688.0,26415.0,26621.0,26952.0,26284.0,25738.0,25116.0,24913.0,24451.0,24320.0,23291.0,22711.0,22465.0,22273.0,21494.0,21005.0,21389.0,21296.0,21147.0,21562.0,21424.0,21838.0,22044.0,21985.0,21129.0,21176.0,20424.0,20200.0,20025.0,19755.0,19000.0,18407.0,18431.0,17756.0,18599.0,16725.0,16794.0,16106.0,15849.0,15376.0,14846.0,14549.0,14026.0,13481.0,13406.0,12814.0,12358.0
K,90,6430.0,6020.0,6422.0,6901.0,7598.0,8057.0,8960.0,9530.0,10190.0,10035.0,11584.0,12661.0,14410.0,15325.0,17231.0,16706.0,16301.0,16447.0,16521.0,16401.0,17154.0,17668.0,17926.0,18299.0,18889.0,18574.0,19157.0,19240.0,19393.0,19641.0,19707.0,20528.0,21244.0,21527.0,21871.0,22464.0,22897.0,23234.0,22827.0,23038.0,22925.0,22133.0,22282.0,21448.0,20772.0,20523.0,20837.0,21048.0,21363.0,21064.0,21603.0,21516.0,21601.0,21890.0,22145.0,22517.0,23246.0,23433.0,23668.0,23168.0,22683.0,22097.0,21842.0,21431.0,21467.0,20492.0,19991.0,19801.0,19614.0,18918.0,18469.0,18872.0,18731.0,18560.0,18928.0,18863.0,19209.0,19424.0,19380.0,18630.0,18613.0,17993.0,17805.0,17654.0,17433.0,16760.0,16202.0,16188.0,15620.0,16366.0,14769.0,14744.0,14273.0,14033.0,13450.0,13100.0,12767.0,12264.0,11912.0,11811.0,11264.0
K,91,5648.0,5415.0,5080.0,5416.0,5822.0,6494.0,6783.0,7562.0,8052.0,8618.0,8474.0,9849.0,10669.0,12179.0,12909.0,14566.0,14150.0,13727.0,13924.0,13955.0,13862.0,14485.0,14912.0,15120.0,15487.0,15912.0,15652.0,16144.0,16251.0,16361.0,16610.0,16665.0,17301.0,18017.0,18172.0,18429.0,18941.0,19451.0,19631.0,19389.0,19462.0,19410.0,18705.0,18843.0,18244.0,17601.0,17381.0,17600.0,17839.0,18060.0,17820.0,18236.0,18222.0,18250.0,18498.0,18764.0,18969.0,19644.0,19766.0,20003.0,19566.0,19158.0,18660.0,18503.0,18167.0,18159.0,17332.0,16899.0,16753.0,16682.0,16030.0,15586.0,15940.0,15797.0,15616.0,15993.0,15870.0,16267.0,16357.0,16276.0,15781.0,15764.0,15243.0,15091.0,14875.0,14740.0,14037.0,13668.0,13596.0,13203.0,13865.0,12442.0,12430.0,12063.0,11883.0,11334.0,11050.0,10772.0,10337.0,10102.0,9940.0
K,92,4751.0,4561.0,4391.0,4067.0,4379.0,4704.0,5257.0,5508.0,6106.0,6558.0,7005.0,6880.0,7957.0,8603.0,9875.0,10387.0,11781.0,11440.0,11149.0,11293.0,11345.0,11167.0,11786.0,12042.0,12262.0,12541.0,12860.0,12671.0,13063.0,13148.0,13204.0,13474.0,13446.0,14038.0,14623.0,14705.0,14939.0,15344.0,15768.0,15842.0,15641.0,15819.0,15702.0,15112.0,15242.0,14769.0,14170.0,14081.0,14293.0,14479.0,14621.0,14493.0,14745.0,14731.0,14802.0,15030.0,15201.0,15310.0,15814.0,15919.0,16252.0,15878.0,15524.0,15095.0,15039.0,14748.0,14721.0,14020.0,13652.0,13666.0,13481.0,13009.0,12632.0,12864.0,12814.0,12546.0,12904.0,12830.0,13133.0,13275.0,13165.0,12800.0,12652.0,12333.0,12204.0,12028.0,11994.0,11391.0,11067.0,10999.0,10750.0,11191.0,10059.0,10075.0,9738.0,9608.0,9201.0,9060.0,8722.0,8395.0,8175.0
K,93,3747.0,3665.0,3559.0,3357.0,3146.0,3365.0,3625.0,4069.0,4237.0,4740.0,5107.0,5440.0,5369.0,6140.0,6618.0,7627.0,8080.0,9121.0,8884.0,8657.0,8734.0,8740.0,8586.0,9117.0,9311.0,9488.0,9753.0,10008.0,9867.0,10082.0,10185.0,10216.0,10468.0,10355.0,10899.0,11314.0,11336.0,11550.0,11910.0,12259.0,12293.0,11998.0,12257.0,12217.0,11792.0,11833.0,11377.0,11003.0,11057.0,11076.0,11239.0,11280.0,11200.0,11360.0,11385.0,11442.0,11632.0,11778.0,11837.0,12330.0,12384.0,12575.0,12223.0,11944.0,11618.0,11596.0,11314.0,11440.0,10903.0,10613.0,10645.0,10482.0,10150.0,9798.0,9989.0,10017.0,9809.0,10024.0,9916.0,10168.0,10378.0,10308.0,9948.0,9801.0,9533.0,9533.0,9311.0,9332.0,8817.0,8508.0,8549.0,8362.0,8656.0,7822.0,7808.0,7532.0,7466.0,7202.0,7014.0,6769.0,6472.0
K,94,3013.0,2799.0,2727.0,2654.0,2479.0,2336.0,2522.0,2723.0,3031.0,3134.0,3526.0,3834.0,4059.0,4011.0,4577.0,4812.0,5616.0,5948.0,6762.0,6626.0,6408.0,6515.0,6557.0,6330.0,6744.0,6829.0,6988.0,7203.0,7308.0,7349.0,7477.0,7499.0,7466.0,7770.0,7638.0,8094.0,8344.0,8486.0,8512.0,8897.0,9126.0,9047.0,8832.0,9083.0,9060.0,8778.0,8817.0,8453.0,8107.0,8176.0,8113.0,8284.0,8332.0,8233.0,8401.0,8385.0,8433.0,8592.0,8740.0,8763.0,9077.0,9129.0,9419.0,8996.0,8945.0,8627.0,8608.0,8434.0,8457.0,8047.0,7845.0,7899.0,7820.0,7537.0,7213.0,7344.0,7385.0,7296.0,7382.0,7317.0,7593.0,7694.0,7623.0,7367.0,7315.0,6986.0,7097.0,6865.0,6916.0,6486.0,6222.0,6320.0,6216.0,6390.0,5745.0,5764.0,5636.0,5562.0,5289.0,5152.0,5041.0
K,95,2297.0,2153.0,1926.0,1906.0,1873.0,1744.0,1657.0,1752.0,1946.0,2127.0,2228.0,2507.0,2690.0,2866.0,2842.0,3202.0,3415.0,3966.0,4249.0,4806.0,4671.0,4549.0,4566.0,4568.0,4438.0,4707.0,4791.0,5001.0,5125.0,5148.0,5180.0,5295.0,5231.0,5240.0,5534.0,5411.0,5670.0,5961.0,5971.0,6002.0,6294.0,6406.0,6434.0,6295.0,6455.0,6394.0,6177.0,6291.0,5989.0,5696.0,5694.0,5726.0,5903.0,5822.0,5742.0,5913.0,5860.0,5919.0,6049.0,6129.0,6122.0,6398.0,6408.0,6563.0,6282.0,6320.0,6078.0,6095.0,5904.0,5972.0,5652.0,5572.0,5601.0,5526.0,5279.0,5033.0,5196.0,5187.0,5155.0,5173.0,5168.0,5359.0,5370.0,5360.0,5204.0,5150.0,4971.0,4995.0,4856.0,4893.0,4540.0,4351.0,4429.0,4364.0,4543.0,4048.0,4019.0,3949.0,3897.0,3751.0,3703.0
K,96,1797.0,1545.0,1430.0,1284.0,1280.0,1263.0,1166.0,1084.0,1187.0,1292.0,1418.0,1517.0,1689.0,1799.0,1935.0,1916.0,2151.0,2276.0,2662.0,2895.0,3175.0,3163.0,3041.0,3046.0,3021.0,2950.0,3169.0,3187.0,3418.0,3404.0,3479.0,3492.0,3581.0,3496.0,3503.0,3700.0,3630.0,3821.0,3967.0,3964.0,4014.0,4263.0,4328.0,4282.0,4168.0,4309.0,4172.0,4132.0,4221.0,3993.0,3831.0,3868.0,3806.0,3943.0,3967.0,3871.0,3973.0,3989.0,4030.0,4092.0,4107.0,4148.0,4392.0,4275.0,4384.0,4182.0,4163.0,4040.0,4064.0,3880.0,4036.0,3798.0,3754.0,3773.0,3692.0,3533.0,3369.0,3452.0,3452.0,3468.0,3482.0,3473.0,3643.0,3636.0,3578.0,3472.0,3401.0,3354.0,3324.0,3256.0,3249.0,3063.0,2902.0,2967.0,2946.0,3049.0,2673.0,2716.0,2650.0,2595.0,2514.0
K,97,1313.0,1131.0,998.0,885.0,824.0,832.0,800.0,741.0,692.0,740.0,808.0,906.0,951.0,1091.0,1146.0,1224.0,1236.0,1359.0,1463.0,1739.0,1826.0,2027.0,2010.0,1984.0,1962.0,1907.0,1889.0,1999.0,1995.0,2165.0,2195.0,2182.0,2228.0,2294.0,2209.0,2202.0,2344.0,2315.0,2442.0,2510.0,2520.0,2559.0,2752.0,2756.0,2722.0,2626.0,2733.0,2681.0,2612.0,2668.0,2480.0,2444.0,2426.0,2421.0,2521.0,2533.0,2424.0,2467.0,2563.0,2559.0,2621.0,2635.0,2614.0,2768.0,2749.0,2740.0,2639.0,2687.0,2556.0,2572.0,2477.0,2573.0,2439.0,2309.0,2409.0,2381.0,2236.0,2127.0,2196.0,2174.0,2224.0,2220.0,2217.0,2293.0,2345.0,2279.0,2224.0,2141.0,2153.0,2127.0,2131.0,2024.0,1958.0,1851.0,1910.0,1890.0,1961.0,1694.0,1727.0,1650.0,1606.0
K,98,991.0,790.0,681.0,576.0,528.0,491.0,496.0,491.0,451.0,414.0,421.0,471.0,545.0,554.0,623.0,717.0,742.0,758.0,807.0,898.0,1029.0,1123.0,1208.0,1225.0,1131.0,1184.0,1152.0,1146.0,1182.0,1201.0,1304.0,1310.0,1347.0,1365.0,1396.0,1327.0,1339.0,1410.0,1405.0,1482.0,1468.0,1514.0,1570.0,1623.0,1612.0,1617.0,1599.0,1638.0,1639.0,1560.0,1596.0,1472.0,1442.0,1479.0,1503.0,1536.0,1529.0,1436.0,1499.0,1540.0,1550.0,1593.0,1584.0,1567.0,1657.0,1656.0,1597.0,1609.0,1591.0,1537.0,1562.0,1471.0,1547.0,1516.0,1435.0,1440.0,1452.0,1350.0,1273.0,1295.0,1315.0,1295.0,1324.0,1379.0,1337.0,1389.0,1351.0,1326.0,1289.0,1276.0,1275.0,1302.0,1199.0,1186.0,1096.0,1165.0,1121.0,1181.0,1018.0,1014.0,1006.0
K,99,597.0,546.0,478.0,383.0,330.0,312.0,276.0,285.0,274.0,251.0,239.0,238.0,258.0,310.0,308.0,357.0,385.0,417.0,439.0,461.0,501.0,571.0,632.0,661.0,713.0,627.0,654.0,664.0,661.0,665.0,639.0,748.0,722.0,748.0,760.0,780.0,763.0,743.0,805.0,777.0,822.0,837.0,830.0,864.0,907.0,891.0,889.0,932.0,913.0,883.0,857.0,926.0,870.0,805.0,841.0,900.0,876.0,883.0,791.0,824.0,888.0,861.0,889.0,887.0,898.0,942.0,927.0,904.0,865.0,902.0,884.0,895.0,816.0,868.0,846.0,811.0,791.0,812.0,772.0,718.0,720.0,743.0,720.0,760.0,806.0,750.0,769.0,777.0,723.0,714.0,757.0,742.0,755.0,669.0,701.0,615.0,675.0,625.0,654.0,532.0,579.0
K,100,423.0,319.0,294.0,252.0,202.0,168.0,159.0,146.0,145.0,154.0,133.0,115.0,133.0,140.0,162.0,173.0,176.0,213.0,223.0,240.0,237.0,257.0,288.0,327.0,365.0,391.0,325.0,353.0,349.0,359.0,356.0,337.0,382.0,392.0,386.0,419.0,417.0,413.0,407.0,412.0,387.0,457.0,425.0,432.0,458.0,477.0,477.0,478.0,489.0,460.0,477.0,451.0,499.0,480.0,415.0,468.0,483.0,461.0,479.0,414.0,419.0,463.0,462.0,478.0,462.0,511.0,507.0,492.0,488.0,439.0,458.0,476.0,479.0,423.0,455.0,451.0,413.0,424.0,439.0,407.0,388.0,368.0,396.0,365.0,424.0,443.0,370.0,439.0,383.0,383.0,382.0,416.0,387.0,382.0,356.0,398.0,325.0,340.0,324.0,339.0,283.0
K,101,256.0,197.0,157.0,152.0,117.0,104.0,88.0,80.0,77.0,63.0,84.0,60.0,48.0,68.0,71.0,88.0,89.0,86.0,98.0,112.0,130.0,122.0,126.0,146.0,159.0,189.0,199.0,153.0,184.0,168.0,192.0,156.0,178.0,199.0,212.0,196.0,222.0,221.0,212.0,175.0,209.0,199.0,217.0,213.0,207.0,202.0,232.0,218.0,234.0,237.0,234.0,222.0,228.0,231.0,258.0,219.0,236.0,230.0,221.0,255.0,191.0,203.0,227.0,203.0,237.0,240.0,274.0,261.0,246.0,229.0,220.0,228.0,240.0,217.0,211.0,222.0,228.0,187.0,202.0,225.0,192.0,202.0,190.0,199.0,171.0,206.0,226.0,180.0,211.0,173.0,186.0,210.0,205.0,180.0,179.0,166.0,210.0,155.0,170.0,159.0,157.0
K,102,164.0,121.0,90.0,73.0,80.0,49.0,49.0,41.0,44.0,36.0,30.0,31.0,31.0,26.0,40.0,34.0,42.0,38.0,33.0,47.0,44.0,59.0,61.0,58.0,59.0,70.0,90.0,86.0,80.0,77.0,82.0,85.0,71.0,84.0,94.0,91.0,98.0,94.0,106.0,99.0,81.0,94.0,103.0,96.0,87.0,93.0,80.0,104.0,105.0,100.0,116.0,96.0,95.0,103.0,92.0,117.0,115.0,107.0,109.0,115.0,113.0,89.0,93.0,104.0,79.0,108.0,114.0,129.0,119.0,98.0,105.0,109.0,98.0,103.0,96.0,99.0,105.0,101.0,64.0,104.0,111.0,96.0,97.0,95.0,91.0,68.0,85.0,97.0,78.0,98.0,83.0,79.0,92.0,94.0,76.0,74.0,94.0,117.0,70.0,89.0,81.0
K,103,82.0,65.0,47.0,37.0,33.0,33.0,18.0,18.0,18.0,21.0,17.0,14.0,20.0,14.0,15.0,15.0,9.0,19.0,19.0,15.0,19.0,18.0,24.0,24.0,26.0,20.0,30.0,39.0,35.0,35.0,33.0,35.0,38.0,34.0,34.0,43.0,32.0,45.0,34.0,47.0,44.0,26.0,51.0,46.0,46.0,36.0,39.0,29.0,46.0,41.0,39.0,47.0,40.0,38.0,49.0,37.0,56.0,45.0,44.0,46.0,38.0,53.0,38.0,38.0,39.0,35.0,45.0,54.0,59.0,57.0,38.0,56.0,40.0,45.0,47.0,44.0,40.0,38.0,39.0,27.0,35.0,47.0,38.0,44.0,41.0,43.0,35.0,37.0,42.0,37.0,41.0,35.0,27.0,44.0,45.0,46.0,29.0,36.0,55.0,24.0,40.0
K,104,39.0,41.0,29.0,19.0,12.0,16.0,11.0,5.0,11.0,7.0,9.0,5.0,5.0,6.0,4.0,6.0,4.0,5.0,9.0,9.0,4.0,7.0,7.0,11.0,8.0,11.0,7.0,10.0,20.0,11.0,9.0,10.0,18.0,8.0,14.0,13.0,19.0,10.0,20.0,10.0,17.0,16.0,8.0,20.0,16.0,16.0,12.0,16.0,11.0,13.0,11.0,13.0,13.0,19.0,15.0,16.0,8.0,20.0,16.0,15.0,24.0,13.0,22.0,12.0,10.0,20.0,15.0,19.0,17.0,21.0,22.0,15.0,24.0,18.0,21.0,20.0,13.0,17.0,13.0,17.0,12.0,12.0,18.0,17.0,14.0,16.0,14.0,12.0,14.0,16.0,19.0,19.0,11.0,12.0,14.0,13.0,17.0,13.0,11.0,21.0,5.0
K,105,76.0,12.0,13.0,9.0,6.0,5.0,5.0,3.0,1.0,4.0,2.0,1.0,1.0,2.0,1.0,2.0,3.0,1.0,4.0,3.0,5.0,3.0,2.0,3.0,3.0,4.0,4.0,1.0,3.0,12.0,5.0,4.0,5.0,5.0,5.0,3.0,7.0,9.0,3.0,10.0,1.0,8.0,6.0,5.0,6.0,5.0,1.0,5.0,7.0,2.0,1.0,3.0,4.0,4.0,5.0,6.0,4.0,1.0,4.0,9.0,6.0,10.0,5.0,9.0,6.0,4.0,11.0,6.0,7.0,5.0,11.0,7.0,8.0,9.0,7.0,7.0,7.0,4.0,8.0,6.0,6.0,3.0,2.0,7.0,7.0,2.0,7.0,2.0,5.0,6.0,3.0,5.0,10.0,,5.0,4.0,7.0,6.0,4.0,3.0,12.0
K,106,,19.0,7.0,2.0,4.0,1.0,,1.0,,,1.0,,,,,1.0,1.0,,1.0,1.0,1.0,,2.0,,2.0,1.0,,3.0,,1.0,5.0,1.0,2.0,3.0,,3.0,,3.0,4.0,1.0,5.0,1.0,,1.0,1.0,1.0,1.0,,,2.0,1.0,1.0,1.0,1.0,1.0,1.0,3.0,1.0,1.0,1.0,2.0,1.0,2.0,2.0,3.0,3.0,2.0,3.0,1.0,3.0,1.0,5.0,5.0,5.0,2.0,3.0,4.0,3.0,2.0,3.0,2.0,2.0,2.0,1.0,1.0,3.0,1.0,2.0,2.0,2.0,3.0,2.0,2.0,1.0,,2.0,1.0,,,1.0,2.0
K,107,,,3.0,2.0,1.0,,,,,,,,,,,,,,,1.0,,,,,,,1.0,,1.0,,,1.0,,1.0,,,,,,2.0,1.0,1.0,1.0,,1.0,,1.0,,,,,,,1.0,1.0,,,,,1.0,,2.0,,1.0,1.0,,1.0,,,,2.0,,2.0,,1.0,,,1.0,1.0,1.0,3.0,1.0,,1.0,,1.0,1.0,,1.0,1.0,1.0,1.0,1.0,,,,1.0,,,,1.0
K,108,,,,,1.0,,,,,,,,,,,,,,,,,,,,,,,,,1.0,,,,,,,,,,,1.0,1.0,,,,,,,,,,,,,,,,,,,1.0,,2.0,,,,,,,,,,,,,,,,,,,2.0,1.0,,,,1.0,,,,,,,,,,,1.0,,,
K,109,,,,,,1.0,,,,,,,,,,,,,,,,,,,,,,,,,,,,,,,,,,,,1.0,,,,,,,,,,,,,,,,,,,,,,,,,,,,,,,,,,,,,,,,,,,,,,,,,,,,,,,,,,,
M,0,26681.0,24902.0,24454.0,23781.0,23074.0,22449.0,21571.0,20947.0,20450.0,19756.0,19361.0,18975.0,18056.0,17720.0,17368.0,17310.0,17371.0,16967.0,16791.0,16870.0,16778.0,16370.0,16218.0,16151.0,15774.0,15275.0,15350.0,15137.0,14715.0,14325.0,14166.0,13581.0,13389.0,13100.0,12798.0,12341.0,12204.0,11789.0,11422.0,11114.0,10800.0,10557.0,10308.0,10050.0,9902.0,9680.0,9457.0,9357.0,9134.0,8991.0,8852.0,8842.0,8651.0,8476.0,8389.0,8279.0,8120.0,7983.0,7866.0,7745.0,7477.0,7323.0,7429.0,7103.0,6797.0,6764.0,6597.0,6486.0,6284.0,6054.0,5919.0,5883.0,5724.0,5540.0,5528.0,5243.0,5175.0,5147.0,5096.0,4874.0,4741.0,4747.0,4819.0,4589.0,4561.0,4439.0,4340.0,4403.0,4301.0,4182.0,4110.0,4029.0,3917.0,3817.0,3672.0,3664.0,3600.0,3576.0,3391.0,3354.0,3233.0
M,1,29378.0,26651.0,24878.0,24426.0,23751.0,23048.0,22422.0,21553.0,20920.0,20428.0,19736.0,19341.0,18958.0,18040.0,17700.0,17346.0,17296.0,17357.0,16950.0,16777.0,16859.0,16766.0,16352.0,16203.0,16138.0,15753.0,15257.0,15339.0,15121.0,14691.0,14310.0,14153.0,13565.0,13369.0,13084.0,12786.0,12330.0,12189.0,11779.0,11416.0,11104.0,10789.0,10548.0,10297.0,10038.0,9894.0,9671.0,9447.0,9349.0,9126.0,8977.0,8848.0,8833.0,8639.0,8469.0,8380.0,8272.0,8116.0,7977.0,7861.0,7742.0,7469.0,7317.0,7418.0,7094.0,6789.0,6754.0,6592.0,6480.0,6276.0,6048.0,5913.0,5879.0,5718.0,5539.0,5526.0,5239.0,5169.0,5137.0,5093.0,4871.0,4738.0,4741.0,4813.0,4585.0,4557.0,4430.0,4337.0,4397.0,4295.0,4177.0,4103.0,4024.0,3913.0,3813.0,3667.0,3661.0,3594.0,3572.0,3387.0,3352.0
M,2,27958.0,29338.0,26631.0,24853.0,24406.0,23728.0,23027.0,22402.0,21538.0,20897.0,20414.0,19717.0,19331.0,18938.0,18021.0,17690.0,17337.0,17276.0,17337.0,16936.0,16759.0,16844.0,16749.0,16336.0,16189.0,16123.0,15734.0,15239.0,15319.0,15109.0,14677.0,14294.0,14137.0,13554.0,13348.0,13070.0,12775.0,12318.0,12172.0,11769.0,11403.0,11093.0,10778.0,10542.0,10286.0,10033.0,9885.0,9660.0,9437.0,9335.0,9115.0,8974.0,8841.0,8828.0,8625.0,8459.0,8371.0,8262.0,8107.0,7967.0,7855.0,7735.0,7462.0,7307.0,7408.0,7091.0,6775.0,6748.0,6583.0,6476.0,6269.0,6044.0,5910.0,5872.0,5708.0,5531.0,5522.0,5236.0,5166.0,5130.0,5086.0,4865.0,4735.0,4736.0,4810.0,4580.0,4551.0,4429.0,4333.0,4392.0,4290.0,4172.0,4097.0,4020.0,3906.0,3807.0,3666.0,3659.0,3593.0,3567.0,3383.0
M,3,28989.0,27921.0,29311.0,26605.0,24834.0,24386.0,23702.0,22997.0,22391.0,21517.0,20875.0,20392.0,19705.0,19316.0,18920.0,18006.0,17671.0,17318.0,17265.0,17320.0,16924.0,16747.0,16829.0,16736.0,16317.0,16177.0,16107.0,15717.0,15219.0,15301.0,15097.0,14668.0,14272.0,14115.0,13548.0,13335.0,13050.0,12768.0,12311.0,12169.0,11760.0,11395.0,11082.0,10766.0,10537.0,10271.0,10025.0,9872.0,9648.0,9422.0,9325.0,9104.0,8967.0,8829.0,8820.0,8615.0,8448.0,8357.0,8257.0,8100.0,7956.0,7846.0,7727.0,7455.0,7295.0,7402.0,7085.0,6772.0,6742.0,6580.0,6467.0,6264.0,6040.0,5906.0,5862.0,5702.0,5523.0,5514.0,5233.0,5163.0,5120.0,5084.0,4862.0,4732.0,4731.0,4803.0,4576.0,4549.0,4421.0,4330.0,4387.0,4288.0,4169.0,4092.0,4016.0,3902.0,3805.0,3666.0,3655.0,3588.0,3563.0
M,4,29454.0,28961.0,27890.0,29281.0,26576.0,24807.0,24364.0,23677.0,22977.0,22372.0,21494.0,20856.0,20369.0,19684.0,19297.0,18903.0,17979.0,17661.0,17303.0,17248.0,17300.0,16907.0,16731.0,16813.0,16721.0,16304.0,16166.0,16087.0,15693.0,15207.0,15290.0,15082.0,14646.0,14264.0,14108.0,13535.0,13315.0,13037.0,12757.0,12295.0,12152.0,11742.0,11383.0,11076.0,10752.0,10523.0,10263.0,10010.0,9858.0,9640.0,9417.0,9317.0,9100.0,8953.0,8823.0,8806.0,8598.0,8438.0,8353.0,8250.0,8091.0,7947.0,7831.0,7718.0,7450.0,7291.0,7396.0,7076.0,6763.0,6734.0,6572.0,6463.0,6258.0,6038.0,5894.0,5855.0,5695.0,5515.0,5510.0,5231.0,5160.0,5115.0,5075.0,4857.0,4724.0,4727.0,4798.0,4570.0,4547.0,4414.0,4325.0,4382.0,4284.0,4163.0,4087.0,4014.0,3899.0,3804.0,3662.0,3651.0,3585.0
M,5,30339.0,29431.0,28928.0,27864.0,29256.0,26548.0,24778.0,24341.0,23652.0,22956.0,22347.0,21480.0,20841.0,20350.0,19668.0,19280.0,18887.0,17964.0,17643.0,17291.0,17234.0,17288.0,16889.0,16713.0,16804.0,16699.0,16293.0,16156.0,16073.0,15675.0,15190.0,15276.0,15061.0,14631.0,14252.0,14091.0,13527.0,13302.0,13024.0,12749.0,12282.0,12142.0,11721.0,11371.0,11065.0,10741.0,10515.0,10254.0,9999.0,9847.0,9631.0,9407.0,9310.0,9094.0,8944.0,8809.0,8800.0,8585.0,8432.0,8347.0,8236.0,8081.0,7936.0,7822.0,7710.0,7443.0,7284.0,7389.0,7066.0,6755.0,6726.0,6567.0,6458.0,6251.0,6031.0,5887.0,5849.0,5688.0,5512.0,5505.0,5222.0,5155.0,5114.0,5074.0,4852.0,4723.0,4724.0,4792.0,4563.0,4543.0,4409.0,4319.0,4379.0,4279.0,4160.0,4082.0,4011.0,3896.0,3798.0,3658.0,3649.0
M,6,31761.0,30302.0,29399.0,28901.0,27842.0,29238.0,26520.0,24748.0,24315.0,23620.0,22929.0,22328.0,21464.0,20825.0,20331.0,19652.0,19252.0,18876.0,17941.0,17630.0,17270.0,17220.0,17266.0,16873.0,16697.0,16779.0,16677.0,16274.0,16146.0,16050.0,15660.0,15175.0,15259.0,15048.0,14620.0,14238.0,14077.0,13511.0,13293.0,13004.0,12735.0,12275.0,12125.0,11710.0,11361.0,11060.0,10735.0,10504.0,10245.0,9984.0,9839.0,9621.0,9393.0,9300.0,9089.0,8935.0,8804.0,8787.0,8577.0,8427.0,8341.0,8223.0,8070.0,7925.0,7814.0,7700.0,7438.0,7277.0,7383.0,7056.0,6745.0,6720.0,6560.0,6452.0,6245.0,6026.0,5885.0,5844.0,5683.0,5503.0,5501.0,5218.0,5153.0,5112.0,5066.0,4847.0,4718.0,4716.0,4786.0,4561.0,4537.0,4405.0,4317.0,4375.0,4278.0,4159.0,4075.0,4007.0,3889.0,3794.0,3652.0
M,7,31747.0,31741.0,30261.0,29371.0,28875.0,27810.0,29214.0,26499.0,24727.0,24291.0,23600.0,22904.0,22313.0,21442.0,20804.0,20304.0,19630.0,19233.0,18854.0,17923.0,17608.0,17257.0,17201.0,17250.0,16861.0,16686.0,16764.0,16655.0,16258.0,16133.0,16027.0,15648.0,15160.0,15248.0,15037.0,14605.0,14222.0,14063.0,13496.0,13274.0,12990.0,12722.0,12263.0,12109.0,11698.0,11345.0,11045.0,10718.0,10496.0,10237.0,9977.0,9832.0,9615.0,9380.0,9288.0,9080.0,8925.0,8799.0,8779.0,8571.0,8423.0,8335.0,8218.0,8062.0,7921.0,7801.0,7692.0,7427.0,7271.0,7371.0,7053.0,6740.0,6716.0,6551.0,6443.0,6242.0,6019.0,5877.0,5843.0,5676.0,5496.0,5500.0,5212.0,5149.0,5105.0,5062.0,4846.0,4711.0,4715.0,4784.0,4556.0,4536.0,4400.0,4310.0,4368.0,4275.0,4154.0,4073.0,4003.0,3884.0,3791.0
M,8,31877.0,31725.0,31703.0,30221.0,29345.0,28844.0,27775.0,29191.0,26470.0,24698.0,24268.0,23585.0,22881.0,22293.0,21415.0,20784.0,20279.0,19602.0,19210.0,18830.0,17898.0,17592.0,17238.0,17186.0,17230.0,16847.0,16675.0,16751.0,16636.0,16242.0,16117.0,16008.0,15633.0,15145.0,15225.0,15021.0,14591.0,14198.0,14052.0,13487.0,13262.0,12983.0,12711.0,12251.0,12098.0,11688.0,11335.0,11035.0,10703.0,10489.0,10230.0,9969.0,9822.0,9607.0,9373.0,9278.0,9073.0,8918.0,8789.0,8774.0,8561.0,8412.0,8323.0,8208.0,8058.0,7913.0,7797.0,7685.0,7420.0,7260.0,7364.0,7047.0,6736.0,6704.0,6544.0,6433.0,6236.0,6013.0,5871.0,5840.0,5670.0,5491.0,5498.0,5200.0,5144.0,5100.0,5055.0,4842.0,4710.0,4707.0,4779.0,4553.0,4533.0,4397.0,4307.0,4364.0,4271.0,4151.0,4067.0,3998.0,3881.0
M,9,31832.0,31838.0,31695.0,31671.0,30190.0,29317.0,28811.0,27757.0,29169.0,26444.0,24674.0,24249.0,23561.0,22861.0,22272.0,21394.0,20767.0,20262.0,19581.0,19193.0,18816.0,17884.0,17571.0,17223.0,17174.0,17215.0,16829.0,16654.0,16734.0,16617.0,16227.0,16110.0,15992.0,15619.0,15127.0,15210.0,15010.0,14579.0,14182.0,14040.0,13471.0,13248.0,12974.0,12698.0,12240.0,12086.0,11671.0,11326.0,11021.0,10694.0,10473.0,10219.0,9963.0,9818.0,9599.0,9365.0,9270.0,9067.0,8906.0,8780.0,8760.0,8551.0,8406.0,8318.0,8194.0,8052.0,7904.0,7791.0,7674.0,7410.0,7252.0,7359.0,7043.0,6726.0,6701.0,6538.0,6425.0,6223.0,6008.0,5868.0,5833.0,5663.0,5486.0,5490.0,5194.0,5138.0,5098.0,5052.0,4840.0,4708.0,4705.0,4776.0,4547.0,4530.0,4394.0,4300.0,4357.0,4269.0,4148.0,4066.0,3991.0
M,10,33040.0,31802.0,31818.0,31664.0,31645.0,30166.0,29293.0,28780.0,27734.0,29138.0,26417.0,24648.0,24230.0,23532.0,22837.0,22251.0,21371.0,20740.0,20245.0,19569.0,19168.0,18798.0,17865.0,17554.0,17209.0,17159.0,17194.0,16816.0,16639.0,16720.0,16605.0,16200.0,16093.0,15979.0,15597.0,15106.0,15195.0,14993.0,14560.0,14171.0,14022.0,13453.0,13238.0,12965.0,12686.0,12220.0,12070.0,11663.0,11319.0,11012.0,10681.0,10466.0,10208.0,9954.0,9808.0,9593.0,9353.0,9261.0,9061.0,8894.0,8772.0,8752.0,8540.0,8396.0,8313.0,8186.0,8045.0,7894.0,7787.0,7666.0,7401.0,7243.0,7354.0,7033.0,6718.0,6698.0,6529.0,6418.0,6217.0,6000.0,5865.0,5827.0,5655.0,5482.0,5485.0,5187.0,5135.0,5094.0,5045.0,4837.0,4705.0,4700.0,4775.0,4543.0,4523.0,4388.0,4292.0,4352.0,4265.0,4146.0,4061.0
M,11,33476.0,33003.0,31758.0,31785.0,31643.0,31621.0,30134.0,29267.0,28748.0,27704.0,29118.0,26391.0,24627.0,24197.0,23513.0,22819.0,22232.0,21353.0,20723.0,20222.0,19550.0,19150.0,18770.0,17848.0,17533.0,17194.0,17142.0,17179.0,16799.0,16622.0,16704.0,16593.0,16188.0,16087.0,15968.0,15576.0,15093.0,15183.0,14980.0,14544.0,14149.0,14006.0,13441.0,13225.0,12956.0,12668.0,12209.0,12056.0,11652.0,11314.0,10999.0,10666.0,10457.0,10195.0,9944.0,9799.0,9582.0,9348.0,9253.0,9053.0,8881.0,8759.0,8749.0,8535.0,8385.0,8307.0,8174.0,8031.0,7889.0,7778.0,7659.0,7391.0,7236.0,7346.0,7026.0,6710.0,6691.0,6524.0,6414.0,6209.0,5992.0,5858.0,5817.0,5649.0,5472.0,5478.0,5183.0,5127.0,5091.0,5039.0,4835.0,4701.0,4693.0,4769.0,4537.0,4516.0,4382.0,4287.0,4343.0,4261.0,4142.0
M,12,34255.0,33436.0,32972.0,31732.0,31757.0,31622.0,31584.0,30108.0,29241.0,28711.0,27679.0,29078.0,26361.0,24600.0,24167.0,23486.0,22785.0,22207.0,21340.0,20705.0,20200.0,19526.0,19128.0,18753.0,17835.0,17519.0,17175.0,17134.0,17164.0,16786.0,16601.0,16689.0,16571.0,16171.0,16070.0,15955.0,15565.0,15085.0,15167.0,14961.0,14525.0,14135.0,13994.0,13427.0,13217.0,12948.0,12659.0,12195.0,12049.0,11637.0,11304.0,10989.0,10657.0,10443.0,10180.0,9936.0,9787.0,9572.0,9334.0,9245.0,9044.0,8869.0,8748.0,8741.0,8528.0,8380.0,8301.0,8164.0,8025.0,7880.0,7770.0,7647.0,7381.0,7230.0,7339.0,7015.0,6709.0,6687.0,6519.0,6408.0,6198.0,5985.0,5845.0,5811.0,5643.0,5469.0,5473.0,5175.0,5122.0,5088.0,5033.0,4829.0,4697.0,4690.0,4763.0,4530.0,4516.0,4375.0,4284.0,4339.0,4260.0
M,13,34985.0,34220.0,33395.0,32942.0,31696.0,31723.0,31598.0,31550.0,30081.0,29220.0,28687.0,27659.0,29049.0,26333.0,24579.0,24142.0,23446.0,22759.0,22185.0,21319.0,20688.0,20187.0,19511.0,19104.0,18736.0,17811.0,17505.0,17153.0,17108.0,17139.0,16769.0,16583.0,16666.0,16559.0,16164.0,16057.0,15942.0,15554.0,15069.0,15146.0,14942.0,14507.0,14128.0,13974.0,13410.0,13201.0,12931.0,12641.0,12188.0,12036.0,11630.0,11295.0,10978.0,10644.0,10431.0,10171.0,9929.0,9775.0,9567.0,9325.0,9237.0,9036.0,8863.0,8739.0,8731.0,8522.0,8370.0,8293.0,8155.0,8017.0,7868.0,7761.0,7643.0,7373.0,7223.0,7331.0,7003.0,6705.0,6679.0,6511.0,6402.0,6194.0,5980.0,5838.0,5806.0,5637.0,5461.0,5470.0,5169.0,5120.0,5082.0,5027.0,4826.0,4690.0,4684.0,4756.0,4525.0,4513.0,4370.0,4281.0,4338.0
M,14,34749.0,34951.0,34187.0,33356.0,32909.0,31662.0,31681.0,31574.0,31524.0,30050.0,29197.0,28657.0,27633.0,29023.0,26307.0,24563.0,24128.0,23412.0,22737.0,22165.0,21303.0,20665.0,20160.0,19489.0,19088.0,18722.0,17792.0,17478.0,17136.0,17097.0,17124.0,16755.0,16572.0,16652.0,16549.0,16154.0,16050.0,15921.0,15538.0,15060.0,15129.0,14920.0,14496.0,14111.0,13966.0,13400.0,13186.0,12920.0,12632.0,12175.0,12029.0,11621.0,11278.0,10966.0,10631.0,10418.0,10157.0,9917.0,9767.0,9556.0,9316.0,9228.0,9028.0,8852.0,8730.0,8719.0,8514.0,8363.0,8286.0,8148.0,8008.0,7857.0,7750.0,7636.0,7365.0,7218.0,7322.0,6998.0,6698.0,6677.0,6504.0,6400.0,6186.0,5971.0,5828.0,5801.0,5631.0,5454.0,5467.0,5166.0,5115.0,5077.0,5023.0,4818.0,4687.0,4679.0,4748.0,4518.0,4505.0,4370.0,4279.0
M,15,33731.0,34711.0,34912.0,34151.0,33319.0,32868.0,31627.0,31645.0,31545.0,31489.0,30022.0,29167.0,28630.0,27606.0,28994.0,26274.0,24539.0,24105.0,23385.0,22717.0,22147.0,21278.0,20647.0,20129.0,19475.0,19063.0,18713.0,17772.0,17459.0,17120.0,17073.0,17111.0,16737.0,16561.0,16640.0,16534.0,16128.0,16034.0,15907.0,15525.0,15039.0,15117.0,14905.0,14483.0,14094.0,13950.0,13385.0,13174.0,12906.0,12621.0,12167.0,12022.0,11606.0,11267.0,10958.0,10621.0,10406.0,10143.0,9904.0,9751.0,9548.0,9305.0,9215.0,9017.0,8847.0,8721.0,8712.0,8505.0,8358.0,8276.0,8145.0,7999.0,7851.0,7745.0,7630.0,7361.0,7207.0,7317.0,6989.0,6692.0,6673.0,6496.0,6398.0,6184.0,5965.0,5822.0,5797.0,5625.0,5448.0,5458.0,5163.0,5113.0,5075.0,5017.0,4814.0,4684.0,4674.0,4738.0,4513.0,4501.0,4364.0
M,16,33891.0,33711.0,34680.0,34882.0,34121.0,33286.0,32833.0,31597.0,31611.0,31516.0,31461.0,29987.0,29145.0,28602.0,27576.0,28970.0,26249.0,24507.0,24091.0,23354.0,22695.0,22131.0,21255.0,20627.0,20113.0,19456.0,19041.0,18682.0,17752.0,17450.0,17097.0,17058.0,17092.0,16724.0,16549.0,16618.0,16519.0,16108.0,16016.0,15893.0,15511.0,15027.0,15099.0,14893.0,14473.0,14088.0,13939.0,13370.0,13158.0,12894.0,12602.0,12149.0,12014.0,11588.0,11260.0,10950.0,10610.0,10396.0,10140.0,9897.0,9740.0,9533.0,9290.0,9207.0,9009.0,8836.0,8712.0,8704.0,8501.0,8346.0,8263.0,8137.0,7986.0,7840.0,7741.0,7622.0,7354.0,7202.0,7310.0,6981.0,6680.0,6667.0,6485.0,6393.0,6180.0,5959.0,5814.0,5792.0,5624.0,5442.0,5453.0,5160.0,5109.0,5070.0,5011.0,4810.0,4674.0,4667.0,4730.0,4509.0,4493.0
M,17,32980.0,33859.0,33682.0,34646.0,34855.0,34084.0,33258.0,32802.0,31556.0,31570.0,31482.0,31435.0,29957.0,29111.0,28571.0,27555.0,28940.0,26225.0,24479.0,24072.0,23336.0,22682.0,22097.0,21236.0,20602.0,20097.0,19440.0,19029.0,18664.0,17735.0,17434.0,17082.0,17045.0,17069.0,16709.0,16533.0,16598.0,16501.0,16081.0,16004.0,15879.0,15497.0,15014.0,15086.0,14880.0,14454.0,14078.0,13922.0,13354.0,13144.0,12882.0,12585.0,12137.0,11998.0,11581.0,11248.0,10943.0,10596.0,10384.0,10134.0,9886.0,9725.0,9522.0,9280.0,9200.0,9000.0,8822.0,8703.0,8700.0,8494.0,8342.0,8249.0,8131.0,7979.0,7829.0,7736.0,7615.0,7351.0,7197.0,7301.0,6974.0,6677.0,6660.0,6475.0,6387.0,6171.0,5954.0,5809.0,5784.0,5619.0,5440.0,5448.0,5154.0,5105.0,5065.0,5007.0,4803.0,4667.0,4662.0,4726.0,4504.0
M,18,33334.0,32948.0,33823.0,33656.0,34614.0,34814.0,34035.0,33218.0,32772.0,31519.0,31535.0,31456.0,31403.0,29925.0,29085.0,28533.0,27536.0,28912.0,26194.0,24452.0,24045.0,23310.0,22663.0,22079.0,21206.0,20578.0,20080.0,19422.0,19008.0,18636.0,17718.0,17411.0,17056.0,17032.0,17047.0,16693.0,16520.0,16583.0,16483.0,16067.0,15986.0,15864.0,15487.0,15004.0,15070.0,14861.0,14449.0,14067.0,13906.0,13341.0,13124.0,12871.0,12577.0,12126.0,11987.0,11570.0,11241.0,10927.0,10578.0,10379.0,10127.0,9882.0,9716.0,9516.0,9276.0,9189.0,8992.0,8808.0,8695.0,8694.0,8489.0,8334.0,8244.0,8127.0,7969.0,7825.0,7728.0,7610.0,7347.0,7188.0,7290.0,6967.0,6665.0,6652.0,6467.0,6376.0,6167.0,5951.0,5804.0,5778.0,5611.0,5434.0,5444.0,5149.0,5103.0,5055.0,5001.0,4798.0,4663.0,4656.0,4721.0
M,19,32888.0,33300.0,32919.0,33780.0,33627.0,34576.0,34788.0,34001.0,33173.0,32745.0,31488.0,31507.0,31427.0,31373.0,29902.0,29063.0,28499.0,27507.0,28881.0,26167.0,24435.0,24029.0,23285.0,22634.0,22053.0,21195.0,20557.0,20066.0,19404.0,18989.0,18614.0,17702.0,17398.0,17038.0,17013.0,17024.0,16673.0,16511.0,16564.0,16473.0,16052.0,15967.0,15855.0,15476.0,14989.0,15050.0,14847.0,14438.0,14048.0,13893.0,13327.0,13121.0,12862.0,12570.0,12114.0,11982.0,11557.0,11228.0,10917.0,10573.0,10367.0,10120.0,9876.0,9710.0,9508.0,9268.0,9178.0,8985.0,8801.0,8685.0,8678.0,8482.0,8324.0,8229.0,8117.0,7962.0,7815.0,7726.0,7600.0,7339.0,7180.0,7283.0,6961.0,6658.0,6646.0,6465.0,6371.0,6165.0,5945.0,5800.0,5773.0,5606.0,5429.0,5439.0,5146.0,5096.0,5050.0,5000.0,4796.0,4660.0,4650.0
M,20,32354.0,32857.0,33257.0,32889.0,33746.0,33593.0,34549.0,34754.0,33967.0,33140.0,32710.0,31450.0,31481.0,31404.0,31347.0,29863.0,29036.0,28461.0,27482.0,28861.0,26140.0,24411.0,24010.0,23255.0,22607.0,22032.0,21178.0,20543.0,20051.0,19385.0,18974.0,18595.0,17679.0,17390.0,17020.0,16994.0,17006.0,16654.0,16492.0,16554.0,16459.0,16024.0,15949.0,15836.0,15459.0,14970.0,15038.0,14831.0,14422.0,14025.0,13880.0,13306.0,13107.0,12854.0,12559.0,12108.0,11971.0,11547.0,11215.0,10905.0,10562.0,10352.0,10113.0,9865.0,9705.0,9495.0,9258.0,9165.0,8980.0,8794.0,8673.0,8667.0,8475.0,8313.0,8223.0,8112.0,7952.0,7805.0,7717.0,7591.0,7330.0,7174.0,7275.0,6951.0,6654.0,6639.0,6459.0,6366.0,6162.0,5939.0,5795.0,5768.0,5601.0,5423.0,5428.0,5141.0,5091.0,5044.0,4994.0,4792.0,4651.0
M,21,33404.0,32328.0,32828.0,33234.0,32858.0,33714.0,33556.0,34518.0,34715.0,33934.0,33108.0,32675.0,31416.0,31449.0,31376.0,31322.0,29820.0,29009.0,28435.0,27447.0,28832.0,26111.0,24382.0,23983.0,23232.0,22588.0,22013.0,21161.0,20521.0,20031.0,19355.0,18954.0,18565.0,17669.0,17374.0,17002.0,16981.0,16979.0,16641.0,16474.0,16541.0,16447.0,16001.0,15931.0,15819.0,15446.0,14953.0,15017.0,14816.0,14409.0,14017.0,13869.0,13295.0,13101.0,12840.0,12552.0,12089.0,11958.0,11538.0,11202.0,10896.0,10555.0,10341.0,10106.0,9851.0,9694.0,9486.0,9254.0,9153.0,8973.0,8782.0,8667.0,8661.0,8465.0,8311.0,8214.0,8105.0,7941.0,7795.0,7709.0,7583.0,7318.0,7163.0,7267.0,6945.0,6644.0,6630.0,6451.0,6359.0,6158.0,5935.0,5793.0,5761.0,5594.0,5419.0,5420.0,5135.0,5083.0,5041.0,4991.0,4785.0
M,22,35241.0,33377.0,32292.0,32798.0,33190.0,32823.0,33696.0,33525.0,34492.0,34687.0,33910.0,33068.0,32648.0,31383.0,31417.0,31344.0,31295.0,29791.0,28973.0,28401.0,27427.0,28797.0,26084.0,24360.0,23965.0,23209.0,22566.0,21980.0,21140.0,20504.0,20007.0,19344.0,18935.0,18541.0,17656.0,17352.0,16984.0,16961.0,16958.0,16623.0,16455.0,16528.0,16436.0,15984.0,15913.0,15805.0,15434.0,14945.0,15006.0,14801.0,14387.0,14011.0,13861.0,13275.0,13089.0,12832.0,12540.0,12082.0,11941.0,11528.0,11190.0,10890.0,10546.0,10327.0,10093.0,9837.0,9681.0,9476.0,9248.0,9144.0,8965.0,8768.0,8658.0,8652.0,8455.0,8298.0,8205.0,8097.0,7931.0,7785.0,7702.0,7575.0,7309.0,7154.0,7260.0,6942.0,6639.0,6622.0,6442.0,6356.0,6150.0,5930.0,5786.0,5752.0,5589.0,5416.0,5416.0,5132.0,5079.0,5037.0,4984.0
M,23,35569.0,35214.0,33334.0,32269.0,32759.0,33161.0,32792.0,33655.0,33480.0,34468.0,34642.0,33883.0,33042.0,32609.0,31346.0,31386.0,31317.0,31268.0,29754.0,28947.0,28378.0,27405.0,28760.0,26054.0,24340.0,23945.0,23183.0,22542.0,21960.0,21122.0,20483.0,19994.0,19320.0,18920.0,18519.0,17633.0,17333.0,16964.0,16951.0,16945.0,16609.0,16440.0,16509.0,16419.0,15968.0,15896.0,15785.0,15416.0,14925.0,14989.0,14785.0,14376.0,14003.0,13843.0,13262.0,13077.0,12825.0,12529.0,12074.0,11926.0,11519.0,11182.0,10873.0,10544.0,10319.0,10079.0,9832.0,9671.0,9468.0,9235.0,9134.0,8959.0,8763.0,8639.0,8639.0,8441.0,8293.0,8195.0,8090.0,7922.0,7776.0,7693.0,7562.0,7300.0,7145.0,7253.0,6933.0,6631.0,6617.0,6431.0,6351.0,6144.0,5921.0,5781.0,5748.0,5584.0,5412.0,5411.0,5128.0,5072.0,5029.0
M,24,35369.0,35543.0,35181.0,33296.0,32230.0,32716.0,33128.0,32752.0,33615.0,33442.0,34429.0,34603.0,33852.0,32994.0,32576.0,31310.0,31353.0,31292.0,31233.0,29729.0,28911.0,28360.0,27378.0,28733.0,26026.0,24321.0,23916.0,23164.0,22527.0,21934.0,21096.0,20463.0,19974.0,19300.0,18904.0,18499.0,17615.0,17315.0,16946.0,16938.0,16935.0,16595.0,16427.0,16492.0,16406.0,15959.0,15882.0,15774.0,15403.0,14904.0,14981.0,14771.0,14347.0,13989.0,13824.0,13257.0,13066.0,12819.0,12515.0,12061.0,11917.0,11515.0,11166.0,10857.0,10538.0,10305.0,10075.0,9823.0,9659.0,9459.0,9226.0,9121.0,8951.0,8752.0,8628.0,8627.0,8433.0,8291.0,8190.0,8082.0,7917.0,7768.0,7687.0,7557.0,7298.0,7135.0,7247.0,6925.0,6627.0,6608.0,6427.0,6345.0,6141.0,5910.0,5772.0,5743.0,5581.0,5407.0,5401.0,5124.0,5068.0
M,25,36562.0,35340.0,35503.0,35140.0,33260.0,32199.0,32678.0,33100.0,32717.0,33573.0,33400.0,34390.0,34569.0,33831.0,32959.0,32546.0,31277.0,31331.0,31261.0,31192.0,29703.0,28880.0,28337.0,27354.0,28704.0,26004.0,24300.0,23891.0,23142.0,22510.0,21906.0,21080.0,20434.0,19946.0,19280.0,18893.0,18481.0,17593.0,17302.0,16935.0,16916.0,16920.0,16573.0,16404.0,16467.0,16394.0,15941.0,15862.0,15763.0,15385.0,14883.0,14968.0,14759.0,14331.0,13973.0,13812.0,13238.0,13046.0,12803.0,12500.0,12050.0,11901.0,11506.0,11152.0,10843.0,10525.0,10292.0,10058.0,9810.0,9647.0,9446.0,9211.0,9113.0,8942.0,8747.0,8621.0,8621.0,8428.0,8286.0,8180.0,8076.0,7914.0,7761.0,7683.0,7554.0,7293.0,7123.0,7242.0,6919.0,6624.0,6602.0,6421.0,6337.0,6136.0,5908.0,5765.0,5735.0,5574.0,5402.0,5390.0,5119.0
M,26,37633.0,36520.0,35304.0,35460.0,35102.0,33234.0,32168.0,32635.0,33069.0,32684.0,33544.0,33361.0,34352.0,34524.0,33795.0,32925.0,32524.0,31255.0,31301.0,31230.0,31166.0,29671.0,28854.0,28314.0,27329.0,28682.0,25977.0,24265.0,23867.0,23116.0,22495.0,21888.0,21059.0,20422.0,19917.0,19256.0,18875.0,18462.0,17578.0,17288.0,16923.0,16898.0,16907.0,16561.0,16389.0,16455.0,16376.0,15914.0,15842.0,15752.0,15370.0,14864.0,14955.0,14745.0,14322.0,13956.0,13798.0,13223.0,13034.0,12790.0,12494.0,12040.0,11892.0,11491.0,11143.0,10830.0,10516.0,10287.0,10052.0,9797.0,9632.0,9436.0,9200.0,9105.0,8936.0,8743.0,8612.0,8605.0,8421.0,8281.0,8172.0,8064.0,7902.0,7752.0,7674.0,7549.0,7283.0,7112.0,7236.0,6908.0,6618.0,6592.0,6414.0,6326.0,6129.0,5899.0,5759.0,5731.0,5570.0,5397.0,5386.0
M,27,37911.0,37597.0,36485.0,35278.0,35430.0,35058.0,33204.0,32149.0,32610.0,33042.0,32653.0,33501.0,33323.0,34321.0,34496.0,33768.0,32889.0,32485.0,31218.0,31264.0,31190.0,31146.0,29631.0,28817.0,28283.0,27303.0,28660.0,25944.0,24241.0,23846.0,23086.0,22478.0,21868.0,21037.0,20400.0,19897.0,19240.0,18862.0,18444.0,17563.0,17267.0,16893.0,16876.0,16886.0,16544.0,16378.0,16438.0,16359.0,15896.0,15826.0,15737.0,15355.0,14848.0,14942.0,14731.0,14302.0,13943.0,13785.0,13213.0,13018.0,12774.0,12488.0,12031.0,11877.0,11477.0,11136.0,10817.0,10507.0,10275.0,10044.0,9790.0,9619.0,9424.0,9197.0,9085.0,8931.0,8736.0,8609.0,8595.0,8414.0,8268.0,8164.0,8051.0,7900.0,7743.0,7670.0,7534.0,7276.0,7108.0,7227.0,6902.0,6610.0,6583.0,6409.0,6320.0,6126.0,5895.0,5754.0,5728.0,5564.0,5389.0
M,28,38057.0,37873.0,37563.0,36455.0,35242.0,35392.0,35024.0,33178.0,32120.0,32582.0,33007.0,32622.0,33458.0,33290.0,34281.0,34464.0,33732.0,32849.0,32462.0,31195.0,31238.0,31169.0,31118.0,29606.0,28799.0,28254.0,27273.0,28639.0,25913.0,24223.0,23825.0,23060.0,22464.0,21851.0,21022.0,20385.0,19873.0,19223.0,18836.0,18433.0,17534.0,17254.0,16871.0,16855.0,16865.0,16534.0,16362.0,16415.0,16345.0,15885.0,15812.0,15734.0,15341.0,14832.0,14922.0,14716.0,14279.0,13933.0,13766.0,13198.0,13005.0,12763.0,12480.0,12008.0,11866.0,11466.0,11124.0,10807.0,10492.0,10267.0,10038.0,9775.0,9614.0,9407.0,9183.0,9076.0,8918.0,8731.0,8597.0,8584.0,8409.0,8261.0,8153.0,8042.0,7892.0,7737.0,7659.0,7525.0,7269.0,7101.0,7221.0,6894.0,6604.0,6578.0,6404.0,6314.0,6122.0,5887.0,5747.0,5721.0,5559.0
M,29,38611.0,38020.0,37839.0,37527.0,36419.0,35202.0,35355.0,34990.0,33136.0,32093.0,32548.0,32977.0,32591.0,33432.0,33266.0,34243.0,34423.0,33703.0,32818.0,32437.0,31166.0,31209.0,31138.0,31090.0,29574.0,28772.0,28228.0,27255.0,28618.0,25888.0,24192.0,23808.0,23037.0,22447.0,21821.0,20999.0,20368.0,19856.0,19204.0,18819.0,18418.0,17526.0,17233.0,16857.0,16838.0,16847.0,16520.0,16341.0,16396.0,16329.0,15861.0,15794.0,15716.0,15328.0,14825.0,14913.0,14706.0,14260.0,13925.0,13753.0,13185.0,12979.0,12752.0,12472.0,11996.0,11856.0,11454.0,11110.0,10798.0,10480.0,10252.0,10030.0,9767.0,9610.0,9399.0,9177.0,9062.0,8915.0,8721.0,8587.0,8580.0,8401.0,8248.0,8145.0,8034.0,7880.0,7727.0,7651.0,7516.0,7263.0,7091.0,7216.0,6884.0,6598.0,6572.0,6397.0,6309.0,6116.0,5878.0,5745.0,5716.0
M,30,39820.0,38560.0,37994.0,37797.0,37491.0,36390.0,35161.0,35322.0,34951.0,33108.0,32062.0,32512.0,32941.0,32559.0,33403.0,33224.0,34204.0,34380.0,33681.0,32784.0,32407.0,31140.0,31179.0,31115.0,31059.0,29543.0,28748.0,28201.0,27227.0,28596.0,25860.0,24173.0,23783.0,23017.0,22427.0,21801.0,20974.0,20350.0,19839.0,19187.0,18801.0,18392.0,17509.0,17219.0,16843.0,16824.0,16830.0,16503.0,16327.0,16375.0,16314.0,15850.0,15783.0,15700.0,15313.0,14802.0,14893.0,14693.0,14248.0,13914.0,13732.0,13177.0,12968.0,12736.0,12457.0,11985.0,11847.0,11426.0,11101.0,10786.0,10471.0,10238.0,10018.0,9757.0,9602.0,9390.0,9173.0,9049.0,8910.0,8714.0,8580.0,8569.0,8396.0,8239.0,8130.0,8030.0,7873.0,7720.0,7645.0,7511.0,7259.0,7083.0,7213.0,6877.0,6583.0,6568.0,6391.0,6308.0,6110.0,5874.0,5739.0
M,31,40282.0,39779.0,38523.0,37950.0,37755.0,37456.0,36356.0,35120.0,35280.0,34929.0,33086.0,32018.0,32492.0,32913.0,32529.0,33355.0,33197.0,34165.0,34347.0,33652.0,32752.0,32373.0,31117.0,31140.0,31088.0,31027.0,29517.0,28718.0,28172.0,27198.0,28573.0,25825.0,24146.0,23755.0,23003.0,22392.0,21766.0,20957.0,20327.0,19828.0,19174.0,18782.0,18375.0,17491.0,17194.0,16830.0,16808.0,16814.0,16483.0,16310.0,16359.0,16297.0,15833.0,15769.0,15691.0,15298.0,14787.0,14886.0,14678.0,14236.0,13902.0,13718.0,13169.0,12951.0,12729.0,12443.0,11973.0,11836.0,11420.0,11096.0,10776.0,10460.0,10223.0,10010.0,9750.0,9591.0,9376.0,9163.0,9042.0,8903.0,8710.0,8575.0,8561.0,8389.0,8234.0,8124.0,8027.0,7865.0,7714.0,7639.0,7498.0,7252.0,7079.0,7202.0,6870.0,6574.0,6563.0,6388.0,6302.0,6108.0,5867.0
M,32,40727.0,40246.0,39740.0,38479.0,37910.0,37718.0,37421.0,36319.0,35090.0,35235.0,34892.0,33057.0,31994.0,32460.0,32875.0,32491.0,33313.0,33175.0,34139.0,34310.0,33624.0,32719.0,32341.0,31089.0,31111.0,31063.0,30995.0,29480.0,28683.0,28145.0,27172.0,28545.0,25799.0,24127.0,23726.0,22976.0,22378.0,21740.0,20933.0,20305.0,19815.0,19156.0,18769.0,18358.0,17469.0,17178.0,16808.0,16798.0,16801.0,16461.0,16291.0,16345.0,16288.0,15826.0,15749.0,15669.0,15287.0,14767.0,14872.0,14666.0,14219.0,13889.0,13708.0,13158.0,12936.0,12711.0,12427.0,11966.0,11822.0,11403.0,11082.0,10761.0,10449.0,10208.0,9992.0,9743.0,9583.0,9370.0,9153.0,9031.0,8897.0,8707.0,8561.0,8550.0,8384.0,8220.0,8120.0,8020.0,7860.0,7710.0,7629.0,7491.0,7248.0,7073.0,7191.0,6863.0,6571.0,6557.0,6381.0,6298.0,6104.0
M,33,40275.0,40692.0,40197.0,39702.0,38436.0,37885.0,37678.0,37385.0,36287.0,35061.0,35206.0,34849.0,33022.0,31972.0,32433.0,32842.0,32453.0,33274.0,33126.0,34102.0,34275.0,33600.0,32685.0,32305.0,31055.0,31088.0,31030.0,30965.0,29456.0,28648.0,28123.0,27145.0,28516.0,25773.0,24107.0,23699.0,22955.0,22364.0,21718.0,20918.0,20285.0,19799.0,19131.0,18756.0,18334.0,17457.0,17154.0,16794.0,16772.0,16788.0,16444.0,16276.0,16332.0,16273.0,15815.0,15733.0,15652.0,15275.0,14751.0,14857.0,14652.0,14203.0,13869.0,13696.0,13148.0,12920.0,12699.0,12415.0,11955.0,11813.0,11391.0,11067.0,10749.0,10432.0,10189.0,9982.0,9739.0,9569.0,9357.0,9145.0,9015.0,8889.0,8702.0,8553.0,8546.0,8375.0,8210.0,8107.0,8014.0,7850.0,7703.0,7620.0,7483.0,7239.0,7062.0,7182.0,6858.0,6568.0,6552.0,6370.0,6287.0
M,34,40075.0,40236.0,40650.0,40160.0,39663.0,38406.0,37838.0,37638.0,37358.0,36241.0,35029.0,35175.0,34812.0,32977.0,31945.0,32397.0,32811.0,32428.0,33235.0,33097.0,34078.0,34245.0,33565.0,32653.0,32273.0,31023.0,31067.0,31002.0,30937.0,29429.0,28625.0,28085.0,27120.0,28487.0,25752.0,24080.0,23684.0,22924.0,22336.0,21701.0,20904.0,20272.0,19782.0,19105.0,18735.0,18310.0,17441.0,17139.0,16777.0,16752.0,16772.0,16426.0,16268.0,16311.0,16256.0,15798.0,15722.0,15634.0,15264.0,14734.0,14839.0,14638.0,14187.0,13856.0,13682.0,13139.0,12902.0,12681.0,12404.0,11939.0,11808.0,11382.0,11058.0,10738.0,10422.0,10182.0,9972.0,9730.0,9562.0,9347.0,9136.0,9006.0,8878.0,8692.0,8543.0,8537.0,8369.0,8202.0,8095.0,8006.0,7843.0,7696.0,7617.0,7473.0,7233.0,7051.0,7175.0,6851.0,6560.0,6545.0,6363.0
M,35,38393.0,40037.0,40204.0,40601.0,40118.0,39623.0,38382.0,37800.0,37600.0,37316.0,36207.0,34988.0,35138.0,34779.0,32934.0,31906.0,32367.0,32778.0,32393.0,33198.0,33062.0,34052.0,34205.0,33519.0,32623.0,32240.0,30988.0,31027.0,30970.0,30912.0,29381.0,28581.0,28060.0,27090.0,28452.0,25729.0,24062.0,23662.0,22898.0,22321.0,21687.0,20881.0,20254.0,19759.0,19079.0,18721.0,18295.0,17425.0,17122.0,16762.0,16729.0,16757.0,16411.0,16247.0,16296.0,16241.0,15787.0,15707.0,15614.0,15253.0,14720.0,14821.0,14628.0,14174.0,13833.0,13671.0,13123.0,12893.0,12667.0,12389.0,11926.0,11792.0,11373.0,11053.0,10726.0,10409.0,10172.0,9961.0,9719.0,9546.0,9336.0,9122.0,8999.0,8870.0,8683.0,8535.0,8529.0,8356.0,8193.0,8087.0,7999.0,7836.0,7685.0,7611.0,7466.0,7226.0,7046.0,7170.0,6843.0,6554.0,6540.0
M,36,38662.0,38363.0,40008.0,40167.0,40568.0,40069.0,39571.0,38346.0,37766.0,37565.0,37274.0,36164.0,34958.0,35098.0,34736.0,32911.0,31880.0,32321.0,32740.0,32361.0,33158.0,33020.0,34018.0,34159.0,33486.0,32594.0,32198.0,30959.0,31003.0,30938.0,30878.0,29349.0,28549.0,28042.0,27069.0,28419.0,25704.0,24033.0,23646.0,22871.0,22304.0,21662.0,20861.0,20229.0,19743.0,19061.0,18703.0,18274.0,17403.0,17108.0,16752.0,16709.0,16747.0,16398.0,16237.0,16272.0,16235.0,15774.0,15686.0,15590.0,15240.0,14700.0,14802.0,14618.0,14161.0,13821.0,13653.0,13107.0,12879.0,12651.0,12377.0,11918.0,11782.0,11363.0,11046.0,10711.0,10398.0,10167.0,9954.0,9704.0,9542.0,9327.0,9116.0,8988.0,8862.0,8675.0,8525.0,8523.0,8346.0,8186.0,8077.0,7988.0,7830.0,7677.0,7607.0,7460.0,7223.0,7035.0,7158.0,6839.0,6544.0
M,37,37985.0,38621.0,38321.0,39978.0,40139.0,40532.0,40022.0,39535.0,38304.0,37727.0,37526.0,37230.0,36132.0,34935.0,35070.0,34711.0,32879.0,31852.0,32280.0,32717.0,32326.0,33122.0,32986.0,33988.0,34121.0,33451.0,32565.0,32166.0,30933.0,30968.0,30909.0,30846.0,29328.0,28526.0,28011.0,27048.0,28388.0,25677.0,24006.0,23629.0,22852.0,22282.0,21638.0,20842.0,20210.0,19729.0,19045.0,18685.0,18254.0,17386.0,17084.0,16739.0,16694.0,16734.0,16370.0,16221.0,16254.0,16219.0,15761.0,15668.0,15574.0,15223.0,14685.0,14784.0,14605.0,14152.0,13805.0,13638.0,13094.0,12867.0,12641.0,12368.0,11906.0,11776.0,11355.0,11036.0,10703.0,10386.0,10155.0,9950.0,9692.0,9535.0,9320.0,9107.0,8985.0,8853.0,8668.0,8516.0,8517.0,8337.0,8177.0,8075.0,7980.0,7826.0,7668.0,7599.0,7455.0,7216.0,7030.0,7152.0,6835.0
M,38,37174.0,37940.0,38586.0,38278.0,39935.0,40098.0,40493.0,39978.0,39493.0,38267.0,37684.0,37486.0,37197.0,36087.0,34898.0,35038.0,34676.0,32847.0,31822.0,32254.0,32680.0,32289.0,33089.0,32956.0,33958.0,34088.0,33413.0,32526.0,32124.0,30899.0,30937.0,30874.0,30803.0,29303.0,28501.0,27991.0,27012.0,28366.0,25653.0,23979.0,23605.0,22827.0,22264.0,21605.0,20826.0,20194.0,19710.0,19028.0,18663.0,18235.0,17367.0,17064.0,16732.0,16680.0,16721.0,16356.0,16201.0,16233.0,16203.0,15742.0,15651.0,15551.0,15203.0,14663.0,14771.0,14585.0,14139.0,13794.0,13626.0,13080.0,12856.0,12631.0,12362.0,11894.0,11770.0,11346.0,11028.0,10698.0,10376.0,10148.0,9943.0,9677.0,9526.0,9312.0,9105.0,8974.0,8842.0,8661.0,8503.0,8508.0,8328.0,8169.0,8068.0,7972.0,7818.0,7660.0,7591.0,7451.0,7207.0,7026.0,7145.0
M,39,37362.0,37139.0,37900.0,38548.0,38243.0,39895.0,40052.0,40455.0,39945.0,39455.0,38225.0,37651.0,37452.0,37168.0,36056.0,34858.0,35007.0,34640.0,32815.0,31793.0,32219.0,32644.0,32257.0,33053.0,32923.0,33925.0,34055.0,33385.0,32507.0,32096.0,30874.0,30912.0,30837.0,30770.0,29276.0,28474.0,27974.0,26986.0,28338.0,25631.0,23961.0,23591.0,22795.0,22241.0,21577.0,20804.0,20176.0,19687.0,19003.0,18654.0,18212.0,17346.0,17050.0,16718.0,16662.0,16704.0,16340.0,16187.0,16221.0,16179.0,15723.0,15637.0,15530.0,15184.0,14652.0,14752.0,14571.0,14127.0,13774.0,13610.0,13074.0,12846.0,12620.0,12345.0,11886.0,11759.0,11338.0,11024.0,10693.0,10365.0,10140.0,9935.0,9665.0,9516.0,9304.0,9096.0,8969.0,8830.0,8658.0,8493.0,8500.0,8314.0,8159.0,8064.0,7964.0,7811.0,7655.0,7586.0,7443.0,7200.0,7020.0
M,40,37429.0,37315.0,37093.0,37870.0,38515.0,38201.0,39857.0,40004.0,40411.0,39899.0,39423.0,38185.0,37613.0,37408.0,37143.0,36021.0,34823.0,34973.0,34607.0,32776.0,31757.0,32183.0,32604.0,32225.0,33017.0,32895.0,33881.0,34026.0,33356.0,32477.0,32070.0,30846.0,30874.0,30807.0,30729.0,29248.0,28442.0,27951.0,26963.0,28309.0,25603.0,23936.0,23572.0,22768.0,22218.0,21558.0,20780.0,20150.0,19675.0,18991.0,18636.0,18199.0,17330.0,17029.0,16702.0,16642.0,16691.0,16324.0,16170.0,16203.0,16171.0,15707.0,15620.0,15512.0,15173.0,14632.0,14735.0,14555.0,14115.0,13763.0,13598.0,13063.0,12835.0,12605.0,12329.0,11874.0,11749.0,11326.0,11020.0,10682.0,10356.0,10129.0,9921.0,9657.0,9504.0,9296.0,9088.0,8961.0,8820.0,8654.0,8484.0,8492.0,8306.0,8153.0,8059.0,7951.0,7806.0,7640.0,7582.0,7431.0,7195.0
M,41,36190.0,37394.0,37267.0,37057.0,37832.0,38481.0,38160.0,39813.0,39958.0,40370.0,39854.0,39393.0,38145.0,37572.0,37367.0,37106.0,35984.0,34788.0,34930.0,34576.0,32736.0,31730.0,32162.0,32574.0,32205.0,32978.0,32871.0,33856.0,33995.0,33313.0,32452.0,32047.0,30810.0,30840.0,30789.0,30695.0,29213.0,28412.0,27931.0,26932.0,28271.0,25576.0,23908.0,23547.0,22744.0,22185.0,21539.0,20767.0,20129.0,19658.0,18979.0,18623.0,18180.0,17312.0,17017.0,16683.0,16623.0,16678.0,16307.0,16152.0,16185.0,16156.0,15692.0,15604.0,15499.0,15162.0,14619.0,14722.0,14543.0,14108.0,13753.0,13583.0,13044.0,12820.0,12598.0,12315.0,11867.0,11734.0,11316.0,11006.0,10671.0,10343.0,10118.0,9914.0,9650.0,9493.0,9287.0,9073.0,8947.0,8811.0,8644.0,8474.0,8486.0,8296.0,8146.0,8050.0,7947.0,7800.0,7631.0,7577.0,7420.0
M,42,36976.0,36149.0,37357.0,37228.0,37020.0,37793.0,38441.0,38136.0,39767.0,39909.0,40331.0,39815.0,39344.0,38103.0,37531.0,37326.0,37066.0,35946.0,34744.0,34895.0,34538.0,32708.0,31688.0,32140.0,32543.0,32177.0,32950.0,32840.0,33827.0,33967.0,33274.0,32419.0,32012.0,30768.0,30806.0,30752.0,30665.0,29187.0,28371.0,27908.0,26904.0,28241.0,25553.0,23889.0,23522.0,22726.0,22156.0,21509.0,20744.0,20110.0,19625.0,18964.0,18600.0,18162.0,17295.0,17006.0,16668.0,16602.0,16663.0,16289.0,16135.0,16170.0,16146.0,15673.0,15590.0,15483.0,15151.0,14597.0,14706.0,14525.0,14084.0,13745.0,13567.0,13030.0,12801.0,12586.0,12301.0,11859.0,11723.0,11302.0,10993.0,10661.0,10325.0,10108.0,9906.0,9639.0,9482.0,9277.0,9059.0,8936.0,8803.0,8634.0,8470.0,8476.0,8290.0,8139.0,8043.0,7943.0,7788.0,7626.0,7569.0
M,43,36250.0,36934.0,36113.0,37314.0,37196.0,36982.0,37740.0,38406.0,38099.0,39726.0,39864.0,40289.0,39772.0,39312.0,38064.0,37490.0,37297.0,37019.0,35913.0,34714.0,34866.0,34505.0,32676.0,31648.0,32109.0,32516.0,32147.0,32908.0,32802.0,33786.0,33934.0,33240.0,32375.0,31978.0,30736.0,30771.0,30716.0,30632.0,29162.0,28343.0,27873.0,26879.0,28215.0,25526.0,23869.0,23493.0,22696.0,22131.0,21487.0,20717.0,20087.0,19607.0,18946.0,18576.0,18146.0,17269.0,16989.0,16652.0,16583.0,16647.0,16269.0,16116.0,16162.0,16126.0,15655.0,15574.0,15464.0,15138.0,14582.0,14693.0,14508.0,14065.0,13729.0,13556.0,13021.0,12791.0,12573.0,12291.0,11841.0,11711.0,11289.0,10981.0,10651.0,10315.0,10103.0,9897.0,9626.0,9473.0,9265.0,9050.0,8932.0,8792.0,8627.0,8461.0,8469.0,8279.0,8130.0,8039.0,7933.0,7777.0,7619.0
M,44,36012.0,36205.0,36882.0,36080.0,37289.0,37160.0,36942.0,37701.0,38367.0,38047.0,39685.0,39827.0,40261.0,39738.0,39276.0,38022.0,37448.0,37248.0,36977.0,35885.0,34682.0,34822.0,34459.0,32643.0,31621.0,32070.0,32485.0,32116.0,32874.0,32766.0,33753.0,33903.0,33214.0,32341.0,31942.0,30703.0,30740.0,30671.0,30607.0,29136.0,28314.0,27840.0,26848.0,28182.0,25504.0,23850.0,23468.0,22675.0,22105.0,21458.0,20697.0,20068.0,19587.0,18926.0,18562.0,18126.0,17250.0,16974.0,16638.0,16572.0,16633.0,16256.0,16098.0,16143.0,16111.0,15635.0,15560.0,15451.0,15117.0,14566.0,14673.0,14494.0,14040.0,13711.0,13538.0,13010.0,12779.0,12559.0,12284.0,11823.0,11694.0,11282.0,10971.0,10644.0,10306.0,10094.0,9886.0,9617.0,9464.0,9253.0,9042.0,8924.0,8785.0,8619.0,8455.0,8457.0,8271.0,8123.0,8032.0,7928.0,7774.0
M,45,34884.0,35975.0,36178.0,36852.0,36045.0,37249.0,37114.0,36910.0,37663.0,38332.0,38001.0,39653.0,39791.0,40223.0,39699.0,39232.0,37976.0,37408.0,37209.0,36942.0,35854.0,34650.0,34793.0,34431.0,32595.0,31584.0,32044.0,32439.0,32087.0,32845.0,32741.0,33724.0,33866.0,33174.0,32309.0,31914.0,30680.0,30704.0,30649.0,30569.0,29108.0,28292.0,27817.0,26814.0,28147.0,25479.0,23820.0,23444.0,22651.0,22083.0,21435.0,20676.0,20047.0,19553.0,18910.0,18551.0,18107.0,17236.0,16959.0,16622.0,16559.0,16610.0,16233.0,16082.0,16128.0,16094.0,15620.0,15542.0,15441.0,15102.0,14556.0,14659.0,14482.0,14031.0,13699.0,13519.0,12997.0,12763.0,12551.0,12272.0,11810.0,11679.0,11269.0,10958.0,10634.0,10298.0,10086.0,9873.0,9608.0,9453.0,9241.0,9035.0,8915.0,8774.0,8617.0,8446.0,8449.0,8258.0,8110.0,8020.0,7918.0
M,46,35776.0,34845.0,35941.0,36148.0,36811.0,36002.0,37218.0,37074.0,36873.0,37617.0,38289.0,37963.0,39611.0,39749.0,40173.0,39652.0,39191.0,37945.0,37374.0,37178.0,36904.0,35812.0,34616.0,34765.0,34405.0,32546.0,31544.0,32015.0,32396.0,32058.0,32805.0,32715.0,33689.0,33825.0,33138.0,32289.0,31880.0,30649.0,30681.0,30610.0,30535.0,29087.0,28251.0,27790.0,26780.0,28113.0,25447.0,23792.0,23417.0,22631.0,22066.0,21414.0,20659.0,20020.0,19533.0,18887.0,18542.0,18090.0,17227.0,16941.0,16610.0,16549.0,16600.0,16216.0,16056.0,16107.0,16080.0,15606.0,15526.0,15427.0,15081.0,14543.0,14644.0,14470.0,14023.0,13679.0,13506.0,12978.0,12748.0,12537.0,12263.0,11799.0,11672.0,11253.0,10945.0,10622.0,10290.0,10078.0,9867.0,9603.0,9447.0,9234.0,9029.0,8908.0,8766.0,8607.0,8436.0,8446.0,8249.0,8103.0,8010.0
M,47,36463.0,35743.0,34807.0,35911.0,36097.0,36777.0,35965.0,37165.0,37032.0,36830.0,37575.0,38255.0,37919.0,39569.0,39715.0,40137.0,39606.0,39148.0,37914.0,37339.0,37135.0,36868.0,35764.0,34572.0,34727.0,34368.0,32512.0,31523.0,31975.0,32366.0,32031.0,32777.0,32680.0,33649.0,33789.0,33107.0,32253.0,31858.0,30617.0,30653.0,30582.0,30504.0,29064.0,28231.0,27761.0,26753.0,28083.0,25423.0,23760.0,23392.0,22607.0,22039.0,21392.0,20643.0,19999.0,19517.0,18864.0,18523.0,18077.0,17216.0,16924.0,16595.0,16526.0,16576.0,16201.0,16045.0,16082.0,16064.0,15598.0,15509.0,15411.0,15061.0,14535.0,14631.0,14447.0,14015.0,13666.0,13494.0,12966.0,12733.0,12526.0,12249.0,11791.0,11665.0,11245.0,10935.0,10610.0,10275.0,10067.0,9856.0,9591.0,9440.0,9225.0,9018.0,8903.0,8759.0,8596.0,8430.0,8440.0,8238.0,8095.0
M,48,37822.0,36418.0,35706.0,34782.0,35871.0,36060.0,36735.0,35918.0,37124.0,36984.0,36801.0,37529.0,38214.0,37882.0,39537.0,39676.0,40092.0,39560.0,39124.0,37874.0,37304.0,37103.0,36822.0,35728.0,34538.0,34690.0,34336.0,32481.0,31494.0,31953.0,32332.0,31997.0,32742.0,32648.0,33626.0,33752.0,33070.0,32217.0,31826.0,30578.0,30630.0,30556.0,30472.0,29042.0,28191.0,27736.0,26724.0,28062.0,25393.0,23733.0,23366.0,22588.0,22018.0,21372.0,20626.0,19972.0,19504.0,18844.0,18498.0,18057.0,17203.0,16898.0,16582.0,16508.0,16559.0,16184.0,16029.0,16062.0,16041.0,15577.0,15488.0,15394.0,15046.0,14522.0,14615.0,14439.0,14004.0,13657.0,13482.0,12947.0,12715.0,12512.0,12238.0,11777.0,11653.0,11234.0,10919.0,10603.0,10260.0,10056.0,9850.0,9579.0,9431.0,9220.0,9015.0,8894.0,8755.0,8590.0,8416.0,8436.0,8230.0
M,49,38079.0,37779.0,36387.0,35671.0,34743.0,35839.0,36025.0,36692.0,35884.0,37087.0,36950.0,36758.0,37496.0,38171.0,37851.0,39496.0,39644.0,40052.0,39497.0,39089.0,37842.0,37253.0,37060.0,36792.0,35684.0,34497.0,34645.0,34313.0,32451.0,31459.0,31924.0,32304.0,31966.0,32710.0,32614.0,33587.0,33724.0,33034.0,32183.0,31810.0,30544.0,30606.0,30525.0,30443.0,29017.0,28164.0,27705.0,26699.0,28038.0,25371.0,23710.0,23351.0,22563.0,21999.0,21343.0,20606.0,19945.0,19491.0,18818.0,18477.0,18038.0,17193.0,16877.0,16576.0,16494.0,16542.0,16164.0,16013.0,16046.0,16018.0,15561.0,15475.0,15384.0,15022.0,14510.0,14597.0,14428.0,13992.0,13642.0,13467.0,12936.0,12702.0,12498.0,12229.0,11767.0,11648.0,11224.0,10910.0,10593.0,10255.0,10040.0,9841.0,9573.0,9423.0,9211.0,9010.0,8884.0,8746.0,8583.0,8406.0,8428.0
M,50,39204.0,38027.0,37739.0,36348.0,35631.0,34710.0,35801.0,35991.0,36657.0,35849.0,37049.0,36923.0,36717.0,37457.0,38132.0,37803.0,39455.0,39604.0,40000.0,39459.0,39061.0,37800.0,37223.0,37024.0,36765.0,35652.0,34458.0,34599.0,34272.0,32422.0,31428.0,31896.0,32274.0,31930.0,32681.0,32588.0,33558.0,33695.0,32992.0,32154.0,31779.0,30514.0,30585.0,30498.0,30405.0,28991.0,28140.0,27675.0,26670.0,28017.0,25346.0,23687.0,23331.0,22532.0,21979.0,21322.0,20593.0,19930.0,19470.0,18804.0,18457.0,18016.0,17175.0,16860.0,16557.0,16476.0,16524.0,16150.0,15994.0,16032.0,15996.0,15545.0,15455.0,15365.0,15004.0,14488.0,14584.0,14412.0,13980.0,13636.0,13463.0,12921.0,12695.0,12483.0,12220.0,11761.0,11631.0,11215.0,10895.0,10586.0,10244.0,10032.0,9828.0,9565.0,9413.0,9207.0,9000.0,8876.0,8736.0,8577.0,8399.0
M,51,38960.0,39155.0,37997.0,37703.0,36322.0,35590.0,34679.0,35770.0,35958.0,36624.0,35813.0,37019.0,36876.0,36669.0,37415.0,38096.0,37758.0,39416.0,39559.0,39963.0,39424.0,39036.0,37764.0,37181.0,36977.0,36729.0,35610.0,34427.0,34562.0,34243.0,32392.0,31402.0,31867.0,32243.0,31889.0,32654.0,32554.0,33525.0,33662.0,32958.0,32118.0,31747.0,30485.0,30566.0,30460.0,30379.0,28962.0,28117.0,27648.0,26644.0,27986.0,25315.0,23663.0,23302.0,22511.0,21954.0,21297.0,20569.0,19909.0,19458.0,18788.0,18430.0,17996.0,17160.0,16849.0,16537.0,16466.0,16499.0,16132.0,15980.0,16013.0,15985.0,15527.0,15442.0,15348.0,14991.0,14475.0,14579.0,14392.0,13964.0,13626.0,13447.0,12908.0,12682.0,12470.0,12203.0,11748.0,11620.0,11209.0,10881.0,10575.0,10230.0,10025.0,9816.0,9557.0,9406.0,9197.0,8993.0,8869.0,8724.0,8573.0
M,52,38530.0,38933.0,39122.0,37960.0,37672.0,36292.0,35551.0,34655.0,35739.0,35920.0,36582.0,35776.0,36991.0,36844.0,36629.0,37370.0,38052.0,37726.0,39380.0,39527.0,39927.0,39400.0,38988.0,37727.0,37145.0,36938.0,36694.0,35577.0,34371.0,34530.0,34208.0,32357.0,31365.0,31839.0,32206.0,31846.0,32618.0,32527.0,33495.0,33625.0,32929.0,32077.0,31711.0,30460.0,30536.0,30436.0,30346.0,28928.0,28091.0,27610.0,26615.0,27954.0,25290.0,23636.0,23271.0,22493.0,21923.0,21275.0,20544.0,19894.0,19436.0,18771.0,18406.0,17980.0,17142.0,16830.0,16525.0,16446.0,16479.0,16116.0,15970.0,15985.0,15965.0,15510.0,15420.0,15335.0,14971.0,14457.0,14556.0,14374.0,13958.0,13613.0,13440.0,12895.0,12666.0,12461.0,12188.0,11738.0,11605.0,11204.0,10870.0,10565.0,10222.0,10010.0,9808.0,9548.0,9398.0,9186.0,8980.0,8861.0,8709.0
M,53,39127.0,38491.0,38895.0,39083.0,37922.0,37642.0,36262.0,35517.0,34626.0,35709.0,35867.0,36547.0,35742.0,36964.0,36805.0,36583.0,37323.0,38008.0,37689.0,39345.0,39495.0,39881.0,39366.0,38950.0,37687.0,37115.0,36904.0,36650.0,35536.0,34338.0,34493.0,34174.0,32322.0,31338.0,31812.0,32164.0,31821.0,32589.0,32496.0,33465.0,33604.0,32897.0,32037.0,31677.0,30430.0,30504.0,30406.0,30312.0,28896.0,28067.0,27576.0,26586.0,27916.0,25266.0,23613.0,23252.0,22475.0,21905.0,21253.0,20521.0,19880.0,19418.0,18753.0,18390.0,17963.0,17125.0,16813.0,16516.0,16430.0,16463.0,16099.0,15960.0,15966.0,15938.0,15495.0,15403.0,15319.0,14955.0,14438.0,14547.0,14359.0,13944.0,13599.0,13424.0,12873.0,12658.0,12450.0,12174.0,11729.0,11593.0,11195.0,10858.0,10554.0,10212.0,10004.0,9799.0,9542.0,9392.0,9175.0,8967.0,8854.0
M,54,38711.0,39085.0,38462.0,38862.0,39048.0,37885.0,37604.0,36226.0,35475.0,34590.0,35670.0,35831.0,36516.0,35711.0,36927.0,36769.0,36537.0,37289.0,37974.0,37648.0,39304.0,39458.0,39834.0,39328.0,38911.0,37656.0,37078.0,36863.0,36602.0,35493.0,34308.0,34452.0,34139.0,32299.0,31306.0,31790.0,32130.0,31797.0,32553.0,32457.0,33436.0,33576.0,32848.0,32009.0,31648.0,30396.0,30479.0,30370.0,30288.0,28868.0,28038.0,27553.0,26557.0,27896.0,25241.0,23590.0,23229.0,22461.0,21883.0,21231.0,20502.0,19864.0,19393.0,18740.0,18374.0,17936.0,17101.0,16798.0,16496.0,16416.0,16446.0,16087.0,15946.0,15939.0,15915.0,15475.0,15384.0,15310.0,14936.0,14424.0,14528.0,14342.0,13930.0,13582.0,13413.0,12860.0,12650.0,12443.0,12166.0,11714.0,11585.0,11184.0,10844.0,10541.0,10201.0,9994.0,9791.0,9533.0,9386.0,9169.0,8960.0
M,55,37445.0,38679.0,39039.0,38431.0,38810.0,39013.0,37849.0,37558.0,36189.0,35439.0,34552.0,35637.0,35794.0,36480.0,35669.0,36899.0,36723.0,36496.0,37248.0,37934.0,37612.0,39260.0,39415.0,39792.0,39292.0,38861.0,37620.0,37037.0,36822.0,36563.0,35464.0,34264.0,34423.0,34101.0,32265.0,31277.0,31760.0,32102.0,31774.0,32525.0,32423.0,33400.0,33543.0,32814.0,31986.0,31608.0,30369.0,30450.0,30338.0,30250.0,28832.0,28011.0,27526.0,26529.0,27862.0,25220.0,23568.0,23204.0,22442.0,21860.0,21210.0,20490.0,19843.0,19373.0,18728.0,18360.0,17926.0,17082.0,16776.0,16481.0,16408.0,16433.0,16073.0,15929.0,15921.0,15902.0,15462.0,15370.0,15294.0,14922.0,14406.0,14517.0,14326.0,13914.0,13566.0,13403.0,12844.0,12640.0,12430.0,12153.0,11696.0,11576.0,11174.0,10832.0,10520.0,10189.0,9988.0,9776.0,9523.0,9372.0,9159.0
M,56,37508.0,37403.0,38627.0,39001.0,38393.0,38776.0,38982.0,37815.0,37527.0,36152.0,35398.0,34529.0,35589.0,35754.0,36444.0,35635.0,36857.0,36689.0,36467.0,37210.0,37890.0,37575.0,39217.0,39370.0,39751.0,39256.0,38818.0,37584.0,36996.0,36785.0,36524.0,35432.0,34228.0,34394.0,34063.0,32232.0,31237.0,31733.0,32071.0,31749.0,32495.0,32383.0,33348.0,33503.0,32774.0,31947.0,31570.0,30339.0,30424.0,30307.0,30221.0,28807.0,27984.0,27498.0,26500.0,27829.0,25184.0,23550.0,23182.0,22412.0,21838.0,21185.0,20464.0,19830.0,19350.0,18704.0,18343.0,17911.0,17067.0,16754.0,16466.0,16393.0,16418.0,16054.0,15913.0,15904.0,15883.0,15446.0,15353.0,15274.0,14912.0,14383.0,14500.0,14319.0,13902.0,13550.0,13394.0,12832.0,12627.0,12417.0,12136.0,11682.0,11568.0,11158.0,10824.0,10509.0,10178.0,9976.0,9767.0,9516.0,9362.0
M,57,36634.0,37478.0,37371.0,38592.0,38965.0,38357.0,38735.0,38939.0,37782.0,37493.0,36112.0,35360.0,34498.0,35553.0,35710.0,36404.0,35600.0,36809.0,36650.0,36432.0,37180.0,37853.0,37537.0,39169.0,39333.0,39710.0,39213.0,38778.0,37551.0,36972.0,36741.0,36491.0,35403.0,34191.0,34356.0,34030.0,32202.0,31212.0,31692.0,32037.0,31720.0,32462.0,32352.0,33298.0,33469.0,32739.0,31919.0,31542.0,30321.0,30394.0,30276.0,30186.0,28780.0,27954.0,27480.0,26477.0,27798.0,25146.0,23523.0,23162.0,22386.0,21806.0,21159.0,20450.0,19812.0,19329.0,18690.0,18326.0,17893.0,17048.0,16733.0,16445.0,16373.0,16401.0,16033.0,15898.0,15888.0,15875.0,15432.0,15336.0,15255.0,14895.0,14370.0,14489.0,14307.0,13886.0,13536.0,13379.0,12826.0,12619.0,12401.0,12125.0,11670.0,11557.0,11140.0,10809.0,10500.0,10168.0,9966.0,9759.0,9504.0
M,58,35796.0,36598.0,37438.0,37335.0,38549.0,38922.0,38312.0,38691.0,38897.0,37755.0,37441.0,36076.0,35328.0,34465.0,35506.0,35669.0,36375.0,35568.0,36769.0,36619.0,36397.0,37142.0,37818.0,37496.0,39132.0,39289.0,39677.0,39163.0,38740.0,37516.0,36936.0,36710.0,36456.0,35356.0,34157.0,34317.0,33991.0,32170.0,31180.0,31664.0,32014.0,31689.0,32427.0,32308.0,33267.0,33434.0,32709.0,31875.0,31518.0,30286.0,30362.0,30249.0,30161.0,28758.0,27924.0,27450.0,26449.0,27773.0,25117.0,23507.0,23137.0,22363.0,21789.0,21137.0,20431.0,19797.0,19312.0,18675.0,18309.0,17877.0,17039.0,16714.0,16431.0,16355.0,16382.0,16019.0,15878.0,15869.0,15860.0,15413.0,15319.0,15245.0,14875.0,14358.0,14476.0,14291.0,13871.0,13523.0,13371.0,12809.0,12607.0,12389.0,12118.0,11661.0,11543.0,11127.0,10794.0,10485.0,10159.0,9957.0,9743.0
M,59,33856.0,35756.0,36558.0,37399.0,37291.0,38504.0,38885.0,38272.0,38655.0,38854.0,37715.0,37403.0,36036.0,35306.0,34430.0,35469.0,35630.0,36343.0,35542.0,36731.0,36582.0,36349.0,37107.0,37795.0,37460.0,39083.0,39250.0,39648.0,39132.0,38696.0,37475.0,36893.0,36681.0,36419.0,35324.0,34124.0,34286.0,33952.0,32130.0,31159.0,31626.0,31983.0,31659.0,32392.0,32280.0,33230.0,33410.0,32679.0,31851.0,31486.0,30253.0,30329.0,30212.0,30136.0,28732.0,27892.0,27415.0,26420.0,27746.0,25102.0,23484.0,23115.0,22336.0,21768.0,21119.0,20410.0,19775.0,19296.0,18655.0,18295.0,17858.0,17013.0,16693.0,16417.0,16342.0,16362.0,16010.0,15858.0,15852.0,15847.0,15396.0,15305.0,15230.0,14858.0,14347.0,14471.0,14275.0,13858.0,13516.0,13354.0,12798.0,12596.0,12380.0,12105.0,11645.0,11534.0,11112.0,10782.0,10467.0,10149.0,9950.0
M,60,33238.0,33829.0,35725.0,36519.0,37365.0,37245.0,38458.0,38859.0,38235.0,38605.0,38807.0,37681.0,37374.0,35999.0,35275.0,34395.0,35436.0,35589.0,36303.0,35509.0,36695.0,36544.0,36314.0,37062.0,37754.0,37429.0,39036.0,39213.0,39612.0,39088.0,38653.0,37429.0,36853.0,36645.0,36391.0,35295.0,34099.0,34243.0,33911.0,32086.0,31132.0,31592.0,31953.0,31626.0,32361.0,32241.0,33210.0,33384.0,32650.0,31822.0,31445.0,30228.0,30306.0,30181.0,30104.0,28700.0,27870.0,27390.0,26397.0,27719.0,25075.0,23465.0,23089.0,22317.0,21738.0,21095.0,20388.0,19757.0,19282.0,18638.0,18279.0,17837.0,16996.0,16682.0,16399.0,16318.0,16340.0,15997.0,15845.0,15837.0,15834.0,15379.0,15288.0,15220.0,14837.0,14330.0,14449.0,14269.0,13841.0,13497.0,13342.0,12785.0,12587.0,12362.0,12097.0,11632.0,11526.0,11098.0,10772.0,10462.0,10135.0
M,61,32420.0,33194.0,33793.0,35679.0,36482.0,37316.0,37204.0,38415.0,38811.0,38201.0,38565.0,38765.0,37640.0,37327.0,35966.0,35238.0,34361.0,35395.0,35541.0,36261.0,35467.0,36655.0,36500.0,36273.0,37018.0,37705.0,37385.0,38987.0,39161.0,39563.0,39050.0,38609.0,37376.0,36809.0,36600.0,36353.0,35251.0,34058.0,34198.0,33862.0,32052.0,31101.0,31556.0,31912.0,31592.0,32320.0,32202.0,33163.0,33333.0,32616.0,31786.0,31409.0,30191.0,30275.0,30150.0,30067.0,28662.0,27834.0,27359.0,26377.0,27690.0,25055.0,23445.0,23073.0,22301.0,21717.0,21079.0,20362.0,19733.0,19258.0,18615.0,18259.0,17825.0,16975.0,16659.0,16385.0,16295.0,16321.0,15979.0,15824.0,15813.0,15802.0,15360.0,15271.0,15203.0,14815.0,14311.0,14440.0,14252.0,13827.0,13488.0,13330.0,12772.0,12570.0,12341.0,12080.0,11621.0,11517.0,11082.0,10765.0,10449.0
M,62,31875.0,32363.0,33158.0,33757.0,35632.0,36430.0,37263.0,37147.0,38381.0,38771.0,38143.0,38514.0,38722.0,37587.0,37282.0,35924.0,35189.0,34327.0,35339.0,35500.0,36213.0,35411.0,36616.0,36450.0,36227.0,36971.0,37642.0,37336.0,38943.0,39112.0,39504.0,38994.0,38574.0,37309.0,36759.0,36546.0,36309.0,35196.0,34006.0,34153.0,33817.0,32004.0,31060.0,31507.0,31874.0,31555.0,32278.0,32155.0,33124.0,33293.0,32569.0,31739.0,31366.0,30162.0,30238.0,30113.0,30031.0,28636.0,27797.0,27323.0,26336.0,27659.0,25016.0,23411.0,23046.0,22273.0,21691.0,21050.0,20333.0,19703.0,19221.0,18588.0,18241.0,17798.0,16957.0,16642.0,16367.0,16271.0,16300.0,15963.0,15799.0,15787.0,15785.0,15338.0,15252.0,15187.0,14795.0,14292.0,14420.0,14242.0,13808.0,13474.0,13317.0,12758.0,12554.0,12321.0,12071.0,11614.0,11503.0,11069.0,10757.0
M,63,31627.0,31830.0,32312.0,33122.0,33717.0,35578.0,36375.0,37212.0,37092.0,38314.0,38706.0,38081.0,38456.0,38665.0,37536.0,37233.0,35875.0,35141.0,34276.0,35290.0,35443.0,36162.0,35362.0,36564.0,36397.0,36183.0,36912.0,37591.0,37282.0,38887.0,39060.0,39452.0,38942.0,38525.0,37255.0,36705.0,36471.0,36257.0,35147.0,33969.0,34108.0,33764.0,31958.0,31004.0,31462.0,31836.0,31520.0,32238.0,32098.0,33081.0,33251.0,32513.0,31701.0,31321.0,30116.0,30179.0,30064.0,30000.0,28586.0,27758.0,27290.0,26292.0,27622.0,24976.0,23386.0,22998.0,22250.0,21664.0,21020.0,20303.0,19689.0,19191.0,18567.0,18214.0,17766.0,16926.0,16608.0,16354.0,16246.0,16276.0,15926.0,15776.0,15767.0,15765.0,15315.0,15231.0,15166.0,14782.0,14269.0,14399.0,14220.0,13785.0,13452.0,13296.0,12730.0,12537.0,12313.0,12057.0,11595.0,11487.0,11058.0
M,64,30857.0,31575.0,31772.0,32258.0,33063.0,33655.0,35513.0,36312.0,37140.0,37020.0,38243.0,38638.0,38005.0,38395.0,38599.0,37471.0,37181.0,35818.0,35096.0,34213.0,35231.0,35377.0,36093.0,35300.0,36492.0,36325.0,36109.0,36854.0,37529.0,37231.0,38802.0,38999.0,39389.0,38874.0,38452.0,37180.0,36625.0,36405.0,36211.0,35090.0,33904.0,34040.0,33697.0,31904.0,30957.0,31392.0,31794.0,31472.0,32179.0,32047.0,33026.0,33200.0,32440.0,31649.0,31260.0,30064.0,30132.0,30005.0,29962.0,28540.0,27711.0,27246.0,26248.0,27586.0,24930.0,23343.0,22976.0,22220.0,21632.0,20988.0,20263.0,19660.0,19174.0,18532.0,18184.0,17745.0,16890.0,16582.0,16327.0,16210.0,16245.0,15895.0,15759.0,15740.0,15742.0,15293.0,15206.0,15135.0,14758.0,14248.0,14370.0,14189.0,13763.0,13434.0,13275.0,12700.0,12516.0,12295.0,12033.0,11573.0,11463.0
M,65,29861.0,30799.0,31502.0,31697.0,32204.0,33011.0,33604.0,35437.0,36251.0,37073.0,36943.0,38169.0,38568.0,37922.0,38322.0,38528.0,37399.0,37115.0,35746.0,35044.0,34153.0,35168.0,35322.0,36021.0,35222.0,36420.0,36254.0,36041.0,36787.0,37460.0,37154.0,38716.0,38921.0,39302.0,38792.0,38371.0,37104.0,36545.0,36348.0,36153.0,35014.0,33840.0,33976.0,33627.0,31845.0,30909.0,31327.0,31741.0,31393.0,32107.0,31981.0,32966.0,33146.0,32382.0,31594.0,31195.0,29999.0,30084.0,29936.0,29900.0,28487.0,27649.0,27182.0,26203.0,27530.0,24892.0,23292.0,22919.0,22181.0,21586.0,20942.0,20225.0,19633.0,19128.0,18494.0,18153.0,17712.0,16855.0,16543.0,16298.0,16177.0,16219.0,15860.0,15733.0,15710.0,15714.0,15261.0,15169.0,15102.0,14727.0,14219.0,14346.0,14160.0,13735.0,13407.0,13246.0,12672.0,12488.0,12269.0,12010.0,11559.0
M,66,29798.0,29792.0,30738.0,31414.0,31630.0,32142.0,32950.0,33520.0,35353.0,36165.0,37002.0,36865.0,38084.0,38475.0,37833.0,38230.0,38442.0,37305.0,37020.0,35677.0,34973.0,34095.0,35106.0,35240.0,35947.0,35135.0,36343.0,36175.0,35954.0,36712.0,37376.0,37068.0,38638.0,38838.0,39213.0,38681.0,38283.0,37022.0,36462.0,36271.0,36078.0,34927.0,33779.0,33915.0,33546.0,31780.0,30832.0,31255.0,31668.0,31336.0,32036.0,31924.0,32897.0,33072.0,32322.0,31523.0,31116.0,29941.0,30019.0,29872.0,29848.0,28422.0,27588.0,27120.0,26152.0,27458.0,24832.0,23229.0,22875.0,22135.0,21524.0,20891.0,20167.0,19592.0,19100.0,18440.0,18120.0,17670.0,16820.0,16510.0,16258.0,16146.0,16182.0,15823.0,15690.0,15676.0,15677.0,15231.0,15144.0,15074.0,14698.0,14196.0,14320.0,14132.0,13706.0,13366.0,13210.0,12641.0,12467.0,12240.0,11984.0
M,67,28764.0,29722.0,29729.0,30670.0,31342.0,31564.0,32071.0,32884.0,33434.0,35248.0,36076.0,36895.0,36789.0,37982.0,38384.0,37732.0,38157.0,38349.0,37202.0,36916.0,35576.0,34882.0,34010.0,35009.0,35147.0,35859.0,35052.0,36235.0,36097.0,35860.0,36622.0,37289.0,36979.0,38546.0,38756.0,39117.0,38588.0,38205.0,36928.0,36362.0,36182.0,35982.0,34834.0,33690.0,33826.0,33460.0,31712.0,30758.0,31180.0,31581.0,31254.0,31949.0,31848.0,32822.0,33000.0,32242.0,31455.0,31043.0,29863.0,29930.0,29791.0,29772.0,28347.0,27525.0,27048.0,26085.0,27399.0,24770.0,23179.0,22828.0,22079.0,21473.0,20849.0,20114.0,19540.0,19043.0,18411.0,18084.0,17627.0,16779.0,16462.0,16218.0,16113.0,16144.0,15773.0,15643.0,15643.0,15628.0,15189.0,15107.0,15032.0,14668.0,14167.0,14289.0,14096.0,13670.0,13327.0,13172.0,12620.0,12441.0,12211.0
M,68,27721.0,28697.0,29645.0,29652.0,30571.0,31261.0,31471.0,31997.0,32796.0,33337.0,35140.0,35992.0,36805.0,36694.0,37877.0,38284.0,37616.0,38060.0,38236.0,37093.0,36799.0,35459.0,34775.0,33903.0,34903.0,35024.0,35744.0,34948.0,36110.0,35996.0,35772.0,36528.0,37177.0,36871.0,38439.0,38652.0,39008.0,38488.0,38088.0,36821.0,36247.0,36071.0,35872.0,34722.0,33600.0,33738.0,33376.0,31614.0,30677.0,31104.0,31503.0,31150.0,31858.0,31758.0,32723.0,32901.0,32156.0,31381.0,30958.0,29789.0,29817.0,29728.0,29693.0,28272.0,27441.0,26976.0,26011.0,27330.0,24705.0,23105.0,22770.0,22018.0,21403.0,20795.0,20059.0,19492.0,18992.0,18374.0,18028.0,17577.0,16735.0,16413.0,16163.0,16074.0,16103.0,15724.0,15604.0,15608.0,15575.0,15155.0,15077.0,14986.0,14618.0,14124.0,14252.0,14044.0,13633.0,13307.0,13143.0,12585.0,12410.0
M,69,26980.0,27637.0,28592.0,29533.0,29567.0,30473.0,31158.0,31372.0,31888.0,32704.0,33243.0,35018.0,35882.0,36680.0,36578.0,37748.0,38139.0,37490.0,37922.0,38116.0,36956.0,36680.0,35327.0,34672.0,33801.0,34796.0,34912.0,35627.0,34826.0,35985.0,35883.0,35652.0,36424.0,37055.0,36753.0,38309.0,38532.0,38888.0,38371.0,37974.0,36717.0,36130.0,35955.0,35745.0,34610.0,33486.0,33647.0,33266.0,31515.0,30566.0,31004.0,31378.0,31049.0,31763.0,31656.0,32615.0,32799.0,32044.0,31281.0,30860.0,29690.0,29699.0,29639.0,29593.0,28176.0,27354.0,26903.0,25927.0,27237.0,24641.0,23040.0,22708.0,21945.0,21334.0,20719.0,19992.0,19422.0,18941.0,18316.0,17984.0,17522.0,16681.0,16363.0,16102.0,16006.0,16053.0,15677.0,15546.0,15547.0,15521.0,15103.0,15028.0,14947.0,14576.0,14071.0,14206.0,13997.0,13591.0,13266.0,13108.0,12539.0
M,70,26474.0,26883.0,27545.0,28480.0,29421.0,29455.0,30370.0,31039.0,31230.0,31752.0,32575.0,33104.0,34881.0,35764.0,36537.0,36457.0,37616.0,37972.0,37348.0,37788.0,37986.0,36822.0,36536.0,35190.0,34543.0,33665.0,34677.0,34789.0,35504.0,34682.0,35853.0,35753.0,35516.0,36293.0,36934.0,36622.0,38167.0,38398.0,38751.0,38230.0,37835.0,36596.0,35986.0,35819.0,35610.0,34489.0,33359.0,33532.0,33140.0,31399.0,30442.0,30909.0,31268.0,30936.0,31648.0,31530.0,32508.0,32672.0,31919.0,31196.0,30746.0,29570.0,29590.0,29528.0,29485.0,28052.0,27250.0,26806.0,25850.0,27156.0,24530.0,22963.0,22629.0,21858.0,21260.0,20637.0,19910.0,19342.0,18869.0,18249.0,17927.0,17468.0,16619.0,16301.0,16054.0,15930.0,15998.0,15617.0,15491.0,15496.0,15465.0,15053.0,14976.0,14891.0,14512.0,14025.0,14158.0,13955.0,13540.0,13221.0,13056.0
M,71,25160.0,26364.0,26776.0,27434.0,28367.0,29311.0,29332.0,30244.0,30917.0,31070.0,31598.0,32436.0,32976.0,34744.0,35623.0,36384.0,36317.0,37461.0,37838.0,37167.0,37620.0,37819.0,36676.0,36406.0,35031.0,34418.0,33513.0,34536.0,34648.0,35339.0,34539.0,35684.0,35618.0,35382.0,36154.0,36780.0,36465.0,38008.0,38253.0,38589.0,38072.0,37685.0,36425.0,35835.0,35664.0,35477.0,34324.0,33232.0,33388.0,32997.0,31263.0,30315.0,30767.0,31150.0,30791.0,31525.0,31403.0,32373.0,32538.0,31790.0,31054.0,30623.0,29449.0,29464.0,29413.0,29357.0,27943.0,27122.0,26690.0,25730.0,27044.0,24428.0,22859.0,22533.0,21767.0,21164.0,20537.0,19823.0,19261.0,18776.0,18181.0,17858.0,17386.0,16537.0,16237.0,15979.0,15864.0,15926.0,15557.0,15418.0,15422.0,15396.0,14999.0,14917.0,14820.0,14436.0,13965.0,14106.0,13906.0,13483.0,13160.0
M,72,25075.0,25030.0,26257.0,26646.0,27283.0,28248.0,29158.0,29196.0,30121.0,30779.0,30914.0,31437.0,32295.0,32816.0,34589.0,35456.0,36212.0,36145.0,37297.0,37659.0,36991.0,37434.0,37649.0,36503.0,36239.0,34868.0,34266.0,33348.0,34372.0,34482.0,35179.0,34391.0,35512.0,35456.0,35251.0,35995.0,36593.0,36294.0,37817.0,38086.0,38405.0,37860.0,37499.0,36225.0,35643.0,35482.0,35290.0,34168.0,33100.0,33224.0,32849.0,31121.0,30178.0,30615.0,30993.0,30671.0,31363.0,31240.0,32229.0,32376.0,31641.0,30894.0,30468.0,29311.0,29308.0,29286.0,29219.0,27814.0,26985.0,26537.0,25603.0,26920.0,24312.0,22756.0,22435.0,21680.0,21082.0,20435.0,19736.0,19177.0,18689.0,18084.0,17763.0,17307.0,16437.0,16154.0,15895.0,15796.0,15863.0,15495.0,15348.0,15342.0,15330.0,14919.0,14866.0,14751.0,14378.0,13906.0,14049.0,13826.0,13410.0
M,73,24671.0,24951.0,24900.0,26114.0,26500.0,27142.0,28086.0,28988.0,29021.0,29929.0,30603.0,30758.0,31276.0,32130.0,32637.0,34385.0,35251.0,36012.0,35980.0,37091.0,37467.0,36796.0,37231.0,37460.0,36304.0,36074.0,34700.0,34069.0,33174.0,34194.0,34284.0,34976.0,34213.0,35318.0,35255.0,35077.0,35777.0,36385.0,36121.0,37606.0,37879.0,38208.0,37639.0,37303.0,36046.0,35456.0,35300.0,35082.0,33969.0,32925.0,33031.0,32651.0,30967.0,29999.0,30447.0,30838.0,30508.0,31215.0,31066.0,32058.0,32197.0,31471.0,30713.0,30320.0,29166.0,29146.0,29160.0,29046.0,27667.0,26862.0,26395.0,25456.0,26793.0,24179.0,22639.0,22330.0,21568.0,20978.0,20319.0,19633.0,19086.0,18591.0,17985.0,17671.0,17190.0,16347.0,16072.0,15835.0,15712.0,15787.0,15422.0,15259.0,15269.0,15238.0,14831.0,14794.0,14685.0,14294.0,13829.0,13985.0,13749.0
M,74,24612.0,24512.0,24806.0,24750.0,25932.0,26350.0,26975.0,27917.0,28793.0,28828.0,29741.0,30418.0,30561.0,31075.0,31940.0,32439.0,34160.0,35041.0,35782.0,35741.0,36854.0,37233.0,36562.0,37005.0,37213.0,36075.0,35840.0,34501.0,33846.0,32963.0,33985.0,34052.0,34756.0,33991.0,35088.0,35038.0,34843.0,35556.0,36153.0,35908.0,37359.0,37638.0,37962.0,37409.0,37063.0,35826.0,35231.0,35097.0,34854.0,33788.0,32731.0,32838.0,32447.0,30779.0,29789.0,30273.0,30634.0,30323.0,30989.0,30881.0,31842.0,31988.0,31271.0,30524.0,30125.0,28988.0,28954.0,28994.0,28870.0,27506.0,26693.0,26223.0,25292.0,26637.0,24033.0,22497.0,22179.0,21445.0,20834.0,20183.0,19486.0,18946.0,18471.0,17872.0,17544.0,17070.0,16237.0,15970.0,15723.0,15605.0,15688.0,15327.0,15150.0,15183.0,15140.0,14745.0,14719.0,14593.0,14204.0,13730.0,13900.0
M,75,24288.0,24445.0,24346.0,24646.0,24564.0,25738.0,26155.0,26801.0,27698.0,28584.0,28624.0,29524.0,30188.0,30336.0,30858.0,31716.0,32190.0,33935.0,34796.0,35559.0,35490.0,36599.0,36984.0,36310.0,36756.0,36951.0,35861.0,35573.0,34264.0,33604.0,32746.0,33752.0,33804.0,34515.0,33733.0,34856.0,34800.0,34595.0,35304.0,35911.0,35670.0,37094.0,37357.0,37678.0,37142.0,36801.0,35572.0,34976.0,34831.0,34575.0,33558.0,32509.0,32613.0,32218.0,30557.0,29599.0,30032.0,30419.0,30102.0,30772.0,30665.0,31641.0,31758.0,31051.0,30308.0,29913.0,28798.0,28729.0,28764.0,28681.0,27322.0,26522.0,26057.0,25124.0,26444.0,23875.0,22345.0,22033.0,21306.0,20693.0,20037.0,19341.0,18813.0,18349.0,17751.0,17407.0,16926.0,16113.0,15880.0,15608.0,15480.0,15584.0,15215.0,15053.0,15088.0,15023.0,14642.0,14612.0,14490.0,14100.0,13647.0
M,76,24418.0,24083.0,24247.0,24150.0,24459.0,24366.0,25527.0,25961.0,26611.0,27475.0,28365.0,28390.0,29283.0,29987.0,30121.0,30599.0,31454.0,31890.0,33667.0,34479.0,35310.0,35192.0,36302.0,36641.0,36011.0,36467.0,36651.0,35594.0,35309.0,34004.0,33303.0,32457.0,33513.0,33536.0,34235.0,33479.0,34570.0,34500.0,34318.0,35066.0,35616.0,35380.0,36818.0,37050.0,37353.0,36835.0,36513.0,35294.0,34705.0,34534.0,34258.0,33280.0,32257.0,32321.0,31923.0,30332.0,29384.0,29804.0,30166.0,29846.0,30529.0,30411.0,31367.0,31507.0,30814.0,30081.0,29694.0,28572.0,28500.0,28528.0,28445.0,27107.0,26331.0,25843.0,24934.0,26228.0,23673.0,22161.0,21865.0,21134.0,20529.0,19882.0,19172.0,18671.0,18185.0,17612.0,17272.0,16798.0,15967.0,15752.0,15468.0,15340.0,15458.0,15098.0,14938.0,14969.0,14904.0,14495.0,14497.0,14387.0,14001.0
M,77,20835.0,24202.0,23856.0,24034.0,23938.0,24231.0,24116.0,25300.0,25713.0,26366.0,27226.0,28098.0,28122.0,29013.0,29722.0,29842.0,30320.0,31150.0,31585.0,33344.0,34167.0,34993.0,34879.0,36009.0,36294.0,35671.0,36091.0,36300.0,35269.0,34974.0,33688.0,32992.0,32145.0,33223.0,33255.0,33922.0,33136.0,34240.0,34204.0,34012.0,34760.0,35299.0,35074.0,36490.0,36705.0,37043.0,36500.0,36161.0,34977.0,34378.0,34202.0,33908.0,32975.0,31960.0,32025.0,31639.0,30054.0,29098.0,29531.0,29891.0,29572.0,30272.0,30148.0,31083.0,31236.0,30545.0,29815.0,29414.0,28322.0,28253.0,28266.0,28177.0,26872.0,26066.0,25605.0,24679.0,25993.0,23470.0,21942.0,21664.0,20963.0,20337.0,19715.0,18995.0,18493.0,17999.0,17459.0,17095.0,16625.0,15829.0,15612.0,15331.0,15182.0,15329.0,14952.0,14801.0,14830.0,14782.0,14369.0,14354.0,14251.0
M,78,19491.0,20623.0,23967.0,23593.0,23775.0,23674.0,23996.0,23874.0,25040.0,25415.0,26093.0,26947.0,27778.0,27858.0,28728.0,29389.0,29526.0,30031.0,30816.0,31298.0,32998.0,33809.0,34611.0,34529.0,35669.0,35965.0,35289.0,35738.0,35901.0,34913.0,34626.0,33370.0,32678.0,31819.0,32899.0,32937.0,33539.0,32781.0,33937.0,33858.0,33695.0,34397.0,34940.0,34720.0,36157.0,36322.0,36659.0,36129.0,35809.0,34624.0,34022.0,33828.0,33569.0,32631.0,31631.0,31698.0,31307.0,29745.0,28799.0,29202.0,29602.0,29285.0,29969.0,29817.0,30748.0,30895.0,30220.0,29513.0,29118.0,28019.0,27954.0,27965.0,27888.0,26597.0,25803.0,25335.0,24423.0,25740.0,23222.0,21711.0,21442.0,20770.0,20116.0,19493.0,18790.0,18286.0,17807.0,17278.0,16925.0,16455.0,15656.0,15451.0,15166.0,15006.0,15153.0,14815.0,14663.0,14669.0,14610.0,14218.0,14185.0
M,79,16617.0,19247.0,20385.0,23665.0,23297.0,23500.0,23336.0,23686.0,23591.0,24711.0,25137.0,25783.0,26631.0,27441.0,27546.0,28383.0,29029.0,29183.0,29671.0,30414.0,30932.0,32603.0,33431.0,34177.0,34115.0,35276.0,35537.0,34872.0,35336.0,35504.0,34521.0,34215.0,32964.0,32282.0,31441.0,32486.0,32533.0,33156.0,32415.0,33543.0,33430.0,33326.0,33977.0,34528.0,34309.0,35749.0,35909.0,36211.0,35711.0,35413.0,34208.0,33622.0,33432.0,33134.0,32260.0,31283.0,31315.0,30920.0,29397.0,28441.0,28865.0,29263.0,28949.0,29588.0,29501.0,30376.0,30539.0,29884.0,29187.0,28768.0,27665.0,27650.0,27638.0,27559.0,26281.0,25519.0,24997.0,24152.0,25411.0,22956.0,21448.0,21199.0,20504.0,19846.0,19268.0,18556.0,18070.0,17591.0,17066.0,16712.0,16256.0,15480.0,15264.0,15002.0,14815.0,14979.0,14648.0,14469.0,14503.0,14455.0,14037.0
M,80,14484.0,16405.0,19020.0,20099.0,23323.0,22996.0,23178.0,23036.0,23389.0,23284.0,24363.0,24813.0,25459.0,26296.0,27114.0,27170.0,28013.0,28654.0,28775.0,29269.0,29994.0,30480.0,32142.0,32961.0,33705.0,33662.0,34829.0,35015.0,34394.0,34846.0,35029.0,34054.0,33765.0,32491.0,31862.0,30990.0,32053.0,32112.0,32697.0,31983.0,33090.0,32981.0,32879.0,33525.0,34083.0,33836.0,35292.0,35429.0,35710.0,35248.0,34930.0,33741.0,33192.0,32979.0,32671.0,31815.0,30828.0,30885.0,30512.0,29009.0,28042.0,28482.0,28870.0,28545.0,29188.0,29132.0,29962.0,30128.0,29496.0,28776.0,28369.0,27297.0,27277.0,27257.0,27179.0,25900.0,25183.0,24663.0,23814.0,25079.0,22671.0,21119.0,20913.0,20222.0,19588.0,19026.0,18291.0,17828.0,17357.0,16822.0,16494.0,16039.0,15278.0,15041.0,14785.0,14596.0,14778.0,14451.0,14257.0,14325.0,14269.0
M,81,11843.0,14260.0,16173.0,18711.0,19786.0,22969.0,22650.0,22838.0,22696.0,23068.0,22907.0,23974.0,24409.0,25100.0,25904.0,26726.0,26795.0,27604.0,28209.0,28312.0,28815.0,29526.0,30041.0,31637.0,32445.0,33233.0,33128.0,34309.0,34482.0,33869.0,34344.0,34507.0,33575.0,33238.0,31951.0,31390.0,30515.0,31565.0,31590.0,32235.0,31521.0,32596.0,32451.0,32422.0,33017.0,33591.0,33357.0,34765.0,34903.0,35192.0,34691.0,34399.0,33215.0,32674.0,32460.0,32139.0,31284.0,30320.0,30439.0,30038.0,28572.0,27626.0,28063.0,28446.0,28117.0,28727.0,28662.0,29473.0,29641.0,29068.0,28338.0,27910.0,26864.0,26841.0,26841.0,26757.0,25507.0,24829.0,24282.0,23429.0,24694.0,22339.0,20753.0,20606.0,19939.0,19273.0,18729.0,17980.0,17570.0,17075.0,16572.0,16264.0,15767.0,15027.0,14802.0,14578.0,14362.0,14582.0,14213.0,14050.0,14115.0
M,82,11475.0,11608.0,14012.0,15869.0,18408.0,19437.0,22602.0,22261.0,22463.0,22300.0,22681.0,22529.0,23541.0,24023.0,24658.0,25455.0,26242.0,26316.0,27155.0,27719.0,27792.0,28302.0,28972.0,29516.0,31074.0,31874.0,32649.0,32511.0,33684.0,33917.0,33268.0,33732.0,33909.0,32996.0,32657.0,31380.0,30868.0,29976.0,31034.0,31071.0,31635.0,30943.0,32012.0,31875.0,31866.0,32463.0,32971.0,32747.0,34119.0,34277.0,34584.0,34055.0,33787.0,32633.0,32091.0,31884.0,31573.0,30712.0,29791.0,29961.0,29504.0,28071.0,27141.0,27584.0,27963.0,27629.0,28199.0,28156.0,28963.0,29067.0,28553.0,27829.0,27388.0,26371.0,26407.0,26373.0,26273.0,25048.0,24415.0,23872.0,22991.0,24233.0,21974.0,20402.0,20262.0,19625.0,18916.0,18389.0,17670.0,17263.0,16810.0,16281.0,16019.0,15525.0,14764.0,14520.0,14317.0,14084.0,14328.0,13982.0,13804.0
M,83,10253.0,11267.0,11362.0,13709.0,15550.0,18023.0,19066.0,22172.0,21837.0,22004.0,21848.0,22273.0,22090.0,23075.0,23560.0,24128.0,24960.0,25693.0,25773.0,26588.0,27192.0,27206.0,27763.0,28423.0,28936.0,30471.0,31217.0,31970.0,31877.0,33040.0,33253.0,32651.0,33063.0,33217.0,32335.0,31979.0,30778.0,30266.0,29373.0,30438.0,30458.0,30963.0,30326.0,31389.0,31233.0,31257.0,31781.0,32339.0,32116.0,33411.0,33586.0,33851.0,33360.0,33141.0,31987.0,31432.0,31239.0,30972.0,30152.0,29215.0,29324.0,28934.0,27506.0,26591.0,27077.0,27388.0,27051.0,27594.0,27584.0,28406.0,28510.0,27967.0,27276.0,26834.0,25862.0,25848.0,25853.0,25728.0,24513.0,23950.0,23388.0,22533.0,23768.0,21540.0,19989.0,19859.0,19234.0,18574.0,18028.0,17339.0,16897.0,16481.0,15968.0,15698.0,15223.0,14462.0,14247.0,14056.0,13828.0,14017.0,13718.0
M,84,9065.0,10031.0,11013.0,11118.0,13403.0,15179.0,17635.0,18688.0,21692.0,21335.0,21488.0,21369.0,21783.0,21566.0,22563.0,23068.0,23567.0,24432.0,25131.0,25200.0,26027.0,26588.0,26588.0,27109.0,27818.0,28319.0,29775.0,30516.0,31261.0,31166.0,32277.0,32501.0,31953.0,32315.0,32441.0,31622.0,31256.0,30065.0,29567.0,28711.0,29764.0,29796.0,30289.0,29600.0,30698.0,30540.0,30591.0,31078.0,31604.0,31369.0,32660.0,32828.0,33096.0,32618.0,32362.0,31278.0,30720.0,30547.0,30285.0,29458.0,28579.0,28671.0,28253.0,26865.0,26036.0,26512.0,26788.0,26435.0,26984.0,26965.0,27766.0,27841.0,27318.0,26620.0,26252.0,25268.0,25278.0,25268.0,25170.0,23949.0,23371.0,22856.0,22032.0,23238.0,21078.0,19539.0,19394.0,18796.0,18157.0,17617.0,16960.0,16513.0,16105.0,15597.0,15343.0,14864.0,14150.0,13927.0,13717.0,13508.0,13679.0
M,85,7812.0,8841.0,9785.0,10714.0,10805.0,13052.0,14826.0,17219.0,18180.0,21127.0,20795.0,20950.0,20809.0,21254.0,21005.0,21978.0,22533.0,22921.0,23849.0,24477.0,24536.0,25372.0,25941.0,25879.0,26441.0,27055.0,27546.0,29011.0,29741.0,30438.0,30337.0,31459.0,31660.0,31155.0,31495.0,31623.0,30814.0,30479.0,29276.0,28834.0,27961.0,29014.0,29037.0,29485.0,28864.0,29906.0,29812.0,29773.0,30295.0,30832.0,30569.0,31770.0,32032.0,32256.0,31794.0,31484.0,30489.0,29916.0,29749.0,29533.0,28677.0,27853.0,27944.0,27541.0,26133.0,25398.0,25788.0,26077.0,25724.0,26265.0,26277.0,27062.0,27118.0,26629.0,25943.0,25588.0,24631.0,24595.0,24628.0,24522.0,23265.0,22785.0,22278.0,21438.0,22626.0,20512.0,19032.0,18913.0,18320.0,17719.0,17154.0,16550.0,16121.0,15683.0,15190.0,14961.0,14476.0,13795.0,13573.0,13350.0,13161.0
M,86,6657.0,7594.0,8589.0,9487.0,10387.0,10518.0,12701.0,14373.0,16699.0,17683.0,20479.0,20165.0,20382.0,20206.0,20603.0,20370.0,21294.0,21917.0,22276.0,23150.0,23727.0,23817.0,24601.0,25173.0,25113.0,25708.0,26239.0,26731.0,28139.0,28879.0,29501.0,29439.0,30524.0,30720.0,30329.0,30626.0,30677.0,29893.0,29618.0,28443.0,28022.0,27130.0,28189.0,28166.0,28611.0,28055.0,29047.0,28955.0,28891.0,29429.0,29926.0,29674.0,30867.0,31088.0,31258.0,30868.0,30598.0,29585.0,29044.0,28924.0,28686.0,27788.0,27029.0,27122.0,26721.0,25374.0,24650.0,24994.0,25314.0,24932.0,25505.0,25447.0,26249.0,26311.0,25838.0,25179.0,24782.0,23866.0,23864.0,23907.0,23770.0,22591.0,22121.0,21660.0,20799.0,21951.0,19867.0,18446.0,18362.0,17779.0,17158.0,16648.0,16090.0,15671.0,15189.0,14733.0,14491.0,14042.0,13354.0,13148.0,12963.0
M,87,5523.0,6437.0,7321.0,8291.0,9196.0,10052.0,10162.0,12294.0,13886.0,16133.0,17129.0,19802.0,19495.0,19700.0,19564.0,19919.0,19678.0,20586.0,21206.0,21534.0,22400.0,22973.0,23010.0,23783.0,24310.0,24268.0,24846.0,25368.0,25858.0,27185.0,27930.0,28518.0,28467.0,29521.0,29685.0,29278.0,29546.0,29670.0,28860.0,28612.0,27438.0,27170.0,26219.0,27271.0,27237.0,27628.0,27099.0,28103.0,28025.0,27904.0,28435.0,28919.0,28675.0,29806.0,30020.0,30184.0,29790.0,29630.0,28592.0,28064.0,27990.0,27757.0,26852.0,26129.0,26198.0,25797.0,24564.0,23872.0,24176.0,24472.0,24123.0,24594.0,24623.0,25431.0,25454.0,25001.0,24411.0,23912.0,23066.0,23044.0,23155.0,22961.0,21810.0,21380.0,20950.0,20099.0,21185.0,19198.0,17859.0,17752.0,17183.0,16559.0,16096.0,15553.0,15120.0,14647.0,14270.0,14010.0,13567.0,12888.0,12708.0
M,88,4721.0,5322.0,6175.0,7017.0,7999.0,8833.0,9623.0,9788.0,11810.0,13353.0,15536.0,16498.0,19099.0,18721.0,18949.0,18807.0,19165.0,18983.0,19816.0,20406.0,20785.0,21568.0,22080.0,22162.0,22876.0,23396.0,23300.0,23943.0,24399.0,24916.0,26081.0,26906.0,27386.0,27369.0,28388.0,28553.0,28114.0,28410.0,28513.0,27787.0,27505.0,26447.0,26148.0,25217.0,26174.0,26184.0,26592.0,26075.0,27041.0,26968.0,26773.0,27391.0,27817.0,27549.0,28748.0,28913.0,28981.0,28652.0,28460.0,27454.0,26968.0,26912.0,26625.0,25829.0,25093.0,25225.0,24758.0,23576.0,22978.0,23292.0,23567.0,23279.0,23650.0,23662.0,24432.0,24446.0,24058.0,23498.0,22971.0,22173.0,22182.0,22300.0,22014.0,20998.0,20557.0,20210.0,19315.0,20363.0,18464.0,17195.0,17076.0,16535.0,15964.0,15459.0,14985.0,14548.0,14079.0,13673.0,13472.0,13041.0,12387.0
M,89,4033.0,4520.0,5072.0,5886.0,6703.0,7657.0,8473.0,9225.0,9380.0,11329.0,12728.0,14854.0,15791.0,18249.0,17934.0,18164.0,18029.0,18342.0,18114.0,18979.0,19462.0,19877.0,20660.0,21107.0,21151.0,21910.0,22396.0,22239.0,22921.0,23332.0,23891.0,24927.0,25765.0,26192.0,26184.0,27136.0,27366.0,26866.0,27145.0,27234.0,26607.0,26337.0,25297.0,24991.0,24114.0,25049.0,25011.0,25467.0,24906.0,25905.0,25793.0,25659.0,26178.0,26611.0,26331.0,27558.0,27667.0,27735.0,27410.0,27175.0,26238.0,25776.0,25726.0,25531.0,24726.0,24024.0,24128.0,23680.0,22529.0,22043.0,22274.0,22547.0,22245.0,22662.0,22639.0,23355.0,23393.0,23031.0,22444.0,21978.0,21198.0,21237.0,21333.0,21035.0,20107.0,19631.0,19326.0,18549.0,19476.0,17665.0,16455.0,16369.0,15804.0,15245.0,14759.0,14364.0,13869.0,13466.0,13104.0,12916.0,12460.0
M,90,3616.0,3543.0,3991.0,4440.0,5160.0,5890.0,6705.0,7470.0,8101.0,8246.0,9920.0,11170.0,13138.0,13914.0,16114.0,15771.0,15970.0,15863.0,16211.0,15948.0,16723.0,17095.0,17564.0,18192.0,18519.0,18606.0,19232.0,19621.0,19538.0,20136.0,20450.0,21065.0,21934.0,22737.0,23049.0,22998.0,23934.0,24169.0,23607.0,23852.0,24093.0,23432.0,23077.0,22321.0,21968.0,21167.0,21968.0,21961.0,22473.0,21966.0,22917.0,22671.0,22600.0,23062.0,23448.0,23185.0,24169.0,24384.0,24490.0,24109.0,23942.0,23109.0,22800.0,22672.0,22556.0,21705.0,21104.0,21210.0,20911.0,19815.0,19352.0,19585.0,19915.0,19548.0,19961.0,19844.0,20538.0,20601.0,20207.0,19730.0,19329.0,18664.0,18679.0,18758.0,18482.0,17670.0,17329.0,17034.0,16362.0,17182.0,15521.0,14507.0,14405.0,13982.0,13447.0,12996.0,12639.0,12152.0,11865.0,11553.0,11369.0
M,91,2747.0,3097.0,2961.0,3413.0,3742.0,4342.0,5001.0,5638.0,6277.0,6841.0,6968.0,8387.0,9481.0,11135.0,11795.0,13594.0,13324.0,13381.0,13391.0,13691.0,13377.0,14082.0,14435.0,14886.0,15366.0,15643.0,15702.0,16201.0,16549.0,16510.0,17027.0,17276.0,17791.0,18402.0,19174.0,19484.0,19475.0,20228.0,20514.0,20002.0,20113.0,20400.0,19726.0,19467.0,18776.0,18619.0,17845.0,18578.0,18434.0,18871.0,18554.0,19359.0,19205.0,19176.0,19411.0,19811.0,19579.0,20462.0,20600.0,20706.0,20347.0,20344.0,19482.0,19369.0,19169.0,19046.0,18322.0,17833.0,17958.0,17709.0,16747.0,16292.0,16527.0,16814.0,16503.0,16961.0,16741.0,17377.0,17414.0,17061.0,16652.0,16384.0,15737.0,15748.0,15864.0,15527.0,14903.0,14730.0,14420.0,13792.0,14554.0,13106.0,12199.0,12201.0,11863.0,11355.0,11076.0,10616.0,10300.0,10069.0,9755.0
M,92,2294.0,2216.0,2516.0,2427.0,2715.0,3059.0,3487.0,4085.0,4596.0,5047.0,5534.0,5569.0,6739.0,7650.0,9023.0,9581.0,10992.0,10865.0,10858.0,10862.0,11056.0,10858.0,11402.0,11717.0,12059.0,12453.0,12747.0,12696.0,13115.0,13495.0,13373.0,13798.0,14009.0,14406.0,14937.0,15609.0,15843.0,15832.0,16345.0,16575.0,16158.0,16292.0,16538.0,16096.0,15629.0,15114.0,15186.0,14455.0,15087.0,14970.0,15262.0,14982.0,15658.0,15616.0,15571.0,15683.0,15928.0,15746.0,16546.0,16579.0,16769.0,16446.0,16470.0,15774.0,15649.0,15463.0,15454.0,14823.0,14428.0,14453.0,14361.0,13556.0,13175.0,13358.0,13656.0,13345.0,13761.0,13521.0,14131.0,14172.0,13861.0,13473.0,13226.0,12670.0,12782.0,12894.0,12574.0,12136.0,11935.0,11755.0,11089.0,11738.0,10673.0,9856.0,9989.0,9584.0,9157.0,8985.0,8579.0,8401.0,8142.0
M,93,1703.0,1786.0,1719.0,1938.0,1882.0,2103.0,2332.0,2725.0,3170.0,3574.0,3867.0,4347.0,4344.0,5250.0,5990.0,7030.0,7469.0,8551.0,8456.0,8344.0,8441.0,8564.0,8431.0,8874.0,9063.0,9301.0,9607.0,9895.0,9818.0,10275.0,10369.0,10326.0,10744.0,10958.0,11131.0,11512.0,12058.0,12237.0,12392.0,12625.0,12866.0,12498.0,12711.0,12684.0,12397.0,12120.0,11600.0,11786.0,11267.0,11764.0,11621.0,11869.0,11559.0,12034.0,12103.0,12144.0,12149.0,12374.0,12296.0,12805.0,12876.0,12980.0,12742.0,12787.0,12299.0,12077.0,12011.0,11940.0,11517.0,11181.0,11185.0,11096.0,10518.0,10250.0,10368.0,10608.0,10307.0,10612.0,10512.0,10909.0,10973.0,10744.0,10478.0,10252.0,9712.0,9947.0,10037.0,9723.0,9296.0,9284.0,9130.0,8530.0,9053.0,8317.0,7651.0,7775.0,7439.0,7096.0,7021.0,6620.0,6501.0
M,94,1256.0,1278.0,1347.0,1257.0,1460.0,1422.0,1545.0,1761.0,2024.0,2324.0,2645.0,2894.0,3223.0,3221.0,3900.0,4420.0,5182.0,5498.0,6356.0,6326.0,6144.0,6209.0,6361.0,6271.0,6635.0,6734.0,6920.0,7116.0,7324.0,7307.0,7552.0,7754.0,7570.0,7944.0,8140.0,8204.0,8482.0,8939.0,9021.0,9172.0,9410.0,9582.0,9268.0,9357.0,9410.0,9226.0,8993.0,8585.0,8758.0,8344.0,8718.0,8570.0,8789.0,8497.0,8910.0,8956.0,8906.0,8924.0,9110.0,9091.0,9477.0,9543.0,9594.0,9307.0,9536.0,9047.0,9015.0,8800.0,8771.0,8505.0,8272.0,8310.0,8198.0,7754.0,7610.0,7697.0,7857.0,7589.0,7832.0,7703.0,8047.0,8114.0,7994.0,7771.0,7555.0,7220.0,7418.0,7461.0,7281.0,6836.0,6868.0,6755.0,6348.0,6725.0,6168.0,5686.0,5692.0,5477.0,5273.0,5195.0,4857.0
M,95,887.0,865.0,922.0,942.0,893.0,1029.0,1006.0,1102.0,1216.0,1432.0,1635.0,1887.0,2080.0,2246.0,2305.0,2765.0,3126.0,3638.0,3892.0,4544.0,4351.0,4345.0,4357.0,4468.0,4441.0,4669.0,4771.0,4934.0,4987.0,5124.0,5165.0,5266.0,5487.0,5373.0,5590.0,5751.0,5795.0,5918.0,6263.0,6362.0,6487.0,6623.0,6736.0,6477.0,6740.0,6553.0,6508.0,6334.0,6052.0,6186.0,5884.0,6082.0,6064.0,6257.0,6100.0,6222.0,6301.0,6281.0,6282.0,6410.0,6461.0,6709.0,6725.0,6858.0,6607.0,6772.0,6379.0,6431.0,6212.0,6161.0,5951.0,5804.0,5814.0,5851.0,5406.0,5339.0,5426.0,5510.0,5386.0,5474.0,5429.0,5657.0,5729.0,5724.0,5485.0,5340.0,5066.0,5317.0,5259.0,5189.0,4827.0,4856.0,4761.0,4485.0,4785.0,4335.0,4011.0,3990.0,3859.0,3752.0,3636.0
M,96,692.0,585.0,588.0,631.0,637.0,601.0,659.0,678.0,737.0,804.0,986.0,1075.0,1267.0,1384.0,1500.0,1571.0,1880.0,2108.0,2396.0,2654.0,3086.0,2926.0,2967.0,2893.0,2964.0,2954.0,3123.0,3167.0,3281.0,3398.0,3485.0,3481.0,3507.0,3655.0,3577.0,3744.0,3823.0,3908.0,3960.0,4234.0,4260.0,4386.0,4280.0,4466.0,4384.0,4528.0,4437.0,4390.0,4135.0,4091.0,4068.0,3962.0,4033.0,4004.0,4201.0,4068.0,4170.0,4258.0,4246.0,4248.0,4220.0,4354.0,4489.0,4497.0,4552.0,4442.0,4566.0,4242.0,4329.0,4157.0,4146.0,3973.0,3813.0,3918.0,3920.0,3627.0,3559.0,3614.0,3705.0,3592.0,3666.0,3622.0,3746.0,3786.0,3836.0,3647.0,3587.0,3397.0,3539.0,3522.0,3548.0,3259.0,3271.0,3185.0,3030.0,3246.0,2928.0,2673.0,2611.0,2567.0,2554.0
M,97,469.0,439.0,376.0,354.0,415.0,406.0,384.0,430.0,397.0,436.0,515.0,608.0,696.0,794.0,846.0,922.0,1024.0,1164.0,1301.0,1510.0,1655.0,1948.0,1894.0,1829.0,1858.0,1893.0,1850.0,1999.0,1995.0,2078.0,2175.0,2248.0,2219.0,2220.0,2332.0,2267.0,2331.0,2410.0,2431.0,2495.0,2694.0,2665.0,2805.0,2716.0,2851.0,2822.0,2830.0,2853.0,2798.0,2617.0,2587.0,2605.0,2520.0,2565.0,2518.0,2674.0,2585.0,2705.0,2726.0,2658.0,2633.0,2698.0,2743.0,2846.0,2891.0,2862.0,2827.0,2913.0,2680.0,2746.0,2642.0,2618.0,2555.0,2388.0,2447.0,2460.0,2282.0,2294.0,2303.0,2320.0,2293.0,2350.0,2307.0,2382.0,2436.0,2422.0,2383.0,2279.0,2192.0,2204.0,2220.0,2279.0,2058.0,2092.0,2058.0,1888.0,2066.0,1814.0,1706.0,1658.0,1652.0
M,98,286.0,278.0,263.0,231.0,230.0,248.0,263.0,230.0,264.0,245.0,276.0,306.0,358.0,426.0,448.0,489.0,546.0,616.0,707.0,782.0,871.0,999.0,1172.0,1103.0,1051.0,1083.0,1148.0,1125.0,1200.0,1178.0,1252.0,1301.0,1381.0,1358.0,1383.0,1377.0,1381.0,1388.0,1391.0,1483.0,1538.0,1634.0,1572.0,1650.0,1646.0,1645.0,1704.0,1714.0,1709.0,1678.0,1576.0,1552.0,1590.0,1514.0,1543.0,1507.0,1576.0,1529.0,1647.0,1624.0,1595.0,1581.0,1643.0,1655.0,1752.0,1676.0,1741.0,1696.0,1752.0,1564.0,1624.0,1632.0,1540.0,1540.0,1421.0,1486.0,1472.0,1338.0,1376.0,1371.0,1400.0,1397.0,1416.0,1382.0,1414.0,1433.0,1487.0,1422.0,1370.0,1339.0,1363.0,1289.0,1376.0,1230.0,1261.0,1229.0,1127.0,1224.0,1045.0,1026.0,1006.0
M,99,174.0,170.0,150.0,151.0,124.0,127.0,139.0,146.0,138.0,151.0,143.0,161.0,165.0,200.0,247.0,248.0,273.0,291.0,352.0,397.0,442.0,435.0,558.0,674.0,595.0,598.0,600.0,637.0,662.0,686.0,661.0,654.0,731.0,779.0,802.0,780.0,754.0,771.0,790.0,739.0,839.0,897.0,919.0,892.0,888.0,940.0,920.0,982.0,924.0,988.0,936.0,899.0,871.0,878.0,851.0,886.0,832.0,868.0,848.0,934.0,912.0,914.0,906.0,942.0,956.0,1018.0,931.0,968.0,946.0,1010.0,897.0,946.0,931.0,866.0,882.0,796.0,840.0,816.0,729.0,763.0,796.0,789.0,802.0,831.0,778.0,786.0,836.0,857.0,805.0,777.0,730.0,782.0,717.0,770.0,666.0,723.0,693.0,623.0,649.0,600.0,578.0
M,100,95.0,96.0,93.0,84.0,80.0,66.0,61.0,67.0,84.0,78.0,84.0,77.0,94.0,99.0,97.0,132.0,117.0,157.0,150.0,180.0,220.0,234.0,239.0,305.0,356.0,313.0,305.0,335.0,343.0,349.0,375.0,327.0,350.0,378.0,406.0,415.0,439.0,387.0,410.0,409.0,407.0,457.0,478.0,477.0,490.0,475.0,497.0,506.0,513.0,479.0,525.0,469.0,471.0,462.0,462.0,456.0,474.0,445.0,454.0,442.0,469.0,485.0,490.0,493.0,489.0,513.0,553.0,509.0,489.0,490.0,528.0,448.0,489.0,506.0,457.0,482.0,423.0,479.0,402.0,384.0,396.0,424.0,404.0,423.0,415.0,408.0,423.0,433.0,434.0,433.0,432.0,377.0,417.0,372.0,399.0,359.0,403.0,399.0,352.0,339.0,313.0
M,101,54.0,56.0,49.0,53.0,38.0,48.0,37.0,25.0,30.0,43.0,45.0,44.0,41.0,48.0,46.0,48.0,60.0,57.0,78.0,76.0,105.0,117.0,115.0,115.0,141.0,199.0,169.0,166.0,167.0,172.0,185.0,176.0,150.0,192.0,188.0,194.0,197.0,207.0,204.0,210.0,207.0,220.0,232.0,238.0,228.0,229.0,234.0,246.0,260.0,255.0,239.0,279.0,237.0,220.0,228.0,221.0,225.0,227.0,203.0,239.0,204.0,231.0,243.0,259.0,235.0,230.0,249.0,283.0,266.0,231.0,240.0,263.0,217.0,227.0,247.0,238.0,232.0,210.0,234.0,192.0,191.0,194.0,204.0,191.0,206.0,193.0,206.0,227.0,217.0,219.0,206.0,205.0,182.0,214.0,169.0,181.0,173.0,193.0,218.0,181.0,167.0
M,102,32.0,25.0,21.0,20.0,27.0,19.0,25.0,17.0,8.0,11.0,18.0,17.0,27.0,18.0,21.0,19.0,17.0,33.0,30.0,30.0,43.0,46.0,49.0,61.0,47.0,56.0,84.0,72.0,75.0,67.0,67.0,89.0,82.0,73.0,89.0,91.0,81.0,85.0,99.0,93.0,93.0,88.0,94.0,90.0,96.0,91.0,109.0,101.0,119.0,117.0,124.0,105.0,122.0,96.0,107.0,117.0,110.0,107.0,99.0,97.0,109.0,94.0,109.0,102.0,123.0,105.0,109.0,124.0,141.0,108.0,112.0,110.0,113.0,116.0,103.0,120.0,105.0,102.0,90.0,102.0,96.0,104.0,89.0,92.0,93.0,96.0,92.0,89.0,103.0,95.0,102.0,100.0,82.0,73.0,92.0,77.0,79.0,75.0,82.0,96.0,75.0
M,103,21.0,15.0,10.0,10.0,8.0,11.0,9.0,6.0,4.0,4.0,4.0,6.0,7.0,13.0,6.0,13.0,8.0,8.0,18.0,10.0,8.0,19.0,22.0,22.0,26.0,21.0,25.0,34.0,31.0,31.0,27.0,33.0,43.0,33.0,33.0,35.0,42.0,33.0,40.0,46.0,40.0,44.0,32.0,40.0,43.0,33.0,34.0,50.0,45.0,42.0,48.0,54.0,48.0,54.0,36.0,48.0,46.0,55.0,46.0,41.0,45.0,45.0,35.0,46.0,46.0,45.0,42.0,40.0,56.0,64.0,48.0,55.0,51.0,47.0,48.0,48.0,40.0,48.0,42.0,36.0,49.0,46.0,40.0,35.0,48.0,39.0,36.0,39.0,32.0,38.0,38.0,37.0,44.0,39.0,30.0,40.0,31.0,28.0,29.0,38.0,40.0
M,104,5.0,5.0,5.0,6.0,2.0,3.0,4.0,4.0,4.0,1.0,1.0,1.0,4.0,3.0,6.0,1.0,4.0,4.0,3.0,8.0,6.0,4.0,7.0,8.0,2.0,12.0,8.0,6.0,12.0,13.0,13.0,6.0,19.0,17.0,12.0,13.0,13.0,18.0,9.0,13.0,16.0,19.0,19.0,8.0,14.0,21.0,9.0,14.0,26.0,17.0,15.0,13.0,15.0,17.0,18.0,15.0,20.0,20.0,27.0,24.0,17.0,21.0,17.0,15.0,20.0,12.0,16.0,18.0,15.0,28.0,24.0,11.0,24.0,22.0,21.0,17.0,21.0,18.0,19.0,18.0,14.0,21.0,18.0,15.0,15.0,16.0,13.0,16.0,21.0,17.0,20.0,16.0,13.0,22.0,14.0,12.0,13.0,11.0,14.0,12.0,18.0
M,105,28.0,,2.0,1.0,2.0,,1.0,1.0,1.0,1.0,,,,,,2.0,1.0,2.0,3.0,1.0,4.0,,1.0,4.0,1.0,,6.0,3.0,2.0,4.0,9.0,3.0,,6.0,7.0,4.0,5.0,5.0,9.0,4.0,4.0,5.0,9.0,9.0,4.0,4.0,5.0,4.0,3.0,10.0,9.0,3.0,3.0,3.0,6.0,7.0,6.0,8.0,8.0,6.0,12.0,6.0,9.0,6.0,4.0,9.0,6.0,5.0,7.0,5.0,9.0,8.0,2.0,8.0,8.0,11.0,4.0,8.0,6.0,8.0,5.0,7.0,6.0,7.0,7.0,2.0,7.0,4.0,7.0,11.0,6.0,8.0,4.0,5.0,8.0,3.0,1.0,1.0,8.0,3.0,6.0
M,106,,10.0,,1.0,,1.0,,,1.0,,,,,,,,,,,,1.0,1.0,,,,,,,1.0,,1.0,2.0,1.0,,,,1.0,3.0,2.0,1.0,1.0,2.0,1.0,4.0,1.0,,3.0,1.0,3.0,,1.0,3.0,1.0,1.0,1.0,1.0,2.0,4.0,4.0,4.0,2.0,4.0,3.0,5.0,1.0,1.0,4.0,1.0,3.0,2.0,2.0,2.0,2.0,,1.0,3.0,4.0,,2.0,2.0,1.0,2.0,2.0,2.0,5.0,1.0,,2.0,1.0,,4.0,3.0,2.0,2.0,2.0,3.0,,,1.0,5.0,
M,107,,,3.0,,1.0,,,,,,,,,,,,,,,,,,,,,,,,,,,,,,,,,,2.0,,1.0,,1.0,,2.0,,,,,2.0,,,,1.0,,,,2.0,2.0,,2.0,,1.0,,1.0,1.0,,,,1.0,1.0,,,1.0,,1.0,2.0,2.0,,1.0,2.0,,1.0,1.0,,1.0,,,1.0,,,2.0,1.0,,1.0,,,,,,2.0
M,108,,,,,,,,,,,,,,,,,,,,,,,,,,,,,,,,,,,,,,,,1.0,,1.0,,,,1.0,,,,,,,,,1.0,,,,,1.0,,,,,,,1.0,,,,,1.0,,,,,,1.0,,,,,,,1.0,,,,,1.0,,,1.0,,,,,,,,
M,109,,,,,,,,,,,,,,,,,,,,,,,,,,,,,,,,,,,,,,,,,,,,,,,,,,,,,,,,,,,,,,,,,,,,,,,,,,,,,,,,,,,,,,,,,,,,,,,,,,,,,
